[     599ms] [INFO] %cDownload the React DevTools for a better development experience: https://react.dev/link/react-devtools font-weight:bold @ http://localhost:3030/_next/static/chunks/04m2_next_dist_01d_w1-._.js:2431
[     622ms] [LOG] [HMR] connected @ http://localhost:3030/_next/static/chunks/04m2_next_dist_01d_w1-._.js:2431
[     630ms] [INFO] %c%s%c [setup-health] background: #e6e6e6;background: light-dark(rgba(0,0,0,0.1), rgba(255,255,255,0.25));color: #000000;color: light-dark(#000000, #ffffff);border-radius: 2px  Server   panel-layout {tenantId: cmrvvipw70000oyyo6123270j, userId: cmrvvipy90009oyyocqnstw83, score: 40, completedCount: 2, totalCriticalCount: 5} @ http://localhost:3030/_next/static/chunks/04m2_next_dist_01d_w1-._.js:2431
[     769ms] [LOG] [Fast Refresh] rebuilding @ http://localhost:3030/_next/static/chunks/04m2_next_dist_01d_w1-._.js:2431
[     892ms] [LOG] [Fast Refresh] done in 240ms @ http://localhost:3030/_next/static/chunks/04m2_next_dist_01d_w1-._.js:2431
[   14586ms] [ERROR] WebSocket connection to 'ws://localhost:3030/_next/webpack-hmr?id=gWu-gfDJ3ABw-mvx-WhL2' failed: Error in connection establishment: net::ERR_CONNECTION_REFUSED @ http://localhost:3030/_next/static/chunks/04m2_next_dist_client_0-mnb_3._.js:13299
[   17972ms] [ERROR] WebSocket connection to 'ws://localhost:3030/_next/webpack-hmr?id=gWu-gfDJ3ABw-mvx-WhL2' failed: Error in connection establishment: net::ERR_CONNECTION_REFUSED @ http://localhost:3030/_next/static/chunks/04m2_next_dist_client_0-mnb_3._.js:13299
[   21323ms] [ERROR] WebSocket connection to 'ws://localhost:3030/_next/webpack-hmr?id=gWu-gfDJ3ABw-mvx-WhL2' failed: Error in connection establishment: net::ERR_CONNECTION_REFUSED @ http://localhost:3030/_next/static/chunks/04m2_next_dist_client_0-mnb_3._.js:13299
[   24697ms] [ERROR] WebSocket connection to 'ws://localhost:3030/_next/webpack-hmr?id=gWu-gfDJ3ABw-mvx-WhL2' failed: Error in connection establishment: net::ERR_CONNECTION_REFUSED @ http://localhost:3030/_next/static/chunks/04m2_next_dist_client_0-mnb_3._.js:13299
[   28065ms] [ERROR] WebSocket connection to 'ws://localhost:3030/_next/webpack-hmr?id=gWu-gfDJ3ABw-mvx-WhL2' failed: Error in connection establishment: net::ERR_CONNECTION_REFUSED @ http://localhost:3030/_next/static/chunks/04m2_next_dist_client_0-mnb_3._.js:13299
[   35432ms] [ERROR] WebSocket connection to 'ws://localhost:3030/_next/webpack-hmr?id=gWu-gfDJ3ABw-mvx-WhL2' failed: Error in connection establishment: net::ERR_CONNECTION_REFUSED @ http://localhost:3030/_next/static/chunks/04m2_next_dist_client_0-mnb_3._.js:13299
[   42777ms] [ERROR] WebSocket connection to 'ws://localhost:3030/_next/webpack-hmr?id=gWu-gfDJ3ABw-mvx-WhL2' failed: Error in connection establishment: net::ERR_CONNECTION_REFUSED @ http://localhost:3030/_next/static/chunks/04m2_next_dist_client_0-mnb_3._.js:13299
[   50132ms] [ERROR] WebSocket connection to 'ws://localhost:3030/_next/webpack-hmr?id=gWu-gfDJ3ABw-mvx-WhL2' failed: Error in connection establishment: net::ERR_CONNECTION_REFUSED @ http://localhost:3030/_next/static/chunks/04m2_next_dist_client_0-mnb_3._.js:13299
[   57500ms] [ERROR] WebSocket connection to 'ws://localhost:3030/_next/webpack-hmr?id=gWu-gfDJ3ABw-mvx-WhL2' failed: Error in connection establishment: net::ERR_CONNECTION_REFUSED @ http://localhost:3030/_next/static/chunks/04m2_next_dist_client_0-mnb_3._.js:13299
[   64835ms] [ERROR] WebSocket connection to 'ws://localhost:3030/_next/webpack-hmr?id=gWu-gfDJ3ABw-mvx-WhL2' failed: Error in connection establishment: net::ERR_CONNECTION_REFUSED @ http://localhost:3030/_next/static/chunks/04m2_next_dist_client_0-mnb_3._.js:13299
[   72209ms] [ERROR] WebSocket connection to 'ws://localhost:3030/_next/webpack-hmr?id=gWu-gfDJ3ABw-mvx-WhL2' failed: Error in connection establishment: net::ERR_CONNECTION_REFUSED @ http://localhost:3030/_next/static/chunks/04m2_next_dist_client_0-mnb_3._.js:13299
[   79553ms] [ERROR] WebSocket connection to 'ws://localhost:3030/_next/webpack-hmr?id=gWu-gfDJ3ABw-mvx-WhL2' failed: Error in connection establishment: net::ERR_CONNECTION_REFUSED @ http://localhost:3030/_next/static/chunks/04m2_next_dist_client_0-mnb_3._.js:13299
[ 3053370ms] [INFO] %cDownload the React DevTools for a better development experience: https://react.dev/link/react-devtools font-weight:bold @ http://localhost:3030/_next/static/chunks/04m2_next_dist_01d_w1-._.js:2431
[ 3053462ms] [LOG] [HMR] connected @ http://localhost:3030/_next/static/chunks/04m2_next_dist_01d_w1-._.js:2431
[ 3053472ms] [INFO] %c%s%c [setup-health] background: #e6e6e6;background: light-dark(rgba(0,0,0,0.1), rgba(255,255,255,0.25));color: #000000;color: light-dark(#000000, #ffffff);border-radius: 2px  Server   panel-layout {tenantId: cmrvvipw70000oyyo6123270j, userId: cmrvvipy90009oyyocqnstw83, score: 40, completedCount: 2, totalCriticalCount: 5} @ http://localhost:3030/_next/static/chunks/04m2_next_dist_01d_w1-._.js:2431
[ 3053698ms] [LOG] [Fast Refresh] rebuilding @ http://localhost:3030/_next/static/chunks/04m2_next_dist_01d_w1-._.js:2431
[ 3054374ms] [LOG] [Fast Refresh] done in 780ms @ http://localhost:3030/_next/static/chunks/04m2_next_dist_01d_w1-._.js:2431
[ 3102539ms] [LOG] [Fast Refresh] rebuilding @ http://localhost:3030/_next/static/chunks/04m2_next_dist_01d_w1-._.js:2431
[ 3102871ms] [LOG] [Fast Refresh] done in 434ms @ http://localhost:3030/_next/static/chunks/04m2_next_dist_01d_w1-._.js:2431
[ 3114203ms] [ERROR] WebSocket connection to 'ws://localhost:3030/_next/webpack-hmr?id=TcjxMs51DWGDiGK6Aq8uh' failed: Error in connection establishment: net::ERR_CONNECTION_REFUSED @ http://localhost:3030/_next/static/chunks/04m2_next_dist_client_0-mnb_3._.js:13299
[ 3117578ms] [ERROR] WebSocket connection to 'ws://localhost:3030/_next/webpack-hmr?id=TcjxMs51DWGDiGK6Aq8uh' failed: Error in connection establishment: net::ERR_CONNECTION_REFUSED @ http://localhost:3030/_next/static/chunks/04m2_next_dist_client_0-mnb_3._.js:13299
[ 3120953ms] [ERROR] WebSocket connection to 'ws://localhost:3030/_next/webpack-hmr?id=TcjxMs51DWGDiGK6Aq8uh' failed: Error in connection establishment: net::ERR_CONNECTION_REFUSED @ http://localhost:3030/_next/static/chunks/04m2_next_dist_client_0-mnb_3._.js:13299
[ 3124317ms] [ERROR] WebSocket connection to 'ws://localhost:3030/_next/webpack-hmr?id=TcjxMs51DWGDiGK6Aq8uh' failed: Error in connection establishment: net::ERR_CONNECTION_REFUSED @ http://localhost:3030/_next/static/chunks/04m2_next_dist_client_0-mnb_3._.js:13299
[ 3127697ms] [ERROR] WebSocket connection to 'ws://localhost:3030/_next/webpack-hmr?id=TcjxMs51DWGDiGK6Aq8uh' failed: Error in connection establishment: net::ERR_CONNECTION_REFUSED @ http://localhost:3030/_next/static/chunks/04m2_next_dist_client_0-mnb_3._.js:13299
[ 3135050ms] [ERROR] WebSocket connection to 'ws://localhost:3030/_next/webpack-hmr?id=TcjxMs51DWGDiGK6Aq8uh' failed: Error in connection establishment: net::ERR_CONNECTION_REFUSED @ http://localhost:3030/_next/static/chunks/04m2_next_dist_client_0-mnb_3._.js:13299
[ 3142401ms] [ERROR] WebSocket connection to 'ws://localhost:3030/_next/webpack-hmr?id=TcjxMs51DWGDiGK6Aq8uh' failed: Error in connection establishment: net::ERR_CONNECTION_REFUSED @ http://localhost:3030/_next/static/chunks/04m2_next_dist_client_0-mnb_3._.js:13299
[ 3149763ms] [ERROR] WebSocket connection to 'ws://localhost:3030/_next/webpack-hmr?id=TcjxMs51DWGDiGK6Aq8uh' failed: Error in connection establishment: net::ERR_CONNECTION_REFUSED @ http://localhost:3030/_next/static/chunks/04m2_next_dist_client_0-mnb_3._.js:13299
[ 3157122ms] [ERROR] WebSocket connection to 'ws://localhost:3030/_next/webpack-hmr?id=TcjxMs51DWGDiGK6Aq8uh' failed: Error in connection establishment: net::ERR_CONNECTION_REFUSED @ http://localhost:3030/_next/static/chunks/04m2_next_dist_client_0-mnb_3._.js:13299
[ 3164450ms] [ERROR] WebSocket connection to 'ws://localhost:3030/_next/webpack-hmr?id=TcjxMs51DWGDiGK6Aq8uh' failed: Error in connection establishment: net::ERR_CONNECTION_REFUSED @ http://localhost:3030/_next/static/chunks/04m2_next_dist_client_0-mnb_3._.js:13299
[ 3171815ms] [ERROR] WebSocket connection to 'ws://localhost:3030/_next/webpack-hmr?id=TcjxMs51DWGDiGK6Aq8uh' failed: Error in connection establishment: net::ERR_CONNECTION_REFUSED @ http://localhost:3030/_next/static/chunks/04m2_next_dist_client_0-mnb_3._.js:13299
[ 3179204ms] [ERROR] WebSocket connection to 'ws://localhost:3030/_next/webpack-hmr?id=TcjxMs51DWGDiGK6Aq8uh' failed: Error in connection establishment: net::ERR_CONNECTION_REFUSED @ http://localhost:3030/_next/static/chunks/04m2_next_dist_client_0-mnb_3._.js:13299
[ 3286230ms] [INFO] %cDownload the React DevTools for a better development experience: https://react.dev/link/react-devtools font-weight:bold @ http://localhost:3030/_next/static/chunks/04m2_next_dist_01d_w1-._.js:2431
[ 3286360ms] [LOG] [HMR] connected @ http://localhost:3030/_next/static/chunks/04m2_next_dist_01d_w1-._.js:2431
[ 3286416ms] [INFO] %c%s%c [setup-health] background: #e6e6e6;background: light-dark(rgba(0,0,0,0.1), rgba(255,255,255,0.25));color: #000000;color: light-dark(#000000, #ffffff);border-radius: 2px  Server   panel-layout {tenantId: cmrvvipw70000oyyo6123270j, userId: cmrvvipy90009oyyocqnstw83, score: 40, completedCount: 2, totalCriticalCount: 5} @ http://localhost:3030/_next/static/chunks/04m2_next_dist_01d_w1-._.js:2431
[ 3299212ms] [ERROR] WebSocket connection to 'ws://localhost:3030/_next/webpack-hmr?id=XX7FSgILKS0cC0oGAXPit' failed: Error in connection establishment: net::ERR_CONNECTION_REFUSED @ http://localhost:3030/_next/static/chunks/04m2_next_dist_client_0-mnb_3._.js:13299
[ 3302554ms] [ERROR] WebSocket connection to 'ws://localhost:3030/_next/webpack-hmr?id=XX7FSgILKS0cC0oGAXPit' failed: Error in connection establishment: net::ERR_CONNECTION_REFUSED @ http://localhost:3030/_next/static/chunks/04m2_next_dist_client_0-mnb_3._.js:13299
[ 3305922ms] [ERROR] WebSocket connection to 'ws://localhost:3030/_next/webpack-hmr?id=XX7FSgILKS0cC0oGAXPit' failed: Error in connection establishment: net::ERR_CONNECTION_REFUSED @ http://localhost:3030/_next/static/chunks/04m2_next_dist_client_0-mnb_3._.js:13299
[ 3309294ms] [ERROR] WebSocket connection to 'ws://localhost:3030/_next/webpack-hmr?id=XX7FSgILKS0cC0oGAXPit' failed: Error in connection establishment: net::ERR_CONNECTION_REFUSED @ http://localhost:3030/_next/static/chunks/04m2_next_dist_client_0-mnb_3._.js:13299
[ 3312671ms] [ERROR] WebSocket connection to 'ws://localhost:3030/_next/webpack-hmr?id=XX7FSgILKS0cC0oGAXPit' failed: Error in connection establishment: net::ERR_CONNECTION_REFUSED @ http://localhost:3030/_next/static/chunks/04m2_next_dist_client_0-mnb_3._.js:13299
[ 3320018ms] [ERROR] WebSocket connection to 'ws://localhost:3030/_next/webpack-hmr?id=XX7FSgILKS0cC0oGAXPit' failed: Error in connection establishment: net::ERR_CONNECTION_REFUSED @ http://localhost:3030/_next/static/chunks/04m2_next_dist_client_0-mnb_3._.js:13299
[ 3327354ms] [ERROR] WebSocket connection to 'ws://localhost:3030/_next/webpack-hmr?id=XX7FSgILKS0cC0oGAXPit' failed: Error in connection establishment: net::ERR_CONNECTION_REFUSED @ http://localhost:3030/_next/static/chunks/04m2_next_dist_client_0-mnb_3._.js:13299
[ 3334718ms] [ERROR] WebSocket connection to 'ws://localhost:3030/_next/webpack-hmr?id=XX7FSgILKS0cC0oGAXPit' failed: Error in connection establishment: net::ERR_CONNECTION_REFUSED @ http://localhost:3030/_next/static/chunks/04m2_next_dist_client_0-mnb_3._.js:13299
[ 3342047ms] [ERROR] WebSocket connection to 'ws://localhost:3030/_next/webpack-hmr?id=XX7FSgILKS0cC0oGAXPit' failed: Error in connection establishment: net::ERR_CONNECTION_REFUSED @ http://localhost:3030/_next/static/chunks/04m2_next_dist_client_0-mnb_3._.js:13299
[ 3349397ms] [ERROR] WebSocket connection to 'ws://localhost:3030/_next/webpack-hmr?id=XX7FSgILKS0cC0oGAXPit' failed: Error in connection establishment: net::ERR_CONNECTION_REFUSED @ http://localhost:3030/_next/static/chunks/04m2_next_dist_client_0-mnb_3._.js:13299
[ 3356725ms] [ERROR] WebSocket connection to 'ws://localhost:3030/_next/webpack-hmr?id=XX7FSgILKS0cC0oGAXPit' failed: Error in connection establishment: net::ERR_CONNECTION_REFUSED @ http://localhost:3030/_next/static/chunks/04m2_next_dist_client_0-mnb_3._.js:13299
[ 3364093ms] [ERROR] WebSocket connection to 'ws://localhost:3030/_next/webpack-hmr?id=XX7FSgILKS0cC0oGAXPit' failed: Error in connection establishment: net::ERR_CONNECTION_REFUSED @ http://localhost:3030/_next/static/chunks/04m2_next_dist_client_0-mnb_3._.js:13299
[ 3472183ms] [INFO] %cDownload the React DevTools for a better development experience: https://react.dev/link/react-devtools font-weight:bold @ http://localhost:3030/_next/static/chunks/04m2_next_dist_01d_w1-._.js:2431
[ 3472367ms] [LOG] [HMR] connected @ http://localhost:3030/_next/static/chunks/04m2_next_dist_01d_w1-._.js:2431
[ 3472417ms] [INFO] %c%s%c [setup-health] background: #e6e6e6;background: light-dark(rgba(0,0,0,0.1), rgba(255,255,255,0.25));color: #000000;color: light-dark(#000000, #ffffff);border-radius: 2px  Server   panel-layout {tenantId: cmrvvipw70000oyyo6123270j, userId: cmrvvipy90009oyyocqnstw83, score: 40, completedCount: 2, totalCriticalCount: 5} @ http://localhost:3030/_next/static/chunks/04m2_next_dist_01d_w1-._.js:2431
[ 3474883ms] [LOG] [Fast Refresh] rebuilding @ http://localhost:3030/_next/static/chunks/04m2_next_dist_01d_w1-._.js:2431
[ 3475168ms] [LOG] [Fast Refresh] done in 386ms @ http://localhost:3030/_next/static/chunks/04m2_next_dist_01d_w1-._.js:2431
[ 3531545ms] [LOG] [Fast Refresh] rebuilding @ http://localhost:3030/_next/static/chunks/04m2_next_dist_01d_w1-._.js:2431
[ 3531767ms] [LOG] [Fast Refresh] done in 323ms @ http://localhost:3030/_next/static/chunks/04m2_next_dist_01d_w1-._.js:2431
[ 3607874ms] [LOG] [Fast Refresh] rebuilding @ http://localhost:3030/_next/static/chunks/04m2_next_dist_01d_w1-._.js:2431
[ 3608110ms] [LOG] [Fast Refresh] done in 343ms @ http://localhost:3030/_next/static/chunks/04m2_next_dist_01d_w1-._.js:2431
[ 3644489ms] [LOG] [Fast Refresh] rebuilding @ http://localhost:3030/_next/static/chunks/04m2_next_dist_01d_w1-._.js:2431
[ 3644573ms] [LOG] [Fast Refresh] done in 184ms @ http://localhost:3030/_next/static/chunks/04m2_next_dist_01d_w1-._.js:2431
[ 3644688ms] [LOG] [Fast Refresh] rebuilding @ http://localhost:3030/_next/static/chunks/04m2_next_dist_01d_w1-._.js:2431
[ 3644944ms] [LOG] [Fast Refresh] done in 362ms @ http://localhost:3030/_next/static/chunks/04m2_next_dist_01d_w1-._.js:2431
[ 3646363ms] [LOG] [Fast Refresh] rebuilding @ http://localhost:3030/_next/static/chunks/04m2_next_dist_01d_w1-._.js:2431
[ 3646366ms] [LOG] [Fast Refresh] done in 105ms @ http://localhost:3030/_next/static/chunks/04m2_next_dist_01d_w1-._.js:2431
[ 3646472ms] [LOG] [Fast Refresh] rebuilding @ http://localhost:3030/_next/static/chunks/04m2_next_dist_01d_w1-._.js:2431
[ 3646805ms] [LOG] [Fast Refresh] done in 439ms @ http://localhost:3030/_next/static/chunks/04m2_next_dist_01d_w1-._.js:2431
[ 3650330ms] [LOG] [Fast Refresh] rebuilding @ http://localhost:3030/_next/static/chunks/04m2_next_dist_01d_w1-._.js:2431
[ 3650583ms] [LOG] [Fast Refresh] done in 357ms @ http://localhost:3030/_next/static/chunks/04m2_next_dist_01d_w1-._.js:2431
[ 3654241ms] [LOG] [Fast Refresh] rebuilding @ http://localhost:3030/_next/static/chunks/04m2_next_dist_01d_w1-._.js:2431
[ 3654478ms] [LOG] [Fast Refresh] done in 339ms @ http://localhost:3030/_next/static/chunks/04m2_next_dist_01d_w1-._.js:2431
[ 3656536ms] [LOG] [Fast Refresh] rebuilding @ http://localhost:3030/_next/static/chunks/04m2_next_dist_01d_w1-._.js:2431
[ 3657146ms] [LOG] [Fast Refresh] done in 711ms @ http://localhost:3030/_next/static/chunks/04m2_next_dist_01d_w1-._.js:2431
[ 3662638ms] [LOG] [Fast Refresh] rebuilding @ http://localhost:3030/_next/static/chunks/04m2_next_dist_01d_w1-._.js:2431
[ 3662970ms] [LOG] [Fast Refresh] done in 438ms @ http://localhost:3030/_next/static/chunks/04m2_next_dist_01d_w1-._.js:2431
[ 3677220ms] [LOG] [Fast Refresh] rebuilding @ http://localhost:3030/_next/static/chunks/04m2_next_dist_01d_w1-._.js:2431
[ 3677472ms] [LOG] [Fast Refresh] done in 358ms @ http://localhost:3030/_next/static/chunks/04m2_next_dist_01d_w1-._.js:2431
[ 3678720ms] [LOG] [Fast Refresh] rebuilding @ http://localhost:3030/_next/static/chunks/04m2_next_dist_01d_w1-._.js:2431
[ 3678989ms] [LOG] [Fast Refresh] done in 379ms @ http://localhost:3030/_next/static/chunks/04m2_next_dist_01d_w1-._.js:2431
[ 4694570ms] [LOG] [Fast Refresh] rebuilding @ http://localhost:3030/_next/static/chunks/04m2_next_dist_01d_w1-._.js:2431
[ 4695879ms] [LOG] [Fast Refresh] done in 1419ms @ http://localhost:3030/_next/static/chunks/04m2_next_dist_01d_w1-._.js:2431
[ 4697030ms] [LOG] [Fast Refresh] rebuilding @ http://localhost:3030/_next/static/chunks/04m2_next_dist_01d_w1-._.js:2431
[ 4697059ms] [LOG] [Fast Refresh] done in 132ms @ http://localhost:3030/_next/static/chunks/04m2_next_dist_01d_w1-._.js:2431
[ 4784742ms] [LOG] [Fast Refresh] rebuilding @ http://localhost:3030/_next/static/chunks/04m2_next_dist_01d_w1-._.js:2431
[ 4784943ms] [LOG] [Fast Refresh] done in 305ms @ http://localhost:3030/_next/static/chunks/04m2_next_dist_01d_w1-._.js:2431
[ 4791401ms] [LOG] [Fast Refresh] rebuilding @ http://localhost:3030/_next/static/chunks/04m2_next_dist_01d_w1-._.js:2431
[ 4791583ms] [LOG] [Fast Refresh] done in 286ms @ http://localhost:3030/_next/static/chunks/04m2_next_dist_01d_w1-._.js:2431
[ 4816218ms] [LOG] [Fast Refresh] rebuilding @ http://localhost:3030/_next/static/chunks/04m2_next_dist_01d_w1-._.js:2431
[ 4816470ms] [LOG] [Fast Refresh] done in 355ms @ http://localhost:3030/_next/static/chunks/04m2_next_dist_01d_w1-._.js:2431
[ 4838580ms] [LOG] [Fast Refresh] rebuilding @ http://localhost:3030/_next/static/chunks/04m2_next_dist_01d_w1-._.js:2431
[ 4838804ms] [LOG] [Fast Refresh] done in 336ms @ http://localhost:3030/_next/static/chunks/04m2_next_dist_01d_w1-._.js:2431
[ 4932501ms] [LOG] [Fast Refresh] rebuilding @ http://localhost:3030/_next/static/chunks/04m2_next_dist_01d_w1-._.js:2431
[ 4932884ms] [LOG] [Fast Refresh] done in 498ms @ http://localhost:3030/_next/static/chunks/04m2_next_dist_01d_w1-._.js:2431
[ 4949598ms] [LOG] [Fast Refresh] rebuilding @ http://localhost:3030/_next/static/chunks/04m2_next_dist_01d_w1-._.js:2431
[ 4949865ms] [LOG] [Fast Refresh] done in 369ms @ http://localhost:3030/_next/static/chunks/04m2_next_dist_01d_w1-._.js:2431
[ 4959954ms] [LOG] [Fast Refresh] rebuilding @ http://localhost:3030/_next/static/chunks/04m2_next_dist_01d_w1-._.js:2431
[ 4960959ms] [LOG] [Fast Refresh] done in 1115ms @ http://localhost:3030/_next/static/chunks/04m2_next_dist_01d_w1-._.js:2431
[ 4961089ms] [LOG] [Fast Refresh] rebuilding @ http://localhost:3030/_next/static/chunks/04m2_next_dist_01d_w1-._.js:2431
[ 4961425ms] [LOG] [Fast Refresh] done in 464ms @ http://localhost:3030/_next/static/chunks/04m2_next_dist_01d_w1-._.js:2431
[ 4961540ms] [LOG] [Fast Refresh] rebuilding @ http://localhost:3030/_next/static/chunks/04m2_next_dist_01d_w1-._.js:2431
[ 4961754ms] [LOG] [Fast Refresh] done in 327ms @ http://localhost:3030/_next/static/chunks/04m2_next_dist_01d_w1-._.js:2431
[ 4961968ms] [LOG] [Fast Refresh] rebuilding @ http://localhost:3030/_next/static/chunks/04m2_next_dist_01d_w1-._.js:2431
[ 4962001ms] [LOG] [Fast Refresh] done in 136ms @ http://localhost:3030/_next/static/chunks/04m2_next_dist_01d_w1-._.js:2431
[ 4962277ms] [LOG] [Fast Refresh] rebuilding @ http://localhost:3030/_next/static/chunks/04m2_next_dist_01d_w1-._.js:2431
[ 4962309ms] [LOG] [Fast Refresh] done in 135ms @ http://localhost:3030/_next/static/chunks/04m2_next_dist_01d_w1-._.js:2431
[ 4962665ms] [INFO] %c%s%c [setup-health] background: #e6e6e6;background: light-dark(rgba(0,0,0,0.1), rgba(255,255,255,0.25));color: #000000;color: light-dark(#000000, #ffffff);border-radius: 2px  Server   panel-layout {tenantId: cmrvvipw70000oyyo6123270j, userId: cmrvvipy90009oyyocqnstw83, score: 40, completedCount: 2, totalCriticalCount: 5} @ http://localhost:3030/_next/static/chunks/04m2_next_dist_01d_w1-._.js:2431
[ 4962892ms] [LOG] [Fast Refresh] rebuilding @ http://localhost:3030/_next/static/chunks/04m2_next_dist_01d_w1-._.js:2431
[ 4962936ms] [LOG] [Fast Refresh] done in 146ms @ http://localhost:3030/_next/static/chunks/04m2_next_dist_01d_w1-._.js:2431
[ 4963011ms] [INFO] %c%s%c [setup-health] background: #e6e6e6;background: light-dark(rgba(0,0,0,0.1), rgba(255,255,255,0.25));color: #000000;color: light-dark(#000000, #ffffff);border-radius: 2px  Server   panel-layout {tenantId: cmrvvipw70000oyyo6123270j, userId: cmrvvipy90009oyyocqnstw83, score: 40, completedCount: 2, totalCriticalCount: 5} @ http://localhost:3030/_next/static/chunks/04m2_next_dist_01d_w1-._.js:2431
[ 4963491ms] [LOG] [Fast Refresh] rebuilding @ http://localhost:3030/_next/static/chunks/04m2_next_dist_01d_w1-._.js:2431
[ 4963679ms] [LOG] [Fast Refresh] done in 288ms @ http://localhost:3030/_next/static/chunks/04m2_next_dist_01d_w1-._.js:2431
[ 4963733ms] [INFO] %c%s%c [setup-health] background: #e6e6e6;background: light-dark(rgba(0,0,0,0.1), rgba(255,255,255,0.25));color: #000000;color: light-dark(#000000, #ffffff);border-radius: 2px  Server   panel-layout {tenantId: cmrvvipw70000oyyo6123270j, userId: cmrvvipy90009oyyocqnstw83, score: 40, completedCount: 2, totalCriticalCount: 5} @ http://localhost:3030/_next/static/chunks/04m2_next_dist_01d_w1-._.js:2431
[ 4963922ms] [LOG] [Fast Refresh] rebuilding @ http://localhost:3030/_next/static/chunks/04m2_next_dist_01d_w1-._.js:2431
[ 4963951ms] [LOG] [Fast Refresh] done in 156ms @ http://localhost:3030/_next/static/chunks/04m2_next_dist_01d_w1-._.js:2431
[ 4964145ms] [LOG] [Fast Refresh] rebuilding @ http://localhost:3030/_next/static/chunks/04m2_next_dist_01d_w1-._.js:2431
[ 4964201ms] [LOG] [Fast Refresh] done in 156ms @ http://localhost:3030/_next/static/chunks/04m2_next_dist_01d_w1-._.js:2431
[ 4964315ms] [LOG] [Fast Refresh] rebuilding @ http://localhost:3030/_next/static/chunks/04m2_next_dist_01d_w1-._.js:2431
[ 4964638ms] [LOG] [Fast Refresh] done in 435ms @ http://localhost:3030/_next/static/chunks/04m2_next_dist_01d_w1-._.js:2431
[ 4964743ms] [LOG] [Fast Refresh] rebuilding @ http://localhost:3030/_next/static/chunks/04m2_next_dist_01d_w1-._.js:2431
[ 4964921ms] [LOG] [Fast Refresh] done in 282ms @ http://localhost:3030/_next/static/chunks/04m2_next_dist_01d_w1-._.js:2431
[ 4964974ms] [INFO] %c%s%c [setup-health] background: #e6e6e6;background: light-dark(rgba(0,0,0,0.1), rgba(255,255,255,0.25));color: #000000;color: light-dark(#000000, #ffffff);border-radius: 2px  Server   panel-layout {tenantId: cmrvvipw70000oyyo6123270j, userId: cmrvvipy90009oyyocqnstw83, score: 40, completedCount: 2, totalCriticalCount: 5} @ http://localhost:3030/_next/static/chunks/04m2_next_dist_01d_w1-._.js:2431
[ 4965384ms] [LOG] [Fast Refresh] rebuilding @ http://localhost:3030/_next/static/chunks/04m2_next_dist_01d_w1-._.js:2431
[ 4965387ms] [LOG] [Fast Refresh] done in 109ms @ http://localhost:3030/_next/static/chunks/04m2_next_dist_01d_w1-._.js:2431
[ 4965906ms] [LOG] [Fast Refresh] rebuilding @ http://localhost:3030/_next/static/chunks/04m2_next_dist_01d_w1-._.js:2431
[ 4965907ms] [LOG] [Fast Refresh] done in 101ms @ http://localhost:3030/_next/static/chunks/04m2_next_dist_01d_w1-._.js:2431
[ 4966009ms] [LOG] [Fast Refresh] rebuilding @ http://localhost:3030/_next/static/chunks/04m2_next_dist_01d_w1-._.js:2431
[ 4966041ms] [LOG] [Fast Refresh] done in 133ms @ http://localhost:3030/_next/static/chunks/04m2_next_dist_01d_w1-._.js:2431
[ 4966145ms] [LOG] [Fast Refresh] rebuilding @ http://localhost:3030/_next/static/chunks/04m2_next_dist_01d_w1-._.js:2431
[ 4966282ms] [INFO] %c%s%c [setup-health] background: #e6e6e6;background: light-dark(rgba(0,0,0,0.1), rgba(255,255,255,0.25));color: #000000;color: light-dark(#000000, #ffffff);border-radius: 2px  Server   panel-layout {tenantId: cmrvvipw70000oyyo6123270j, userId: cmrvvipy90009oyyocqnstw83, score: 40, completedCount: 2, totalCriticalCount: 5} @ http://localhost:3030/_next/static/chunks/04m2_next_dist_01d_w1-._.js:2431
[ 4966349ms] [LOG] [Fast Refresh] done in 306ms @ http://localhost:3030/_next/static/chunks/04m2_next_dist_01d_w1-._.js:2431
[ 4966456ms] [LOG] [Fast Refresh] rebuilding @ http://localhost:3030/_next/static/chunks/04m2_next_dist_01d_w1-._.js:2431
[ 4966457ms] [LOG] [Fast Refresh] done in 106ms @ http://localhost:3030/_next/static/chunks/04m2_next_dist_01d_w1-._.js:2431
[ 4966880ms] [LOG] [Fast Refresh] rebuilding @ http://localhost:3030/_next/static/chunks/04m2_next_dist_01d_w1-._.js:2431
[ 4967173ms] [LOG] [Fast Refresh] done in 395ms @ http://localhost:3030/_next/static/chunks/04m2_next_dist_01d_w1-._.js:2431
[ 4967430ms] [LOG] [Fast Refresh] rebuilding @ http://localhost:3030/_next/static/chunks/04m2_next_dist_01d_w1-._.js:2431
[ 4967577ms] [LOG] [Fast Refresh] done in 253ms @ http://localhost:3030/_next/static/chunks/04m2_next_dist_01d_w1-._.js:2431
[ 4967631ms] [INFO] %c%s%c [setup-health] background: #e6e6e6;background: light-dark(rgba(0,0,0,0.1), rgba(255,255,255,0.25));color: #000000;color: light-dark(#000000, #ffffff);border-radius: 2px  Server   panel-layout {tenantId: cmrvvipw70000oyyo6123270j, userId: cmrvvipy90009oyyocqnstw83, score: 40, completedCount: 2, totalCriticalCount: 5} @ http://localhost:3030/_next/static/chunks/04m2_next_dist_01d_w1-._.js:2431
[ 4967854ms] [LOG] [Fast Refresh] rebuilding @ http://localhost:3030/_next/static/chunks/04m2_next_dist_01d_w1-._.js:2431
[ 4967979ms] [LOG] [Fast Refresh] done in 234ms @ http://localhost:3030/_next/static/chunks/04m2_next_dist_01d_w1-._.js:2431
[ 4968168ms] [LOG] [Fast Refresh] rebuilding @ http://localhost:3030/_next/static/chunks/04m2_next_dist_01d_w1-._.js:2431
[ 4968201ms] [LOG] [Fast Refresh] done in 134ms @ http://localhost:3030/_next/static/chunks/04m2_next_dist_01d_w1-._.js:2431
[ 4968303ms] [LOG] [Fast Refresh] rebuilding @ http://localhost:3030/_next/static/chunks/04m2_next_dist_01d_w1-._.js:2431
[ 4968376ms] [LOG] [Fast Refresh] done in 173ms @ http://localhost:3030/_next/static/chunks/04m2_next_dist_01d_w1-._.js:2431
[ 4968681ms] [LOG] [Fast Refresh] rebuilding @ http://localhost:3030/_next/static/chunks/04m2_next_dist_01d_w1-._.js:2431
[ 4968800ms] [LOG] [Fast Refresh] done in 227ms @ http://localhost:3030/_next/static/chunks/04m2_next_dist_01d_w1-._.js:2431
[ 4968843ms] [INFO] %c%s%c [setup-health] background: #e6e6e6;background: light-dark(rgba(0,0,0,0.1), rgba(255,255,255,0.25));color: #000000;color: light-dark(#000000, #ffffff);border-radius: 2px  Server   panel-layout {tenantId: cmrvvipw70000oyyo6123270j, userId: cmrvvipy90009oyyocqnstw83, score: 40, completedCount: 2, totalCriticalCount: 5} @ http://localhost:3030/_next/static/chunks/04m2_next_dist_01d_w1-._.js:2431
[ 4969440ms] [LOG] [Fast Refresh] rebuilding @ http://localhost:3030/_next/static/chunks/04m2_next_dist_01d_w1-._.js:2431
[ 4969495ms] [LOG] [Fast Refresh] done in 162ms @ http://localhost:3030/_next/static/chunks/04m2_next_dist_01d_w1-._.js:2431
[ 4969814ms] [LOG] [Fast Refresh] rebuilding @ http://localhost:3030/_next/static/chunks/04m2_next_dist_01d_w1-._.js:2431
[ 4969910ms] [LOG] [Fast Refresh] done in 201ms @ http://localhost:3030/_next/static/chunks/04m2_next_dist_01d_w1-._.js:2431
[ 4970232ms] [INFO] %c%s%c [setup-health] background: #e6e6e6;background: light-dark(rgba(0,0,0,0.1), rgba(255,255,255,0.25));color: #000000;color: light-dark(#000000, #ffffff);border-radius: 2px  Server   panel-layout {tenantId: cmrvvipw70000oyyo6123270j, userId: cmrvvipy90009oyyocqnstw83, score: 40, completedCount: 2, totalCriticalCount: 5} @ http://localhost:3030/_next/static/chunks/04m2_next_dist_01d_w1-._.js:2431
[ 4970375ms] [LOG] [Fast Refresh] rebuilding @ http://localhost:3030/_next/static/chunks/04m2_next_dist_01d_w1-._.js:2431
[ 4970555ms] [LOG] [Fast Refresh] done in 284ms @ http://localhost:3030/_next/static/chunks/04m2_next_dist_01d_w1-._.js:2431
[ 4971229ms] [LOG] [Fast Refresh] rebuilding @ http://localhost:3030/_next/static/chunks/04m2_next_dist_01d_w1-._.js:2431
[ 4971314ms] [LOG] [Fast Refresh] done in 192ms @ http://localhost:3030/_next/static/chunks/04m2_next_dist_01d_w1-._.js:2431
[ 4971512ms] [INFO] %c%s%c [setup-health] background: #e6e6e6;background: light-dark(rgba(0,0,0,0.1), rgba(255,255,255,0.25));color: #000000;color: light-dark(#000000, #ffffff);border-radius: 2px  Server   panel-layout {tenantId: cmrvvipw70000oyyo6123270j, userId: cmrvvipy90009oyyocqnstw83, score: 40, completedCount: 2, totalCriticalCount: 5} @ http://localhost:3030/_next/static/chunks/04m2_next_dist_01d_w1-._.js:2431
[ 4971655ms] [LOG] [Fast Refresh] rebuilding @ http://localhost:3030/_next/static/chunks/04m2_next_dist_01d_w1-._.js:2431
[ 4971763ms] [LOG] [Fast Refresh] done in 209ms @ http://localhost:3030/_next/static/chunks/04m2_next_dist_01d_w1-._.js:2431
[ 4971877ms] [LOG] [Fast Refresh] rebuilding @ http://localhost:3030/_next/static/chunks/04m2_next_dist_01d_w1-._.js:2431
[ 4971896ms] [LOG] [Fast Refresh] done in 131ms @ http://localhost:3030/_next/static/chunks/04m2_next_dist_01d_w1-._.js:2431
[ 4972000ms] [LOG] [Fast Refresh] rebuilding @ http://localhost:3030/_next/static/chunks/04m2_next_dist_01d_w1-._.js:2431
[ 4972044ms] [LOG] [Fast Refresh] done in 147ms @ http://localhost:3030/_next/static/chunks/04m2_next_dist_01d_w1-._.js:2431
[ 4972154ms] [LOG] [Fast Refresh] rebuilding @ http://localhost:3030/_next/static/chunks/04m2_next_dist_01d_w1-._.js:2431
[ 4972293ms] [LOG] [Fast Refresh] done in 248ms @ http://localhost:3030/_next/static/chunks/04m2_next_dist_01d_w1-._.js:2431
[ 4972399ms] [LOG] [Fast Refresh] rebuilding @ http://localhost:3030/_next/static/chunks/04m2_next_dist_01d_w1-._.js:2431
[ 4972486ms] [LOG] [Fast Refresh] done in 191ms @ http://localhost:3030/_next/static/chunks/04m2_next_dist_01d_w1-._.js:2431
[ 4972593ms] [LOG] [Fast Refresh] rebuilding @ http://localhost:3030/_next/static/chunks/04m2_next_dist_01d_w1-._.js:2431
[ 4972663ms] [LOG] [Fast Refresh] done in 175ms @ http://localhost:3030/_next/static/chunks/04m2_next_dist_01d_w1-._.js:2431
[ 4972682ms] [INFO] %c%s%c [setup-health] background: #e6e6e6;background: light-dark(rgba(0,0,0,0.1), rgba(255,255,255,0.25));color: #000000;color: light-dark(#000000, #ffffff);border-radius: 2px  Server   panel-layout {tenantId: cmrvvipw70000oyyo6123270j, userId: cmrvvipy90009oyyocqnstw83, score: 40, completedCount: 2, totalCriticalCount: 5} @ http://localhost:3030/_next/static/chunks/04m2_next_dist_01d_w1-._.js:2431
[ 4972785ms] [LOG] [Fast Refresh] rebuilding @ http://localhost:3030/_next/static/chunks/04m2_next_dist_01d_w1-._.js:2431
[ 4972804ms] [LOG] [Fast Refresh] done in 123ms @ http://localhost:3030/_next/static/chunks/04m2_next_dist_01d_w1-._.js:2431
[ 4972905ms] [LOG] [Fast Refresh] rebuilding @ http://localhost:3030/_next/static/chunks/04m2_next_dist_01d_w1-._.js:2431
[ 4973118ms] [LOG] [Fast Refresh] done in 314ms @ http://localhost:3030/_next/static/chunks/04m2_next_dist_01d_w1-._.js:2431
[ 4973535ms] [LOG] [Fast Refresh] rebuilding @ http://localhost:3030/_next/static/chunks/04m2_next_dist_01d_w1-._.js:2431
[ 4973630ms] [LOG] [Fast Refresh] done in 196ms @ http://localhost:3030/_next/static/chunks/04m2_next_dist_01d_w1-._.js:2431
[ 4973950ms] [LOG] [Fast Refresh] rebuilding @ http://localhost:3030/_next/static/chunks/04m2_next_dist_01d_w1-._.js:2431
[ 4974072ms] [INFO] %c%s%c [setup-health] background: #e6e6e6;background: light-dark(rgba(0,0,0,0.1), rgba(255,255,255,0.25));color: #000000;color: light-dark(#000000, #ffffff);border-radius: 2px  Server   panel-layout {tenantId: cmrvvipw70000oyyo6123270j, userId: cmrvvipy90009oyyocqnstw83, score: 40, completedCount: 2, totalCriticalCount: 5} @ http://localhost:3030/_next/static/chunks/04m2_next_dist_01d_w1-._.js:2431
[ 4974172ms] [LOG] [Fast Refresh] done in 329ms @ http://localhost:3030/_next/static/chunks/04m2_next_dist_01d_w1-._.js:2431
[ 4974735ms] [LOG] [Fast Refresh] rebuilding @ http://localhost:3030/_next/static/chunks/04m2_next_dist_01d_w1-._.js:2431
[ 4974866ms] [LOG] [Fast Refresh] done in 233ms @ http://localhost:3030/_next/static/chunks/04m2_next_dist_01d_w1-._.js:2431
[ 4975054ms] [LOG] [Fast Refresh] rebuilding @ http://localhost:3030/_next/static/chunks/04m2_next_dist_01d_w1-._.js:2431
[ 4975313ms] [LOG] [Fast Refresh] done in 364ms @ http://localhost:3030/_next/static/chunks/04m2_next_dist_01d_w1-._.js:2431
[ 4975326ms] [INFO] %c%s%c [setup-health] background: #e6e6e6;background: light-dark(rgba(0,0,0,0.1), rgba(255,255,255,0.25));color: #000000;color: light-dark(#000000, #ffffff);border-radius: 2px  Server   panel-layout {tenantId: cmrvvipw70000oyyo6123270j, userId: cmrvvipy90009oyyocqnstw83, score: 40, completedCount: 2, totalCriticalCount: 5} @ http://localhost:3030/_next/static/chunks/04m2_next_dist_01d_w1-._.js:2431
[ 4975511ms] [LOG] [Fast Refresh] rebuilding @ http://localhost:3030/_next/static/chunks/04m2_next_dist_01d_w1-._.js:2431
[ 4975580ms] [LOG] [Fast Refresh] done in 173ms @ http://localhost:3030/_next/static/chunks/04m2_next_dist_01d_w1-._.js:2431
[ 4976162ms] [LOG] [Fast Refresh] rebuilding @ http://localhost:3030/_next/static/chunks/04m2_next_dist_01d_w1-._.js:2431
[ 4976262ms] [LOG] [Fast Refresh] done in 201ms @ http://localhost:3030/_next/static/chunks/04m2_next_dist_01d_w1-._.js:2431
[ 4976473ms] [INFO] %c%s%c [setup-health] background: #e6e6e6;background: light-dark(rgba(0,0,0,0.1), rgba(255,255,255,0.25));color: #000000;color: light-dark(#000000, #ffffff);border-radius: 2px  Server   panel-layout {tenantId: cmrvvipw70000oyyo6123270j, userId: cmrvvipy90009oyyocqnstw83, score: 40, completedCount: 2, totalCriticalCount: 5} @ http://localhost:3030/_next/static/chunks/04m2_next_dist_01d_w1-._.js:2431
[ 4976630ms] [LOG] [Fast Refresh] rebuilding @ http://localhost:3030/_next/static/chunks/04m2_next_dist_01d_w1-._.js:2431
[ 4976898ms] [LOG] [Fast Refresh] done in 373ms @ http://localhost:3030/_next/static/chunks/04m2_next_dist_01d_w1-._.js:2431
[ 4977349ms] [LOG] [Fast Refresh] rebuilding @ http://localhost:3030/_next/static/chunks/04m2_next_dist_01d_w1-._.js:2431
[ 4977511ms] [LOG] [Fast Refresh] done in 263ms @ http://localhost:3030/_next/static/chunks/04m2_next_dist_01d_w1-._.js:2431
[ 4977831ms] [LOG] [Fast Refresh] rebuilding @ http://localhost:3030/_next/static/chunks/04m2_next_dist_01d_w1-._.js:2431
[ 4977926ms] [INFO] %c%s%c [setup-health] background: #e6e6e6;background: light-dark(rgba(0,0,0,0.1), rgba(255,255,255,0.25));color: #000000;color: light-dark(#000000, #ffffff);border-radius: 2px  Server   panel-layout {tenantId: cmrvvipw70000oyyo6123270j, userId: cmrvvipy90009oyyocqnstw83, score: 40, completedCount: 2, totalCriticalCount: 5} @ http://localhost:3030/_next/static/chunks/04m2_next_dist_01d_w1-._.js:2431
[ 4978016ms] [LOG] [Fast Refresh] done in 289ms @ http://localhost:3030/_next/static/chunks/04m2_next_dist_01d_w1-._.js:2431
[ 4978588ms] [LOG] [Fast Refresh] rebuilding @ http://localhost:3030/_next/static/chunks/04m2_next_dist_01d_w1-._.js:2431
[ 4978675ms] [LOG] [Fast Refresh] done in 189ms @ http://localhost:3030/_next/static/chunks/04m2_next_dist_01d_w1-._.js:2431
[ 4978856ms] [LOG] [Fast Refresh] rebuilding @ http://localhost:3030/_next/static/chunks/04m2_next_dist_01d_w1-._.js:2431
[ 4979156ms] [LOG] [Fast Refresh] done in 402ms @ http://localhost:3030/_next/static/chunks/04m2_next_dist_01d_w1-._.js:2431
[ 4979163ms] [INFO] %c%s%c [setup-health] background: #e6e6e6;background: light-dark(rgba(0,0,0,0.1), rgba(255,255,255,0.25));color: #000000;color: light-dark(#000000, #ffffff);border-radius: 2px  Server   panel-layout {tenantId: cmrvvipw70000oyyo6123270j, userId: cmrvvipy90009oyyocqnstw83, score: 40, completedCount: 2, totalCriticalCount: 5} @ http://localhost:3030/_next/static/chunks/04m2_next_dist_01d_w1-._.js:2431
[ 4979338ms] [LOG] [Fast Refresh] rebuilding @ http://localhost:3030/_next/static/chunks/04m2_next_dist_01d_w1-._.js:2431
[ 4979423ms] [LOG] [Fast Refresh] done in 194ms @ http://localhost:3030/_next/static/chunks/04m2_next_dist_01d_w1-._.js:2431
[ 4979534ms] [LOG] [Fast Refresh] rebuilding @ http://localhost:3030/_next/static/chunks/04m2_next_dist_01d_w1-._.js:2431
[ 4979555ms] [LOG] [Fast Refresh] done in 127ms @ http://localhost:3030/_next/static/chunks/04m2_next_dist_01d_w1-._.js:2431
[ 4979667ms] [LOG] [Fast Refresh] rebuilding @ http://localhost:3030/_next/static/chunks/04m2_next_dist_01d_w1-._.js:2431
[ 4979684ms] [LOG] [Fast Refresh] done in 120ms @ http://localhost:3030/_next/static/chunks/04m2_next_dist_01d_w1-._.js:2431
[ 4979789ms] [LOG] [Fast Refresh] rebuilding @ http://localhost:3030/_next/static/chunks/04m2_next_dist_01d_w1-._.js:2431
[ 4979900ms] [LOG] [Fast Refresh] done in 214ms @ http://localhost:3030/_next/static/chunks/04m2_next_dist_01d_w1-._.js:2431
[ 4980301ms] [LOG] [Fast Refresh] rebuilding @ http://localhost:3030/_next/static/chunks/04m2_next_dist_01d_w1-._.js:2431
[ 4980457ms] [INFO] %c%s%c [setup-health] background: #e6e6e6;background: light-dark(rgba(0,0,0,0.1), rgba(255,255,255,0.25));color: #000000;color: light-dark(#000000, #ffffff);border-radius: 2px  Server   panel-layout {tenantId: cmrvvipw70000oyyo6123270j, userId: cmrvvipy90009oyyocqnstw83, score: 40, completedCount: 2, totalCriticalCount: 5} @ http://localhost:3030/_next/static/chunks/04m2_next_dist_01d_w1-._.js:2431
[ 4980608ms] [LOG] [Fast Refresh] done in 411ms @ http://localhost:3030/_next/static/chunks/04m2_next_dist_01d_w1-._.js:2431
[ 4981201ms] [LOG] [Fast Refresh] rebuilding @ http://localhost:3030/_next/static/chunks/04m2_next_dist_01d_w1-._.js:2431
[ 4981297ms] [LOG] [Fast Refresh] done in 197ms @ http://localhost:3030/_next/static/chunks/04m2_next_dist_01d_w1-._.js:2431
[ 4981710ms] [INFO] %c%s%c [setup-health] background: #e6e6e6;background: light-dark(rgba(0,0,0,0.1), rgba(255,255,255,0.25));color: #000000;color: light-dark(#000000, #ffffff);border-radius: 2px  Server   panel-layout {tenantId: cmrvvipw70000oyyo6123270j, userId: cmrvvipy90009oyyocqnstw83, score: 40, completedCount: 2, totalCriticalCount: 5} @ http://localhost:3030/_next/static/chunks/04m2_next_dist_01d_w1-._.js:2431
[ 4981864ms] [LOG] [Fast Refresh] rebuilding @ http://localhost:3030/_next/static/chunks/04m2_next_dist_01d_w1-._.js:2431
[ 4982007ms] [LOG] [Fast Refresh] done in 252ms @ http://localhost:3030/_next/static/chunks/04m2_next_dist_01d_w1-._.js:2431
[ 4982108ms] [LOG] [Fast Refresh] rebuilding @ http://localhost:3030/_next/static/chunks/04m2_next_dist_01d_w1-._.js:2431
[ 4982137ms] [LOG] [Fast Refresh] done in 130ms @ http://localhost:3030/_next/static/chunks/04m2_next_dist_01d_w1-._.js:2431
[ 4982241ms] [LOG] [Fast Refresh] rebuilding @ http://localhost:3030/_next/static/chunks/04m2_next_dist_01d_w1-._.js:2431
[ 4982268ms] [LOG] [Fast Refresh] done in 130ms @ http://localhost:3030/_next/static/chunks/04m2_next_dist_01d_w1-._.js:2431
[ 4982374ms] [LOG] [Fast Refresh] rebuilding @ http://localhost:3030/_next/static/chunks/04m2_next_dist_01d_w1-._.js:2431
[ 4982510ms] [LOG] [Fast Refresh] done in 241ms @ http://localhost:3030/_next/static/chunks/04m2_next_dist_01d_w1-._.js:2431
[ 4982752ms] [LOG] [Fast Refresh] rebuilding @ http://localhost:3030/_next/static/chunks/04m2_next_dist_01d_w1-._.js:2431
[ 4982926ms] [LOG] [Fast Refresh] done in 282ms @ http://localhost:3030/_next/static/chunks/04m2_next_dist_01d_w1-._.js:2431
[ 4982965ms] [INFO] %c%s%c [setup-health] background: #e6e6e6;background: light-dark(rgba(0,0,0,0.1), rgba(255,255,255,0.25));color: #000000;color: light-dark(#000000, #ffffff);border-radius: 2px  Server   panel-layout {tenantId: cmrvvipw70000oyyo6123270j, userId: cmrvvipy90009oyyocqnstw83, score: 40, completedCount: 2, totalCriticalCount: 5} @ http://localhost:3030/_next/static/chunks/04m2_next_dist_01d_w1-._.js:2431
[ 4983166ms] [LOG] [Fast Refresh] rebuilding @ http://localhost:3030/_next/static/chunks/04m2_next_dist_01d_w1-._.js:2431
[ 4983289ms] [LOG] [Fast Refresh] done in 224ms @ http://localhost:3030/_next/static/chunks/04m2_next_dist_01d_w1-._.js:2431
[ 4983644ms] [LOG] [Fast Refresh] rebuilding @ http://localhost:3030/_next/static/chunks/04m2_next_dist_01d_w1-._.js:2431
[ 4983744ms] [LOG] [Fast Refresh] done in 203ms @ http://localhost:3030/_next/static/chunks/04m2_next_dist_01d_w1-._.js:2431
[ 4983939ms] [LOG] [Fast Refresh] rebuilding @ http://localhost:3030/_next/static/chunks/04m2_next_dist_01d_w1-._.js:2431
[ 4984235ms] [LOG] [Fast Refresh] done in 398ms @ http://localhost:3030/_next/static/chunks/04m2_next_dist_01d_w1-._.js:2431
[ 4984287ms] [INFO] %c%s%c [setup-health] background: #e6e6e6;background: light-dark(rgba(0,0,0,0.1), rgba(255,255,255,0.25));color: #000000;color: light-dark(#000000, #ffffff);border-radius: 2px  Server   panel-layout {tenantId: cmrvvipw70000oyyo6123270j, userId: cmrvvipy90009oyyocqnstw83, score: 40, completedCount: 2, totalCriticalCount: 5} @ http://localhost:3030/_next/static/chunks/04m2_next_dist_01d_w1-._.js:2431
[ 4984990ms] [LOG] [Fast Refresh] rebuilding @ http://localhost:3030/_next/static/chunks/04m2_next_dist_01d_w1-._.js:2431
[ 4985144ms] [LOG] [Fast Refresh] done in 258ms @ http://localhost:3030/_next/static/chunks/04m2_next_dist_01d_w1-._.js:2431
[ 4985518ms] [INFO] %c%s%c [setup-health] background: #e6e6e6;background: light-dark(rgba(0,0,0,0.1), rgba(255,255,255,0.25));color: #000000;color: light-dark(#000000, #ffffff);border-radius: 2px  Server   panel-layout {tenantId: cmrvvipw70000oyyo6123270j, userId: cmrvvipy90009oyyocqnstw83, score: 40, completedCount: 2, totalCriticalCount: 5} @ http://localhost:3030/_next/static/chunks/04m2_next_dist_01d_w1-._.js:2431
[ 4985659ms] [LOG] [Fast Refresh] rebuilding @ http://localhost:3030/_next/static/chunks/04m2_next_dist_01d_w1-._.js:2431
[ 4985770ms] [LOG] [Fast Refresh] done in 219ms @ http://localhost:3030/_next/static/chunks/04m2_next_dist_01d_w1-._.js:2431
[ 4985878ms] [LOG] [Fast Refresh] rebuilding @ http://localhost:3030/_next/static/chunks/04m2_next_dist_01d_w1-._.js:2431
[ 4985917ms] [LOG] [Fast Refresh] done in 145ms @ http://localhost:3030/_next/static/chunks/04m2_next_dist_01d_w1-._.js:2431
[ 4986176ms] [LOG] [Fast Refresh] rebuilding @ http://localhost:3030/_next/static/chunks/04m2_next_dist_01d_w1-._.js:2431
[ 4986302ms] [LOG] [Fast Refresh] done in 230ms @ http://localhost:3030/_next/static/chunks/04m2_next_dist_01d_w1-._.js:2431
[ 4986512ms] [LOG] [Fast Refresh] rebuilding @ http://localhost:3030/_next/static/chunks/04m2_next_dist_01d_w1-._.js:2431
[ 4986712ms] [LOG] [Fast Refresh] done in 301ms @ http://localhost:3030/_next/static/chunks/04m2_next_dist_01d_w1-._.js:2431
[ 4986744ms] [INFO] %c%s%c [setup-health] background: #e6e6e6;background: light-dark(rgba(0,0,0,0.1), rgba(255,255,255,0.25));color: #000000;color: light-dark(#000000, #ffffff);border-radius: 2px  Server   panel-layout {tenantId: cmrvvipw70000oyyo6123270j, userId: cmrvvipy90009oyyocqnstw83, score: 40, completedCount: 2, totalCriticalCount: 5} @ http://localhost:3030/_next/static/chunks/04m2_next_dist_01d_w1-._.js:2431
[ 4986915ms] [LOG] [Fast Refresh] rebuilding @ http://localhost:3030/_next/static/chunks/04m2_next_dist_01d_w1-._.js:2431
[ 4987072ms] [LOG] [Fast Refresh] done in 261ms @ http://localhost:3030/_next/static/chunks/04m2_next_dist_01d_w1-._.js:2431
[ 4987419ms] [LOG] [Fast Refresh] rebuilding @ http://localhost:3030/_next/static/chunks/04m2_next_dist_01d_w1-._.js:2431
[ 4987491ms] [LOG] [Fast Refresh] done in 172ms @ http://localhost:3030/_next/static/chunks/04m2_next_dist_01d_w1-._.js:2431
[ 4987806ms] [LOG] [Fast Refresh] rebuilding @ http://localhost:3030/_next/static/chunks/04m2_next_dist_01d_w1-._.js:2431
[ 4987993ms] [LOG] [Fast Refresh] done in 289ms @ http://localhost:3030/_next/static/chunks/04m2_next_dist_01d_w1-._.js:2431
[ 4988049ms] [INFO] %c%s%c [setup-health] background: #e6e6e6;background: light-dark(rgba(0,0,0,0.1), rgba(255,255,255,0.25));color: #000000;color: light-dark(#000000, #ffffff);border-radius: 2px  Server   panel-layout {tenantId: cmrvvipw70000oyyo6123270j, userId: cmrvvipy90009oyyocqnstw83, score: 40, completedCount: 2, totalCriticalCount: 5} @ http://localhost:3030/_next/static/chunks/04m2_next_dist_01d_w1-._.js:2431
[ 4988617ms] [LOG] [Fast Refresh] rebuilding @ http://localhost:3030/_next/static/chunks/04m2_next_dist_01d_w1-._.js:2431
[ 4988639ms] [LOG] [Fast Refresh] done in 123ms @ http://localhost:3030/_next/static/chunks/04m2_next_dist_01d_w1-._.js:2431
[ 4989105ms] [LOG] [Fast Refresh] rebuilding @ http://localhost:3030/_next/static/chunks/04m2_next_dist_01d_w1-._.js:2431
[ 4989171ms] [LOG] [Fast Refresh] done in 171ms @ http://localhost:3030/_next/static/chunks/04m2_next_dist_01d_w1-._.js:2431
[ 4989284ms] [LOG] [Fast Refresh] rebuilding @ http://localhost:3030/_next/static/chunks/04m2_next_dist_01d_w1-._.js:2431
[ 4989368ms] [LOG] [Fast Refresh] done in 185ms @ http://localhost:3030/_next/static/chunks/04m2_next_dist_01d_w1-._.js:2431
[ 4989390ms] [INFO] %c%s%c [setup-health] background: #e6e6e6;background: light-dark(rgba(0,0,0,0.1), rgba(255,255,255,0.25));color: #000000;color: light-dark(#000000, #ffffff);border-radius: 2px  Server   panel-layout {tenantId: cmrvvipw70000oyyo6123270j, userId: cmrvvipy90009oyyocqnstw83, score: 40, completedCount: 2, totalCriticalCount: 5} @ http://localhost:3030/_next/static/chunks/04m2_next_dist_01d_w1-._.js:2431
[ 4989472ms] [LOG] [Fast Refresh] rebuilding @ http://localhost:3030/_next/static/chunks/04m2_next_dist_01d_w1-._.js:2431
[ 4989645ms] [LOG] [Fast Refresh] done in 276ms @ http://localhost:3030/_next/static/chunks/04m2_next_dist_01d_w1-._.js:2431
[ 4990459ms] [LOG] [Fast Refresh] rebuilding @ http://localhost:3030/_next/static/chunks/04m2_next_dist_01d_w1-._.js:2431
[ 4990478ms] [LOG] [Fast Refresh] done in 120ms @ http://localhost:3030/_next/static/chunks/04m2_next_dist_01d_w1-._.js:2431
[ 4990645ms] [LOG] [Fast Refresh] rebuilding @ http://localhost:3030/_next/static/chunks/04m2_next_dist_01d_w1-._.js:2431
[ 4990755ms] [LOG] [Fast Refresh] done in 213ms @ http://localhost:3030/_next/static/chunks/04m2_next_dist_01d_w1-._.js:2431
[ 4990942ms] [LOG] [Fast Refresh] rebuilding @ http://localhost:3030/_next/static/chunks/04m2_next_dist_01d_w1-._.js:2431
[ 4990986ms] [LOG] [Fast Refresh] done in 146ms @ http://localhost:3030/_next/static/chunks/04m2_next_dist_01d_w1-._.js:2431
[ 4991091ms] [LOG] [Fast Refresh] rebuilding @ http://localhost:3030/_next/static/chunks/04m2_next_dist_01d_w1-._.js:2431
[ 4991182ms] [INFO] %c%s%c [setup-health] background: #e6e6e6;background: light-dark(rgba(0,0,0,0.1), rgba(255,255,255,0.25));color: #000000;color: light-dark(#000000, #ffffff);border-radius: 2px  Server   panel-layout {tenantId: cmrvvipw70000oyyo6123270j, userId: cmrvvipy90009oyyocqnstw83, score: 40, completedCount: 2, totalCriticalCount: 5} @ http://localhost:3030/_next/static/chunks/04m2_next_dist_01d_w1-._.js:2431
[ 4991235ms] [LOG] [Fast Refresh] done in 249ms @ http://localhost:3030/_next/static/chunks/04m2_next_dist_01d_w1-._.js:2431
[ 4991337ms] [LOG] [Fast Refresh] rebuilding @ http://localhost:3030/_next/static/chunks/04m2_next_dist_01d_w1-._.js:2431
[ 4991492ms] [LOG] [Fast Refresh] done in 257ms @ http://localhost:3030/_next/static/chunks/04m2_next_dist_01d_w1-._.js:2431
[ 4991714ms] [LOG] [Fast Refresh] rebuilding @ http://localhost:3030/_next/static/chunks/04m2_next_dist_01d_w1-._.js:2431
[ 4991745ms] [LOG] [Fast Refresh] done in 132ms @ http://localhost:3030/_next/static/chunks/04m2_next_dist_01d_w1-._.js:2431
[ 4991941ms] [LOG] [Fast Refresh] rebuilding @ http://localhost:3030/_next/static/chunks/04m2_next_dist_01d_w1-._.js:2431
[ 4992171ms] [LOG] [Fast Refresh] done in 332ms @ http://localhost:3030/_next/static/chunks/04m2_next_dist_01d_w1-._.js:2431
[ 4992635ms] [INFO] %c%s%c [setup-health] background: #e6e6e6;background: light-dark(rgba(0,0,0,0.1), rgba(255,255,255,0.25));color: #000000;color: light-dark(#000000, #ffffff);border-radius: 2px  Server   panel-layout {tenantId: cmrvvipw70000oyyo6123270j, userId: cmrvvipy90009oyyocqnstw83, score: 40, completedCount: 2, totalCriticalCount: 5} @ http://localhost:3030/_next/static/chunks/04m2_next_dist_01d_w1-._.js:2431
[ 4992785ms] [LOG] [Fast Refresh] rebuilding @ http://localhost:3030/_next/static/chunks/04m2_next_dist_01d_w1-._.js:2431
[ 4992948ms] [LOG] [Fast Refresh] done in 266ms @ http://localhost:3030/_next/static/chunks/04m2_next_dist_01d_w1-._.js:2431
[ 4993460ms] [LOG] [Fast Refresh] rebuilding @ http://localhost:3030/_next/static/chunks/04m2_next_dist_01d_w1-._.js:2431
[ 4993568ms] [LOG] [Fast Refresh] done in 209ms @ http://localhost:3030/_next/static/chunks/04m2_next_dist_01d_w1-._.js:2431
[ 4993894ms] [INFO] %c%s%c [setup-health] background: #e6e6e6;background: light-dark(rgba(0,0,0,0.1), rgba(255,255,255,0.25));color: #000000;color: light-dark(#000000, #ffffff);border-radius: 2px  Server   panel-layout {tenantId: cmrvvipw70000oyyo6123270j, userId: cmrvvipy90009oyyocqnstw83, score: 40, completedCount: 2, totalCriticalCount: 5} @ http://localhost:3030/_next/static/chunks/04m2_next_dist_01d_w1-._.js:2431
[ 4994051ms] [LOG] [Fast Refresh] rebuilding @ http://localhost:3030/_next/static/chunks/04m2_next_dist_01d_w1-._.js:2431
[ 4994175ms] [LOG] [Fast Refresh] done in 227ms @ http://localhost:3030/_next/static/chunks/04m2_next_dist_01d_w1-._.js:2431
[ 4994543ms] [LOG] [Fast Refresh] rebuilding @ http://localhost:3030/_next/static/chunks/04m2_next_dist_01d_w1-._.js:2431
[ 4994653ms] [LOG] [Fast Refresh] done in 213ms @ http://localhost:3030/_next/static/chunks/04m2_next_dist_01d_w1-._.js:2431
[ 4994864ms] [LOG] [Fast Refresh] rebuilding @ http://localhost:3030/_next/static/chunks/04m2_next_dist_01d_w1-._.js:2431
[ 4995051ms] [LOG] [Fast Refresh] done in 289ms @ http://localhost:3030/_next/static/chunks/04m2_next_dist_01d_w1-._.js:2431
[ 4995092ms] [INFO] %c%s%c [setup-health] background: #e6e6e6;background: light-dark(rgba(0,0,0,0.1), rgba(255,255,255,0.25));color: #000000;color: light-dark(#000000, #ffffff);border-radius: 2px  Server   panel-layout {tenantId: cmrvvipw70000oyyo6123270j, userId: cmrvvipy90009oyyocqnstw83, score: 40, completedCount: 2, totalCriticalCount: 5} @ http://localhost:3030/_next/static/chunks/04m2_next_dist_01d_w1-._.js:2431
[ 4995330ms] [LOG] [Fast Refresh] rebuilding @ http://localhost:3030/_next/static/chunks/04m2_next_dist_01d_w1-._.js:2431
[ 4995427ms] [LOG] [Fast Refresh] done in 199ms @ http://localhost:3030/_next/static/chunks/04m2_next_dist_01d_w1-._.js:2431
[ 4995533ms] [LOG] [Fast Refresh] rebuilding @ http://localhost:3030/_next/static/chunks/04m2_next_dist_01d_w1-._.js:2431
[ 4995575ms] [LOG] [Fast Refresh] done in 143ms @ http://localhost:3030/_next/static/chunks/04m2_next_dist_01d_w1-._.js:2431
[ 4995696ms] [LOG] [Fast Refresh] rebuilding @ http://localhost:3030/_next/static/chunks/04m2_next_dist_01d_w1-._.js:2431
[ 4995949ms] [LOG] [Fast Refresh] done in 360ms @ http://localhost:3030/_next/static/chunks/04m2_next_dist_01d_w1-._.js:2431
[ 4996412ms] [INFO] %c%s%c [setup-health] background: #e6e6e6;background: light-dark(rgba(0,0,0,0.1), rgba(255,255,255,0.25));color: #000000;color: light-dark(#000000, #ffffff);border-radius: 2px  Server   panel-layout {tenantId: cmrvvipw70000oyyo6123270j, userId: cmrvvipy90009oyyocqnstw83, score: 40, completedCount: 2, totalCriticalCount: 5} @ http://localhost:3030/_next/static/chunks/04m2_next_dist_01d_w1-._.js:2431
[ 4996582ms] [LOG] [Fast Refresh] rebuilding @ http://localhost:3030/_next/static/chunks/04m2_next_dist_01d_w1-._.js:2431
[ 4996707ms] [LOG] [Fast Refresh] done in 228ms @ http://localhost:3030/_next/static/chunks/04m2_next_dist_01d_w1-._.js:2431
[ 4996930ms] [LOG] [Fast Refresh] rebuilding @ http://localhost:3030/_next/static/chunks/04m2_next_dist_01d_w1-._.js:2431
[ 4996997ms] [LOG] [Fast Refresh] done in 168ms @ http://localhost:3030/_next/static/chunks/04m2_next_dist_01d_w1-._.js:2431
[ 4997099ms] [LOG] [Fast Refresh] rebuilding @ http://localhost:3030/_next/static/chunks/04m2_next_dist_01d_w1-._.js:2431
[ 4997116ms] [LOG] [Fast Refresh] done in 119ms @ http://localhost:3030/_next/static/chunks/04m2_next_dist_01d_w1-._.js:2431
[ 4997580ms] [LOG] [Fast Refresh] rebuilding @ http://localhost:3030/_next/static/chunks/04m2_next_dist_01d_w1-._.js:2431
[ 4997710ms] [LOG] [Fast Refresh] done in 231ms @ http://localhost:3030/_next/static/chunks/04m2_next_dist_01d_w1-._.js:2431
[ 4997746ms] [INFO] %c%s%c [setup-health] background: #e6e6e6;background: light-dark(rgba(0,0,0,0.1), rgba(255,255,255,0.25));color: #000000;color: light-dark(#000000, #ffffff);border-radius: 2px  Server   panel-layout {tenantId: cmrvvipw70000oyyo6123270j, userId: cmrvvipy90009oyyocqnstw83, score: 40, completedCount: 2, totalCriticalCount: 5} @ http://localhost:3030/_next/static/chunks/04m2_next_dist_01d_w1-._.js:2431
[ 4997835ms] [LOG] [Fast Refresh] rebuilding @ http://localhost:3030/_next/static/chunks/04m2_next_dist_01d_w1-._.js:2431
[ 4998091ms] [LOG] [Fast Refresh] done in 360ms @ http://localhost:3030/_next/static/chunks/04m2_next_dist_01d_w1-._.js:2431
[ 4998194ms] [LOG] [Fast Refresh] rebuilding @ http://localhost:3030/_next/static/chunks/04m2_next_dist_01d_w1-._.js:2431
[ 4998268ms] [LOG] [Fast Refresh] done in 176ms @ http://localhost:3030/_next/static/chunks/04m2_next_dist_01d_w1-._.js:2431
[ 4998408ms] [LOG] [Fast Refresh] rebuilding @ http://localhost:3030/_next/static/chunks/04m2_next_dist_01d_w1-._.js:2431
[ 4998518ms] [LOG] [Fast Refresh] done in 214ms @ http://localhost:3030/_next/static/chunks/04m2_next_dist_01d_w1-._.js:2431
[ 4998731ms] [LOG] [Fast Refresh] rebuilding @ http://localhost:3030/_next/static/chunks/04m2_next_dist_01d_w1-._.js:2431
[ 4998947ms] [LOG] [Fast Refresh] done in 318ms @ http://localhost:3030/_next/static/chunks/04m2_next_dist_01d_w1-._.js:2431
[ 4998980ms] [INFO] %c%s%c [setup-health] background: #e6e6e6;background: light-dark(rgba(0,0,0,0.1), rgba(255,255,255,0.25));color: #000000;color: light-dark(#000000, #ffffff);border-radius: 2px  Server   panel-layout {tenantId: cmrvvipw70000oyyo6123270j, userId: cmrvvipy90009oyyocqnstw83, score: 40, completedCount: 2, totalCriticalCount: 5} @ http://localhost:3030/_next/static/chunks/04m2_next_dist_01d_w1-._.js:2431
[ 4999359ms] [LOG] [Fast Refresh] rebuilding @ http://localhost:3030/_next/static/chunks/04m2_next_dist_01d_w1-._.js:2431
[ 4999390ms] [LOG] [Fast Refresh] done in 136ms @ http://localhost:3030/_next/static/chunks/04m2_next_dist_01d_w1-._.js:2431
[ 4999554ms] [LOG] [Fast Refresh] rebuilding @ http://localhost:3030/_next/static/chunks/04m2_next_dist_01d_w1-._.js:2431
[ 4999596ms] [LOG] [Fast Refresh] done in 152ms @ http://localhost:3030/_next/static/chunks/04m2_next_dist_01d_w1-._.js:2431
[ 4999701ms] [LOG] [Fast Refresh] rebuilding @ http://localhost:3030/_next/static/chunks/04m2_next_dist_01d_w1-._.js:2431
[ 4999723ms] [LOG] [Fast Refresh] done in 127ms @ http://localhost:3030/_next/static/chunks/04m2_next_dist_01d_w1-._.js:2431
[ 4999835ms] [LOG] [Fast Refresh] rebuilding @ http://localhost:3030/_next/static/chunks/04m2_next_dist_01d_w1-._.js:2431
[ 4999906ms] [LOG] [Fast Refresh] done in 172ms @ http://localhost:3030/_next/static/chunks/04m2_next_dist_01d_w1-._.js:2431
[ 5000319ms] [INFO] %c%s%c [setup-health] background: #e6e6e6;background: light-dark(rgba(0,0,0,0.1), rgba(255,255,255,0.25));color: #000000;color: light-dark(#000000, #ffffff);border-radius: 2px  Server   panel-layout {tenantId: cmrvvipw70000oyyo6123270j, userId: cmrvvipy90009oyyocqnstw83, score: 40, completedCount: 2, totalCriticalCount: 5} @ http://localhost:3030/_next/static/chunks/04m2_next_dist_01d_w1-._.js:2431
[ 5000465ms] [LOG] [Fast Refresh] rebuilding @ http://localhost:3030/_next/static/chunks/04m2_next_dist_01d_w1-._.js:2431
[ 5000614ms] [LOG] [Fast Refresh] done in 251ms @ http://localhost:3030/_next/static/chunks/04m2_next_dist_01d_w1-._.js:2431
[ 5000893ms] [LOG] [Fast Refresh] rebuilding @ http://localhost:3030/_next/static/chunks/04m2_next_dist_01d_w1-._.js:2431
[ 5000955ms] [LOG] [Fast Refresh] done in 165ms @ http://localhost:3030/_next/static/chunks/04m2_next_dist_01d_w1-._.js:2431
[ 5001291ms] [LOG] [Fast Refresh] rebuilding @ http://localhost:3030/_next/static/chunks/04m2_next_dist_01d_w1-._.js:2431
[ 5001360ms] [LOG] [Fast Refresh] done in 171ms @ http://localhost:3030/_next/static/chunks/04m2_next_dist_01d_w1-._.js:2431
[ 5001462ms] [LOG] [Fast Refresh] rebuilding @ http://localhost:3030/_next/static/chunks/04m2_next_dist_01d_w1-._.js:2431
[ 5001519ms] [LOG] [Fast Refresh] done in 159ms @ http://localhost:3030/_next/static/chunks/04m2_next_dist_01d_w1-._.js:2431
[ 5001558ms] [INFO] %c%s%c [setup-health] background: #e6e6e6;background: light-dark(rgba(0,0,0,0.1), rgba(255,255,255,0.25));color: #000000;color: light-dark(#000000, #ffffff);border-radius: 2px  Server   panel-layout {tenantId: cmrvvipw70000oyyo6123270j, userId: cmrvvipy90009oyyocqnstw83, score: 40, completedCount: 2, totalCriticalCount: 5} @ http://localhost:3030/_next/static/chunks/04m2_next_dist_01d_w1-._.js:2431
[ 5001622ms] [LOG] [Fast Refresh] rebuilding @ http://localhost:3030/_next/static/chunks/04m2_next_dist_01d_w1-._.js:2431
[ 5001706ms] [LOG] [Fast Refresh] done in 186ms @ http://localhost:3030/_next/static/chunks/04m2_next_dist_01d_w1-._.js:2431
[ 5001810ms] [LOG] [Fast Refresh] rebuilding @ http://localhost:3030/_next/static/chunks/04m2_next_dist_01d_w1-._.js:2431
[ 5001815ms] [LOG] [Fast Refresh] done in 107ms @ http://localhost:3030/_next/static/chunks/04m2_next_dist_01d_w1-._.js:2431
[ 5002066ms] [LOG] [Fast Refresh] rebuilding @ http://localhost:3030/_next/static/chunks/04m2_next_dist_01d_w1-._.js:2431
[ 5002068ms] [LOG] [Fast Refresh] done in 104ms @ http://localhost:3030/_next/static/chunks/04m2_next_dist_01d_w1-._.js:2431
[ 5002238ms] [LOG] [Fast Refresh] rebuilding @ http://localhost:3030/_next/static/chunks/04m2_next_dist_01d_w1-._.js:2431
[ 5002309ms] [LOG] [Fast Refresh] done in 174ms @ http://localhost:3030/_next/static/chunks/04m2_next_dist_01d_w1-._.js:2431
[ 5002546ms] [LOG] [Fast Refresh] rebuilding @ http://localhost:3030/_next/static/chunks/04m2_next_dist_01d_w1-._.js:2431
[ 5002813ms] [LOG] [Fast Refresh] done in 372ms @ http://localhost:3030/_next/static/chunks/04m2_next_dist_01d_w1-._.js:2431
[ 5002831ms] [INFO] %c%s%c [setup-health] background: #e6e6e6;background: light-dark(rgba(0,0,0,0.1), rgba(255,255,255,0.25));color: #000000;color: light-dark(#000000, #ffffff);border-radius: 2px  Server   panel-layout {tenantId: cmrvvipw70000oyyo6123270j, userId: cmrvvipy90009oyyocqnstw83, score: 40, completedCount: 2, totalCriticalCount: 5} @ http://localhost:3030/_next/static/chunks/04m2_next_dist_01d_w1-._.js:2431
[ 5003058ms] [LOG] [Fast Refresh] rebuilding @ http://localhost:3030/_next/static/chunks/04m2_next_dist_01d_w1-._.js:2431
[ 5003191ms] [LOG] [Fast Refresh] done in 245ms @ http://localhost:3030/_next/static/chunks/04m2_next_dist_01d_w1-._.js:2431
[ 5003292ms] [LOG] [Fast Refresh] rebuilding @ http://localhost:3030/_next/static/chunks/04m2_next_dist_01d_w1-._.js:2431
[ 5003359ms] [LOG] [Fast Refresh] done in 167ms @ http://localhost:3030/_next/static/chunks/04m2_next_dist_01d_w1-._.js:2431
[ 5003693ms] [LOG] [Fast Refresh] rebuilding @ http://localhost:3030/_next/static/chunks/04m2_next_dist_01d_w1-._.js:2431
[ 5003752ms] [LOG] [Fast Refresh] done in 162ms @ http://localhost:3030/_next/static/chunks/04m2_next_dist_01d_w1-._.js:2431
[ 5003864ms] [LOG] [Fast Refresh] rebuilding @ http://localhost:3030/_next/static/chunks/04m2_next_dist_01d_w1-._.js:2431
[ 5003964ms] [LOG] [Fast Refresh] done in 202ms @ http://localhost:3030/_next/static/chunks/04m2_next_dist_01d_w1-._.js:2431
[ 5004076ms] [LOG] [Fast Refresh] rebuilding @ http://localhost:3030/_next/static/chunks/04m2_next_dist_01d_w1-._.js:2431
[ 5004160ms] [LOG] [Fast Refresh] done in 188ms @ http://localhost:3030/_next/static/chunks/04m2_next_dist_01d_w1-._.js:2431
[ 5004186ms] [INFO] %c%s%c [setup-health] background: #e6e6e6;background: light-dark(rgba(0,0,0,0.1), rgba(255,255,255,0.25));color: #000000;color: light-dark(#000000, #ffffff);border-radius: 2px  Server   panel-layout {tenantId: cmrvvipw70000oyyo6123270j, userId: cmrvvipy90009oyyocqnstw83, score: 40, completedCount: 2, totalCriticalCount: 5} @ http://localhost:3030/_next/static/chunks/04m2_next_dist_01d_w1-._.js:2431
[ 5004414ms] [LOG] [Fast Refresh] rebuilding @ http://localhost:3030/_next/static/chunks/04m2_next_dist_01d_w1-._.js:2431
[ 5004567ms] [LOG] [Fast Refresh] done in 256ms @ http://localhost:3030/_next/static/chunks/04m2_next_dist_01d_w1-._.js:2431
[ 5004671ms] [LOG] [Fast Refresh] rebuilding @ http://localhost:3030/_next/static/chunks/04m2_next_dist_01d_w1-._.js:2431
[ 5004706ms] [LOG] [Fast Refresh] done in 136ms @ http://localhost:3030/_next/static/chunks/04m2_next_dist_01d_w1-._.js:2431
[ 5004809ms] [LOG] [Fast Refresh] rebuilding @ http://localhost:3030/_next/static/chunks/04m2_next_dist_01d_w1-._.js:2431
[ 5004853ms] [LOG] [Fast Refresh] done in 147ms @ http://localhost:3030/_next/static/chunks/04m2_next_dist_01d_w1-._.js:2431
[ 5004957ms] [LOG] [Fast Refresh] rebuilding @ http://localhost:3030/_next/static/chunks/04m2_next_dist_01d_w1-._.js:2431
[ 5005027ms] [LOG] [Fast Refresh] done in 172ms @ http://localhost:3030/_next/static/chunks/04m2_next_dist_01d_w1-._.js:2431
[ 5005136ms] [LOG] [Fast Refresh] rebuilding @ http://localhost:3030/_next/static/chunks/04m2_next_dist_01d_w1-._.js:2431
[ 5005148ms] [LOG] [Fast Refresh] done in 118ms @ http://localhost:3030/_next/static/chunks/04m2_next_dist_01d_w1-._.js:2431
[ 5005254ms] [LOG] [Fast Refresh] rebuilding @ http://localhost:3030/_next/static/chunks/04m2_next_dist_01d_w1-._.js:2431
[ 5005400ms] [LOG] [Fast Refresh] done in 251ms @ http://localhost:3030/_next/static/chunks/04m2_next_dist_01d_w1-._.js:2431
[ 5005445ms] [INFO] %c%s%c [setup-health] background: #e6e6e6;background: light-dark(rgba(0,0,0,0.1), rgba(255,255,255,0.25));color: #000000;color: light-dark(#000000, #ffffff);border-radius: 2px  Server   panel-layout {tenantId: cmrvvipw70000oyyo6123270j, userId: cmrvvipy90009oyyocqnstw83, score: 40, completedCount: 2, totalCriticalCount: 5} @ http://localhost:3030/_next/static/chunks/04m2_next_dist_01d_w1-._.js:2431
[ 5005839ms] [LOG] [Fast Refresh] rebuilding @ http://localhost:3030/_next/static/chunks/04m2_next_dist_01d_w1-._.js:2431
[ 5005883ms] [LOG] [Fast Refresh] done in 148ms @ http://localhost:3030/_next/static/chunks/04m2_next_dist_01d_w1-._.js:2431
[ 5006064ms] [LOG] [Fast Refresh] rebuilding @ http://localhost:3030/_next/static/chunks/04m2_next_dist_01d_w1-._.js:2431
[ 5006147ms] [LOG] [Fast Refresh] done in 187ms @ http://localhost:3030/_next/static/chunks/04m2_next_dist_01d_w1-._.js:2431
[ 5006454ms] [LOG] [Fast Refresh] rebuilding @ http://localhost:3030/_next/static/chunks/04m2_next_dist_01d_w1-._.js:2431
[ 5006659ms] [LOG] [Fast Refresh] done in 306ms @ http://localhost:3030/_next/static/chunks/04m2_next_dist_01d_w1-._.js:2431
[ 5006747ms] [INFO] %c%s%c [setup-health] background: #e6e6e6;background: light-dark(rgba(0,0,0,0.1), rgba(255,255,255,0.25));color: #000000;color: light-dark(#000000, #ffffff);border-radius: 2px  Server   panel-layout {tenantId: cmrvvipw70000oyyo6123270j, userId: cmrvvipy90009oyyocqnstw83, score: 40, completedCount: 2, totalCriticalCount: 5} @ http://localhost:3030/_next/static/chunks/04m2_next_dist_01d_w1-._.js:2431
[ 5006895ms] [LOG] [Fast Refresh] rebuilding @ http://localhost:3030/_next/static/chunks/04m2_next_dist_01d_w1-._.js:2431
[ 5007005ms] [LOG] [Fast Refresh] done in 212ms @ http://localhost:3030/_next/static/chunks/04m2_next_dist_01d_w1-._.js:2431
[ 5007108ms] [LOG] [Fast Refresh] rebuilding @ http://localhost:3030/_next/static/chunks/04m2_next_dist_01d_w1-._.js:2431
[ 5007280ms] [LOG] [Fast Refresh] done in 275ms @ http://localhost:3030/_next/static/chunks/04m2_next_dist_01d_w1-._.js:2431
[ 5007494ms] [LOG] [Fast Refresh] rebuilding @ http://localhost:3030/_next/static/chunks/04m2_next_dist_01d_w1-._.js:2431
[ 5007562ms] [LOG] [Fast Refresh] done in 173ms @ http://localhost:3030/_next/static/chunks/04m2_next_dist_01d_w1-._.js:2431
[ 5007974ms] [LOG] [Fast Refresh] rebuilding @ http://localhost:3030/_next/static/chunks/04m2_next_dist_01d_w1-._.js:2431
[ 5008018ms] [INFO] %c%s%c [setup-health] background: #e6e6e6;background: light-dark(rgba(0,0,0,0.1), rgba(255,255,255,0.25));color: #000000;color: light-dark(#000000, #ffffff);border-radius: 2px  Server   panel-layout {tenantId: cmrvvipw70000oyyo6123270j, userId: cmrvvipy90009oyyocqnstw83, score: 40, completedCount: 2, totalCriticalCount: 5} @ http://localhost:3030/_next/static/chunks/04m2_next_dist_01d_w1-._.js:2431
[ 5008081ms] [LOG] [Fast Refresh] done in 208ms @ http://localhost:3030/_next/static/chunks/04m2_next_dist_01d_w1-._.js:2431
[ 5008879ms] [LOG] [Fast Refresh] rebuilding @ http://localhost:3030/_next/static/chunks/04m2_next_dist_01d_w1-._.js:2431
[ 5008989ms] [LOG] [Fast Refresh] done in 215ms @ http://localhost:3030/_next/static/chunks/04m2_next_dist_01d_w1-._.js:2431
[ 5009091ms] [LOG] [Fast Refresh] rebuilding @ http://localhost:3030/_next/static/chunks/04m2_next_dist_01d_w1-._.js:2431
[ 5009135ms] [LOG] [Fast Refresh] done in 144ms @ http://localhost:3030/_next/static/chunks/04m2_next_dist_01d_w1-._.js:2431
[ 5009239ms] [LOG] [Fast Refresh] rebuilding @ http://localhost:3030/_next/static/chunks/04m2_next_dist_01d_w1-._.js:2431
[ 5009341ms] [INFO] %c%s%c [setup-health] background: #e6e6e6;background: light-dark(rgba(0,0,0,0.1), rgba(255,255,255,0.25));color: #000000;color: light-dark(#000000, #ffffff);border-radius: 2px  Server   panel-layout {tenantId: cmrvvipw70000oyyo6123270j, userId: cmrvvipy90009oyyocqnstw83, score: 40, completedCount: 2, totalCriticalCount: 5} @ http://localhost:3030/_next/static/chunks/04m2_next_dist_01d_w1-._.js:2431
[ 5009380ms] [LOG] [Fast Refresh] done in 243ms @ http://localhost:3030/_next/static/chunks/04m2_next_dist_01d_w1-._.js:2431
[ 5009506ms] [LOG] [Fast Refresh] rebuilding @ http://localhost:3030/_next/static/chunks/04m2_next_dist_01d_w1-._.js:2431
[ 5009589ms] [LOG] [Fast Refresh] done in 184ms @ http://localhost:3030/_next/static/chunks/04m2_next_dist_01d_w1-._.js:2431
[ 5009693ms] [LOG] [Fast Refresh] rebuilding @ http://localhost:3030/_next/static/chunks/04m2_next_dist_01d_w1-._.js:2431
[ 5009695ms] [LOG] [Fast Refresh] done in 102ms @ http://localhost:3030/_next/static/chunks/04m2_next_dist_01d_w1-._.js:2431
[ 5010395ms] [LOG] [Fast Refresh] rebuilding @ http://localhost:3030/_next/static/chunks/04m2_next_dist_01d_w1-._.js:2431
[ 5010443ms] [LOG] [Fast Refresh] done in 149ms @ http://localhost:3030/_next/static/chunks/04m2_next_dist_01d_w1-._.js:2431
[ 5010547ms] [LOG] [Fast Refresh] rebuilding @ http://localhost:3030/_next/static/chunks/04m2_next_dist_01d_w1-._.js:2431
[ 5010683ms] [LOG] [Fast Refresh] done in 240ms @ http://localhost:3030/_next/static/chunks/04m2_next_dist_01d_w1-._.js:2431
[ 5010688ms] [INFO] %c%s%c [setup-health] background: #e6e6e6;background: light-dark(rgba(0,0,0,0.1), rgba(255,255,255,0.25));color: #000000;color: light-dark(#000000, #ffffff);border-radius: 2px  Server   panel-layout {tenantId: cmrvvipw70000oyyo6123270j, userId: cmrvvipy90009oyyocqnstw83, score: 40, completedCount: 2, totalCriticalCount: 5} @ http://localhost:3030/_next/static/chunks/04m2_next_dist_01d_w1-._.js:2431
[ 5010976ms] [LOG] [Fast Refresh] rebuilding @ http://localhost:3030/_next/static/chunks/04m2_next_dist_01d_w1-._.js:2431
[ 5011149ms] [LOG] [Fast Refresh] done in 275ms @ http://localhost:3030/_next/static/chunks/04m2_next_dist_01d_w1-._.js:2431
[ 5011587ms] [LOG] [Fast Refresh] rebuilding @ http://localhost:3030/_next/static/chunks/04m2_next_dist_01d_w1-._.js:2431
[ 5011764ms] [LOG] [Fast Refresh] done in 281ms @ http://localhost:3030/_next/static/chunks/04m2_next_dist_01d_w1-._.js:2431
[ 5012285ms] [LOG] [Fast Refresh] rebuilding @ http://localhost:3030/_next/static/chunks/04m2_next_dist_01d_w1-._.js:2431
[ 5012444ms] [INFO] %c%s%c [setup-health] background: #e6e6e6;background: light-dark(rgba(0,0,0,0.1), rgba(255,255,255,0.25));color: #000000;color: light-dark(#000000, #ffffff);border-radius: 2px  Server   panel-layout {tenantId: cmrvvipw70000oyyo6123270j, userId: cmrvvipy90009oyyocqnstw83, score: 40, completedCount: 2, totalCriticalCount: 5} @ http://localhost:3030/_next/static/chunks/04m2_next_dist_01d_w1-._.js:2431
[ 5012521ms] [LOG] [Fast Refresh] done in 345ms @ http://localhost:3030/_next/static/chunks/04m2_next_dist_01d_w1-._.js:2431
[ 5012626ms] [LOG] [Fast Refresh] rebuilding @ http://localhost:3030/_next/static/chunks/04m2_next_dist_01d_w1-._.js:2431
[ 5012828ms] [LOG] [Fast Refresh] done in 303ms @ http://localhost:3030/_next/static/chunks/04m2_next_dist_01d_w1-._.js:2431
[ 5013056ms] [LOG] [Fast Refresh] rebuilding @ http://localhost:3030/_next/static/chunks/04m2_next_dist_01d_w1-._.js:2431
[ 5013097ms] [LOG] [Fast Refresh] done in 145ms @ http://localhost:3030/_next/static/chunks/04m2_next_dist_01d_w1-._.js:2431
[ 5013580ms] [LOG] [Fast Refresh] rebuilding @ http://localhost:3030/_next/static/chunks/04m2_next_dist_01d_w1-._.js:2431
[ 5013754ms] [LOG] [Fast Refresh] done in 278ms @ http://localhost:3030/_next/static/chunks/04m2_next_dist_01d_w1-._.js:2431
[ 5013765ms] [INFO] %c%s%c [setup-health] background: #e6e6e6;background: light-dark(rgba(0,0,0,0.1), rgba(255,255,255,0.25));color: #000000;color: light-dark(#000000, #ffffff);border-radius: 2px  Server   panel-layout {tenantId: cmrvvipw70000oyyo6123270j, userId: cmrvvipy90009oyyocqnstw83, score: 40, completedCount: 2, totalCriticalCount: 5} @ http://localhost:3030/_next/static/chunks/04m2_next_dist_01d_w1-._.js:2431
[ 5014096ms] [LOG] [Fast Refresh] rebuilding @ http://localhost:3030/_next/static/chunks/04m2_next_dist_01d_w1-._.js:2431
[ 5014153ms] [LOG] [Fast Refresh] done in 160ms @ http://localhost:3030/_next/static/chunks/04m2_next_dist_01d_w1-._.js:2431
[ 5014444ms] [LOG] [Fast Refresh] rebuilding @ http://localhost:3030/_next/static/chunks/04m2_next_dist_01d_w1-._.js:2431
[ 5014592ms] [LOG] [Fast Refresh] done in 256ms @ http://localhost:3030/_next/static/chunks/04m2_next_dist_01d_w1-._.js:2431
[ 5014989ms] [LOG] [Fast Refresh] rebuilding @ http://localhost:3030/_next/static/chunks/04m2_next_dist_01d_w1-._.js:2431
[ 5015167ms] [INFO] %c%s%c [setup-health] background: #e6e6e6;background: light-dark(rgba(0,0,0,0.1), rgba(255,255,255,0.25));color: #000000;color: light-dark(#000000, #ffffff);border-radius: 2px  Server   panel-layout {tenantId: cmrvvipw70000oyyo6123270j, userId: cmrvvipy90009oyyocqnstw83, score: 40, completedCount: 2, totalCriticalCount: 5} @ http://localhost:3030/_next/static/chunks/04m2_next_dist_01d_w1-._.js:2431
[ 5015302ms] [LOG] [Fast Refresh] done in 413ms @ http://localhost:3030/_next/static/chunks/04m2_next_dist_01d_w1-._.js:2431
[ 5015882ms] [LOG] [Fast Refresh] rebuilding @ http://localhost:3030/_next/static/chunks/04m2_next_dist_01d_w1-._.js:2431
[ 5015969ms] [LOG] [Fast Refresh] done in 188ms @ http://localhost:3030/_next/static/chunks/04m2_next_dist_01d_w1-._.js:2431
[ 5016273ms] [LOG] [Fast Refresh] rebuilding @ http://localhost:3030/_next/static/chunks/04m2_next_dist_01d_w1-._.js:2431
[ 5016463ms] [LOG] [Fast Refresh] done in 300ms @ http://localhost:3030/_next/static/chunks/04m2_next_dist_01d_w1-._.js:2431
[ 5016553ms] [INFO] %c%s%c [setup-health] background: #e6e6e6;background: light-dark(rgba(0,0,0,0.1), rgba(255,255,255,0.25));color: #000000;color: light-dark(#000000, #ffffff);border-radius: 2px  Server   panel-layout {tenantId: cmrvvipw70000oyyo6123270j, userId: cmrvvipy90009oyyocqnstw83, score: 40, completedCount: 2, totalCriticalCount: 5} @ http://localhost:3030/_next/static/chunks/04m2_next_dist_01d_w1-._.js:2431
[ 5016795ms] [LOG] [Fast Refresh] rebuilding @ http://localhost:3030/_next/static/chunks/04m2_next_dist_01d_w1-._.js:2431
[ 5016964ms] [LOG] [Fast Refresh] done in 277ms @ http://localhost:3030/_next/static/chunks/04m2_next_dist_01d_w1-._.js:2431
[ 5017179ms] [LOG] [Fast Refresh] rebuilding @ http://localhost:3030/_next/static/chunks/04m2_next_dist_01d_w1-._.js:2431
[ 5017235ms] [LOG] [Fast Refresh] done in 157ms @ http://localhost:3030/_next/static/chunks/04m2_next_dist_01d_w1-._.js:2431
[ 5017336ms] [LOG] [Fast Refresh] rebuilding @ http://localhost:3030/_next/static/chunks/04m2_next_dist_01d_w1-._.js:2431
[ 5017364ms] [LOG] [Fast Refresh] done in 127ms @ http://localhost:3030/_next/static/chunks/04m2_next_dist_01d_w1-._.js:2431
[ 5017618ms] [LOG] [Fast Refresh] rebuilding @ http://localhost:3030/_next/static/chunks/04m2_next_dist_01d_w1-._.js:2431
[ 5017714ms] [LOG] [Fast Refresh] done in 198ms @ http://localhost:3030/_next/static/chunks/04m2_next_dist_01d_w1-._.js:2431
[ 5017828ms] [LOG] [Fast Refresh] rebuilding @ http://localhost:3030/_next/static/chunks/04m2_next_dist_01d_w1-._.js:2431
[ 5017849ms] [LOG] [Fast Refresh] done in 134ms @ http://localhost:3030/_next/static/chunks/04m2_next_dist_01d_w1-._.js:2431
[ 5017963ms] [LOG] [Fast Refresh] rebuilding @ http://localhost:3030/_next/static/chunks/04m2_next_dist_01d_w1-._.js:2431
[ 5018010ms] [INFO] %c%s%c [setup-health] background: #e6e6e6;background: light-dark(rgba(0,0,0,0.1), rgba(255,255,255,0.25));color: #000000;color: light-dark(#000000, #ffffff);border-radius: 2px  Server   panel-layout {tenantId: cmrvvipw70000oyyo6123270j, userId: cmrvvipy90009oyyocqnstw83, score: 40, completedCount: 2, totalCriticalCount: 5} @ http://localhost:3030/_next/static/chunks/04m2_next_dist_01d_w1-._.js:2431
[ 5018123ms] [LOG] [Fast Refresh] done in 267ms @ http://localhost:3030/_next/static/chunks/04m2_next_dist_01d_w1-._.js:2431
[ 5018512ms] [LOG] [Fast Refresh] rebuilding @ http://localhost:3030/_next/static/chunks/04m2_next_dist_01d_w1-._.js:2431
[ 5018579ms] [LOG] [Fast Refresh] done in 168ms @ http://localhost:3030/_next/static/chunks/04m2_next_dist_01d_w1-._.js:2431
[ 5018967ms] [LOG] [Fast Refresh] rebuilding @ http://localhost:3030/_next/static/chunks/04m2_next_dist_01d_w1-._.js:2431
[ 5019048ms] [LOG] [Fast Refresh] done in 187ms @ http://localhost:3030/_next/static/chunks/04m2_next_dist_01d_w1-._.js:2431
[ 5019404ms] [INFO] %c%s%c [setup-health] background: #e6e6e6;background: light-dark(rgba(0,0,0,0.1), rgba(255,255,255,0.25));color: #000000;color: light-dark(#000000, #ffffff);border-radius: 2px  Server   panel-layout {tenantId: cmrvvipw70000oyyo6123270j, userId: cmrvvipy90009oyyocqnstw83, score: 40, completedCount: 2, totalCriticalCount: 5} @ http://localhost:3030/_next/static/chunks/04m2_next_dist_01d_w1-._.js:2431
[ 5019567ms] [LOG] [Fast Refresh] rebuilding @ http://localhost:3030/_next/static/chunks/04m2_next_dist_01d_w1-._.js:2431
[ 5019631ms] [LOG] [Fast Refresh] done in 171ms @ http://localhost:3030/_next/static/chunks/04m2_next_dist_01d_w1-._.js:2431
[ 5019748ms] [LOG] [Fast Refresh] rebuilding @ http://localhost:3030/_next/static/chunks/04m2_next_dist_01d_w1-._.js:2431
[ 5019823ms] [LOG] [Fast Refresh] done in 175ms @ http://localhost:3030/_next/static/chunks/04m2_next_dist_01d_w1-._.js:2431
[ 5020260ms] [LOG] [Fast Refresh] rebuilding @ http://localhost:3030/_next/static/chunks/04m2_next_dist_01d_w1-._.js:2431
[ 5020338ms] [LOG] [Fast Refresh] done in 178ms @ http://localhost:3030/_next/static/chunks/04m2_next_dist_01d_w1-._.js:2431
[ 5020443ms] [LOG] [Fast Refresh] rebuilding @ http://localhost:3030/_next/static/chunks/04m2_next_dist_01d_w1-._.js:2431
[ 5020539ms] [LOG] [Fast Refresh] done in 201ms @ http://localhost:3030/_next/static/chunks/04m2_next_dist_01d_w1-._.js:2431
[ 5020646ms] [LOG] [Fast Refresh] rebuilding @ http://localhost:3030/_next/static/chunks/04m2_next_dist_01d_w1-._.js:2431
[ 5020851ms] [LOG] [Fast Refresh] done in 309ms @ http://localhost:3030/_next/static/chunks/04m2_next_dist_01d_w1-._.js:2431
[ 5020866ms] [INFO] %c%s%c [setup-health] background: #e6e6e6;background: light-dark(rgba(0,0,0,0.1), rgba(255,255,255,0.25));color: #000000;color: light-dark(#000000, #ffffff);border-radius: 2px  Server   panel-layout {tenantId: cmrvvipw70000oyyo6123270j, userId: cmrvvipy90009oyyocqnstw83, score: 40, completedCount: 2, totalCriticalCount: 5} @ http://localhost:3030/_next/static/chunks/04m2_next_dist_01d_w1-._.js:2431
[ 5021034ms] [LOG] [Fast Refresh] rebuilding @ http://localhost:3030/_next/static/chunks/04m2_next_dist_01d_w1-._.js:2431
[ 5021151ms] [LOG] [Fast Refresh] done in 221ms @ http://localhost:3030/_next/static/chunks/04m2_next_dist_01d_w1-._.js:2431
[ 5021350ms] [LOG] [Fast Refresh] rebuilding @ http://localhost:3030/_next/static/chunks/04m2_next_dist_01d_w1-._.js:2431
[ 5021392ms] [LOG] [Fast Refresh] done in 149ms @ http://localhost:3030/_next/static/chunks/04m2_next_dist_01d_w1-._.js:2431
[ 5021496ms] [LOG] [Fast Refresh] rebuilding @ http://localhost:3030/_next/static/chunks/04m2_next_dist_01d_w1-._.js:2431
[ 5021598ms] [LOG] [Fast Refresh] done in 205ms @ http://localhost:3030/_next/static/chunks/04m2_next_dist_01d_w1-._.js:2431
[ 5021711ms] [LOG] [Fast Refresh] rebuilding @ http://localhost:3030/_next/static/chunks/04m2_next_dist_01d_w1-._.js:2431
[ 5021793ms] [LOG] [Fast Refresh] done in 186ms @ http://localhost:3030/_next/static/chunks/04m2_next_dist_01d_w1-._.js:2431
[ 5022021ms] [INFO] %c%s%c [setup-health] background: #e6e6e6;background: light-dark(rgba(0,0,0,0.1), rgba(255,255,255,0.25));color: #000000;color: light-dark(#000000, #ffffff);border-radius: 2px  Server   panel-layout {tenantId: cmrvvipw70000oyyo6123270j, userId: cmrvvipy90009oyyocqnstw83, score: 40, completedCount: 2, totalCriticalCount: 5} @ http://localhost:3030/_next/static/chunks/04m2_next_dist_01d_w1-._.js:2431
[ 5022286ms] [LOG] [Fast Refresh] rebuilding @ http://localhost:3030/_next/static/chunks/04m2_next_dist_01d_w1-._.js:2431
[ 5022345ms] [LOG] [Fast Refresh] done in 161ms @ http://localhost:3030/_next/static/chunks/04m2_next_dist_01d_w1-._.js:2431
[ 5022766ms] [LOG] [Fast Refresh] rebuilding @ http://localhost:3030/_next/static/chunks/04m2_next_dist_01d_w1-._.js:2431
[ 5022820ms] [LOG] [Fast Refresh] done in 158ms @ http://localhost:3030/_next/static/chunks/04m2_next_dist_01d_w1-._.js:2431
[ 5022923ms] [LOG] [Fast Refresh] rebuilding @ http://localhost:3030/_next/static/chunks/04m2_next_dist_01d_w1-._.js:2431
[ 5022997ms] [LOG] [Fast Refresh] done in 175ms @ http://localhost:3030/_next/static/chunks/04m2_next_dist_01d_w1-._.js:2431
[ 5023100ms] [LOG] [Fast Refresh] rebuilding @ http://localhost:3030/_next/static/chunks/04m2_next_dist_01d_w1-._.js:2431
[ 5023167ms] [LOG] [Fast Refresh] done in 170ms @ http://localhost:3030/_next/static/chunks/04m2_next_dist_01d_w1-._.js:2431
[ 5023271ms] [LOG] [Fast Refresh] rebuilding @ http://localhost:3030/_next/static/chunks/04m2_next_dist_01d_w1-._.js:2431
[ 5023449ms] [LOG] [Fast Refresh] done in 281ms @ http://localhost:3030/_next/static/chunks/04m2_next_dist_01d_w1-._.js:2431
[ 5023452ms] [INFO] %c%s%c [setup-health] background: #e6e6e6;background: light-dark(rgba(0,0,0,0.1), rgba(255,255,255,0.25));color: #000000;color: light-dark(#000000, #ffffff);border-radius: 2px  Server   panel-layout {tenantId: cmrvvipw70000oyyo6123270j, userId: cmrvvipy90009oyyocqnstw83, score: 40, completedCount: 2, totalCriticalCount: 5} @ http://localhost:3030/_next/static/chunks/04m2_next_dist_01d_w1-._.js:2431
[ 5023728ms] [LOG] [Fast Refresh] rebuilding @ http://localhost:3030/_next/static/chunks/04m2_next_dist_01d_w1-._.js:2431
[ 5023836ms] [LOG] [Fast Refresh] done in 213ms @ http://localhost:3030/_next/static/chunks/04m2_next_dist_01d_w1-._.js:2431
[ 5024273ms] [LOG] [Fast Refresh] rebuilding @ http://localhost:3030/_next/static/chunks/04m2_next_dist_01d_w1-._.js:2431
[ 5024426ms] [LOG] [Fast Refresh] done in 262ms @ http://localhost:3030/_next/static/chunks/04m2_next_dist_01d_w1-._.js:2431
[ 5024926ms] [LOG] [Fast Refresh] rebuilding @ http://localhost:3030/_next/static/chunks/04m2_next_dist_01d_w1-._.js:2431
[ 5024986ms] [INFO] %c%s%c [setup-health] background: #e6e6e6;background: light-dark(rgba(0,0,0,0.1), rgba(255,255,255,0.25));color: #000000;color: light-dark(#000000, #ffffff);border-radius: 2px  Server   panel-layout {tenantId: cmrvvipw70000oyyo6123270j, userId: cmrvvipy90009oyyocqnstw83, score: 40, completedCount: 2, totalCriticalCount: 5} @ http://localhost:3030/_next/static/chunks/04m2_next_dist_01d_w1-._.js:2431
[ 5025064ms] [LOG] [Fast Refresh] done in 243ms @ http://localhost:3030/_next/static/chunks/04m2_next_dist_01d_w1-._.js:2431
[ 5025178ms] [LOG] [Fast Refresh] rebuilding @ http://localhost:3030/_next/static/chunks/04m2_next_dist_01d_w1-._.js:2431
[ 5025305ms] [LOG] [Fast Refresh] done in 240ms @ http://localhost:3030/_next/static/chunks/04m2_next_dist_01d_w1-._.js:2431
[ 5025688ms] [LOG] [Fast Refresh] rebuilding @ http://localhost:3030/_next/static/chunks/04m2_next_dist_01d_w1-._.js:2431
[ 5025804ms] [LOG] [Fast Refresh] done in 217ms @ http://localhost:3030/_next/static/chunks/04m2_next_dist_01d_w1-._.js:2431
[ 5026103ms] [LOG] [Fast Refresh] rebuilding @ http://localhost:3030/_next/static/chunks/04m2_next_dist_01d_w1-._.js:2431
[ 5026134ms] [INFO] %c%s%c [setup-health] background: #e6e6e6;background: light-dark(rgba(0,0,0,0.1), rgba(255,255,255,0.25));color: #000000;color: light-dark(#000000, #ffffff);border-radius: 2px  Server   panel-layout {tenantId: cmrvvipw70000oyyo6123270j, userId: cmrvvipy90009oyyocqnstw83, score: 40, completedCount: 2, totalCriticalCount: 5} @ http://localhost:3030/_next/static/chunks/04m2_next_dist_01d_w1-._.js:2431
[ 5026224ms] [LOG] [Fast Refresh] done in 225ms @ http://localhost:3030/_next/static/chunks/04m2_next_dist_01d_w1-._.js:2431
[ 5026326ms] [LOG] [Fast Refresh] rebuilding @ http://localhost:3030/_next/static/chunks/04m2_next_dist_01d_w1-._.js:2431
[ 5026398ms] [LOG] [Fast Refresh] done in 172ms @ http://localhost:3030/_next/static/chunks/04m2_next_dist_01d_w1-._.js:2431
[ 5026501ms] [LOG] [Fast Refresh] rebuilding @ http://localhost:3030/_next/static/chunks/04m2_next_dist_01d_w1-._.js:2431
[ 5026620ms] [LOG] [Fast Refresh] done in 221ms @ http://localhost:3030/_next/static/chunks/04m2_next_dist_01d_w1-._.js:2431
[ 5026806ms] [LOG] [Fast Refresh] rebuilding @ http://localhost:3030/_next/static/chunks/04m2_next_dist_01d_w1-._.js:2431
[ 5026869ms] [LOG] [Fast Refresh] done in 163ms @ http://localhost:3030/_next/static/chunks/04m2_next_dist_01d_w1-._.js:2431
[ 5026979ms] [LOG] [Fast Refresh] rebuilding @ http://localhost:3030/_next/static/chunks/04m2_next_dist_01d_w1-._.js:2431
[ 5026982ms] [LOG] [Fast Refresh] done in 104ms @ http://localhost:3030/_next/static/chunks/04m2_next_dist_01d_w1-._.js:2431
[ 5027262ms] [LOG] [Fast Refresh] rebuilding @ http://localhost:3030/_next/static/chunks/04m2_next_dist_01d_w1-._.js:2431
[ 5027357ms] [INFO] %c%s%c [setup-health] background: #e6e6e6;background: light-dark(rgba(0,0,0,0.1), rgba(255,255,255,0.25));color: #000000;color: light-dark(#000000, #ffffff);border-radius: 2px  Server   panel-layout {tenantId: cmrvvipw70000oyyo6123270j, userId: cmrvvipy90009oyyocqnstw83, score: 40, completedCount: 2, totalCriticalCount: 5} @ http://localhost:3030/_next/static/chunks/04m2_next_dist_01d_w1-._.js:2431
[ 5027423ms] [LOG] [Fast Refresh] done in 267ms @ http://localhost:3030/_next/static/chunks/04m2_next_dist_01d_w1-._.js:2431
[ 5027529ms] [LOG] [Fast Refresh] rebuilding @ http://localhost:3030/_next/static/chunks/04m2_next_dist_01d_w1-._.js:2431
[ 5027571ms] [LOG] [Fast Refresh] done in 144ms @ http://localhost:3030/_next/static/chunks/04m2_next_dist_01d_w1-._.js:2431
[ 5027700ms] [LOG] [Fast Refresh] rebuilding @ http://localhost:3030/_next/static/chunks/04m2_next_dist_01d_w1-._.js:2431
[ 5027745ms] [LOG] [Fast Refresh] done in 146ms @ http://localhost:3030/_next/static/chunks/04m2_next_dist_01d_w1-._.js:2431
[ 5027926ms] [LOG] [Fast Refresh] rebuilding @ http://localhost:3030/_next/static/chunks/04m2_next_dist_01d_w1-._.js:2431
[ 5028009ms] [LOG] [Fast Refresh] done in 187ms @ http://localhost:3030/_next/static/chunks/04m2_next_dist_01d_w1-._.js:2431
[ 5028291ms] [LOG] [Fast Refresh] rebuilding @ http://localhost:3030/_next/static/chunks/04m2_next_dist_01d_w1-._.js:2431
[ 5028476ms] [LOG] [Fast Refresh] done in 289ms @ http://localhost:3030/_next/static/chunks/04m2_next_dist_01d_w1-._.js:2431
[ 5028507ms] [INFO] %c%s%c [setup-health] background: #e6e6e6;background: light-dark(rgba(0,0,0,0.1), rgba(255,255,255,0.25));color: #000000;color: light-dark(#000000, #ffffff);border-radius: 2px  Server   panel-layout {tenantId: cmrvvipw70000oyyo6123270j, userId: cmrvvipy90009oyyocqnstw83, score: 40, completedCount: 2, totalCriticalCount: 5} @ http://localhost:3030/_next/static/chunks/04m2_next_dist_01d_w1-._.js:2431
[ 5028730ms] [LOG] [Fast Refresh] rebuilding @ http://localhost:3030/_next/static/chunks/04m2_next_dist_01d_w1-._.js:2431
[ 5028892ms] [LOG] [Fast Refresh] done in 267ms @ http://localhost:3030/_next/static/chunks/04m2_next_dist_01d_w1-._.js:2431
[ 5029001ms] [LOG] [Fast Refresh] rebuilding @ http://localhost:3030/_next/static/chunks/04m2_next_dist_01d_w1-._.js:2431
[ 5029002ms] [LOG] [Fast Refresh] done in 108ms @ http://localhost:3030/_next/static/chunks/04m2_next_dist_01d_w1-._.js:2431
[ 5029114ms] [LOG] [Fast Refresh] rebuilding @ http://localhost:3030/_next/static/chunks/04m2_next_dist_01d_w1-._.js:2431
[ 5029161ms] [LOG] [Fast Refresh] done in 154ms @ http://localhost:3030/_next/static/chunks/04m2_next_dist_01d_w1-._.js:2431
[ 5029273ms] [LOG] [Fast Refresh] rebuilding @ http://localhost:3030/_next/static/chunks/04m2_next_dist_01d_w1-._.js:2431
[ 5029343ms] [LOG] [Fast Refresh] done in 173ms @ http://localhost:3030/_next/static/chunks/04m2_next_dist_01d_w1-._.js:2431
[ 5029446ms] [LOG] [Fast Refresh] rebuilding @ http://localhost:3030/_next/static/chunks/04m2_next_dist_01d_w1-._.js:2431
[ 5029561ms] [LOG] [Fast Refresh] done in 216ms @ http://localhost:3030/_next/static/chunks/04m2_next_dist_01d_w1-._.js:2431
[ 5029662ms] [LOG] [Fast Refresh] rebuilding @ http://localhost:3030/_next/static/chunks/04m2_next_dist_01d_w1-._.js:2431
[ 5029772ms] [LOG] [Fast Refresh] done in 211ms @ http://localhost:3030/_next/static/chunks/04m2_next_dist_01d_w1-._.js:2431
[ 5029828ms] [INFO] %c%s%c [setup-health] background: #e6e6e6;background: light-dark(rgba(0,0,0,0.1), rgba(255,255,255,0.25));color: #000000;color: light-dark(#000000, #ffffff);border-radius: 2px  Server   panel-layout {tenantId: cmrvvipw70000oyyo6123270j, userId: cmrvvipy90009oyyocqnstw83, score: 40, completedCount: 2, totalCriticalCount: 5} @ http://localhost:3030/_next/static/chunks/04m2_next_dist_01d_w1-._.js:2431
[ 5030224ms] [LOG] [Fast Refresh] rebuilding @ http://localhost:3030/_next/static/chunks/04m2_next_dist_01d_w1-._.js:2431
[ 5030296ms] [LOG] [Fast Refresh] done in 179ms @ http://localhost:3030/_next/static/chunks/04m2_next_dist_01d_w1-._.js:2431
[ 5030473ms] [LOG] [Fast Refresh] rebuilding @ http://localhost:3030/_next/static/chunks/04m2_next_dist_01d_w1-._.js:2431
[ 5030598ms] [LOG] [Fast Refresh] done in 227ms @ http://localhost:3030/_next/static/chunks/04m2_next_dist_01d_w1-._.js:2431
[ 5030812ms] [LOG] [Fast Refresh] rebuilding @ http://localhost:3030/_next/static/chunks/04m2_next_dist_01d_w1-._.js:2431
[ 5031048ms] [LOG] [Fast Refresh] done in 343ms @ http://localhost:3030/_next/static/chunks/04m2_next_dist_01d_w1-._.js:2431
[ 5031069ms] [INFO] %c%s%c [setup-health] background: #e6e6e6;background: light-dark(rgba(0,0,0,0.1), rgba(255,255,255,0.25));color: #000000;color: light-dark(#000000, #ffffff);border-radius: 2px  Server   panel-layout {tenantId: cmrvvipw70000oyyo6123270j, userId: cmrvvipy90009oyyocqnstw83, score: 40, completedCount: 2, totalCriticalCount: 5} @ http://localhost:3030/_next/static/chunks/04m2_next_dist_01d_w1-._.js:2431
[ 5031320ms] [LOG] [Fast Refresh] rebuilding @ http://localhost:3030/_next/static/chunks/04m2_next_dist_01d_w1-._.js:2431
[ 5031455ms] [LOG] [Fast Refresh] done in 239ms @ http://localhost:3030/_next/static/chunks/04m2_next_dist_01d_w1-._.js:2431
[ 5031690ms] [LOG] [Fast Refresh] rebuilding @ http://localhost:3030/_next/static/chunks/04m2_next_dist_01d_w1-._.js:2431
[ 5031708ms] [LOG] [Fast Refresh] done in 120ms @ http://localhost:3030/_next/static/chunks/04m2_next_dist_01d_w1-._.js:2431
[ 5031828ms] [LOG] [Fast Refresh] rebuilding @ http://localhost:3030/_next/static/chunks/04m2_next_dist_01d_w1-._.js:2431
[ 5031936ms] [LOG] [Fast Refresh] done in 213ms @ http://localhost:3030/_next/static/chunks/04m2_next_dist_01d_w1-._.js:2431
[ 5032175ms] [INFO] %c%s%c [setup-health] background: #e6e6e6;background: light-dark(rgba(0,0,0,0.1), rgba(255,255,255,0.25));color: #000000;color: light-dark(#000000, #ffffff);border-radius: 2px  Server   panel-layout {tenantId: cmrvvipw70000oyyo6123270j, userId: cmrvvipy90009oyyocqnstw83, score: 40, completedCount: 2, totalCriticalCount: 5} @ http://localhost:3030/_next/static/chunks/04m2_next_dist_01d_w1-._.js:2431
[ 5032399ms] [LOG] [Fast Refresh] rebuilding @ http://localhost:3030/_next/static/chunks/04m2_next_dist_01d_w1-._.js:2431
[ 5032496ms] [LOG] [Fast Refresh] done in 203ms @ http://localhost:3030/_next/static/chunks/04m2_next_dist_01d_w1-._.js:2431
[ 5032661ms] [LOG] [Fast Refresh] rebuilding @ http://localhost:3030/_next/static/chunks/04m2_next_dist_01d_w1-._.js:2431
[ 5032685ms] [LOG] [Fast Refresh] done in 125ms @ http://localhost:3030/_next/static/chunks/04m2_next_dist_01d_w1-._.js:2431
[ 5032794ms] [LOG] [Fast Refresh] rebuilding @ http://localhost:3030/_next/static/chunks/04m2_next_dist_01d_w1-._.js:2431
[ 5032893ms] [LOG] [Fast Refresh] done in 207ms @ http://localhost:3030/_next/static/chunks/04m2_next_dist_01d_w1-._.js:2431
[ 5033006ms] [LOG] [Fast Refresh] rebuilding @ http://localhost:3030/_next/static/chunks/04m2_next_dist_01d_w1-._.js:2431
[ 5033091ms] [LOG] [Fast Refresh] done in 188ms @ http://localhost:3030/_next/static/chunks/04m2_next_dist_01d_w1-._.js:2431
[ 5033321ms] [INFO] %c%s%c [setup-health] background: #e6e6e6;background: light-dark(rgba(0,0,0,0.1), rgba(255,255,255,0.25));color: #000000;color: light-dark(#000000, #ffffff);border-radius: 2px  Server   panel-layout {tenantId: cmrvvipw70000oyyo6123270j, userId: cmrvvipy90009oyyocqnstw83, score: 40, completedCount: 2, totalCriticalCount: 5} @ http://localhost:3030/_next/static/chunks/04m2_next_dist_01d_w1-._.js:2431
[ 5033464ms] [LOG] [Fast Refresh] rebuilding @ http://localhost:3030/_next/static/chunks/04m2_next_dist_01d_w1-._.js:2431
[ 5033561ms] [LOG] [Fast Refresh] done in 199ms @ http://localhost:3030/_next/static/chunks/04m2_next_dist_01d_w1-._.js:2431
[ 5033665ms] [LOG] [Fast Refresh] rebuilding @ http://localhost:3030/_next/static/chunks/04m2_next_dist_01d_w1-._.js:2431
[ 5033668ms] [LOG] [Fast Refresh] done in 106ms @ http://localhost:3030/_next/static/chunks/04m2_next_dist_01d_w1-._.js:2431
[ 5033770ms] [LOG] [Fast Refresh] rebuilding @ http://localhost:3030/_next/static/chunks/04m2_next_dist_01d_w1-._.js:2431
[ 5033849ms] [LOG] [Fast Refresh] done in 181ms @ http://localhost:3030/_next/static/chunks/04m2_next_dist_01d_w1-._.js:2431
[ 5034007ms] [LOG] [Fast Refresh] rebuilding @ http://localhost:3030/_next/static/chunks/04m2_next_dist_01d_w1-._.js:2431
[ 5034076ms] [LOG] [Fast Refresh] done in 170ms @ http://localhost:3030/_next/static/chunks/04m2_next_dist_01d_w1-._.js:2431
[ 5034180ms] [LOG] [Fast Refresh] rebuilding @ http://localhost:3030/_next/static/chunks/04m2_next_dist_01d_w1-._.js:2431
[ 5034182ms] [LOG] [Fast Refresh] done in 104ms @ http://localhost:3030/_next/static/chunks/04m2_next_dist_01d_w1-._.js:2431
[ 5034589ms] [INFO] %c%s%c [setup-health] background: #e6e6e6;background: light-dark(rgba(0,0,0,0.1), rgba(255,255,255,0.25));color: #000000;color: light-dark(#000000, #ffffff);border-radius: 2px  Server   panel-layout {tenantId: cmrvvipw70000oyyo6123270j, userId: cmrvvipy90009oyyocqnstw83, score: 40, completedCount: 2, totalCriticalCount: 5} @ http://localhost:3030/_next/static/chunks/04m2_next_dist_01d_w1-._.js:2431
[ 5034745ms] [LOG] [Fast Refresh] rebuilding @ http://localhost:3030/_next/static/chunks/04m2_next_dist_01d_w1-._.js:2431
[ 5034774ms] [LOG] [Fast Refresh] done in 135ms @ http://localhost:3030/_next/static/chunks/04m2_next_dist_01d_w1-._.js:2431
[ 5035143ms] [LOG] [Fast Refresh] rebuilding @ http://localhost:3030/_next/static/chunks/04m2_next_dist_01d_w1-._.js:2431
[ 5035201ms] [LOG] [Fast Refresh] done in 163ms @ http://localhost:3030/_next/static/chunks/04m2_next_dist_01d_w1-._.js:2431
[ 5035394ms] [LOG] [Fast Refresh] rebuilding @ http://localhost:3030/_next/static/chunks/04m2_next_dist_01d_w1-._.js:2431
[ 5035546ms] [LOG] [Fast Refresh] done in 253ms @ http://localhost:3030/_next/static/chunks/04m2_next_dist_01d_w1-._.js:2431
[ 5035561ms] [INFO] %c%s%c [setup-health] background: #e6e6e6;background: light-dark(rgba(0,0,0,0.1), rgba(255,255,255,0.25));color: #000000;color: light-dark(#000000, #ffffff);border-radius: 2px  Server   panel-layout {tenantId: cmrvvipw70000oyyo6123270j, userId: cmrvvipy90009oyyocqnstw83, score: 40, completedCount: 2, totalCriticalCount: 5} @ http://localhost:3030/_next/static/chunks/04m2_next_dist_01d_w1-._.js:2431
[ 5035786ms] [LOG] [Fast Refresh] rebuilding @ http://localhost:3030/_next/static/chunks/04m2_next_dist_01d_w1-._.js:2431
[ 5036037ms] [LOG] [Fast Refresh] done in 354ms @ http://localhost:3030/_next/static/chunks/04m2_next_dist_01d_w1-._.js:2431
[ 5036331ms] [LOG] [Fast Refresh] rebuilding @ http://localhost:3030/_next/static/chunks/04m2_next_dist_01d_w1-._.js:2431
[ 5036361ms] [LOG] [Fast Refresh] done in 133ms @ http://localhost:3030/_next/static/chunks/04m2_next_dist_01d_w1-._.js:2431
[ 5036748ms] [LOG] [Fast Refresh] rebuilding @ http://localhost:3030/_next/static/chunks/04m2_next_dist_01d_w1-._.js:2431
[ 5036761ms] [INFO] %c%s%c [setup-health] background: #e6e6e6;background: light-dark(rgba(0,0,0,0.1), rgba(255,255,255,0.25));color: #000000;color: light-dark(#000000, #ffffff);border-radius: 2px  Server   panel-layout {tenantId: cmrvvipw70000oyyo6123270j, userId: cmrvvipy90009oyyocqnstw83, score: 40, completedCount: 2, totalCriticalCount: 5} @ http://localhost:3030/_next/static/chunks/04m2_next_dist_01d_w1-._.js:2431
[ 5036855ms] [LOG] [Fast Refresh] done in 215ms @ http://localhost:3030/_next/static/chunks/04m2_next_dist_01d_w1-._.js:2431
[ 5037149ms] [LOG] [Fast Refresh] rebuilding @ http://localhost:3030/_next/static/chunks/04m2_next_dist_01d_w1-._.js:2431
[ 5037254ms] [LOG] [Fast Refresh] done in 214ms @ http://localhost:3030/_next/static/chunks/04m2_next_dist_01d_w1-._.js:2431
[ 5037452ms] [LOG] [Fast Refresh] rebuilding @ http://localhost:3030/_next/static/chunks/04m2_next_dist_01d_w1-._.js:2431
[ 5037549ms] [LOG] [Fast Refresh] done in 205ms @ http://localhost:3030/_next/static/chunks/04m2_next_dist_01d_w1-._.js:2431
[ 5037761ms] [LOG] [Fast Refresh] rebuilding @ http://localhost:3030/_next/static/chunks/04m2_next_dist_01d_w1-._.js:2431
[ 5037947ms] [LOG] [Fast Refresh] done in 292ms @ http://localhost:3030/_next/static/chunks/04m2_next_dist_01d_w1-._.js:2431
[ 5037962ms] [INFO] %c%s%c [setup-health] background: #e6e6e6;background: light-dark(rgba(0,0,0,0.1), rgba(255,255,255,0.25));color: #000000;color: light-dark(#000000, #ffffff);border-radius: 2px  Server   panel-layout {tenantId: cmrvvipw70000oyyo6123270j, userId: cmrvvipy90009oyyocqnstw83, score: 40, completedCount: 2, totalCriticalCount: 5} @ http://localhost:3030/_next/static/chunks/04m2_next_dist_01d_w1-._.js:2431
[ 5038173ms] [LOG] [Fast Refresh] rebuilding @ http://localhost:3030/_next/static/chunks/04m2_next_dist_01d_w1-._.js:2431
[ 5038280ms] [LOG] [Fast Refresh] done in 214ms @ http://localhost:3030/_next/static/chunks/04m2_next_dist_01d_w1-._.js:2431
[ 5038382ms] [LOG] [Fast Refresh] rebuilding @ http://localhost:3030/_next/static/chunks/04m2_next_dist_01d_w1-._.js:2431
[ 5038398ms] [LOG] [Fast Refresh] done in 116ms @ http://localhost:3030/_next/static/chunks/04m2_next_dist_01d_w1-._.js:2431
[ 5038559ms] [LOG] [Fast Refresh] rebuilding @ http://localhost:3030/_next/static/chunks/04m2_next_dist_01d_w1-._.js:2431
[ 5038559ms] [LOG] [Fast Refresh] done in 102ms @ http://localhost:3030/_next/static/chunks/04m2_next_dist_01d_w1-._.js:2431
[ 5038797ms] [LOG] [Fast Refresh] rebuilding @ http://localhost:3030/_next/static/chunks/04m2_next_dist_01d_w1-._.js:2431
[ 5038857ms] [LOG] [Fast Refresh] done in 164ms @ http://localhost:3030/_next/static/chunks/04m2_next_dist_01d_w1-._.js:2431
[ 5038961ms] [LOG] [Fast Refresh] rebuilding @ http://localhost:3030/_next/static/chunks/04m2_next_dist_01d_w1-._.js:2431
[ 5039049ms] [LOG] [Fast Refresh] done in 192ms @ http://localhost:3030/_next/static/chunks/04m2_next_dist_01d_w1-._.js:2431
[ 5039070ms] [INFO] %c%s%c [setup-health] background: #e6e6e6;background: light-dark(rgba(0,0,0,0.1), rgba(255,255,255,0.25));color: #000000;color: light-dark(#000000, #ffffff);border-radius: 2px  Server   panel-layout {tenantId: cmrvvipw70000oyyo6123270j, userId: cmrvvipy90009oyyocqnstw83, score: 40, completedCount: 2, totalCriticalCount: 5} @ http://localhost:3030/_next/static/chunks/04m2_next_dist_01d_w1-._.js:2431
[ 5039294ms] [LOG] [Fast Refresh] rebuilding @ http://localhost:3030/_next/static/chunks/04m2_next_dist_01d_w1-._.js:2431
[ 5039404ms] [LOG] [Fast Refresh] done in 215ms @ http://localhost:3030/_next/static/chunks/04m2_next_dist_01d_w1-._.js:2431
[ 5039612ms] [LOG] [Fast Refresh] rebuilding @ http://localhost:3030/_next/static/chunks/04m2_next_dist_01d_w1-._.js:2431
[ 5039625ms] [LOG] [Fast Refresh] done in 115ms @ http://localhost:3030/_next/static/chunks/04m2_next_dist_01d_w1-._.js:2431
[ 5039729ms] [LOG] [Fast Refresh] rebuilding @ http://localhost:3030/_next/static/chunks/04m2_next_dist_01d_w1-._.js:2431
[ 5039762ms] [LOG] [Fast Refresh] done in 136ms @ http://localhost:3030/_next/static/chunks/04m2_next_dist_01d_w1-._.js:2431
[ 5039903ms] [LOG] [Fast Refresh] rebuilding @ http://localhost:3030/_next/static/chunks/04m2_next_dist_01d_w1-._.js:2431
[ 5039949ms] [LOG] [Fast Refresh] done in 151ms @ http://localhost:3030/_next/static/chunks/04m2_next_dist_01d_w1-._.js:2431
[ 5040050ms] [LOG] [Fast Refresh] rebuilding @ http://localhost:3030/_next/static/chunks/04m2_next_dist_01d_w1-._.js:2431
[ 5040132ms] [LOG] [Fast Refresh] done in 182ms @ http://localhost:3030/_next/static/chunks/04m2_next_dist_01d_w1-._.js:2431
[ 5040148ms] [INFO] %c%s%c [setup-health] background: #e6e6e6;background: light-dark(rgba(0,0,0,0.1), rgba(255,255,255,0.25));color: #000000;color: light-dark(#000000, #ffffff);border-radius: 2px  Server   panel-layout {tenantId: cmrvvipw70000oyyo6123270j, userId: cmrvvipy90009oyyocqnstw83, score: 40, completedCount: 2, totalCriticalCount: 5} @ http://localhost:3030/_next/static/chunks/04m2_next_dist_01d_w1-._.js:2431
[ 5040236ms] [LOG] [Fast Refresh] rebuilding @ http://localhost:3030/_next/static/chunks/04m2_next_dist_01d_w1-._.js:2431
[ 5040282ms] [LOG] [Fast Refresh] done in 149ms @ http://localhost:3030/_next/static/chunks/04m2_next_dist_01d_w1-._.js:2431
[ 5040398ms] [LOG] [Fast Refresh] rebuilding @ http://localhost:3030/_next/static/chunks/04m2_next_dist_01d_w1-._.js:2431
[ 5040494ms] [LOG] [Fast Refresh] done in 198ms @ http://localhost:3030/_next/static/chunks/04m2_next_dist_01d_w1-._.js:2431
[ 5040597ms] [LOG] [Fast Refresh] rebuilding @ http://localhost:3030/_next/static/chunks/04m2_next_dist_01d_w1-._.js:2431
[ 5040685ms] [LOG] [Fast Refresh] done in 190ms @ http://localhost:3030/_next/static/chunks/04m2_next_dist_01d_w1-._.js:2431
[ 5040858ms] [LOG] [Fast Refresh] rebuilding @ http://localhost:3030/_next/static/chunks/04m2_next_dist_01d_w1-._.js:2431
[ 5040962ms] [LOG] [Fast Refresh] done in 206ms @ http://localhost:3030/_next/static/chunks/04m2_next_dist_01d_w1-._.js:2431
[ 5041185ms] [LOG] [Fast Refresh] rebuilding @ http://localhost:3030/_next/static/chunks/04m2_next_dist_01d_w1-._.js:2431
[ 5041391ms] [LOG] [Fast Refresh] done in 311ms @ http://localhost:3030/_next/static/chunks/04m2_next_dist_01d_w1-._.js:2431
[ 5041416ms] [INFO] %c%s%c [setup-health] background: #e6e6e6;background: light-dark(rgba(0,0,0,0.1), rgba(255,255,255,0.25));color: #000000;color: light-dark(#000000, #ffffff);border-radius: 2px  Server   panel-layout {tenantId: cmrvvipw70000oyyo6123270j, userId: cmrvvipy90009oyyocqnstw83, score: 40, completedCount: 2, totalCriticalCount: 5} @ http://localhost:3030/_next/static/chunks/04m2_next_dist_01d_w1-._.js:2431
[ 5042072ms] [LOG] [Fast Refresh] rebuilding @ http://localhost:3030/_next/static/chunks/04m2_next_dist_01d_w1-._.js:2431
[ 5042134ms] [LOG] [Fast Refresh] done in 162ms @ http://localhost:3030/_next/static/chunks/04m2_next_dist_01d_w1-._.js:2431
[ 5042237ms] [LOG] [Fast Refresh] rebuilding @ http://localhost:3030/_next/static/chunks/04m2_next_dist_01d_w1-._.js:2431
[ 5042266ms] [LOG] [Fast Refresh] done in 131ms @ http://localhost:3030/_next/static/chunks/04m2_next_dist_01d_w1-._.js:2431
[ 5042371ms] [LOG] [Fast Refresh] rebuilding @ http://localhost:3030/_next/static/chunks/04m2_next_dist_01d_w1-._.js:2431
[ 5042533ms] [LOG] [Fast Refresh] done in 266ms @ http://localhost:3030/_next/static/chunks/04m2_next_dist_01d_w1-._.js:2431
[ 5042558ms] [INFO] %c%s%c [setup-health] background: #e6e6e6;background: light-dark(rgba(0,0,0,0.1), rgba(255,255,255,0.25));color: #000000;color: light-dark(#000000, #ffffff);border-radius: 2px  Server   panel-layout {tenantId: cmrvvipw70000oyyo6123270j, userId: cmrvvipy90009oyyocqnstw83, score: 40, completedCount: 2, totalCriticalCount: 5} @ http://localhost:3030/_next/static/chunks/04m2_next_dist_01d_w1-._.js:2431
[ 5043227ms] [LOG] [Fast Refresh] rebuilding @ http://localhost:3030/_next/static/chunks/04m2_next_dist_01d_w1-._.js:2431
[ 5043272ms] [LOG] [Fast Refresh] done in 148ms @ http://localhost:3030/_next/static/chunks/04m2_next_dist_01d_w1-._.js:2431
[ 5043384ms] [LOG] [Fast Refresh] rebuilding @ http://localhost:3030/_next/static/chunks/04m2_next_dist_01d_w1-._.js:2431
[ 5043469ms] [LOG] [Fast Refresh] done in 186ms @ http://localhost:3030/_next/static/chunks/04m2_next_dist_01d_w1-._.js:2431
[ 5043683ms] [INFO] %c%s%c [setup-health] background: #e6e6e6;background: light-dark(rgba(0,0,0,0.1), rgba(255,255,255,0.25));color: #000000;color: light-dark(#000000, #ffffff);border-radius: 2px  Server   panel-layout {tenantId: cmrvvipw70000oyyo6123270j, userId: cmrvvipy90009oyyocqnstw83, score: 40, completedCount: 2, totalCriticalCount: 5} @ http://localhost:3030/_next/static/chunks/04m2_next_dist_01d_w1-._.js:2431
[ 5043815ms] [LOG] [Fast Refresh] rebuilding @ http://localhost:3030/_next/static/chunks/04m2_next_dist_01d_w1-._.js:2431
[ 5043922ms] [LOG] [Fast Refresh] done in 212ms @ http://localhost:3030/_next/static/chunks/04m2_next_dist_01d_w1-._.js:2431
[ 5044025ms] [LOG] [Fast Refresh] rebuilding @ http://localhost:3030/_next/static/chunks/04m2_next_dist_01d_w1-._.js:2431
[ 5044027ms] [LOG] [Fast Refresh] done in 104ms @ http://localhost:3030/_next/static/chunks/04m2_next_dist_01d_w1-._.js:2431
[ 5044131ms] [LOG] [Fast Refresh] rebuilding @ http://localhost:3030/_next/static/chunks/04m2_next_dist_01d_w1-._.js:2431
[ 5044175ms] [LOG] [Fast Refresh] done in 148ms @ http://localhost:3030/_next/static/chunks/04m2_next_dist_01d_w1-._.js:2431
[ 5044345ms] [LOG] [Fast Refresh] rebuilding @ http://localhost:3030/_next/static/chunks/04m2_next_dist_01d_w1-._.js:2431
[ 5044402ms] [LOG] [Fast Refresh] done in 161ms @ http://localhost:3030/_next/static/chunks/04m2_next_dist_01d_w1-._.js:2431
[ 5044504ms] [LOG] [Fast Refresh] rebuilding @ http://localhost:3030/_next/static/chunks/04m2_next_dist_01d_w1-._.js:2431
[ 5044524ms] [LOG] [Fast Refresh] done in 122ms @ http://localhost:3030/_next/static/chunks/04m2_next_dist_01d_w1-._.js:2431
[ 5044817ms] [INFO] %c%s%c [setup-health] background: #e6e6e6;background: light-dark(rgba(0,0,0,0.1), rgba(255,255,255,0.25));color: #000000;color: light-dark(#000000, #ffffff);border-radius: 2px  Server   panel-layout {tenantId: cmrvvipw70000oyyo6123270j, userId: cmrvvipy90009oyyocqnstw83, score: 40, completedCount: 2, totalCriticalCount: 5} @ http://localhost:3030/_next/static/chunks/04m2_next_dist_01d_w1-._.js:2431
[ 5044975ms] [LOG] [Fast Refresh] rebuilding @ http://localhost:3030/_next/static/chunks/04m2_next_dist_01d_w1-._.js:2431
[ 5045018ms] [LOG] [Fast Refresh] done in 147ms @ http://localhost:3030/_next/static/chunks/04m2_next_dist_01d_w1-._.js:2431
[ 5045147ms] [LOG] [Fast Refresh] rebuilding @ http://localhost:3030/_next/static/chunks/04m2_next_dist_01d_w1-._.js:2431
[ 5045230ms] [LOG] [Fast Refresh] done in 184ms @ http://localhost:3030/_next/static/chunks/04m2_next_dist_01d_w1-._.js:2431
[ 5045427ms] [LOG] [Fast Refresh] rebuilding @ http://localhost:3030/_next/static/chunks/04m2_next_dist_01d_w1-._.js:2431
[ 5045481ms] [LOG] [Fast Refresh] done in 158ms @ http://localhost:3030/_next/static/chunks/04m2_next_dist_01d_w1-._.js:2431
[ 5045873ms] [INFO] %c%s%c [setup-health] background: #e6e6e6;background: light-dark(rgba(0,0,0,0.1), rgba(255,255,255,0.25));color: #000000;color: light-dark(#000000, #ffffff);border-radius: 2px  Server   panel-layout {tenantId: cmrvvipw70000oyyo6123270j, userId: cmrvvipy90009oyyocqnstw83, score: 40, completedCount: 2, totalCriticalCount: 5} @ http://localhost:3030/_next/static/chunks/04m2_next_dist_01d_w1-._.js:2431
[ 5046030ms] [LOG] [Fast Refresh] rebuilding @ http://localhost:3030/_next/static/chunks/04m2_next_dist_01d_w1-._.js:2431
[ 5046353ms] [LOG] [Fast Refresh] done in 428ms @ http://localhost:3030/_next/static/chunks/04m2_next_dist_01d_w1-._.js:2431
[ 5046574ms] [LOG] [Fast Refresh] rebuilding @ http://localhost:3030/_next/static/chunks/04m2_next_dist_01d_w1-._.js:2431
[ 5046640ms] [LOG] [Fast Refresh] done in 171ms @ http://localhost:3030/_next/static/chunks/04m2_next_dist_01d_w1-._.js:2431
[ 5046744ms] [LOG] [Fast Refresh] rebuilding @ http://localhost:3030/_next/static/chunks/04m2_next_dist_01d_w1-._.js:2431
[ 5046859ms] [LOG] [Fast Refresh] done in 218ms @ http://localhost:3030/_next/static/chunks/04m2_next_dist_01d_w1-._.js:2431
[ 5047100ms] [INFO] %c%s%c [setup-health] background: #e6e6e6;background: light-dark(rgba(0,0,0,0.1), rgba(255,255,255,0.25));color: #000000;color: light-dark(#000000, #ffffff);border-radius: 2px  Server   panel-layout {tenantId: cmrvvipw70000oyyo6123270j, userId: cmrvvipy90009oyyocqnstw83, score: 40, completedCount: 2, totalCriticalCount: 5} @ http://localhost:3030/_next/static/chunks/04m2_next_dist_01d_w1-._.js:2431
[ 5047245ms] [LOG] [Fast Refresh] rebuilding @ http://localhost:3030/_next/static/chunks/04m2_next_dist_01d_w1-._.js:2431
[ 5047353ms] [LOG] [Fast Refresh] done in 212ms @ http://localhost:3030/_next/static/chunks/04m2_next_dist_01d_w1-._.js:2431
[ 5047601ms] [LOG] [Fast Refresh] rebuilding @ http://localhost:3030/_next/static/chunks/04m2_next_dist_01d_w1-._.js:2431
[ 5047618ms] [LOG] [Fast Refresh] done in 118ms @ http://localhost:3030/_next/static/chunks/04m2_next_dist_01d_w1-._.js:2431
[ 5047791ms] [LOG] [Fast Refresh] rebuilding @ http://localhost:3030/_next/static/chunks/04m2_next_dist_01d_w1-._.js:2431
[ 5047875ms] [LOG] [Fast Refresh] done in 187ms @ http://localhost:3030/_next/static/chunks/04m2_next_dist_01d_w1-._.js:2431
[ 5048099ms] [LOG] [Fast Refresh] rebuilding @ http://localhost:3030/_next/static/chunks/04m2_next_dist_01d_w1-._.js:2431
[ 5048312ms] [LOG] [Fast Refresh] done in 322ms @ http://localhost:3030/_next/static/chunks/04m2_next_dist_01d_w1-._.js:2431
[ 5048352ms] [INFO] %c%s%c [setup-health] background: #e6e6e6;background: light-dark(rgba(0,0,0,0.1), rgba(255,255,255,0.25));color: #000000;color: light-dark(#000000, #ffffff);border-radius: 2px  Server   panel-layout {tenantId: cmrvvipw70000oyyo6123270j, userId: cmrvvipy90009oyyocqnstw83, score: 40, completedCount: 2, totalCriticalCount: 5} @ http://localhost:3030/_next/static/chunks/04m2_next_dist_01d_w1-._.js:2431
[ 5048920ms] [LOG] [Fast Refresh] rebuilding @ http://localhost:3030/_next/static/chunks/04m2_next_dist_01d_w1-._.js:2431
[ 5049499ms] [INFO] %c%s%c [setup-health] background: #e6e6e6;background: light-dark(rgba(0,0,0,0.1), rgba(255,255,255,0.25));color: #000000;color: light-dark(#000000, #ffffff);border-radius: 2px  Server   panel-layout {tenantId: cmrvvipw70000oyyo6123270j, userId: cmrvvipy90009oyyocqnstw83, score: 40, completedCount: 2, totalCriticalCount: 5} @ http://localhost:3030/_next/static/chunks/04m2_next_dist_01d_w1-._.js:2431
[ 5051002ms] [LOG] [Fast Refresh] done in 1971ms @ http://localhost:3030/_next/static/chunks/04m2_next_dist_01d_w1-._.js:2431
[ 5051327ms] [LOG] [Fast Refresh] rebuilding @ http://localhost:3030/_next/static/chunks/04m2_next_dist_01d_w1-._.js:2431
[ 5051527ms] [LOG] [Fast Refresh] done in 312ms @ http://localhost:3030/_next/static/chunks/04m2_next_dist_01d_w1-._.js:2431
[ 5051926ms] [LOG] [Fast Refresh] rebuilding @ http://localhost:3030/_next/static/chunks/04m2_next_dist_01d_w1-._.js:2431
[ 5053770ms] [LOG] [Fast Refresh] done in 1953ms @ http://localhost:3030/_next/static/chunks/04m2_next_dist_01d_w1-._.js:2431
[ 5053833ms] [INFO] %c%s%c [setup-health] background: #e6e6e6;background: light-dark(rgba(0,0,0,0.1), rgba(255,255,255,0.25));color: #000000;color: light-dark(#000000, #ffffff);border-radius: 2px  Server   panel-layout {tenantId: cmrvvipw70000oyyo6123270j, userId: cmrvvipy90009oyyocqnstw83, score: 40, completedCount: 2, totalCriticalCount: 5} @ http://localhost:3030/_next/static/chunks/04m2_next_dist_01d_w1-._.js:2431
[ 5058310ms] [LOG] [Fast Refresh] rebuilding @ http://localhost:3030/_next/static/chunks/04m2_next_dist_01d_w1-._.js:2431
[ 5058343ms] [LOG] [Fast Refresh] done in 139ms @ http://localhost:3030/_next/static/chunks/04m2_next_dist_01d_w1-._.js:2431
[ 5058447ms] [LOG] [Fast Refresh] rebuilding @ http://localhost:3030/_next/static/chunks/04m2_next_dist_01d_w1-._.js:2431
[ 5058683ms] [LOG] [Fast Refresh] done in 338ms @ http://localhost:3030/_next/static/chunks/04m2_next_dist_01d_w1-._.js:2431
[ 5058758ms] [INFO] %c%s%c [setup-health] background: #e6e6e6;background: light-dark(rgba(0,0,0,0.1), rgba(255,255,255,0.25));color: #000000;color: light-dark(#000000, #ffffff);border-radius: 2px  Server   panel-layout {tenantId: cmrvvipw70000oyyo6123270j, userId: cmrvvipy90009oyyocqnstw83, score: 40, completedCount: 2, totalCriticalCount: 5} @ http://localhost:3030/_next/static/chunks/04m2_next_dist_01d_w1-._.js:2431
[ 5060115ms] [INFO] %c%s%c [setup-health] background: #e6e6e6;background: light-dark(rgba(0,0,0,0.1), rgba(255,255,255,0.25));color: #000000;color: light-dark(#000000, #ffffff);border-radius: 2px  Server   panel-layout {tenantId: cmrvvipw70000oyyo6123270j, userId: cmrvvipy90009oyyocqnstw83, score: 40, completedCount: 2, totalCriticalCount: 5} @ http://localhost:3030/_next/static/chunks/04m2_next_dist_01d_w1-._.js:2431
[ 5060230ms] [LOG] [Fast Refresh] rebuilding @ http://localhost:3030/_next/static/chunks/04m2_next_dist_01d_w1-._.js:2431
[ 5060231ms] [LOG] [Fast Refresh] done in 108ms @ http://localhost:3030/_next/static/chunks/04m2_next_dist_01d_w1-._.js:2431
[ 5060558ms] [INFO] %c%s%c [setup-health] background: #e6e6e6;background: light-dark(rgba(0,0,0,0.1), rgba(255,255,255,0.25));color: #000000;color: light-dark(#000000, #ffffff);border-radius: 2px  Server   panel-layout {tenantId: cmrvvipw70000oyyo6123270j, userId: cmrvvipy90009oyyocqnstw83, score: 40, completedCount: 2, totalCriticalCount: 5} @ http://localhost:3030/_next/static/chunks/04m2_next_dist_01d_w1-._.js:2431
[ 5060699ms] [LOG] [Fast Refresh] rebuilding @ http://localhost:3030/_next/static/chunks/04m2_next_dist_01d_w1-._.js:2431
[ 5060942ms] [LOG] [Fast Refresh] done in 343ms @ http://localhost:3030/_next/static/chunks/04m2_next_dist_01d_w1-._.js:2431
[ 5061142ms] [LOG] [Fast Refresh] rebuilding @ http://localhost:3030/_next/static/chunks/04m2_next_dist_01d_w1-._.js:2431
[ 5061209ms] [LOG] [Fast Refresh] done in 178ms @ http://localhost:3030/_next/static/chunks/04m2_next_dist_01d_w1-._.js:2431
[ 5061312ms] [LOG] [Fast Refresh] rebuilding @ http://localhost:3030/_next/static/chunks/04m2_next_dist_01d_w1-._.js:2431
[ 5061354ms] [LOG] [Fast Refresh] done in 143ms @ http://localhost:3030/_next/static/chunks/04m2_next_dist_01d_w1-._.js:2431
[ 5061464ms] [LOG] [Fast Refresh] rebuilding @ http://localhost:3030/_next/static/chunks/04m2_next_dist_01d_w1-._.js:2431
[ 5061660ms] [LOG] [Fast Refresh] done in 304ms @ http://localhost:3030/_next/static/chunks/04m2_next_dist_01d_w1-._.js:2431
[ 5061767ms] [LOG] [Fast Refresh] rebuilding @ http://localhost:3030/_next/static/chunks/04m2_next_dist_01d_w1-._.js:2431
[ 5061807ms] [LOG] [Fast Refresh] done in 143ms @ http://localhost:3030/_next/static/chunks/04m2_next_dist_01d_w1-._.js:2431
[ 5061912ms] [LOG] [Fast Refresh] rebuilding @ http://localhost:3030/_next/static/chunks/04m2_next_dist_01d_w1-._.js:2431
[ 5062020ms] [INFO] %c%s%c [setup-health] background: #e6e6e6;background: light-dark(rgba(0,0,0,0.1), rgba(255,255,255,0.25));color: #000000;color: light-dark(#000000, #ffffff);border-radius: 2px  Server   panel-layout {tenantId: cmrvvipw70000oyyo6123270j, userId: cmrvvipy90009oyyocqnstw83, score: 40, completedCount: 2, totalCriticalCount: 5} @ http://localhost:3030/_next/static/chunks/04m2_next_dist_01d_w1-._.js:2431
[ 5062047ms] [LOG] [Fast Refresh] done in 238ms @ http://localhost:3030/_next/static/chunks/04m2_next_dist_01d_w1-._.js:2431
[ 5062165ms] [LOG] [Fast Refresh] rebuilding @ http://localhost:3030/_next/static/chunks/04m2_next_dist_01d_w1-._.js:2431
[ 5062237ms] [LOG] [Fast Refresh] done in 186ms @ http://localhost:3030/_next/static/chunks/04m2_next_dist_01d_w1-._.js:2431
[ 5062351ms] [LOG] [Fast Refresh] rebuilding @ http://localhost:3030/_next/static/chunks/04m2_next_dist_01d_w1-._.js:2431
[ 5062424ms] [LOG] [Fast Refresh] done in 186ms @ http://localhost:3030/_next/static/chunks/04m2_next_dist_01d_w1-._.js:2431
[ 5062529ms] [LOG] [Fast Refresh] rebuilding @ http://localhost:3030/_next/static/chunks/04m2_next_dist_01d_w1-._.js:2431
[ 5062530ms] [LOG] [Fast Refresh] done in 104ms @ http://localhost:3030/_next/static/chunks/04m2_next_dist_01d_w1-._.js:2431
[ 5062901ms] [LOG] [Fast Refresh] rebuilding @ http://localhost:3030/_next/static/chunks/04m2_next_dist_01d_w1-._.js:2431
[ 5062943ms] [LOG] [Fast Refresh] done in 148ms @ http://localhost:3030/_next/static/chunks/04m2_next_dist_01d_w1-._.js:2431
[ 5063045ms] [LOG] [Fast Refresh] rebuilding @ http://localhost:3030/_next/static/chunks/04m2_next_dist_01d_w1-._.js:2431
[ 5063064ms] [INFO] %c%s%c [setup-health] background: #e6e6e6;background: light-dark(rgba(0,0,0,0.1), rgba(255,255,255,0.25));color: #000000;color: light-dark(#000000, #ffffff);border-radius: 2px  Server   panel-layout {tenantId: cmrvvipw70000oyyo6123270j, userId: cmrvvipy90009oyyocqnstw83, score: 40, completedCount: 2, totalCriticalCount: 5} @ http://localhost:3030/_next/static/chunks/04m2_next_dist_01d_w1-._.js:2431
[ 5063131ms] [LOG] [Fast Refresh] done in 188ms @ http://localhost:3030/_next/static/chunks/04m2_next_dist_01d_w1-._.js:2431
[ 5063240ms] [LOG] [Fast Refresh] rebuilding @ http://localhost:3030/_next/static/chunks/04m2_next_dist_01d_w1-._.js:2431
[ 5063246ms] [LOG] [Fast Refresh] done in 113ms @ http://localhost:3030/_next/static/chunks/04m2_next_dist_01d_w1-._.js:2431
[ 5063353ms] [LOG] [Fast Refresh] rebuilding @ http://localhost:3030/_next/static/chunks/04m2_next_dist_01d_w1-._.js:2431
[ 5063403ms] [LOG] [Fast Refresh] done in 154ms @ http://localhost:3030/_next/static/chunks/04m2_next_dist_01d_w1-._.js:2431
[ 5063513ms] [LOG] [Fast Refresh] rebuilding @ http://localhost:3030/_next/static/chunks/04m2_next_dist_01d_w1-._.js:2431
[ 5063546ms] [LOG] [Fast Refresh] done in 137ms @ http://localhost:3030/_next/static/chunks/04m2_next_dist_01d_w1-._.js:2431
[ 5063659ms] [LOG] [Fast Refresh] rebuilding @ http://localhost:3030/_next/static/chunks/04m2_next_dist_01d_w1-._.js:2431
[ 5063833ms] [LOG] [Fast Refresh] done in 282ms @ http://localhost:3030/_next/static/chunks/04m2_next_dist_01d_w1-._.js:2431
[ 5063938ms] [LOG] [Fast Refresh] rebuilding @ http://localhost:3030/_next/static/chunks/04m2_next_dist_01d_w1-._.js:2431
[ 5063995ms] [LOG] [Fast Refresh] done in 161ms @ http://localhost:3030/_next/static/chunks/04m2_next_dist_01d_w1-._.js:2431
[ 5064155ms] [LOG] [Fast Refresh] rebuilding @ http://localhost:3030/_next/static/chunks/04m2_next_dist_01d_w1-._.js:2431
[ 5064188ms] [INFO] %c%s%c [setup-health] background: #e6e6e6;background: light-dark(rgba(0,0,0,0.1), rgba(255,255,255,0.25));color: #000000;color: light-dark(#000000, #ffffff);border-radius: 2px  Server   panel-layout {tenantId: cmrvvipw70000oyyo6123270j, userId: cmrvvipy90009oyyocqnstw83, score: 40, completedCount: 2, totalCriticalCount: 5} @ http://localhost:3030/_next/static/chunks/04m2_next_dist_01d_w1-._.js:2431
[ 5064239ms] [LOG] [Fast Refresh] done in 184ms @ http://localhost:3030/_next/static/chunks/04m2_next_dist_01d_w1-._.js:2431
[ 5064342ms] [LOG] [Fast Refresh] rebuilding @ http://localhost:3030/_next/static/chunks/04m2_next_dist_01d_w1-._.js:2431
[ 5064353ms] [LOG] [Fast Refresh] done in 114ms @ http://localhost:3030/_next/static/chunks/04m2_next_dist_01d_w1-._.js:2431
[ 5064788ms] [LOG] [Fast Refresh] rebuilding @ http://localhost:3030/_next/static/chunks/04m2_next_dist_01d_w1-._.js:2431
[ 5064916ms] [LOG] [Fast Refresh] done in 240ms @ http://localhost:3030/_next/static/chunks/04m2_next_dist_01d_w1-._.js:2431
[ 5065019ms] [LOG] [Fast Refresh] rebuilding @ http://localhost:3030/_next/static/chunks/04m2_next_dist_01d_w1-._.js:2431
[ 5065062ms] [LOG] [Fast Refresh] done in 146ms @ http://localhost:3030/_next/static/chunks/04m2_next_dist_01d_w1-._.js:2431
[ 5065165ms] [LOG] [Fast Refresh] rebuilding @ http://localhost:3030/_next/static/chunks/04m2_next_dist_01d_w1-._.js:2431
[ 5065279ms] [LOG] [Fast Refresh] done in 215ms @ http://localhost:3030/_next/static/chunks/04m2_next_dist_01d_w1-._.js:2431
[ 5065281ms] [INFO] %c%s%c [setup-health] background: #e6e6e6;background: light-dark(rgba(0,0,0,0.1), rgba(255,255,255,0.25));color: #000000;color: light-dark(#000000, #ffffff);border-radius: 2px  Server   panel-layout {tenantId: cmrvvipw70000oyyo6123270j, userId: cmrvvipy90009oyyocqnstw83, score: 40, completedCount: 2, totalCriticalCount: 5} @ http://localhost:3030/_next/static/chunks/04m2_next_dist_01d_w1-._.js:2431
[ 5065504ms] [LOG] [Fast Refresh] rebuilding @ http://localhost:3030/_next/static/chunks/04m2_next_dist_01d_w1-._.js:2431
[ 5065620ms] [LOG] [Fast Refresh] done in 224ms @ http://localhost:3030/_next/static/chunks/04m2_next_dist_01d_w1-._.js:2431
[ 5065860ms] [LOG] [Fast Refresh] rebuilding @ http://localhost:3030/_next/static/chunks/04m2_next_dist_01d_w1-._.js:2431
[ 5066011ms] [LOG] [Fast Refresh] done in 252ms @ http://localhost:3030/_next/static/chunks/04m2_next_dist_01d_w1-._.js:2431
[ 5066357ms] [LOG] [Fast Refresh] rebuilding @ http://localhost:3030/_next/static/chunks/04m2_next_dist_01d_w1-._.js:2431
[ 5066375ms] [INFO] %c%s%c [setup-health] background: #e6e6e6;background: light-dark(rgba(0,0,0,0.1), rgba(255,255,255,0.25));color: #000000;color: light-dark(#000000, #ffffff);border-radius: 2px  Server   panel-layout {tenantId: cmrvvipw70000oyyo6123270j, userId: cmrvvipy90009oyyocqnstw83, score: 40, completedCount: 2, totalCriticalCount: 5} @ http://localhost:3030/_next/static/chunks/04m2_next_dist_01d_w1-._.js:2431
[ 5066449ms] [LOG] [Fast Refresh] done in 196ms @ http://localhost:3030/_next/static/chunks/04m2_next_dist_01d_w1-._.js:2431
[ 5066566ms] [LOG] [Fast Refresh] rebuilding @ http://localhost:3030/_next/static/chunks/04m2_next_dist_01d_w1-._.js:2431
[ 5066570ms] [LOG] [Fast Refresh] done in 105ms @ http://localhost:3030/_next/static/chunks/04m2_next_dist_01d_w1-._.js:2431
[ 5066673ms] [LOG] [Fast Refresh] rebuilding @ http://localhost:3030/_next/static/chunks/04m2_next_dist_01d_w1-._.js:2431
[ 5066760ms] [LOG] [Fast Refresh] done in 189ms @ http://localhost:3030/_next/static/chunks/04m2_next_dist_01d_w1-._.js:2431
[ 5066929ms] [LOG] [Fast Refresh] rebuilding @ http://localhost:3030/_next/static/chunks/04m2_next_dist_01d_w1-._.js:2431
[ 5067184ms] [LOG] [Fast Refresh] done in 356ms @ http://localhost:3030/_next/static/chunks/04m2_next_dist_01d_w1-._.js:2431
[ 5067288ms] [LOG] [Fast Refresh] rebuilding @ http://localhost:3030/_next/static/chunks/04m2_next_dist_01d_w1-._.js:2431
[ 5067606ms] [INFO] %c%s%c [setup-health] background: #e6e6e6;background: light-dark(rgba(0,0,0,0.1), rgba(255,255,255,0.25));color: #000000;color: light-dark(#000000, #ffffff);border-radius: 2px  Server   panel-layout {tenantId: cmrvvipw70000oyyo6123270j, userId: cmrvvipy90009oyyocqnstw83, score: 40, completedCount: 2, totalCriticalCount: 5} @ http://localhost:3030/_next/static/chunks/04m2_next_dist_01d_w1-._.js:2431
[ 5070297ms] [LOG] [Fast Refresh] done in 3096ms @ http://localhost:3030/_next/static/chunks/04m2_next_dist_01d_w1-._.js:2431
[ 5071009ms] [INFO] %c%s%c [setup-health] background: #e6e6e6;background: light-dark(rgba(0,0,0,0.1), rgba(255,255,255,0.25));color: #000000;color: light-dark(#000000, #ffffff);border-radius: 2px  Server   panel-layout {tenantId: cmrvvipw70000oyyo6123270j, userId: cmrvvipy90009oyyocqnstw83, score: 40, completedCount: 2, totalCriticalCount: 5} @ http://localhost:3030/_next/static/chunks/04m2_next_dist_01d_w1-._.js:2431
[ 5071078ms] [INFO] %c%s%c [setup-health] background: #e6e6e6;background: light-dark(rgba(0,0,0,0.1), rgba(255,255,255,0.25));color: #000000;color: light-dark(#000000, #ffffff);border-radius: 2px  Server   panel-layout {tenantId: cmrvvipw70000oyyo6123270j, userId: cmrvvipy90009oyyocqnstw83, score: 40, completedCount: 2, totalCriticalCount: 5} @ http://localhost:3030/_next/static/chunks/04m2_next_dist_01d_w1-._.js:2431
[ 5071229ms] [LOG] [Fast Refresh] rebuilding @ http://localhost:3030/_next/static/chunks/04m2_next_dist_01d_w1-._.js:2431
[ 5071268ms] [LOG] [Fast Refresh] done in 145ms @ http://localhost:3030/_next/static/chunks/04m2_next_dist_01d_w1-._.js:2431
[ 5071370ms] [LOG] [Fast Refresh] rebuilding @ http://localhost:3030/_next/static/chunks/04m2_next_dist_01d_w1-._.js:2431
[ 5071533ms] [LOG] [Fast Refresh] done in 264ms @ http://localhost:3030/_next/static/chunks/04m2_next_dist_01d_w1-._.js:2431
[ 5071961ms] [LOG] [Fast Refresh] rebuilding @ http://localhost:3030/_next/static/chunks/04m2_next_dist_01d_w1-._.js:2431
[ 5072004ms] [LOG] [Fast Refresh] done in 152ms @ http://localhost:3030/_next/static/chunks/04m2_next_dist_01d_w1-._.js:2431
[ 5072120ms] [LOG] [Fast Refresh] rebuilding @ http://localhost:3030/_next/static/chunks/04m2_next_dist_01d_w1-._.js:2431
[ 5072233ms] [LOG] [Fast Refresh] done in 218ms @ http://localhost:3030/_next/static/chunks/04m2_next_dist_01d_w1-._.js:2431
[ 5072344ms] [LOG] [Fast Refresh] rebuilding @ http://localhost:3030/_next/static/chunks/04m2_next_dist_01d_w1-._.js:2431
[ 5072452ms] [LOG] [Fast Refresh] done in 213ms @ http://localhost:3030/_next/static/chunks/04m2_next_dist_01d_w1-._.js:2431
[ 5072470ms] [INFO] %c%s%c [setup-health] background: #e6e6e6;background: light-dark(rgba(0,0,0,0.1), rgba(255,255,255,0.25));color: #000000;color: light-dark(#000000, #ffffff);border-radius: 2px  Server   panel-layout {tenantId: cmrvvipw70000oyyo6123270j, userId: cmrvvipy90009oyyocqnstw83, score: 40, completedCount: 2, totalCriticalCount: 5} @ http://localhost:3030/_next/static/chunks/04m2_next_dist_01d_w1-._.js:2431
[ 5072800ms] [LOG] [Fast Refresh] rebuilding @ http://localhost:3030/_next/static/chunks/04m2_next_dist_01d_w1-._.js:2431
[ 5072909ms] [LOG] [Fast Refresh] done in 216ms @ http://localhost:3030/_next/static/chunks/04m2_next_dist_01d_w1-._.js:2431
[ 5073098ms] [LOG] [Fast Refresh] rebuilding @ http://localhost:3030/_next/static/chunks/04m2_next_dist_01d_w1-._.js:2431
[ 5073107ms] [LOG] [Fast Refresh] done in 109ms @ http://localhost:3030/_next/static/chunks/04m2_next_dist_01d_w1-._.js:2431
[ 5073479ms] [LOG] [Fast Refresh] rebuilding @ http://localhost:3030/_next/static/chunks/04m2_next_dist_01d_w1-._.js:2431
[ 5073561ms] [LOG] [Fast Refresh] done in 187ms @ http://localhost:3030/_next/static/chunks/04m2_next_dist_01d_w1-._.js:2431
[ 5073590ms] [INFO] %c%s%c [setup-health] background: #e6e6e6;background: light-dark(rgba(0,0,0,0.1), rgba(255,255,255,0.25));color: #000000;color: light-dark(#000000, #ffffff);border-radius: 2px  Server   panel-layout {tenantId: cmrvvipw70000oyyo6123270j, userId: cmrvvipy90009oyyocqnstw83, score: 40, completedCount: 2, totalCriticalCount: 5} @ http://localhost:3030/_next/static/chunks/04m2_next_dist_01d_w1-._.js:2431
[ 5073666ms] [LOG] [Fast Refresh] rebuilding @ http://localhost:3030/_next/static/chunks/04m2_next_dist_01d_w1-._.js:2431
[ 5073733ms] [LOG] [Fast Refresh] done in 171ms @ http://localhost:3030/_next/static/chunks/04m2_next_dist_01d_w1-._.js:2431
[ 5073839ms] [LOG] [Fast Refresh] rebuilding @ http://localhost:3030/_next/static/chunks/04m2_next_dist_01d_w1-._.js:2431
[ 5074026ms] [LOG] [Fast Refresh] done in 292ms @ http://localhost:3030/_next/static/chunks/04m2_next_dist_01d_w1-._.js:2431
[ 5074321ms] [LOG] [Fast Refresh] rebuilding @ http://localhost:3030/_next/static/chunks/04m2_next_dist_01d_w1-._.js:2431
[ 5074374ms] [LOG] [Fast Refresh] done in 163ms @ http://localhost:3030/_next/static/chunks/04m2_next_dist_01d_w1-._.js:2431
[ 5074477ms] [LOG] [Fast Refresh] rebuilding @ http://localhost:3030/_next/static/chunks/04m2_next_dist_01d_w1-._.js:2431
[ 5074625ms] [LOG] [Fast Refresh] done in 249ms @ http://localhost:3030/_next/static/chunks/04m2_next_dist_01d_w1-._.js:2431
[ 5074730ms] [LOG] [Fast Refresh] rebuilding @ http://localhost:3030/_next/static/chunks/04m2_next_dist_01d_w1-._.js:2431
[ 5074811ms] [LOG] [Fast Refresh] done in 184ms @ http://localhost:3030/_next/static/chunks/04m2_next_dist_01d_w1-._.js:2431
[ 5074858ms] [INFO] %c%s%c [setup-health] background: #e6e6e6;background: light-dark(rgba(0,0,0,0.1), rgba(255,255,255,0.25));color: #000000;color: light-dark(#000000, #ffffff);border-radius: 2px  Server   panel-layout {tenantId: cmrvvipw70000oyyo6123270j, userId: cmrvvipy90009oyyocqnstw83, score: 40, completedCount: 2, totalCriticalCount: 5} @ http://localhost:3030/_next/static/chunks/04m2_next_dist_01d_w1-._.js:2431
[ 5074958ms] [LOG] [Fast Refresh] rebuilding @ http://localhost:3030/_next/static/chunks/04m2_next_dist_01d_w1-._.js:2431
[ 5074959ms] [LOG] [Fast Refresh] done in 102ms @ http://localhost:3030/_next/static/chunks/04m2_next_dist_01d_w1-._.js:2431
[ 5075069ms] [LOG] [Fast Refresh] rebuilding @ http://localhost:3030/_next/static/chunks/04m2_next_dist_01d_w1-._.js:2431
[ 5075266ms] [LOG] [Fast Refresh] done in 307ms @ http://localhost:3030/_next/static/chunks/04m2_next_dist_01d_w1-._.js:2431
[ 5075613ms] [LOG] [Fast Refresh] rebuilding @ http://localhost:3030/_next/static/chunks/04m2_next_dist_01d_w1-._.js:2431
[ 5075892ms] [LOG] [Fast Refresh] done in 388ms @ http://localhost:3030/_next/static/chunks/04m2_next_dist_01d_w1-._.js:2431
[ 5076725ms] [INFO] %c%s%c [setup-health] background: #e6e6e6;background: light-dark(rgba(0,0,0,0.1), rgba(255,255,255,0.25));color: #000000;color: light-dark(#000000, #ffffff);border-radius: 2px  Server   panel-layout {tenantId: cmrvvipw70000oyyo6123270j, userId: cmrvvipy90009oyyocqnstw83, score: 40, completedCount: 2, totalCriticalCount: 5} @ http://localhost:3030/_next/static/chunks/04m2_next_dist_01d_w1-._.js:2431
[ 5076891ms] [LOG] [Fast Refresh] rebuilding @ http://localhost:3030/_next/static/chunks/04m2_next_dist_01d_w1-._.js:2431
[ 5077017ms] [LOG] [Fast Refresh] done in 227ms @ http://localhost:3030/_next/static/chunks/04m2_next_dist_01d_w1-._.js:2431
[ 5077212ms] [LOG] [Fast Refresh] rebuilding @ http://localhost:3030/_next/static/chunks/04m2_next_dist_01d_w1-._.js:2431
[ 5077213ms] [LOG] [Fast Refresh] done in 106ms @ http://localhost:3030/_next/static/chunks/04m2_next_dist_01d_w1-._.js:2431
[ 5077319ms] [LOG] [Fast Refresh] rebuilding @ http://localhost:3030/_next/static/chunks/04m2_next_dist_01d_w1-._.js:2431
[ 5077352ms] [LOG] [Fast Refresh] done in 137ms @ http://localhost:3030/_next/static/chunks/04m2_next_dist_01d_w1-._.js:2431
[ 5077463ms] [LOG] [Fast Refresh] rebuilding @ http://localhost:3030/_next/static/chunks/04m2_next_dist_01d_w1-._.js:2431
[ 5077561ms] [LOG] [Fast Refresh] done in 204ms @ http://localhost:3030/_next/static/chunks/04m2_next_dist_01d_w1-._.js:2431
[ 5077713ms] [INFO] %c%s%c [setup-health] background: #e6e6e6;background: light-dark(rgba(0,0,0,0.1), rgba(255,255,255,0.25));color: #000000;color: light-dark(#000000, #ffffff);border-radius: 2px  Server   panel-layout {tenantId: cmrvvipw70000oyyo6123270j, userId: cmrvvipy90009oyyocqnstw83, score: 40, completedCount: 2, totalCriticalCount: 5} @ http://localhost:3030/_next/static/chunks/04m2_next_dist_01d_w1-._.js:2431
[ 5077868ms] [LOG] [Fast Refresh] rebuilding @ http://localhost:3030/_next/static/chunks/04m2_next_dist_01d_w1-._.js:2431
[ 5077976ms] [LOG] [Fast Refresh] done in 214ms @ http://localhost:3030/_next/static/chunks/04m2_next_dist_01d_w1-._.js:2431
[ 5078079ms] [LOG] [Fast Refresh] rebuilding @ http://localhost:3030/_next/static/chunks/04m2_next_dist_01d_w1-._.js:2431
[ 5078152ms] [LOG] [Fast Refresh] done in 174ms @ http://localhost:3030/_next/static/chunks/04m2_next_dist_01d_w1-._.js:2431
[ 5078259ms] [LOG] [Fast Refresh] rebuilding @ http://localhost:3030/_next/static/chunks/04m2_next_dist_01d_w1-._.js:2431
[ 5078333ms] [LOG] [Fast Refresh] done in 177ms @ http://localhost:3030/_next/static/chunks/04m2_next_dist_01d_w1-._.js:2431
[ 5078437ms] [LOG] [Fast Refresh] rebuilding @ http://localhost:3030/_next/static/chunks/04m2_next_dist_01d_w1-._.js:2431
[ 5078483ms] [LOG] [Fast Refresh] done in 148ms @ http://localhost:3030/_next/static/chunks/04m2_next_dist_01d_w1-._.js:2431
[ 5078585ms] [LOG] [Fast Refresh] rebuilding @ http://localhost:3030/_next/static/chunks/04m2_next_dist_01d_w1-._.js:2431
[ 5078643ms] [LOG] [Fast Refresh] done in 160ms @ http://localhost:3030/_next/static/chunks/04m2_next_dist_01d_w1-._.js:2431
[ 5078745ms] [LOG] [Fast Refresh] rebuilding @ http://localhost:3030/_next/static/chunks/04m2_next_dist_01d_w1-._.js:2431
[ 5078817ms] [INFO] %c%s%c [setup-health] background: #e6e6e6;background: light-dark(rgba(0,0,0,0.1), rgba(255,255,255,0.25));color: #000000;color: light-dark(#000000, #ffffff);border-radius: 2px  Server   panel-layout {tenantId: cmrvvipw70000oyyo6123270j, userId: cmrvvipy90009oyyocqnstw83, score: 40, completedCount: 2, totalCriticalCount: 5} @ http://localhost:3030/_next/static/chunks/04m2_next_dist_01d_w1-._.js:2431
[ 5078920ms] [LOG] [Fast Refresh] done in 276ms @ http://localhost:3030/_next/static/chunks/04m2_next_dist_01d_w1-._.js:2431
[ 5079505ms] [LOG] [Fast Refresh] rebuilding @ http://localhost:3030/_next/static/chunks/04m2_next_dist_01d_w1-._.js:2431
[ 5079588ms] [LOG] [Fast Refresh] done in 187ms @ http://localhost:3030/_next/static/chunks/04m2_next_dist_01d_w1-._.js:2431
[ 5079925ms] [LOG] [Fast Refresh] rebuilding @ http://localhost:3030/_next/static/chunks/04m2_next_dist_01d_w1-._.js:2431
[ 5079979ms] [LOG] [Fast Refresh] done in 164ms @ http://localhost:3030/_next/static/chunks/04m2_next_dist_01d_w1-._.js:2431
[ 5080028ms] [INFO] %c%s%c [setup-health] background: #e6e6e6;background: light-dark(rgba(0,0,0,0.1), rgba(255,255,255,0.25));color: #000000;color: light-dark(#000000, #ffffff);border-radius: 2px  Server   panel-layout {tenantId: cmrvvipw70000oyyo6123270j, userId: cmrvvipy90009oyyocqnstw83, score: 40, completedCount: 2, totalCriticalCount: 5} @ http://localhost:3030/_next/static/chunks/04m2_next_dist_01d_w1-._.js:2431
[ 5080204ms] [LOG] [Fast Refresh] rebuilding @ http://localhost:3030/_next/static/chunks/04m2_next_dist_01d_w1-._.js:2431
[ 5080377ms] [LOG] [Fast Refresh] done in 277ms @ http://localhost:3030/_next/static/chunks/04m2_next_dist_01d_w1-._.js:2431
[ 5080601ms] [LOG] [Fast Refresh] rebuilding @ http://localhost:3030/_next/static/chunks/04m2_next_dist_01d_w1-._.js:2431
[ 5080616ms] [LOG] [Fast Refresh] done in 120ms @ http://localhost:3030/_next/static/chunks/04m2_next_dist_01d_w1-._.js:2431
[ 5080718ms] [LOG] [Fast Refresh] rebuilding @ http://localhost:3030/_next/static/chunks/04m2_next_dist_01d_w1-._.js:2431
[ 5080794ms] [LOG] [Fast Refresh] done in 177ms @ http://localhost:3030/_next/static/chunks/04m2_next_dist_01d_w1-._.js:2431
[ 5080904ms] [LOG] [Fast Refresh] rebuilding @ http://localhost:3030/_next/static/chunks/04m2_next_dist_01d_w1-._.js:2431
[ 5080967ms] [LOG] [Fast Refresh] done in 167ms @ http://localhost:3030/_next/static/chunks/04m2_next_dist_01d_w1-._.js:2431
[ 5081078ms] [LOG] [Fast Refresh] rebuilding @ http://localhost:3030/_next/static/chunks/04m2_next_dist_01d_w1-._.js:2431
[ 5081104ms] [LOG] [Fast Refresh] done in 129ms @ http://localhost:3030/_next/static/chunks/04m2_next_dist_01d_w1-._.js:2431
[ 5081141ms] [INFO] %c%s%c [setup-health] background: #e6e6e6;background: light-dark(rgba(0,0,0,0.1), rgba(255,255,255,0.25));color: #000000;color: light-dark(#000000, #ffffff);border-radius: 2px  Server   panel-layout {tenantId: cmrvvipw70000oyyo6123270j, userId: cmrvvipy90009oyyocqnstw83, score: 40, completedCount: 2, totalCriticalCount: 5} @ http://localhost:3030/_next/static/chunks/04m2_next_dist_01d_w1-._.js:2431
[ 5081410ms] [LOG] [Fast Refresh] rebuilding @ http://localhost:3030/_next/static/chunks/04m2_next_dist_01d_w1-._.js:2431
[ 5081602ms] [LOG] [Fast Refresh] done in 303ms @ http://localhost:3030/_next/static/chunks/04m2_next_dist_01d_w1-._.js:2431
[ 5081705ms] [LOG] [Fast Refresh] rebuilding @ http://localhost:3030/_next/static/chunks/04m2_next_dist_01d_w1-._.js:2431
[ 5081910ms] [LOG] [Fast Refresh] done in 309ms @ http://localhost:3030/_next/static/chunks/04m2_next_dist_01d_w1-._.js:2431
[ 5082032ms] [INFO] %c%s%c [setup-health] background: #e6e6e6;background: light-dark(rgba(0,0,0,0.1), rgba(255,255,255,0.25));color: #000000;color: light-dark(#000000, #ffffff);border-radius: 2px  Server   panel-layout {tenantId: cmrvvipw70000oyyo6123270j, userId: cmrvvipy90009oyyocqnstw83, score: 40, completedCount: 2, totalCriticalCount: 5} @ http://localhost:3030/_next/static/chunks/04m2_next_dist_01d_w1-._.js:2431
[ 5082048ms] [LOG] [Fast Refresh] rebuilding @ http://localhost:3030/_next/static/chunks/04m2_next_dist_01d_w1-._.js:2431
[ 5084353ms] [LOG] [Fast Refresh] done in 1919ms @ http://localhost:3030/_next/static/chunks/04m2_next_dist_01d_w1-._.js:2431
[ 5084454ms] [LOG] [Fast Refresh] rebuilding @ http://localhost:3030/_next/static/chunks/04m2_next_dist_01d_w1-._.js:2431
[ 5084609ms] [LOG] [Fast Refresh] done in 255ms @ http://localhost:3030/_next/static/chunks/04m2_next_dist_01d_w1-._.js:2431
[ 5085006ms] [INFO] %c%s%c [setup-health] background: #e6e6e6;background: light-dark(rgba(0,0,0,0.1), rgba(255,255,255,0.25));color: #000000;color: light-dark(#000000, #ffffff);border-radius: 2px  Server   panel-layout {tenantId: cmrvvipw70000oyyo6123270j, userId: cmrvvipy90009oyyocqnstw83, score: 40, completedCount: 2, totalCriticalCount: 5} @ http://localhost:3030/_next/static/chunks/04m2_next_dist_01d_w1-._.js:2431
[ 5085269ms] [LOG] [Fast Refresh] rebuilding @ http://localhost:3030/_next/static/chunks/04m2_next_dist_01d_w1-._.js:2431
[ 5085378ms] [LOG] [Fast Refresh] done in 211ms @ http://localhost:3030/_next/static/chunks/04m2_next_dist_01d_w1-._.js:2431
[ 5085697ms] [LOG] [Fast Refresh] rebuilding @ http://localhost:3030/_next/static/chunks/04m2_next_dist_01d_w1-._.js:2431
[ 5085842ms] [LOG] [Fast Refresh] done in 250ms @ http://localhost:3030/_next/static/chunks/04m2_next_dist_01d_w1-._.js:2431
[ 5086001ms] [LOG] [Fast Refresh] rebuilding @ http://localhost:3030/_next/static/chunks/04m2_next_dist_01d_w1-._.js:2431
[ 5086074ms] [LOG] [Fast Refresh] done in 173ms @ http://localhost:3030/_next/static/chunks/04m2_next_dist_01d_w1-._.js:2431
[ 5086175ms] [LOG] [Fast Refresh] rebuilding @ http://localhost:3030/_next/static/chunks/04m2_next_dist_01d_w1-._.js:2431
[ 5086299ms] [LOG] [Fast Refresh] done in 224ms @ http://localhost:3030/_next/static/chunks/04m2_next_dist_01d_w1-._.js:2431
[ 5086303ms] [INFO] %c%s%c [setup-health] background: #e6e6e6;background: light-dark(rgba(0,0,0,0.1), rgba(255,255,255,0.25));color: #000000;color: light-dark(#000000, #ffffff);border-radius: 2px  Server   panel-layout {tenantId: cmrvvipw70000oyyo6123270j, userId: cmrvvipy90009oyyocqnstw83, score: 40, completedCount: 2, totalCriticalCount: 5} @ http://localhost:3030/_next/static/chunks/04m2_next_dist_01d_w1-._.js:2431
[ 5086524ms] [LOG] [Fast Refresh] rebuilding @ http://localhost:3030/_next/static/chunks/04m2_next_dist_01d_w1-._.js:2431
[ 5086632ms] [LOG] [Fast Refresh] done in 212ms @ http://localhost:3030/_next/static/chunks/04m2_next_dist_01d_w1-._.js:2431
[ 5086747ms] [LOG] [Fast Refresh] rebuilding @ http://localhost:3030/_next/static/chunks/04m2_next_dist_01d_w1-._.js:2431
[ 5086763ms] [LOG] [Fast Refresh] done in 128ms @ http://localhost:3030/_next/static/chunks/04m2_next_dist_01d_w1-._.js:2431
[ 5086867ms] [LOG] [Fast Refresh] rebuilding @ http://localhost:3030/_next/static/chunks/04m2_next_dist_01d_w1-._.js:2431
[ 5086951ms] [LOG] [Fast Refresh] done in 187ms @ http://localhost:3030/_next/static/chunks/04m2_next_dist_01d_w1-._.js:2431
[ 5087053ms] [LOG] [Fast Refresh] rebuilding @ http://localhost:3030/_next/static/chunks/04m2_next_dist_01d_w1-._.js:2431
[ 5087059ms] [LOG] [Fast Refresh] done in 106ms @ http://localhost:3030/_next/static/chunks/04m2_next_dist_01d_w1-._.js:2431
[ 5087314ms] [LOG] [Fast Refresh] rebuilding @ http://localhost:3030/_next/static/chunks/04m2_next_dist_01d_w1-._.js:2431
[ 5087459ms] [INFO] %c%s%c [setup-health] background: #e6e6e6;background: light-dark(rgba(0,0,0,0.1), rgba(255,255,255,0.25));color: #000000;color: light-dark(#000000, #ffffff);border-radius: 2px  Server   panel-layout {tenantId: cmrvvipw70000oyyo6123270j, userId: cmrvvipy90009oyyocqnstw83, score: 40, completedCount: 2, totalCriticalCount: 5} @ http://localhost:3030/_next/static/chunks/04m2_next_dist_01d_w1-._.js:2431
[ 5087499ms] [LOG] [Fast Refresh] done in 290ms @ http://localhost:3030/_next/static/chunks/04m2_next_dist_01d_w1-._.js:2431
[ 5087601ms] [LOG] [Fast Refresh] rebuilding @ http://localhost:3030/_next/static/chunks/04m2_next_dist_01d_w1-._.js:2431
[ 5087653ms] [LOG] [Fast Refresh] done in 151ms @ http://localhost:3030/_next/static/chunks/04m2_next_dist_01d_w1-._.js:2431
[ 5087775ms] [LOG] [Fast Refresh] rebuilding @ http://localhost:3030/_next/static/chunks/04m2_next_dist_01d_w1-._.js:2431
[ 5087806ms] [LOG] [Fast Refresh] done in 132ms @ http://localhost:3030/_next/static/chunks/04m2_next_dist_01d_w1-._.js:2431
[ 5087921ms] [LOG] [Fast Refresh] rebuilding @ http://localhost:3030/_next/static/chunks/04m2_next_dist_01d_w1-._.js:2431
[ 5087968ms] [LOG] [Fast Refresh] done in 160ms @ http://localhost:3030/_next/static/chunks/04m2_next_dist_01d_w1-._.js:2431
[ 5088072ms] [LOG] [Fast Refresh] rebuilding @ http://localhost:3030/_next/static/chunks/04m2_next_dist_01d_w1-._.js:2431
[ 5088137ms] [LOG] [Fast Refresh] done in 168ms @ http://localhost:3030/_next/static/chunks/04m2_next_dist_01d_w1-._.js:2431
[ 5088499ms] [LOG] [Fast Refresh] rebuilding @ http://localhost:3030/_next/static/chunks/04m2_next_dist_01d_w1-._.js:2431
[ 5088528ms] [INFO] %c%s%c [setup-health] background: #e6e6e6;background: light-dark(rgba(0,0,0,0.1), rgba(255,255,255,0.25));color: #000000;color: light-dark(#000000, #ffffff);border-radius: 2px  Server   panel-layout {tenantId: cmrvvipw70000oyyo6123270j, userId: cmrvvipy90009oyyocqnstw83, score: 40, completedCount: 2, totalCriticalCount: 5} @ http://localhost:3030/_next/static/chunks/04m2_next_dist_01d_w1-._.js:2431
[ 5088569ms] [LOG] [Fast Refresh] done in 176ms @ http://localhost:3030/_next/static/chunks/04m2_next_dist_01d_w1-._.js:2431
[ 5088683ms] [LOG] [Fast Refresh] rebuilding @ http://localhost:3030/_next/static/chunks/04m2_next_dist_01d_w1-._.js:2431
[ 5088807ms] [LOG] [Fast Refresh] done in 224ms @ http://localhost:3030/_next/static/chunks/04m2_next_dist_01d_w1-._.js:2431
[ 5089028ms] [LOG] [Fast Refresh] rebuilding @ http://localhost:3030/_next/static/chunks/04m2_next_dist_01d_w1-._.js:2431
[ 5089171ms] [LOG] [Fast Refresh] done in 247ms @ http://localhost:3030/_next/static/chunks/04m2_next_dist_01d_w1-._.js:2431
[ 5089381ms] [LOG] [Fast Refresh] rebuilding @ http://localhost:3030/_next/static/chunks/04m2_next_dist_01d_w1-._.js:2431
[ 5089447ms] [LOG] [Fast Refresh] done in 171ms @ http://localhost:3030/_next/static/chunks/04m2_next_dist_01d_w1-._.js:2431
[ 5089549ms] [LOG] [Fast Refresh] rebuilding @ http://localhost:3030/_next/static/chunks/04m2_next_dist_01d_w1-._.js:2431
[ 5089701ms] [LOG] [Fast Refresh] done in 254ms @ http://localhost:3030/_next/static/chunks/04m2_next_dist_01d_w1-._.js:2431
[ 5089704ms] [INFO] %c%s%c [setup-health] background: #e6e6e6;background: light-dark(rgba(0,0,0,0.1), rgba(255,255,255,0.25));color: #000000;color: light-dark(#000000, #ffffff);border-radius: 2px  Server   panel-layout {tenantId: cmrvvipw70000oyyo6123270j, userId: cmrvvipy90009oyyocqnstw83, score: 40, completedCount: 2, totalCriticalCount: 5} @ http://localhost:3030/_next/static/chunks/04m2_next_dist_01d_w1-._.js:2431
[ 5089833ms] [LOG] [Fast Refresh] rebuilding @ http://localhost:3030/_next/static/chunks/04m2_next_dist_01d_w1-._.js:2431
[ 5089980ms] [LOG] [Fast Refresh] done in 250ms @ http://localhost:3030/_next/static/chunks/04m2_next_dist_01d_w1-._.js:2431
[ 5090082ms] [LOG] [Fast Refresh] rebuilding @ http://localhost:3030/_next/static/chunks/04m2_next_dist_01d_w1-._.js:2431
[ 5090227ms] [LOG] [Fast Refresh] done in 246ms @ http://localhost:3030/_next/static/chunks/04m2_next_dist_01d_w1-._.js:2431
[ 5090526ms] [LOG] [Fast Refresh] rebuilding @ http://localhost:3030/_next/static/chunks/04m2_next_dist_01d_w1-._.js:2431
[ 5090542ms] [LOG] [Fast Refresh] done in 120ms @ http://localhost:3030/_next/static/chunks/04m2_next_dist_01d_w1-._.js:2431
[ 5090644ms] [LOG] [Fast Refresh] rebuilding @ http://localhost:3030/_next/static/chunks/04m2_next_dist_01d_w1-._.js:2431
[ 5090848ms] [INFO] %c%s%c [setup-health] background: #e6e6e6;background: light-dark(rgba(0,0,0,0.1), rgba(255,255,255,0.25));color: #000000;color: light-dark(#000000, #ffffff);border-radius: 2px  Server   panel-layout {tenantId: cmrvvipw70000oyyo6123270j, userId: cmrvvipy90009oyyocqnstw83, score: 40, completedCount: 2, totalCriticalCount: 5} @ http://localhost:3030/_next/static/chunks/04m2_next_dist_01d_w1-._.js:2431
[ 5090890ms] [LOG] [Fast Refresh] done in 346ms @ http://localhost:3030/_next/static/chunks/04m2_next_dist_01d_w1-._.js:2431
[ 5090992ms] [LOG] [Fast Refresh] rebuilding @ http://localhost:3030/_next/static/chunks/04m2_next_dist_01d_w1-._.js:2431
[ 5091048ms] [LOG] [Fast Refresh] done in 157ms @ http://localhost:3030/_next/static/chunks/04m2_next_dist_01d_w1-._.js:2431
[ 5091176ms] [LOG] [Fast Refresh] rebuilding @ http://localhost:3030/_next/static/chunks/04m2_next_dist_01d_w1-._.js:2431
[ 5091193ms] [LOG] [Fast Refresh] done in 126ms @ http://localhost:3030/_next/static/chunks/04m2_next_dist_01d_w1-._.js:2431
[ 5091356ms] [LOG] [Fast Refresh] rebuilding @ http://localhost:3030/_next/static/chunks/04m2_next_dist_01d_w1-._.js:2431
[ 5091502ms] [LOG] [Fast Refresh] done in 251ms @ http://localhost:3030/_next/static/chunks/04m2_next_dist_01d_w1-._.js:2431
[ 5091807ms] [LOG] [Fast Refresh] rebuilding @ http://localhost:3030/_next/static/chunks/04m2_next_dist_01d_w1-._.js:2431
[ 5091889ms] [LOG] [Fast Refresh] done in 188ms @ http://localhost:3030/_next/static/chunks/04m2_next_dist_01d_w1-._.js:2431
[ 5091902ms] [INFO] %c%s%c [setup-health] background: #e6e6e6;background: light-dark(rgba(0,0,0,0.1), rgba(255,255,255,0.25));color: #000000;color: light-dark(#000000, #ffffff);border-radius: 2px  Server   panel-layout {tenantId: cmrvvipw70000oyyo6123270j, userId: cmrvvipy90009oyyocqnstw83, score: 40, completedCount: 2, totalCriticalCount: 5} @ http://localhost:3030/_next/static/chunks/04m2_next_dist_01d_w1-._.js:2431
[ 5091991ms] [LOG] [Fast Refresh] rebuilding @ http://localhost:3030/_next/static/chunks/04m2_next_dist_01d_w1-._.js:2431
[ 5091992ms] [LOG] [Fast Refresh] done in 103ms @ http://localhost:3030/_next/static/chunks/04m2_next_dist_01d_w1-._.js:2431
[ 5092098ms] [LOG] [Fast Refresh] rebuilding @ http://localhost:3030/_next/static/chunks/04m2_next_dist_01d_w1-._.js:2431
[ 5092217ms] [LOG] [Fast Refresh] done in 224ms @ http://localhost:3030/_next/static/chunks/04m2_next_dist_01d_w1-._.js:2431
[ 5092324ms] [LOG] [Fast Refresh] rebuilding @ http://localhost:3030/_next/static/chunks/04m2_next_dist_01d_w1-._.js:2431
[ 5092423ms] [LOG] [Fast Refresh] done in 205ms @ http://localhost:3030/_next/static/chunks/04m2_next_dist_01d_w1-._.js:2431
[ 5092537ms] [LOG] [Fast Refresh] rebuilding @ http://localhost:3030/_next/static/chunks/04m2_next_dist_01d_w1-._.js:2431
[ 5092593ms] [LOG] [Fast Refresh] done in 157ms @ http://localhost:3030/_next/static/chunks/04m2_next_dist_01d_w1-._.js:2431
[ 5092695ms] [LOG] [Fast Refresh] rebuilding @ http://localhost:3030/_next/static/chunks/04m2_next_dist_01d_w1-._.js:2431
[ 5092835ms] [LOG] [Fast Refresh] done in 231ms @ http://localhost:3030/_next/static/chunks/04m2_next_dist_01d_w1-._.js:2431
[ 5093007ms] [LOG] [Fast Refresh] rebuilding @ http://localhost:3030/_next/static/chunks/04m2_next_dist_01d_w1-._.js:2431
[ 5093101ms] [INFO] %c%s%c [setup-health] background: #e6e6e6;background: light-dark(rgba(0,0,0,0.1), rgba(255,255,255,0.25));color: #000000;color: light-dark(#000000, #ffffff);border-radius: 2px  Server   panel-layout {tenantId: cmrvvipw70000oyyo6123270j, userId: cmrvvipy90009oyyocqnstw83, score: 40, completedCount: 2, totalCriticalCount: 5} @ http://localhost:3030/_next/static/chunks/04m2_next_dist_01d_w1-._.js:2431
[ 5093126ms] [LOG] [Fast Refresh] done in 222ms @ http://localhost:3030/_next/static/chunks/04m2_next_dist_01d_w1-._.js:2431
[ 5093230ms] [LOG] [Fast Refresh] rebuilding @ http://localhost:3030/_next/static/chunks/04m2_next_dist_01d_w1-._.js:2431
[ 5093435ms] [LOG] [Fast Refresh] done in 307ms @ http://localhost:3030/_next/static/chunks/04m2_next_dist_01d_w1-._.js:2431
[ 5093551ms] [LOG] [Fast Refresh] rebuilding @ http://localhost:3030/_next/static/chunks/04m2_next_dist_01d_w1-._.js:2431
[ 5093646ms] [LOG] [Fast Refresh] done in 197ms @ http://localhost:3030/_next/static/chunks/04m2_next_dist_01d_w1-._.js:2431
[ 5094048ms] [LOG] [Fast Refresh] rebuilding @ http://localhost:3030/_next/static/chunks/04m2_next_dist_01d_w1-._.js:2431
[ 5094220ms] [LOG] [Fast Refresh] done in 276ms @ http://localhost:3030/_next/static/chunks/04m2_next_dist_01d_w1-._.js:2431
[ 5094248ms] [INFO] %c%s%c [setup-health] background: #e6e6e6;background: light-dark(rgba(0,0,0,0.1), rgba(255,255,255,0.25));color: #000000;color: light-dark(#000000, #ffffff);border-radius: 2px  Server   panel-layout {tenantId: cmrvvipw70000oyyo6123270j, userId: cmrvvipy90009oyyocqnstw83, score: 40, completedCount: 2, totalCriticalCount: 5} @ http://localhost:3030/_next/static/chunks/04m2_next_dist_01d_w1-._.js:2431
[ 5094326ms] [LOG] [Fast Refresh] rebuilding @ http://localhost:3030/_next/static/chunks/04m2_next_dist_01d_w1-._.js:2431
[ 5094459ms] [LOG] [Fast Refresh] done in 238ms @ http://localhost:3030/_next/static/chunks/04m2_next_dist_01d_w1-._.js:2431
[ 5094754ms] [LOG] [Fast Refresh] rebuilding @ http://localhost:3030/_next/static/chunks/04m2_next_dist_01d_w1-._.js:2431
[ 5094801ms] [LOG] [Fast Refresh] done in 154ms @ http://localhost:3030/_next/static/chunks/04m2_next_dist_01d_w1-._.js:2431
[ 5094905ms] [LOG] [Fast Refresh] rebuilding @ http://localhost:3030/_next/static/chunks/04m2_next_dist_01d_w1-._.js:2431
[ 5094998ms] [LOG] [Fast Refresh] done in 194ms @ http://localhost:3030/_next/static/chunks/04m2_next_dist_01d_w1-._.js:2431
[ 5095111ms] [LOG] [Fast Refresh] rebuilding @ http://localhost:3030/_next/static/chunks/04m2_next_dist_01d_w1-._.js:2431
[ 5095183ms] [LOG] [Fast Refresh] done in 180ms @ http://localhost:3030/_next/static/chunks/04m2_next_dist_01d_w1-._.js:2431
[ 5095297ms] [LOG] [Fast Refresh] rebuilding @ http://localhost:3030/_next/static/chunks/04m2_next_dist_01d_w1-._.js:2431
[ 5095329ms] [LOG] [Fast Refresh] done in 145ms @ http://localhost:3030/_next/static/chunks/04m2_next_dist_01d_w1-._.js:2431
[ 5095330ms] [INFO] %c%s%c [setup-health] background: #e6e6e6;background: light-dark(rgba(0,0,0,0.1), rgba(255,255,255,0.25));color: #000000;color: light-dark(#000000, #ffffff);border-radius: 2px  Server   panel-layout {tenantId: cmrvvipw70000oyyo6123270j, userId: cmrvvipy90009oyyocqnstw83, score: 40, completedCount: 2, totalCriticalCount: 5} @ http://localhost:3030/_next/static/chunks/04m2_next_dist_01d_w1-._.js:2431
[ 5095430ms] [LOG] [Fast Refresh] rebuilding @ http://localhost:3030/_next/static/chunks/04m2_next_dist_01d_w1-._.js:2431
[ 5095594ms] [LOG] [Fast Refresh] done in 265ms @ http://localhost:3030/_next/static/chunks/04m2_next_dist_01d_w1-._.js:2431
[ 5095872ms] [LOG] [Fast Refresh] rebuilding @ http://localhost:3030/_next/static/chunks/04m2_next_dist_01d_w1-._.js:2431
[ 5095944ms] [LOG] [Fast Refresh] done in 175ms @ http://localhost:3030/_next/static/chunks/04m2_next_dist_01d_w1-._.js:2431
[ 5096150ms] [LOG] [Fast Refresh] rebuilding @ http://localhost:3030/_next/static/chunks/04m2_next_dist_01d_w1-._.js:2431
[ 5096170ms] [LOG] [Fast Refresh] done in 130ms @ http://localhost:3030/_next/static/chunks/04m2_next_dist_01d_w1-._.js:2431
[ 5096448ms] [LOG] [Fast Refresh] rebuilding @ http://localhost:3030/_next/static/chunks/04m2_next_dist_01d_w1-._.js:2431
[ 5096532ms] [LOG] [Fast Refresh] done in 190ms @ http://localhost:3030/_next/static/chunks/04m2_next_dist_01d_w1-._.js:2431
[ 5096542ms] [INFO] %c%s%c [setup-health] background: #e6e6e6;background: light-dark(rgba(0,0,0,0.1), rgba(255,255,255,0.25));color: #000000;color: light-dark(#000000, #ffffff);border-radius: 2px  Server   panel-layout {tenantId: cmrvvipw70000oyyo6123270j, userId: cmrvvipy90009oyyocqnstw83, score: 40, completedCount: 2, totalCriticalCount: 5} @ http://localhost:3030/_next/static/chunks/04m2_next_dist_01d_w1-._.js:2431
[ 5096636ms] [LOG] [Fast Refresh] rebuilding @ http://localhost:3030/_next/static/chunks/04m2_next_dist_01d_w1-._.js:2431
[ 5096686ms] [LOG] [Fast Refresh] done in 154ms @ http://localhost:3030/_next/static/chunks/04m2_next_dist_01d_w1-._.js:2431
[ 5096793ms] [LOG] [Fast Refresh] rebuilding @ http://localhost:3030/_next/static/chunks/04m2_next_dist_01d_w1-._.js:2431
[ 5097007ms] [LOG] [Fast Refresh] done in 314ms @ http://localhost:3030/_next/static/chunks/04m2_next_dist_01d_w1-._.js:2431
[ 5097250ms] [LOG] [Fast Refresh] rebuilding @ http://localhost:3030/_next/static/chunks/04m2_next_dist_01d_w1-._.js:2431
[ 5097292ms] [LOG] [Fast Refresh] done in 142ms @ http://localhost:3030/_next/static/chunks/04m2_next_dist_01d_w1-._.js:2431
[ 5097395ms] [LOG] [Fast Refresh] rebuilding @ http://localhost:3030/_next/static/chunks/04m2_next_dist_01d_w1-._.js:2431
[ 5097487ms] [LOG] [Fast Refresh] done in 194ms @ http://localhost:3030/_next/static/chunks/04m2_next_dist_01d_w1-._.js:2431
[ 5097591ms] [LOG] [Fast Refresh] rebuilding @ http://localhost:3030/_next/static/chunks/04m2_next_dist_01d_w1-._.js:2431
[ 5097679ms] [INFO] %c%s%c [setup-health] background: #e6e6e6;background: light-dark(rgba(0,0,0,0.1), rgba(255,255,255,0.25));color: #000000;color: light-dark(#000000, #ffffff);border-radius: 2px  Server   panel-layout {tenantId: cmrvvipw70000oyyo6123270j, userId: cmrvvipy90009oyyocqnstw83, score: 40, completedCount: 2, totalCriticalCount: 5} @ http://localhost:3030/_next/static/chunks/04m2_next_dist_01d_w1-._.js:2431
[ 5097741ms] [LOG] [Fast Refresh] done in 250ms @ http://localhost:3030/_next/static/chunks/04m2_next_dist_01d_w1-._.js:2431
[ 5097858ms] [LOG] [Fast Refresh] rebuilding @ http://localhost:3030/_next/static/chunks/04m2_next_dist_01d_w1-._.js:2431
[ 5097916ms] [LOG] [Fast Refresh] done in 165ms @ http://localhost:3030/_next/static/chunks/04m2_next_dist_01d_w1-._.js:2431
[ 5098018ms] [LOG] [Fast Refresh] rebuilding @ http://localhost:3030/_next/static/chunks/04m2_next_dist_01d_w1-._.js:2431
[ 5098024ms] [LOG] [Fast Refresh] done in 108ms @ http://localhost:3030/_next/static/chunks/04m2_next_dist_01d_w1-._.js:2431
[ 5098244ms] [LOG] [Fast Refresh] rebuilding @ http://localhost:3030/_next/static/chunks/04m2_next_dist_01d_w1-._.js:2431
[ 5098371ms] [LOG] [Fast Refresh] done in 230ms @ http://localhost:3030/_next/static/chunks/04m2_next_dist_01d_w1-._.js:2431
[ 5098623ms] [LOG] [Fast Refresh] rebuilding @ http://localhost:3030/_next/static/chunks/04m2_next_dist_01d_w1-._.js:2431
[ 5098678ms] [LOG] [Fast Refresh] done in 159ms @ http://localhost:3030/_next/static/chunks/04m2_next_dist_01d_w1-._.js:2431
[ 5098783ms] [LOG] [Fast Refresh] rebuilding @ http://localhost:3030/_next/static/chunks/04m2_next_dist_01d_w1-._.js:2431
[ 5098784ms] [INFO] %c%s%c [setup-health] background: #e6e6e6;background: light-dark(rgba(0,0,0,0.1), rgba(255,255,255,0.25));color: #000000;color: light-dark(#000000, #ffffff);border-radius: 2px  Server   panel-layout {tenantId: cmrvvipw70000oyyo6123270j, userId: cmrvvipy90009oyyocqnstw83, score: 40, completedCount: 2, totalCriticalCount: 5} @ http://localhost:3030/_next/static/chunks/04m2_next_dist_01d_w1-._.js:2431
[ 5098887ms] [LOG] [Fast Refresh] done in 207ms @ http://localhost:3030/_next/static/chunks/04m2_next_dist_01d_w1-._.js:2431
[ 5099546ms] [LOG] [Fast Refresh] rebuilding @ http://localhost:3030/_next/static/chunks/04m2_next_dist_01d_w1-._.js:2431
[ 5099666ms] [LOG] [Fast Refresh] done in 222ms @ http://localhost:3030/_next/static/chunks/04m2_next_dist_01d_w1-._.js:2431
[ 5099778ms] [LOG] [Fast Refresh] rebuilding @ http://localhost:3030/_next/static/chunks/04m2_next_dist_01d_w1-._.js:2431
[ 5099781ms] [LOG] [Fast Refresh] done in 108ms @ http://localhost:3030/_next/static/chunks/04m2_next_dist_01d_w1-._.js:2431
[ 5099886ms] [LOG] [Fast Refresh] rebuilding @ http://localhost:3030/_next/static/chunks/04m2_next_dist_01d_w1-._.js:2431
[ 5099969ms] [INFO] %c%s%c [setup-health] background: #e6e6e6;background: light-dark(rgba(0,0,0,0.1), rgba(255,255,255,0.25));color: #000000;color: light-dark(#000000, #ffffff);border-radius: 2px  Server   panel-layout {tenantId: cmrvvipw70000oyyo6123270j, userId: cmrvvipy90009oyyocqnstw83, score: 40, completedCount: 2, totalCriticalCount: 5} @ http://localhost:3030/_next/static/chunks/04m2_next_dist_01d_w1-._.js:2431
[ 5100013ms] [LOG] [Fast Refresh] done in 230ms @ http://localhost:3030/_next/static/chunks/04m2_next_dist_01d_w1-._.js:2431
[ 5100139ms] [LOG] [Fast Refresh] rebuilding @ http://localhost:3030/_next/static/chunks/04m2_next_dist_01d_w1-._.js:2431
[ 5100182ms] [LOG] [Fast Refresh] done in 154ms @ http://localhost:3030/_next/static/chunks/04m2_next_dist_01d_w1-._.js:2431
[ 5100300ms] [LOG] [Fast Refresh] rebuilding @ http://localhost:3030/_next/static/chunks/04m2_next_dist_01d_w1-._.js:2431
[ 5100423ms] [LOG] [Fast Refresh] done in 236ms @ http://localhost:3030/_next/static/chunks/04m2_next_dist_01d_w1-._.js:2431
[ 5100648ms] [LOG] [Fast Refresh] rebuilding @ http://localhost:3030/_next/static/chunks/04m2_next_dist_01d_w1-._.js:2431
[ 5100699ms] [LOG] [Fast Refresh] done in 153ms @ http://localhost:3030/_next/static/chunks/04m2_next_dist_01d_w1-._.js:2431
[ 5100808ms] [LOG] [Fast Refresh] rebuilding @ http://localhost:3030/_next/static/chunks/04m2_next_dist_01d_w1-._.js:2431
[ 5100863ms] [LOG] [Fast Refresh] done in 162ms @ http://localhost:3030/_next/static/chunks/04m2_next_dist_01d_w1-._.js:2431
[ 5100964ms] [LOG] [Fast Refresh] rebuilding @ http://localhost:3030/_next/static/chunks/04m2_next_dist_01d_w1-._.js:2431
[ 5101044ms] [INFO] %c%s%c [setup-health] background: #e6e6e6;background: light-dark(rgba(0,0,0,0.1), rgba(255,255,255,0.25));color: #000000;color: light-dark(#000000, #ffffff);border-radius: 2px  Server   panel-layout {tenantId: cmrvvipw70000oyyo6123270j, userId: cmrvvipy90009oyyocqnstw83, score: 40, completedCount: 2, totalCriticalCount: 5} @ http://localhost:3030/_next/static/chunks/04m2_next_dist_01d_w1-._.js:2431
[ 5101073ms] [LOG] [Fast Refresh] done in 209ms @ http://localhost:3030/_next/static/chunks/04m2_next_dist_01d_w1-._.js:2431
[ 5101192ms] [LOG] [Fast Refresh] rebuilding @ http://localhost:3030/_next/static/chunks/04m2_next_dist_01d_w1-._.js:2431
[ 5101226ms] [LOG] [Fast Refresh] done in 137ms @ http://localhost:3030/_next/static/chunks/04m2_next_dist_01d_w1-._.js:2431
[ 5101353ms] [LOG] [Fast Refresh] rebuilding @ http://localhost:3030/_next/static/chunks/04m2_next_dist_01d_w1-._.js:2431
[ 5101383ms] [LOG] [Fast Refresh] done in 133ms @ http://localhost:3030/_next/static/chunks/04m2_next_dist_01d_w1-._.js:2431
[ 5101486ms] [LOG] [Fast Refresh] rebuilding @ http://localhost:3030/_next/static/chunks/04m2_next_dist_01d_w1-._.js:2431
[ 5101717ms] [LOG] [Fast Refresh] done in 332ms @ http://localhost:3030/_next/static/chunks/04m2_next_dist_01d_w1-._.js:2431
[ 5101955ms] [LOG] [Fast Refresh] rebuilding @ http://localhost:3030/_next/static/chunks/04m2_next_dist_01d_w1-._.js:2431
[ 5101959ms] [LOG] [Fast Refresh] done in 114ms @ http://localhost:3030/_next/static/chunks/04m2_next_dist_01d_w1-._.js:2431
[ 5102129ms] [INFO] %c%s%c [setup-health] background: #e6e6e6;background: light-dark(rgba(0,0,0,0.1), rgba(255,255,255,0.25));color: #000000;color: light-dark(#000000, #ffffff);border-radius: 2px  Server   panel-layout {tenantId: cmrvvipw70000oyyo6123270j, userId: cmrvvipy90009oyyocqnstw83, score: 40, completedCount: 2, totalCriticalCount: 5} @ http://localhost:3030/_next/static/chunks/04m2_next_dist_01d_w1-._.js:2431
[ 5102223ms] [LOG] [Fast Refresh] rebuilding @ http://localhost:3030/_next/static/chunks/04m2_next_dist_01d_w1-._.js:2431
[ 5102654ms] [LOG] [Fast Refresh] done in 532ms @ http://localhost:3030/_next/static/chunks/04m2_next_dist_01d_w1-._.js:2431
[ 5103075ms] [LOG] [Fast Refresh] rebuilding @ http://localhost:3030/_next/static/chunks/04m2_next_dist_01d_w1-._.js:2431
[ 5103093ms] [LOG] [Fast Refresh] done in 123ms @ http://localhost:3030/_next/static/chunks/04m2_next_dist_01d_w1-._.js:2431
[ 5103195ms] [LOG] [Fast Refresh] rebuilding @ http://localhost:3030/_next/static/chunks/04m2_next_dist_01d_w1-._.js:2431
[ 5103288ms] [LOG] [Fast Refresh] done in 193ms @ http://localhost:3030/_next/static/chunks/04m2_next_dist_01d_w1-._.js:2431
[ 5103319ms] [INFO] %c%s%c [setup-health] background: #e6e6e6;background: light-dark(rgba(0,0,0,0.1), rgba(255,255,255,0.25));color: #000000;color: light-dark(#000000, #ffffff);border-radius: 2px  Server   panel-layout {tenantId: cmrvvipw70000oyyo6123270j, userId: cmrvvipy90009oyyocqnstw83, score: 40, completedCount: 2, totalCriticalCount: 5} @ http://localhost:3030/_next/static/chunks/04m2_next_dist_01d_w1-._.js:2431
[ 5103610ms] [LOG] [Fast Refresh] rebuilding @ http://localhost:3030/_next/static/chunks/04m2_next_dist_01d_w1-._.js:2431
[ 5103745ms] [LOG] [Fast Refresh] done in 242ms @ http://localhost:3030/_next/static/chunks/04m2_next_dist_01d_w1-._.js:2431
[ 5103846ms] [LOG] [Fast Refresh] rebuilding @ http://localhost:3030/_next/static/chunks/04m2_next_dist_01d_w1-._.js:2431
[ 5103874ms] [LOG] [Fast Refresh] done in 127ms @ http://localhost:3030/_next/static/chunks/04m2_next_dist_01d_w1-._.js:2431
[ 5104188ms] [LOG] [Fast Refresh] rebuilding @ http://localhost:3030/_next/static/chunks/04m2_next_dist_01d_w1-._.js:2431
[ 5104195ms] [LOG] [Fast Refresh] done in 146ms @ http://localhost:3030/_next/static/chunks/04m2_next_dist_01d_w1-._.js:2431
[ 5104360ms] [LOG] [Fast Refresh] rebuilding @ http://localhost:3030/_next/static/chunks/04m2_next_dist_01d_w1-._.js:2431
[ 5104476ms] [INFO] %c%s%c [setup-health] background: #e6e6e6;background: light-dark(rgba(0,0,0,0.1), rgba(255,255,255,0.25));color: #000000;color: light-dark(#000000, #ffffff);border-radius: 2px  Server   panel-layout {tenantId: cmrvvipw70000oyyo6123270j, userId: cmrvvipy90009oyyocqnstw83, score: 40, completedCount: 2, totalCriticalCount: 5} @ http://localhost:3030/_next/static/chunks/04m2_next_dist_01d_w1-._.js:2431
[ 5104561ms] [LOG] [Fast Refresh] done in 305ms @ http://localhost:3030/_next/static/chunks/04m2_next_dist_01d_w1-._.js:2431
[ 5104735ms] [LOG] [Fast Refresh] rebuilding @ http://localhost:3030/_next/static/chunks/04m2_next_dist_01d_w1-._.js:2431
[ 5104798ms] [LOG] [Fast Refresh] done in 170ms @ http://localhost:3030/_next/static/chunks/04m2_next_dist_01d_w1-._.js:2431
[ 5105048ms] [LOG] [Fast Refresh] rebuilding @ http://localhost:3030/_next/static/chunks/04m2_next_dist_01d_w1-._.js:2431
[ 5105171ms] [LOG] [Fast Refresh] done in 227ms @ http://localhost:3030/_next/static/chunks/04m2_next_dist_01d_w1-._.js:2431
[ 5105278ms] [LOG] [Fast Refresh] rebuilding @ http://localhost:3030/_next/static/chunks/04m2_next_dist_01d_w1-._.js:2431
[ 5105318ms] [LOG] [Fast Refresh] done in 142ms @ http://localhost:3030/_next/static/chunks/04m2_next_dist_01d_w1-._.js:2431
[ 5105421ms] [LOG] [Fast Refresh] rebuilding @ http://localhost:3030/_next/static/chunks/04m2_next_dist_01d_w1-._.js:2431
[ 5105520ms] [LOG] [Fast Refresh] done in 202ms @ http://localhost:3030/_next/static/chunks/04m2_next_dist_01d_w1-._.js:2431
[ 5105522ms] [INFO] %c%s%c [setup-health] background: #e6e6e6;background: light-dark(rgba(0,0,0,0.1), rgba(255,255,255,0.25));color: #000000;color: light-dark(#000000, #ffffff);border-radius: 2px  Server   panel-layout {tenantId: cmrvvipw70000oyyo6123270j, userId: cmrvvipy90009oyyocqnstw83, score: 40, completedCount: 2, totalCriticalCount: 5} @ http://localhost:3030/_next/static/chunks/04m2_next_dist_01d_w1-._.js:2431
[ 5105622ms] [LOG] [Fast Refresh] rebuilding @ http://localhost:3030/_next/static/chunks/04m2_next_dist_01d_w1-._.js:2431
[ 5105642ms] [LOG] [Fast Refresh] done in 120ms @ http://localhost:3030/_next/static/chunks/04m2_next_dist_01d_w1-._.js:2431
[ 5105755ms] [LOG] [Fast Refresh] rebuilding @ http://localhost:3030/_next/static/chunks/04m2_next_dist_01d_w1-._.js:2431
[ 5105896ms] [LOG] [Fast Refresh] done in 244ms @ http://localhost:3030/_next/static/chunks/04m2_next_dist_01d_w1-._.js:2431
[ 5106107ms] [LOG] [Fast Refresh] rebuilding @ http://localhost:3030/_next/static/chunks/04m2_next_dist_01d_w1-._.js:2431
[ 5106228ms] [LOG] [Fast Refresh] done in 225ms @ http://localhost:3030/_next/static/chunks/04m2_next_dist_01d_w1-._.js:2431
[ 5106331ms] [LOG] [Fast Refresh] rebuilding @ http://localhost:3030/_next/static/chunks/04m2_next_dist_01d_w1-._.js:2431
[ 5106482ms] [LOG] [Fast Refresh] done in 252ms @ http://localhost:3030/_next/static/chunks/04m2_next_dist_01d_w1-._.js:2431
[ 5106607ms] [LOG] [Fast Refresh] rebuilding @ http://localhost:3030/_next/static/chunks/04m2_next_dist_01d_w1-._.js:2431
[ 5106680ms] [LOG] [Fast Refresh] done in 181ms @ http://localhost:3030/_next/static/chunks/04m2_next_dist_01d_w1-._.js:2431
[ 5106750ms] [INFO] %c%s%c [setup-health] background: #e6e6e6;background: light-dark(rgba(0,0,0,0.1), rgba(255,255,255,0.25));color: #000000;color: light-dark(#000000, #ffffff);border-radius: 2px  Server   panel-layout {tenantId: cmrvvipw70000oyyo6123270j, userId: cmrvvipy90009oyyocqnstw83, score: 40, completedCount: 2, totalCriticalCount: 5} @ http://localhost:3030/_next/static/chunks/04m2_next_dist_01d_w1-._.js:2431
[ 5106957ms] [LOG] [Fast Refresh] rebuilding @ http://localhost:3030/_next/static/chunks/04m2_next_dist_01d_w1-._.js:2431
[ 5107038ms] [LOG] [Fast Refresh] done in 209ms @ http://localhost:3030/_next/static/chunks/04m2_next_dist_01d_w1-._.js:2431
[ 5107182ms] [LOG] [Fast Refresh] rebuilding @ http://localhost:3030/_next/static/chunks/04m2_next_dist_01d_w1-._.js:2431
[ 5107281ms] [LOG] [Fast Refresh] done in 204ms @ http://localhost:3030/_next/static/chunks/04m2_next_dist_01d_w1-._.js:2431
[ 5107557ms] [LOG] [Fast Refresh] rebuilding @ http://localhost:3030/_next/static/chunks/04m2_next_dist_01d_w1-._.js:2431
[ 5107734ms] [LOG] [Fast Refresh] done in 277ms @ http://localhost:3030/_next/static/chunks/04m2_next_dist_01d_w1-._.js:2431
[ 5107862ms] [LOG] [Fast Refresh] rebuilding @ http://localhost:3030/_next/static/chunks/04m2_next_dist_01d_w1-._.js:2431
[ 5107943ms] [INFO] %c%s%c [setup-health] background: #e6e6e6;background: light-dark(rgba(0,0,0,0.1), rgba(255,255,255,0.25));color: #000000;color: light-dark(#000000, #ffffff);border-radius: 2px  Server   panel-layout {tenantId: cmrvvipw70000oyyo6123270j, userId: cmrvvipy90009oyyocqnstw83, score: 40, completedCount: 2, totalCriticalCount: 5} @ http://localhost:3030/_next/static/chunks/04m2_next_dist_01d_w1-._.js:2431
[ 5108042ms] [LOG] [Fast Refresh] done in 284ms @ http://localhost:3030/_next/static/chunks/04m2_next_dist_01d_w1-._.js:2431
[ 5108427ms] [LOG] [Fast Refresh] rebuilding @ http://localhost:3030/_next/static/chunks/04m2_next_dist_01d_w1-._.js:2431
[ 5108430ms] [LOG] [Fast Refresh] done in 116ms @ http://localhost:3030/_next/static/chunks/04m2_next_dist_01d_w1-._.js:2431
[ 5108532ms] [LOG] [Fast Refresh] rebuilding @ http://localhost:3030/_next/static/chunks/04m2_next_dist_01d_w1-._.js:2431
[ 5108641ms] [LOG] [Fast Refresh] done in 210ms @ http://localhost:3030/_next/static/chunks/04m2_next_dist_01d_w1-._.js:2431
[ 5108935ms] [LOG] [Fast Refresh] rebuilding @ http://localhost:3030/_next/static/chunks/04m2_next_dist_01d_w1-._.js:2431
[ 5109028ms] [LOG] [Fast Refresh] done in 194ms @ http://localhost:3030/_next/static/chunks/04m2_next_dist_01d_w1-._.js:2431
[ 5109051ms] [INFO] %c%s%c [setup-health] background: #e6e6e6;background: light-dark(rgba(0,0,0,0.1), rgba(255,255,255,0.25));color: #000000;color: light-dark(#000000, #ffffff);border-radius: 2px  Server   panel-layout {tenantId: cmrvvipw70000oyyo6123270j, userId: cmrvvipy90009oyyocqnstw83, score: 40, completedCount: 2, totalCriticalCount: 5} @ http://localhost:3030/_next/static/chunks/04m2_next_dist_01d_w1-._.js:2431
[ 5109142ms] [LOG] [Fast Refresh] rebuilding @ http://localhost:3030/_next/static/chunks/04m2_next_dist_01d_w1-._.js:2431
[ 5109145ms] [LOG] [Fast Refresh] done in 116ms @ http://localhost:3030/_next/static/chunks/04m2_next_dist_01d_w1-._.js:2431
[ 5109247ms] [LOG] [Fast Refresh] rebuilding @ http://localhost:3030/_next/static/chunks/04m2_next_dist_01d_w1-._.js:2431
[ 5109324ms] [LOG] [Fast Refresh] done in 178ms @ http://localhost:3030/_next/static/chunks/04m2_next_dist_01d_w1-._.js:2431
[ 5109436ms] [LOG] [Fast Refresh] rebuilding @ http://localhost:3030/_next/static/chunks/04m2_next_dist_01d_w1-._.js:2431
[ 5109452ms] [LOG] [Fast Refresh] done in 119ms @ http://localhost:3030/_next/static/chunks/04m2_next_dist_01d_w1-._.js:2431
[ 5109556ms] [LOG] [Fast Refresh] rebuilding @ http://localhost:3030/_next/static/chunks/04m2_next_dist_01d_w1-._.js:2431
[ 5109682ms] [LOG] [Fast Refresh] done in 229ms @ http://localhost:3030/_next/static/chunks/04m2_next_dist_01d_w1-._.js:2431
[ 5109920ms] [LOG] [Fast Refresh] rebuilding @ http://localhost:3030/_next/static/chunks/04m2_next_dist_01d_w1-._.js:2431
[ 5109977ms] [LOG] [Fast Refresh] done in 165ms @ http://localhost:3030/_next/static/chunks/04m2_next_dist_01d_w1-._.js:2431
[ 5110089ms] [LOG] [Fast Refresh] rebuilding @ http://localhost:3030/_next/static/chunks/04m2_next_dist_01d_w1-._.js:2431
[ 5110224ms] [INFO] %c%s%c [setup-health] background: #e6e6e6;background: light-dark(rgba(0,0,0,0.1), rgba(255,255,255,0.25));color: #000000;color: light-dark(#000000, #ffffff);border-radius: 2px  Server   panel-layout {tenantId: cmrvvipw70000oyyo6123270j, userId: cmrvvipy90009oyyocqnstw83, score: 40, completedCount: 2, totalCriticalCount: 5} @ http://localhost:3030/_next/static/chunks/04m2_next_dist_01d_w1-._.js:2431
[ 5110250ms] [LOG] [Fast Refresh] done in 263ms @ http://localhost:3030/_next/static/chunks/04m2_next_dist_01d_w1-._.js:2431
[ 5110370ms] [LOG] [Fast Refresh] rebuilding @ http://localhost:3030/_next/static/chunks/04m2_next_dist_01d_w1-._.js:2431
[ 5110377ms] [LOG] [Fast Refresh] done in 113ms @ http://localhost:3030/_next/static/chunks/04m2_next_dist_01d_w1-._.js:2431
[ 5110489ms] [LOG] [Fast Refresh] rebuilding @ http://localhost:3030/_next/static/chunks/04m2_next_dist_01d_w1-._.js:2431
[ 5110629ms] [LOG] [Fast Refresh] done in 241ms @ http://localhost:3030/_next/static/chunks/04m2_next_dist_01d_w1-._.js:2431
[ 5111149ms] [LOG] [Fast Refresh] rebuilding @ http://localhost:3030/_next/static/chunks/04m2_next_dist_01d_w1-._.js:2431
[ 5111338ms] [LOG] [Fast Refresh] done in 294ms @ http://localhost:3030/_next/static/chunks/04m2_next_dist_01d_w1-._.js:2431
[ 5111359ms] [INFO] %c%s%c [setup-health] background: #e6e6e6;background: light-dark(rgba(0,0,0,0.1), rgba(255,255,255,0.25));color: #000000;color: light-dark(#000000, #ffffff);border-radius: 2px  Server   panel-layout {tenantId: cmrvvipw70000oyyo6123270j, userId: cmrvvipy90009oyyocqnstw83, score: 40, completedCount: 2, totalCriticalCount: 5} @ http://localhost:3030/_next/static/chunks/04m2_next_dist_01d_w1-._.js:2431
[ 5111747ms] [LOG] [Fast Refresh] rebuilding @ http://localhost:3030/_next/static/chunks/04m2_next_dist_01d_w1-._.js:2431
[ 5111920ms] [LOG] [Fast Refresh] done in 279ms @ http://localhost:3030/_next/static/chunks/04m2_next_dist_01d_w1-._.js:2431
[ 5112347ms] [LOG] [Fast Refresh] rebuilding @ http://localhost:3030/_next/static/chunks/04m2_next_dist_01d_w1-._.js:2431
[ 5112468ms] [LOG] [Fast Refresh] done in 228ms @ http://localhost:3030/_next/static/chunks/04m2_next_dist_01d_w1-._.js:2431
[ 5112484ms] [INFO] %c%s%c [setup-health] background: #e6e6e6;background: light-dark(rgba(0,0,0,0.1), rgba(255,255,255,0.25));color: #000000;color: light-dark(#000000, #ffffff);border-radius: 2px  Server   panel-layout {tenantId: cmrvvipw70000oyyo6123270j, userId: cmrvvipy90009oyyocqnstw83, score: 40, completedCount: 2, totalCriticalCount: 5} @ http://localhost:3030/_next/static/chunks/04m2_next_dist_01d_w1-._.js:2431
[ 5112571ms] [LOG] [Fast Refresh] rebuilding @ http://localhost:3030/_next/static/chunks/04m2_next_dist_01d_w1-._.js:2431
[ 5112575ms] [LOG] [Fast Refresh] done in 106ms @ http://localhost:3030/_next/static/chunks/04m2_next_dist_01d_w1-._.js:2431
[ 5112678ms] [LOG] [Fast Refresh] rebuilding @ http://localhost:3030/_next/static/chunks/04m2_next_dist_01d_w1-._.js:2431
[ 5112787ms] [LOG] [Fast Refresh] done in 211ms @ http://localhost:3030/_next/static/chunks/04m2_next_dist_01d_w1-._.js:2431
[ 5112890ms] [LOG] [Fast Refresh] rebuilding @ http://localhost:3030/_next/static/chunks/04m2_next_dist_01d_w1-._.js:2431
[ 5112912ms] [LOG] [Fast Refresh] done in 124ms @ http://localhost:3030/_next/static/chunks/04m2_next_dist_01d_w1-._.js:2431
[ 5113337ms] [LOG] [Fast Refresh] rebuilding @ http://localhost:3030/_next/static/chunks/04m2_next_dist_01d_w1-._.js:2431
[ 5113462ms] [LOG] [Fast Refresh] done in 235ms @ http://localhost:3030/_next/static/chunks/04m2_next_dist_01d_w1-._.js:2431
[ 5113708ms] [INFO] %c%s%c [setup-health] background: #e6e6e6;background: light-dark(rgba(0,0,0,0.1), rgba(255,255,255,0.25));color: #000000;color: light-dark(#000000, #ffffff);border-radius: 2px  Server   panel-layout {tenantId: cmrvvipw70000oyyo6123270j, userId: cmrvvipy90009oyyocqnstw83, score: 40, completedCount: 2, totalCriticalCount: 5} @ http://localhost:3030/_next/static/chunks/04m2_next_dist_01d_w1-._.js:2431
[ 5113843ms] [LOG] [Fast Refresh] rebuilding @ http://localhost:3030/_next/static/chunks/04m2_next_dist_01d_w1-._.js:2431
[ 5113912ms] [LOG] [Fast Refresh] done in 177ms @ http://localhost:3030/_next/static/chunks/04m2_next_dist_01d_w1-._.js:2431
[ 5114022ms] [LOG] [Fast Refresh] rebuilding @ http://localhost:3030/_next/static/chunks/04m2_next_dist_01d_w1-._.js:2431
[ 5114150ms] [LOG] [Fast Refresh] done in 238ms @ http://localhost:3030/_next/static/chunks/04m2_next_dist_01d_w1-._.js:2431
[ 5114255ms] [LOG] [Fast Refresh] rebuilding @ http://localhost:3030/_next/static/chunks/04m2_next_dist_01d_w1-._.js:2431
[ 5114310ms] [LOG] [Fast Refresh] done in 157ms @ http://localhost:3030/_next/static/chunks/04m2_next_dist_01d_w1-._.js:2431
[ 5114415ms] [LOG] [Fast Refresh] rebuilding @ http://localhost:3030/_next/static/chunks/04m2_next_dist_01d_w1-._.js:2431
[ 5114415ms] [LOG] [Fast Refresh] done in 105ms @ http://localhost:3030/_next/static/chunks/04m2_next_dist_01d_w1-._.js:2431
[ 5114587ms] [LOG] [Fast Refresh] rebuilding @ http://localhost:3030/_next/static/chunks/04m2_next_dist_01d_w1-._.js:2431
[ 5114805ms] [LOG] [Fast Refresh] done in 319ms @ http://localhost:3030/_next/static/chunks/04m2_next_dist_01d_w1-._.js:2431
[ 5114845ms] [INFO] %c%s%c [setup-health] background: #e6e6e6;background: light-dark(rgba(0,0,0,0.1), rgba(255,255,255,0.25));color: #000000;color: light-dark(#000000, #ffffff);border-radius: 2px  Server   panel-layout {tenantId: cmrvvipw70000oyyo6123270j, userId: cmrvvipy90009oyyocqnstw83, score: 40, completedCount: 2, totalCriticalCount: 5} @ http://localhost:3030/_next/static/chunks/04m2_next_dist_01d_w1-._.js:2431
[ 5115296ms] [LOG] [Fast Refresh] rebuilding @ http://localhost:3030/_next/static/chunks/04m2_next_dist_01d_w1-._.js:2431
[ 5115299ms] [LOG] [Fast Refresh] done in 109ms @ http://localhost:3030/_next/static/chunks/04m2_next_dist_01d_w1-._.js:2431
[ 5115787ms] [LOG] [Fast Refresh] rebuilding @ http://localhost:3030/_next/static/chunks/04m2_next_dist_01d_w1-._.js:2431
[ 5115865ms] [LOG] [Fast Refresh] done in 184ms @ http://localhost:3030/_next/static/chunks/04m2_next_dist_01d_w1-._.js:2431
[ 5115898ms] [INFO] %c%s%c [setup-health] background: #e6e6e6;background: light-dark(rgba(0,0,0,0.1), rgba(255,255,255,0.25));color: #000000;color: light-dark(#000000, #ffffff);border-radius: 2px  Server   panel-layout {tenantId: cmrvvipw70000oyyo6123270j, userId: cmrvvipy90009oyyocqnstw83, score: 40, completedCount: 2, totalCriticalCount: 5} @ http://localhost:3030/_next/static/chunks/04m2_next_dist_01d_w1-._.js:2431
[ 5116244ms] [LOG] [Fast Refresh] rebuilding @ http://localhost:3030/_next/static/chunks/04m2_next_dist_01d_w1-._.js:2431
[ 5116281ms] [LOG] [Fast Refresh] done in 148ms @ http://localhost:3030/_next/static/chunks/04m2_next_dist_01d_w1-._.js:2431
[ 5116388ms] [LOG] [Fast Refresh] rebuilding @ http://localhost:3030/_next/static/chunks/04m2_next_dist_01d_w1-._.js:2431
[ 5116525ms] [LOG] [Fast Refresh] done in 244ms @ http://localhost:3030/_next/static/chunks/04m2_next_dist_01d_w1-._.js:2431
[ 5116720ms] [LOG] [Fast Refresh] rebuilding @ http://localhost:3030/_next/static/chunks/04m2_next_dist_01d_w1-._.js:2431
[ 5116831ms] [LOG] [Fast Refresh] done in 213ms @ http://localhost:3030/_next/static/chunks/04m2_next_dist_01d_w1-._.js:2431
[ 5116994ms] [INFO] %c%s%c [setup-health] background: #e6e6e6;background: light-dark(rgba(0,0,0,0.1), rgba(255,255,255,0.25));color: #000000;color: light-dark(#000000, #ffffff);border-radius: 2px  Server   panel-layout {tenantId: cmrvvipw70000oyyo6123270j, userId: cmrvvipy90009oyyocqnstw83, score: 40, completedCount: 2, totalCriticalCount: 5} @ http://localhost:3030/_next/static/chunks/04m2_next_dist_01d_w1-._.js:2431
[ 5117336ms] [LOG] [Fast Refresh] rebuilding @ http://localhost:3030/_next/static/chunks/04m2_next_dist_01d_w1-._.js:2431
[ 5117446ms] [LOG] [Fast Refresh] done in 217ms @ http://localhost:3030/_next/static/chunks/04m2_next_dist_01d_w1-._.js:2431
[ 5117738ms] [LOG] [Fast Refresh] rebuilding @ http://localhost:3030/_next/static/chunks/04m2_next_dist_01d_w1-._.js:2431
[ 5117764ms] [LOG] [Fast Refresh] done in 126ms @ http://localhost:3030/_next/static/chunks/04m2_next_dist_01d_w1-._.js:2431
[ 5117867ms] [LOG] [Fast Refresh] rebuilding @ http://localhost:3030/_next/static/chunks/04m2_next_dist_01d_w1-._.js:2431
[ 5117914ms] [LOG] [Fast Refresh] done in 150ms @ http://localhost:3030/_next/static/chunks/04m2_next_dist_01d_w1-._.js:2431
[ 5118053ms] [LOG] [Fast Refresh] rebuilding @ http://localhost:3030/_next/static/chunks/04m2_next_dist_01d_w1-._.js:2431
[ 5118245ms] [INFO] %c%s%c [setup-health] background: #e6e6e6;background: light-dark(rgba(0,0,0,0.1), rgba(255,255,255,0.25));color: #000000;color: light-dark(#000000, #ffffff);border-radius: 2px  Server   panel-layout {tenantId: cmrvvipw70000oyyo6123270j, userId: cmrvvipy90009oyyocqnstw83, score: 40, completedCount: 2, totalCriticalCount: 5} @ http://localhost:3030/_next/static/chunks/04m2_next_dist_01d_w1-._.js:2431
[ 5118308ms] [LOG] [Fast Refresh] done in 361ms @ http://localhost:3030/_next/static/chunks/04m2_next_dist_01d_w1-._.js:2431
[ 5118906ms] [LOG] [Fast Refresh] rebuilding @ http://localhost:3030/_next/static/chunks/04m2_next_dist_01d_w1-._.js:2431
[ 5119004ms] [LOG] [Fast Refresh] done in 200ms @ http://localhost:3030/_next/static/chunks/04m2_next_dist_01d_w1-._.js:2431
[ 5119159ms] [LOG] [Fast Refresh] rebuilding @ http://localhost:3030/_next/static/chunks/04m2_next_dist_01d_w1-._.js:2431
[ 5119177ms] [LOG] [Fast Refresh] done in 120ms @ http://localhost:3030/_next/static/chunks/04m2_next_dist_01d_w1-._.js:2431
[ 5119280ms] [LOG] [Fast Refresh] rebuilding @ http://localhost:3030/_next/static/chunks/04m2_next_dist_01d_w1-._.js:2431
[ 5119313ms] [LOG] [Fast Refresh] done in 136ms @ http://localhost:3030/_next/static/chunks/04m2_next_dist_01d_w1-._.js:2431
[ 5119323ms] [INFO] %c%s%c [setup-health] background: #e6e6e6;background: light-dark(rgba(0,0,0,0.1), rgba(255,255,255,0.25));color: #000000;color: light-dark(#000000, #ffffff);border-radius: 2px  Server   panel-layout {tenantId: cmrvvipw70000oyyo6123270j, userId: cmrvvipy90009oyyocqnstw83, score: 40, completedCount: 2, totalCriticalCount: 5} @ http://localhost:3030/_next/static/chunks/04m2_next_dist_01d_w1-._.js:2431
[ 5119427ms] [LOG] [Fast Refresh] rebuilding @ http://localhost:3030/_next/static/chunks/04m2_next_dist_01d_w1-._.js:2431
[ 5119458ms] [LOG] [Fast Refresh] done in 135ms @ http://localhost:3030/_next/static/chunks/04m2_next_dist_01d_w1-._.js:2431
[ 5119559ms] [LOG] [Fast Refresh] rebuilding @ http://localhost:3030/_next/static/chunks/04m2_next_dist_01d_w1-._.js:2431
[ 5119660ms] [LOG] [Fast Refresh] done in 202ms @ http://localhost:3030/_next/static/chunks/04m2_next_dist_01d_w1-._.js:2431
[ 5119839ms] [LOG] [Fast Refresh] rebuilding @ http://localhost:3030/_next/static/chunks/04m2_next_dist_01d_w1-._.js:2431
[ 5119898ms] [LOG] [Fast Refresh] done in 164ms @ http://localhost:3030/_next/static/chunks/04m2_next_dist_01d_w1-._.js:2431
[ 5120001ms] [LOG] [Fast Refresh] rebuilding @ http://localhost:3030/_next/static/chunks/04m2_next_dist_01d_w1-._.js:2431
[ 5120005ms] [LOG] [Fast Refresh] done in 105ms @ http://localhost:3030/_next/static/chunks/04m2_next_dist_01d_w1-._.js:2431
[ 5120108ms] [LOG] [Fast Refresh] rebuilding @ http://localhost:3030/_next/static/chunks/04m2_next_dist_01d_w1-._.js:2431
[ 5120140ms] [LOG] [Fast Refresh] done in 135ms @ http://localhost:3030/_next/static/chunks/04m2_next_dist_01d_w1-._.js:2431
[ 5120254ms] [LOG] [Fast Refresh] rebuilding @ http://localhost:3030/_next/static/chunks/04m2_next_dist_01d_w1-._.js:2431
[ 5120578ms] [INFO] %c%s%c [setup-health] background: #e6e6e6;background: light-dark(rgba(0,0,0,0.1), rgba(255,255,255,0.25));color: #000000;color: light-dark(#000000, #ffffff);border-radius: 2px  Server   panel-layout {tenantId: cmrvvipw70000oyyo6123270j, userId: cmrvvipy90009oyyocqnstw83, score: 40, completedCount: 2, totalCriticalCount: 5} @ http://localhost:3030/_next/static/chunks/04m2_next_dist_01d_w1-._.js:2431
[ 5124050ms] [LOG] [Fast Refresh] done in 3899ms @ http://localhost:3030/_next/static/chunks/04m2_next_dist_01d_w1-._.js:2431
[ 5124380ms] [INFO] %c%s%c [setup-health] background: #e6e6e6;background: light-dark(rgba(0,0,0,0.1), rgba(255,255,255,0.25));color: #000000;color: light-dark(#000000, #ffffff);border-radius: 2px  Server   panel-layout {tenantId: cmrvvipw70000oyyo6123270j, userId: cmrvvipy90009oyyocqnstw83, score: 40, completedCount: 2, totalCriticalCount: 5} @ http://localhost:3030/_next/static/chunks/04m2_next_dist_01d_w1-._.js:2431
[ 5124474ms] [INFO] %c%s%c [setup-health] background: #e6e6e6;background: light-dark(rgba(0,0,0,0.1), rgba(255,255,255,0.25));color: #000000;color: light-dark(#000000, #ffffff);border-radius: 2px  Server   panel-layout {tenantId: cmrvvipw70000oyyo6123270j, userId: cmrvvipy90009oyyocqnstw83, score: 40, completedCount: 2, totalCriticalCount: 5} @ http://localhost:3030/_next/static/chunks/04m2_next_dist_01d_w1-._.js:2431
[ 5124875ms] [LOG] [Fast Refresh] rebuilding @ http://localhost:3030/_next/static/chunks/04m2_next_dist_01d_w1-._.js:2431
[ 5125063ms] [LOG] [Fast Refresh] done in 288ms @ http://localhost:3030/_next/static/chunks/04m2_next_dist_01d_w1-._.js:2431
[ 5125522ms] [LOG] [Fast Refresh] rebuilding @ http://localhost:3030/_next/static/chunks/04m2_next_dist_01d_w1-._.js:2431
[ 5125716ms] [LOG] [Fast Refresh] done in 296ms @ http://localhost:3030/_next/static/chunks/04m2_next_dist_01d_w1-._.js:2431
[ 5126004ms] [LOG] [Fast Refresh] rebuilding @ http://localhost:3030/_next/static/chunks/04m2_next_dist_01d_w1-._.js:2431
[ 5126141ms] [LOG] [Fast Refresh] done in 238ms @ http://localhost:3030/_next/static/chunks/04m2_next_dist_01d_w1-._.js:2431
[ 5126182ms] [INFO] %c%s%c [setup-health] background: #e6e6e6;background: light-dark(rgba(0,0,0,0.1), rgba(255,255,255,0.25));color: #000000;color: light-dark(#000000, #ffffff);border-radius: 2px  Server   panel-layout {tenantId: cmrvvipw70000oyyo6123270j, userId: cmrvvipy90009oyyocqnstw83, score: 40, completedCount: 2, totalCriticalCount: 5} @ http://localhost:3030/_next/static/chunks/04m2_next_dist_01d_w1-._.js:2431
[ 5126753ms] [LOG] [Fast Refresh] rebuilding @ http://localhost:3030/_next/static/chunks/04m2_next_dist_01d_w1-._.js:2431
[ 5126873ms] [LOG] [Fast Refresh] done in 224ms @ http://localhost:3030/_next/static/chunks/04m2_next_dist_01d_w1-._.js:2431
[ 5127121ms] [LOG] [Fast Refresh] rebuilding @ http://localhost:3030/_next/static/chunks/04m2_next_dist_01d_w1-._.js:2431
[ 5127156ms] [LOG] [Fast Refresh] done in 135ms @ http://localhost:3030/_next/static/chunks/04m2_next_dist_01d_w1-._.js:2431
[ 5127257ms] [LOG] [Fast Refresh] rebuilding @ http://localhost:3030/_next/static/chunks/04m2_next_dist_01d_w1-._.js:2431
[ 5127497ms] [LOG] [Fast Refresh] done in 335ms @ http://localhost:3030/_next/static/chunks/04m2_next_dist_01d_w1-._.js:2431
[ 5127689ms] [INFO] %c%s%c [setup-health] background: #e6e6e6;background: light-dark(rgba(0,0,0,0.1), rgba(255,255,255,0.25));color: #000000;color: light-dark(#000000, #ffffff);border-radius: 2px  Server   panel-layout {tenantId: cmrvvipw70000oyyo6123270j, userId: cmrvvipy90009oyyocqnstw83, score: 40, completedCount: 2, totalCriticalCount: 5} @ http://localhost:3030/_next/static/chunks/04m2_next_dist_01d_w1-._.js:2431
[ 5128047ms] [LOG] [Fast Refresh] rebuilding @ http://localhost:3030/_next/static/chunks/04m2_next_dist_01d_w1-._.js:2431
[ 5128408ms] [LOG] [Fast Refresh] done in 471ms @ http://localhost:3030/_next/static/chunks/04m2_next_dist_01d_w1-._.js:2431
[ 5128659ms] [LOG] [Fast Refresh] rebuilding @ http://localhost:3030/_next/static/chunks/04m2_next_dist_01d_w1-._.js:2431
[ 5128730ms] [LOG] [Fast Refresh] done in 174ms @ http://localhost:3030/_next/static/chunks/04m2_next_dist_01d_w1-._.js:2431
[ 5128833ms] [LOG] [Fast Refresh] rebuilding @ http://localhost:3030/_next/static/chunks/04m2_next_dist_01d_w1-._.js:2431
[ 5128878ms] [LOG] [Fast Refresh] done in 146ms @ http://localhost:3030/_next/static/chunks/04m2_next_dist_01d_w1-._.js:2431
[ 5129046ms] [LOG] [Fast Refresh] rebuilding @ http://localhost:3030/_next/static/chunks/04m2_next_dist_01d_w1-._.js:2431
[ 5129049ms] [INFO] %c%s%c [setup-health] background: #e6e6e6;background: light-dark(rgba(0,0,0,0.1), rgba(255,255,255,0.25));color: #000000;color: light-dark(#000000, #ffffff);border-radius: 2px  Server   panel-layout {tenantId: cmrvvipw70000oyyo6123270j, userId: cmrvvipy90009oyyocqnstw83, score: 40, completedCount: 2, totalCriticalCount: 5} @ http://localhost:3030/_next/static/chunks/04m2_next_dist_01d_w1-._.js:2431
[ 5129196ms] [LOG] [Fast Refresh] done in 253ms @ http://localhost:3030/_next/static/chunks/04m2_next_dist_01d_w1-._.js:2431
[ 5129438ms] [LOG] [Fast Refresh] rebuilding @ http://localhost:3030/_next/static/chunks/04m2_next_dist_01d_w1-._.js:2431
[ 5129462ms] [LOG] [Fast Refresh] done in 150ms @ http://localhost:3030/_next/static/chunks/04m2_next_dist_01d_w1-._.js:2431
[ 5129566ms] [LOG] [Fast Refresh] rebuilding @ http://localhost:3030/_next/static/chunks/04m2_next_dist_01d_w1-._.js:2431
[ 5129812ms] [LOG] [Fast Refresh] done in 348ms @ http://localhost:3030/_next/static/chunks/04m2_next_dist_01d_w1-._.js:2431
[ 5130092ms] [LOG] [Fast Refresh] rebuilding @ http://localhost:3030/_next/static/chunks/04m2_next_dist_01d_w1-._.js:2431
[ 5130209ms] [LOG] [Fast Refresh] done in 227ms @ http://localhost:3030/_next/static/chunks/04m2_next_dist_01d_w1-._.js:2431
[ 5130237ms] [INFO] %c%s%c [setup-health] background: #e6e6e6;background: light-dark(rgba(0,0,0,0.1), rgba(255,255,255,0.25));color: #000000;color: light-dark(#000000, #ffffff);border-radius: 2px  Server   panel-layout {tenantId: cmrvvipw70000oyyo6123270j, userId: cmrvvipy90009oyyocqnstw83, score: 40, completedCount: 2, totalCriticalCount: 5} @ http://localhost:3030/_next/static/chunks/04m2_next_dist_01d_w1-._.js:2431
[ 5130770ms] [LOG] [Fast Refresh] rebuilding @ http://localhost:3030/_next/static/chunks/04m2_next_dist_01d_w1-._.js:2431
[ 5130878ms] [LOG] [Fast Refresh] done in 215ms @ http://localhost:3030/_next/static/chunks/04m2_next_dist_01d_w1-._.js:2431
[ 5131127ms] [LOG] [Fast Refresh] rebuilding @ http://localhost:3030/_next/static/chunks/04m2_next_dist_01d_w1-._.js:2431
[ 5131172ms] [LOG] [Fast Refresh] done in 148ms @ http://localhost:3030/_next/static/chunks/04m2_next_dist_01d_w1-._.js:2431
[ 5131371ms] [INFO] %c%s%c [setup-health] background: #e6e6e6;background: light-dark(rgba(0,0,0,0.1), rgba(255,255,255,0.25));color: #000000;color: light-dark(#000000, #ffffff);border-radius: 2px  Server   panel-layout {tenantId: cmrvvipw70000oyyo6123270j, userId: cmrvvipy90009oyyocqnstw83, score: 40, completedCount: 2, totalCriticalCount: 5} @ http://localhost:3030/_next/static/chunks/04m2_next_dist_01d_w1-._.js:2431
[ 5131927ms] [LOG] [Fast Refresh] rebuilding @ http://localhost:3030/_next/static/chunks/04m2_next_dist_01d_w1-._.js:2431
[ 5132039ms] [LOG] [Fast Refresh] done in 218ms @ http://localhost:3030/_next/static/chunks/04m2_next_dist_01d_w1-._.js:2431
[ 5132247ms] [LOG] [Fast Refresh] rebuilding @ http://localhost:3030/_next/static/chunks/04m2_next_dist_01d_w1-._.js:2431
[ 5132331ms] [LOG] [Fast Refresh] done in 186ms @ http://localhost:3030/_next/static/chunks/04m2_next_dist_01d_w1-._.js:2431
[ 5132432ms] [LOG] [Fast Refresh] rebuilding @ http://localhost:3030/_next/static/chunks/04m2_next_dist_01d_w1-._.js:2431
[ 5132447ms] [LOG] [Fast Refresh] done in 116ms @ http://localhost:3030/_next/static/chunks/04m2_next_dist_01d_w1-._.js:2431
[ 5132598ms] [INFO] %c%s%c [setup-health] background: #e6e6e6;background: light-dark(rgba(0,0,0,0.1), rgba(255,255,255,0.25));color: #000000;color: light-dark(#000000, #ffffff);border-radius: 2px  Server   panel-layout {tenantId: cmrvvipw70000oyyo6123270j, userId: cmrvvipy90009oyyocqnstw83, score: 40, completedCount: 2, totalCriticalCount: 5} @ http://localhost:3030/_next/static/chunks/04m2_next_dist_01d_w1-._.js:2431
[ 5132943ms] [LOG] [Fast Refresh] rebuilding @ http://localhost:3030/_next/static/chunks/04m2_next_dist_01d_w1-._.js:2431
[ 5132991ms] [LOG] [Fast Refresh] done in 153ms @ http://localhost:3030/_next/static/chunks/04m2_next_dist_01d_w1-._.js:2431
[ 5133098ms] [LOG] [Fast Refresh] rebuilding @ http://localhost:3030/_next/static/chunks/04m2_next_dist_01d_w1-._.js:2431
[ 5133179ms] [LOG] [Fast Refresh] done in 182ms @ http://localhost:3030/_next/static/chunks/04m2_next_dist_01d_w1-._.js:2431
[ 5133285ms] [LOG] [Fast Refresh] rebuilding @ http://localhost:3030/_next/static/chunks/04m2_next_dist_01d_w1-._.js:2431
[ 5133355ms] [LOG] [Fast Refresh] done in 175ms @ http://localhost:3030/_next/static/chunks/04m2_next_dist_01d_w1-._.js:2431
[ 5133458ms] [LOG] [Fast Refresh] rebuilding @ http://localhost:3030/_next/static/chunks/04m2_next_dist_01d_w1-._.js:2431
[ 5133477ms] [LOG] [Fast Refresh] done in 121ms @ http://localhost:3030/_next/static/chunks/04m2_next_dist_01d_w1-._.js:2431
[ 5133796ms] [INFO] %c%s%c [setup-health] background: #e6e6e6;background: light-dark(rgba(0,0,0,0.1), rgba(255,255,255,0.25));color: #000000;color: light-dark(#000000, #ffffff);border-radius: 2px  Server   panel-layout {tenantId: cmrvvipw70000oyyo6123270j, userId: cmrvvipy90009oyyocqnstw83, score: 40, completedCount: 2, totalCriticalCount: 5} @ http://localhost:3030/_next/static/chunks/04m2_next_dist_01d_w1-._.js:2431
[ 5133942ms] [LOG] [Fast Refresh] rebuilding @ http://localhost:3030/_next/static/chunks/04m2_next_dist_01d_w1-._.js:2431
[ 5134052ms] [LOG] [Fast Refresh] done in 214ms @ http://localhost:3030/_next/static/chunks/04m2_next_dist_01d_w1-._.js:2431
[ 5134165ms] [LOG] [Fast Refresh] rebuilding @ http://localhost:3030/_next/static/chunks/04m2_next_dist_01d_w1-._.js:2431
[ 5134222ms] [LOG] [Fast Refresh] done in 170ms @ http://localhost:3030/_next/static/chunks/04m2_next_dist_01d_w1-._.js:2431
[ 5134324ms] [LOG] [Fast Refresh] rebuilding @ http://localhost:3030/_next/static/chunks/04m2_next_dist_01d_w1-._.js:2431
[ 5134493ms] [LOG] [Fast Refresh] done in 270ms @ http://localhost:3030/_next/static/chunks/04m2_next_dist_01d_w1-._.js:2431
[ 5134836ms] [LOG] [Fast Refresh] rebuilding @ http://localhost:3030/_next/static/chunks/04m2_next_dist_01d_w1-._.js:2431
[ 5134925ms] [LOG] [Fast Refresh] done in 199ms @ http://localhost:3030/_next/static/chunks/04m2_next_dist_01d_w1-._.js:2431
[ 5134944ms] [INFO] %c%s%c [setup-health] background: #e6e6e6;background: light-dark(rgba(0,0,0,0.1), rgba(255,255,255,0.25));color: #000000;color: light-dark(#000000, #ffffff);border-radius: 2px  Server   panel-layout {tenantId: cmrvvipw70000oyyo6123270j, userId: cmrvvipy90009oyyocqnstw83, score: 40, completedCount: 2, totalCriticalCount: 5} @ http://localhost:3030/_next/static/chunks/04m2_next_dist_01d_w1-._.js:2431
[ 5135044ms] [LOG] [Fast Refresh] rebuilding @ http://localhost:3030/_next/static/chunks/04m2_next_dist_01d_w1-._.js:2431
[ 5135117ms] [LOG] [Fast Refresh] done in 175ms @ http://localhost:3030/_next/static/chunks/04m2_next_dist_01d_w1-._.js:2431
[ 5135462ms] [LOG] [Fast Refresh] rebuilding @ http://localhost:3030/_next/static/chunks/04m2_next_dist_01d_w1-._.js:2431
[ 5135519ms] [LOG] [Fast Refresh] done in 162ms @ http://localhost:3030/_next/static/chunks/04m2_next_dist_01d_w1-._.js:2431
[ 5135621ms] [LOG] [Fast Refresh] rebuilding @ http://localhost:3030/_next/static/chunks/04m2_next_dist_01d_w1-._.js:2431
[ 5135721ms] [LOG] [Fast Refresh] done in 200ms @ http://localhost:3030/_next/static/chunks/04m2_next_dist_01d_w1-._.js:2431
[ 5135833ms] [LOG] [Fast Refresh] rebuilding @ http://localhost:3030/_next/static/chunks/04m2_next_dist_01d_w1-._.js:2431
[ 5135897ms] [LOG] [Fast Refresh] done in 171ms @ http://localhost:3030/_next/static/chunks/04m2_next_dist_01d_w1-._.js:2431
[ 5136009ms] [LOG] [Fast Refresh] rebuilding @ http://localhost:3030/_next/static/chunks/04m2_next_dist_01d_w1-._.js:2431
[ 5136075ms] [INFO] %c%s%c [setup-health] background: #e6e6e6;background: light-dark(rgba(0,0,0,0.1), rgba(255,255,255,0.25));color: #000000;color: light-dark(#000000, #ffffff);border-radius: 2px  Server   panel-layout {tenantId: cmrvvipw70000oyyo6123270j, userId: cmrvvipy90009oyyocqnstw83, score: 40, completedCount: 2, totalCriticalCount: 5} @ http://localhost:3030/_next/static/chunks/04m2_next_dist_01d_w1-._.js:2431
[ 5136105ms] [LOG] [Fast Refresh] done in 198ms @ http://localhost:3030/_next/static/chunks/04m2_next_dist_01d_w1-._.js:2431
[ 5136219ms] [LOG] [Fast Refresh] rebuilding @ http://localhost:3030/_next/static/chunks/04m2_next_dist_01d_w1-._.js:2431
[ 5136294ms] [LOG] [Fast Refresh] done in 188ms @ http://localhost:3030/_next/static/chunks/04m2_next_dist_01d_w1-._.js:2431
[ 5136406ms] [LOG] [Fast Refresh] rebuilding @ http://localhost:3030/_next/static/chunks/04m2_next_dist_01d_w1-._.js:2431
[ 5136428ms] [LOG] [Fast Refresh] done in 124ms @ http://localhost:3030/_next/static/chunks/04m2_next_dist_01d_w1-._.js:2431
[ 5136551ms] [LOG] [Fast Refresh] rebuilding @ http://localhost:3030/_next/static/chunks/04m2_next_dist_01d_w1-._.js:2431
[ 5136608ms] [LOG] [Fast Refresh] done in 158ms @ http://localhost:3030/_next/static/chunks/04m2_next_dist_01d_w1-._.js:2431
[ 5136712ms] [LOG] [Fast Refresh] rebuilding @ http://localhost:3030/_next/static/chunks/04m2_next_dist_01d_w1-._.js:2431
[ 5136796ms] [LOG] [Fast Refresh] done in 187ms @ http://localhost:3030/_next/static/chunks/04m2_next_dist_01d_w1-._.js:2431
[ 5137183ms] [LOG] [Fast Refresh] rebuilding @ http://localhost:3030/_next/static/chunks/04m2_next_dist_01d_w1-._.js:2431
[ 5137344ms] [INFO] %c%s%c [setup-health] background: #e6e6e6;background: light-dark(rgba(0,0,0,0.1), rgba(255,255,255,0.25));color: #000000;color: light-dark(#000000, #ffffff);border-radius: 2px  Server   panel-layout {tenantId: cmrvvipw70000oyyo6123270j, userId: cmrvvipy90009oyyocqnstw83, score: 40, completedCount: 2, totalCriticalCount: 5} @ http://localhost:3030/_next/static/chunks/04m2_next_dist_01d_w1-._.js:2431
[ 5138158ms] [LOG] [Fast Refresh] done in 1082ms @ http://localhost:3030/_next/static/chunks/04m2_next_dist_01d_w1-._.js:2431
[ 5140222ms] [LOG] [Fast Refresh] rebuilding @ http://localhost:3030/_next/static/chunks/04m2_next_dist_01d_w1-._.js:2431
[ 5140348ms] [LOG] [Fast Refresh] done in 231ms @ http://localhost:3030/_next/static/chunks/04m2_next_dist_01d_w1-._.js:2431
[ 5140505ms] [LOG] [Fast Refresh] rebuilding @ http://localhost:3030/_next/static/chunks/04m2_next_dist_01d_w1-._.js:2431
[ 5140614ms] [LOG] [Fast Refresh] done in 211ms @ http://localhost:3030/_next/static/chunks/04m2_next_dist_01d_w1-._.js:2431
[ 5140722ms] [LOG] [Fast Refresh] rebuilding @ http://localhost:3030/_next/static/chunks/04m2_next_dist_01d_w1-._.js:2431
[ 5140776ms] [LOG] [Fast Refresh] done in 161ms @ http://localhost:3030/_next/static/chunks/04m2_next_dist_01d_w1-._.js:2431
[ 5140813ms] [INFO] %c%s%c [setup-health] background: #e6e6e6;background: light-dark(rgba(0,0,0,0.1), rgba(255,255,255,0.25));color: #000000;color: light-dark(#000000, #ffffff);border-radius: 2px  Server   panel-layout {tenantId: cmrvvipw70000oyyo6123270j, userId: cmrvvipy90009oyyocqnstw83, score: 40, completedCount: 2, totalCriticalCount: 5} @ http://localhost:3030/_next/static/chunks/04m2_next_dist_01d_w1-._.js:2431
[ 5140908ms] [LOG] [Fast Refresh] rebuilding @ http://localhost:3030/_next/static/chunks/04m2_next_dist_01d_w1-._.js:2431
[ 5141028ms] [LOG] [Fast Refresh] done in 227ms @ http://localhost:3030/_next/static/chunks/04m2_next_dist_01d_w1-._.js:2431
[ 5141141ms] [LOG] [Fast Refresh] rebuilding @ http://localhost:3030/_next/static/chunks/04m2_next_dist_01d_w1-._.js:2431
[ 5141162ms] [LOG] [Fast Refresh] done in 132ms @ http://localhost:3030/_next/static/chunks/04m2_next_dist_01d_w1-._.js:2431
[ 5141295ms] [LOG] [Fast Refresh] rebuilding @ http://localhost:3030/_next/static/chunks/04m2_next_dist_01d_w1-._.js:2431
[ 5141504ms] [LOG] [Fast Refresh] done in 314ms @ http://localhost:3030/_next/static/chunks/04m2_next_dist_01d_w1-._.js:2431
[ 5141718ms] [LOG] [Fast Refresh] rebuilding @ http://localhost:3030/_next/static/chunks/04m2_next_dist_01d_w1-._.js:2431
[ 5141796ms] [LOG] [Fast Refresh] done in 181ms @ http://localhost:3030/_next/static/chunks/04m2_next_dist_01d_w1-._.js:2431
[ 5141915ms] [LOG] [Fast Refresh] rebuilding @ http://localhost:3030/_next/static/chunks/04m2_next_dist_01d_w1-._.js:2431
[ 5141986ms] [INFO] %c%s%c [setup-health] background: #e6e6e6;background: light-dark(rgba(0,0,0,0.1), rgba(255,255,255,0.25));color: #000000;color: light-dark(#000000, #ffffff);border-radius: 2px  Server   panel-layout {tenantId: cmrvvipw70000oyyo6123270j, userId: cmrvvipy90009oyyocqnstw83, score: 40, completedCount: 2, totalCriticalCount: 5} @ http://localhost:3030/_next/static/chunks/04m2_next_dist_01d_w1-._.js:2431
[ 5142130ms] [LOG] [Fast Refresh] done in 315ms @ http://localhost:3030/_next/static/chunks/04m2_next_dist_01d_w1-._.js:2431
[ 5142536ms] [LOG] [Fast Refresh] rebuilding @ http://localhost:3030/_next/static/chunks/04m2_next_dist_01d_w1-._.js:2431
[ 5142604ms] [LOG] [Fast Refresh] done in 174ms @ http://localhost:3030/_next/static/chunks/04m2_next_dist_01d_w1-._.js:2431
[ 5142716ms] [LOG] [Fast Refresh] rebuilding @ http://localhost:3030/_next/static/chunks/04m2_next_dist_01d_w1-._.js:2431
[ 5142773ms] [LOG] [Fast Refresh] done in 160ms @ http://localhost:3030/_next/static/chunks/04m2_next_dist_01d_w1-._.js:2431
[ 5142874ms] [LOG] [Fast Refresh] rebuilding @ http://localhost:3030/_next/static/chunks/04m2_next_dist_01d_w1-._.js:2431
[ 5142908ms] [LOG] [Fast Refresh] done in 135ms @ http://localhost:3030/_next/static/chunks/04m2_next_dist_01d_w1-._.js:2431
[ 5143016ms] [LOG] [Fast Refresh] rebuilding @ http://localhost:3030/_next/static/chunks/04m2_next_dist_01d_w1-._.js:2431
[ 5143214ms] [LOG] [Fast Refresh] done in 305ms @ http://localhost:3030/_next/static/chunks/04m2_next_dist_01d_w1-._.js:2431
[ 5143229ms] [INFO] %c%s%c [setup-health] background: #e6e6e6;background: light-dark(rgba(0,0,0,0.1), rgba(255,255,255,0.25));color: #000000;color: light-dark(#000000, #ffffff);border-radius: 2px  Server   panel-layout {tenantId: cmrvvipw70000oyyo6123270j, userId: cmrvvipy90009oyyocqnstw83, score: 40, completedCount: 2, totalCriticalCount: 5} @ http://localhost:3030/_next/static/chunks/04m2_next_dist_01d_w1-._.js:2431
[ 5143556ms] [LOG] [Fast Refresh] rebuilding @ http://localhost:3030/_next/static/chunks/04m2_next_dist_01d_w1-._.js:2431
[ 5143668ms] [LOG] [Fast Refresh] done in 219ms @ http://localhost:3030/_next/static/chunks/04m2_next_dist_01d_w1-._.js:2431
[ 5143825ms] [LOG] [Fast Refresh] rebuilding @ http://localhost:3030/_next/static/chunks/04m2_next_dist_01d_w1-._.js:2431
[ 5143949ms] [LOG] [Fast Refresh] done in 228ms @ http://localhost:3030/_next/static/chunks/04m2_next_dist_01d_w1-._.js:2431
[ 5144298ms] [LOG] [Fast Refresh] rebuilding @ http://localhost:3030/_next/static/chunks/04m2_next_dist_01d_w1-._.js:2431
[ 5144465ms] [LOG] [Fast Refresh] done in 276ms @ http://localhost:3030/_next/static/chunks/04m2_next_dist_01d_w1-._.js:2431
[ 5144468ms] [INFO] %c%s%c [setup-health] background: #e6e6e6;background: light-dark(rgba(0,0,0,0.1), rgba(255,255,255,0.25));color: #000000;color: light-dark(#000000, #ffffff);border-radius: 2px  Server   panel-layout {tenantId: cmrvvipw70000oyyo6123270j, userId: cmrvvipy90009oyyocqnstw83, score: 40, completedCount: 2, totalCriticalCount: 5} @ http://localhost:3030/_next/static/chunks/04m2_next_dist_01d_w1-._.js:2431
[ 5144571ms] [LOG] [Fast Refresh] rebuilding @ http://localhost:3030/_next/static/chunks/04m2_next_dist_01d_w1-._.js:2431
[ 5144695ms] [LOG] [Fast Refresh] done in 227ms @ http://localhost:3030/_next/static/chunks/04m2_next_dist_01d_w1-._.js:2431
[ 5145111ms] [LOG] [Fast Refresh] rebuilding @ http://localhost:3030/_next/static/chunks/04m2_next_dist_01d_w1-._.js:2431
[ 5145189ms] [LOG] [Fast Refresh] done in 181ms @ http://localhost:3030/_next/static/chunks/04m2_next_dist_01d_w1-._.js:2431
[ 5145291ms] [LOG] [Fast Refresh] rebuilding @ http://localhost:3030/_next/static/chunks/04m2_next_dist_01d_w1-._.js:2431
[ 5145493ms] [LOG] [Fast Refresh] done in 302ms @ http://localhost:3030/_next/static/chunks/04m2_next_dist_01d_w1-._.js:2431
[ 5146027ms] [LOG] [Fast Refresh] rebuilding @ http://localhost:3030/_next/static/chunks/04m2_next_dist_01d_w1-._.js:2431
[ 5146069ms] [INFO] %c%s%c [setup-health] background: #e6e6e6;background: light-dark(rgba(0,0,0,0.1), rgba(255,255,255,0.25));color: #000000;color: light-dark(#000000, #ffffff);border-radius: 2px  Server   panel-layout {tenantId: cmrvvipw70000oyyo6123270j, userId: cmrvvipy90009oyyocqnstw83, score: 40, completedCount: 2, totalCriticalCount: 5} @ http://localhost:3030/_next/static/chunks/04m2_next_dist_01d_w1-._.js:2431
[ 5146493ms] [LOG] [Fast Refresh] done in 571ms @ http://localhost:3030/_next/static/chunks/04m2_next_dist_01d_w1-._.js:2431
[ 5146973ms] [LOG] [Fast Refresh] rebuilding @ http://localhost:3030/_next/static/chunks/04m2_next_dist_01d_w1-._.js:2431
[ 5147109ms] [LOG] [Fast Refresh] done in 242ms @ http://localhost:3030/_next/static/chunks/04m2_next_dist_01d_w1-._.js:2431
[ 5147214ms] [LOG] [Fast Refresh] rebuilding @ http://localhost:3030/_next/static/chunks/04m2_next_dist_01d_w1-._.js:2431
[ 5147227ms] [LOG] [Fast Refresh] done in 117ms @ http://localhost:3030/_next/static/chunks/04m2_next_dist_01d_w1-._.js:2431
[ 5147480ms] [LOG] [Fast Refresh] rebuilding @ http://localhost:3030/_next/static/chunks/04m2_next_dist_01d_w1-._.js:2431
[ 5147799ms] [LOG] [Fast Refresh] done in 422ms @ http://localhost:3030/_next/static/chunks/04m2_next_dist_01d_w1-._.js:2431
[ 5147912ms] [INFO] %c%s%c [setup-health] background: #e6e6e6;background: light-dark(rgba(0,0,0,0.1), rgba(255,255,255,0.25));color: #000000;color: light-dark(#000000, #ffffff);border-radius: 2px  Server   panel-layout {tenantId: cmrvvipw70000oyyo6123270j, userId: cmrvvipy90009oyyocqnstw83, score: 40, completedCount: 2, totalCriticalCount: 5} @ http://localhost:3030/_next/static/chunks/04m2_next_dist_01d_w1-._.js:2431
[ 5148080ms] [LOG] [Fast Refresh] rebuilding @ http://localhost:3030/_next/static/chunks/04m2_next_dist_01d_w1-._.js:2431
[ 5148125ms] [LOG] [Fast Refresh] done in 148ms @ http://localhost:3030/_next/static/chunks/04m2_next_dist_01d_w1-._.js:2431
[ 5148237ms] [LOG] [Fast Refresh] rebuilding @ http://localhost:3030/_next/static/chunks/04m2_next_dist_01d_w1-._.js:2431
[ 5148496ms] [LOG] [Fast Refresh] done in 367ms @ http://localhost:3030/_next/static/chunks/04m2_next_dist_01d_w1-._.js:2431
[ 5148609ms] [LOG] [Fast Refresh] rebuilding @ http://localhost:3030/_next/static/chunks/04m2_next_dist_01d_w1-._.js:2431
[ 5148919ms] [LOG] [Fast Refresh] done in 412ms @ http://localhost:3030/_next/static/chunks/04m2_next_dist_01d_w1-._.js:2431
[ 5148924ms] [INFO] %c%s%c [setup-health] background: #e6e6e6;background: light-dark(rgba(0,0,0,0.1), rgba(255,255,255,0.25));color: #000000;color: light-dark(#000000, #ffffff);border-radius: 2px  Server   panel-layout {tenantId: cmrvvipw70000oyyo6123270j, userId: cmrvvipy90009oyyocqnstw83, score: 40, completedCount: 2, totalCriticalCount: 5} @ http://localhost:3030/_next/static/chunks/04m2_next_dist_01d_w1-._.js:2431
[ 5149192ms] [LOG] [Fast Refresh] rebuilding @ http://localhost:3030/_next/static/chunks/04m2_next_dist_01d_w1-._.js:2431
[ 5149230ms] [LOG] [Fast Refresh] done in 149ms @ http://localhost:3030/_next/static/chunks/04m2_next_dist_01d_w1-._.js:2431
[ 5149470ms] [LOG] [Fast Refresh] rebuilding @ http://localhost:3030/_next/static/chunks/04m2_next_dist_01d_w1-._.js:2431
[ 5149618ms] [LOG] [Fast Refresh] done in 254ms @ http://localhost:3030/_next/static/chunks/04m2_next_dist_01d_w1-._.js:2431
[ 5150071ms] [INFO] %c%s%c [setup-health] background: #e6e6e6;background: light-dark(rgba(0,0,0,0.1), rgba(255,255,255,0.25));color: #000000;color: light-dark(#000000, #ffffff);border-radius: 2px  Server   panel-layout {tenantId: cmrvvipw70000oyyo6123270j, userId: cmrvvipy90009oyyocqnstw83, score: 40, completedCount: 2, totalCriticalCount: 5} @ http://localhost:3030/_next/static/chunks/04m2_next_dist_01d_w1-._.js:2431
[ 5150218ms] [LOG] [Fast Refresh] rebuilding @ http://localhost:3030/_next/static/chunks/04m2_next_dist_01d_w1-._.js:2431
[ 5150325ms] [LOG] [Fast Refresh] done in 212ms @ http://localhost:3030/_next/static/chunks/04m2_next_dist_01d_w1-._.js:2431
[ 5150681ms] [LOG] [Fast Refresh] rebuilding @ http://localhost:3030/_next/static/chunks/04m2_next_dist_01d_w1-._.js:2431
[ 5150763ms] [LOG] [Fast Refresh] done in 184ms @ http://localhost:3030/_next/static/chunks/04m2_next_dist_01d_w1-._.js:2431
[ 5150908ms] [LOG] [Fast Refresh] rebuilding @ http://localhost:3030/_next/static/chunks/04m2_next_dist_01d_w1-._.js:2431
[ 5151017ms] [LOG] [Fast Refresh] done in 211ms @ http://localhost:3030/_next/static/chunks/04m2_next_dist_01d_w1-._.js:2431
[ 5151119ms] [LOG] [Fast Refresh] rebuilding @ http://localhost:3030/_next/static/chunks/04m2_next_dist_01d_w1-._.js:2431
[ 5151179ms] [LOG] [Fast Refresh] done in 161ms @ http://localhost:3030/_next/static/chunks/04m2_next_dist_01d_w1-._.js:2431
[ 5151286ms] [LOG] [Fast Refresh] rebuilding @ http://localhost:3030/_next/static/chunks/04m2_next_dist_01d_w1-._.js:2431
[ 5151470ms] [LOG] [Fast Refresh] done in 286ms @ http://localhost:3030/_next/static/chunks/04m2_next_dist_01d_w1-._.js:2431
[ 5151574ms] [INFO] %c%s%c [setup-health] background: #e6e6e6;background: light-dark(rgba(0,0,0,0.1), rgba(255,255,255,0.25));color: #000000;color: light-dark(#000000, #ffffff);border-radius: 2px  Server   panel-layout {tenantId: cmrvvipw70000oyyo6123270j, userId: cmrvvipy90009oyyocqnstw83, score: 40, completedCount: 2, totalCriticalCount: 5} @ http://localhost:3030/_next/static/chunks/04m2_next_dist_01d_w1-._.js:2431
[ 5151775ms] [LOG] [Fast Refresh] rebuilding @ http://localhost:3030/_next/static/chunks/04m2_next_dist_01d_w1-._.js:2431
[ 5151935ms] [LOG] [Fast Refresh] done in 276ms @ http://localhost:3030/_next/static/chunks/04m2_next_dist_01d_w1-._.js:2431
[ 5152360ms] [LOG] [Fast Refresh] rebuilding @ http://localhost:3030/_next/static/chunks/04m2_next_dist_01d_w1-._.js:2431
[ 5153057ms] [LOG] [Fast Refresh] done in 808ms @ http://localhost:3030/_next/static/chunks/04m2_next_dist_01d_w1-._.js:2431
[ 5154230ms] [INFO] %c%s%c [setup-health] background: #e6e6e6;background: light-dark(rgba(0,0,0,0.1), rgba(255,255,255,0.25));color: #000000;color: light-dark(#000000, #ffffff);border-radius: 2px  Server   panel-layout {tenantId: cmrvvipw70000oyyo6123270j, userId: cmrvvipy90009oyyocqnstw83, score: 40, completedCount: 2, totalCriticalCount: 5} @ http://localhost:3030/_next/static/chunks/04m2_next_dist_01d_w1-._.js:2431
[ 5154485ms] [LOG] [Fast Refresh] rebuilding @ http://localhost:3030/_next/static/chunks/04m2_next_dist_01d_w1-._.js:2431
[ 5155053ms] [LOG] [Fast Refresh] done in 675ms @ http://localhost:3030/_next/static/chunks/04m2_next_dist_01d_w1-._.js:2431
[ 5155230ms] [LOG] [Fast Refresh] rebuilding @ http://localhost:3030/_next/static/chunks/04m2_next_dist_01d_w1-._.js:2431
[ 5156152ms] [LOG] [Fast Refresh] done in 1026ms @ http://localhost:3030/_next/static/chunks/04m2_next_dist_01d_w1-._.js:2431
[ 5156472ms] [LOG] [Fast Refresh] rebuilding @ http://localhost:3030/_next/static/chunks/04m2_next_dist_01d_w1-._.js:2431
[ 5156579ms] [LOG] [Fast Refresh] done in 226ms @ http://localhost:3030/_next/static/chunks/04m2_next_dist_01d_w1-._.js:2431
[ 5156681ms] [LOG] [Fast Refresh] rebuilding @ http://localhost:3030/_next/static/chunks/04m2_next_dist_01d_w1-._.js:2431
[ 5156860ms] [INFO] %c%s%c [setup-health] background: #e6e6e6;background: light-dark(rgba(0,0,0,0.1), rgba(255,255,255,0.25));color: #000000;color: light-dark(#000000, #ffffff);border-radius: 2px  Server   panel-layout {tenantId: cmrvvipw70000oyyo6123270j, userId: cmrvvipy90009oyyocqnstw83, score: 40, completedCount: 2, totalCriticalCount: 5} @ http://localhost:3030/_next/static/chunks/04m2_next_dist_01d_w1-._.js:2431
[ 5156992ms] [LOG] [Fast Refresh] done in 410ms @ http://localhost:3030/_next/static/chunks/04m2_next_dist_01d_w1-._.js:2431
[ 5157697ms] [LOG] [Fast Refresh] rebuilding @ http://localhost:3030/_next/static/chunks/04m2_next_dist_01d_w1-._.js:2431
[ 5157875ms] [LOG] [Fast Refresh] done in 281ms @ http://localhost:3030/_next/static/chunks/04m2_next_dist_01d_w1-._.js:2431
[ 5158098ms] [LOG] [Fast Refresh] rebuilding @ http://localhost:3030/_next/static/chunks/04m2_next_dist_01d_w1-._.js:2431
[ 5158194ms] [LOG] [Fast Refresh] done in 200ms @ http://localhost:3030/_next/static/chunks/04m2_next_dist_01d_w1-._.js:2431
[ 5158633ms] [INFO] %c%s%c [setup-health] background: #e6e6e6;background: light-dark(rgba(0,0,0,0.1), rgba(255,255,255,0.25));color: #000000;color: light-dark(#000000, #ffffff);border-radius: 2px  Server   panel-layout {tenantId: cmrvvipw70000oyyo6123270j, userId: cmrvvipy90009oyyocqnstw83, score: 40, completedCount: 2, totalCriticalCount: 5} @ http://localhost:3030/_next/static/chunks/04m2_next_dist_01d_w1-._.js:2431
[ 5158978ms] [LOG] [Fast Refresh] rebuilding @ http://localhost:3030/_next/static/chunks/04m2_next_dist_01d_w1-._.js:2431
[ 5159129ms] [LOG] [Fast Refresh] done in 258ms @ http://localhost:3030/_next/static/chunks/04m2_next_dist_01d_w1-._.js:2431
[ 5159716ms] [LOG] [Fast Refresh] rebuilding @ http://localhost:3030/_next/static/chunks/04m2_next_dist_01d_w1-._.js:2431
[ 5159820ms] [LOG] [Fast Refresh] done in 204ms @ http://localhost:3030/_next/static/chunks/04m2_next_dist_01d_w1-._.js:2431
[ 5159929ms] [LOG] [Fast Refresh] rebuilding @ http://localhost:3030/_next/static/chunks/04m2_next_dist_01d_w1-._.js:2431
[ 5160102ms] [LOG] [Fast Refresh] done in 280ms @ http://localhost:3030/_next/static/chunks/04m2_next_dist_01d_w1-._.js:2431
[ 5160379ms] [INFO] %c%s%c [setup-health] background: #e6e6e6;background: light-dark(rgba(0,0,0,0.1), rgba(255,255,255,0.25));color: #000000;color: light-dark(#000000, #ffffff);border-radius: 2px  Server   panel-layout {tenantId: cmrvvipw70000oyyo6123270j, userId: cmrvvipy90009oyyocqnstw83, score: 40, completedCount: 2, totalCriticalCount: 5} @ http://localhost:3030/_next/static/chunks/04m2_next_dist_01d_w1-._.js:2431
[ 5160538ms] [LOG] [Fast Refresh] rebuilding @ http://localhost:3030/_next/static/chunks/04m2_next_dist_01d_w1-._.js:2431
[ 5160540ms] [LOG] [Fast Refresh] done in 105ms @ http://localhost:3030/_next/static/chunks/04m2_next_dist_01d_w1-._.js:2431
[ 5160642ms] [LOG] [Fast Refresh] rebuilding @ http://localhost:3030/_next/static/chunks/04m2_next_dist_01d_w1-._.js:2431
[ 5160995ms] [LOG] [Fast Refresh] done in 454ms @ http://localhost:3030/_next/static/chunks/04m2_next_dist_01d_w1-._.js:2431
[ 5161430ms] [LOG] [Fast Refresh] rebuilding @ http://localhost:3030/_next/static/chunks/04m2_next_dist_01d_w1-._.js:2431
[ 5161654ms] [LOG] [Fast Refresh] done in 327ms @ http://localhost:3030/_next/static/chunks/04m2_next_dist_01d_w1-._.js:2431
[ 5161699ms] [INFO] %c%s%c [setup-health] background: #e6e6e6;background: light-dark(rgba(0,0,0,0.1), rgba(255,255,255,0.25));color: #000000;color: light-dark(#000000, #ffffff);border-radius: 2px  Server   panel-layout {tenantId: cmrvvipw70000oyyo6123270j, userId: cmrvvipy90009oyyocqnstw83, score: 40, completedCount: 2, totalCriticalCount: 5} @ http://localhost:3030/_next/static/chunks/04m2_next_dist_01d_w1-._.js:2431
[ 5162143ms] [LOG] [Fast Refresh] rebuilding @ http://localhost:3030/_next/static/chunks/04m2_next_dist_01d_w1-._.js:2431
[ 5162178ms] [LOG] [Fast Refresh] done in 145ms @ http://localhost:3030/_next/static/chunks/04m2_next_dist_01d_w1-._.js:2431
[ 5162284ms] [LOG] [Fast Refresh] rebuilding @ http://localhost:3030/_next/static/chunks/04m2_next_dist_01d_w1-._.js:2431
[ 5162446ms] [LOG] [Fast Refresh] done in 264ms @ http://localhost:3030/_next/static/chunks/04m2_next_dist_01d_w1-._.js:2431
[ 5162699ms] [LOG] [Fast Refresh] rebuilding @ http://localhost:3030/_next/static/chunks/04m2_next_dist_01d_w1-._.js:2431
[ 5162769ms] [LOG] [Fast Refresh] done in 173ms @ http://localhost:3030/_next/static/chunks/04m2_next_dist_01d_w1-._.js:2431
[ 5162874ms] [LOG] [Fast Refresh] rebuilding @ http://localhost:3030/_next/static/chunks/04m2_next_dist_01d_w1-._.js:2431
[ 5162897ms] [LOG] [Fast Refresh] done in 126ms @ http://localhost:3030/_next/static/chunks/04m2_next_dist_01d_w1-._.js:2431
[ 5163002ms] [LOG] [Fast Refresh] rebuilding @ http://localhost:3030/_next/static/chunks/04m2_next_dist_01d_w1-._.js:2431
[ 5163169ms] [INFO] %c%s%c [setup-health] background: #e6e6e6;background: light-dark(rgba(0,0,0,0.1), rgba(255,255,255,0.25));color: #000000;color: light-dark(#000000, #ffffff);border-radius: 2px  Server   panel-layout {tenantId: cmrvvipw70000oyyo6123270j, userId: cmrvvipy90009oyyocqnstw83, score: 40, completedCount: 2, totalCriticalCount: 5} @ http://localhost:3030/_next/static/chunks/04m2_next_dist_01d_w1-._.js:2431
[ 5163243ms] [LOG] [Fast Refresh] done in 342ms @ http://localhost:3030/_next/static/chunks/04m2_next_dist_01d_w1-._.js:2431
[ 5163443ms] [LOG] [Fast Refresh] rebuilding @ http://localhost:3030/_next/static/chunks/04m2_next_dist_01d_w1-._.js:2431
[ 5163565ms] [LOG] [Fast Refresh] done in 227ms @ http://localhost:3030/_next/static/chunks/04m2_next_dist_01d_w1-._.js:2431
[ 5163669ms] [LOG] [Fast Refresh] rebuilding @ http://localhost:3030/_next/static/chunks/04m2_next_dist_01d_w1-._.js:2431
[ 5163795ms] [LOG] [Fast Refresh] done in 228ms @ http://localhost:3030/_next/static/chunks/04m2_next_dist_01d_w1-._.js:2431
[ 5164018ms] [LOG] [Fast Refresh] rebuilding @ http://localhost:3030/_next/static/chunks/04m2_next_dist_01d_w1-._.js:2431
[ 5164088ms] [LOG] [Fast Refresh] done in 174ms @ http://localhost:3030/_next/static/chunks/04m2_next_dist_01d_w1-._.js:2431
[ 5164189ms] [LOG] [Fast Refresh] rebuilding @ http://localhost:3030/_next/static/chunks/04m2_next_dist_01d_w1-._.js:2431
[ 5164473ms] [LOG] [Fast Refresh] done in 385ms @ http://localhost:3030/_next/static/chunks/04m2_next_dist_01d_w1-._.js:2431
[ 5164514ms] [INFO] %c%s%c [setup-health] background: #e6e6e6;background: light-dark(rgba(0,0,0,0.1), rgba(255,255,255,0.25));color: #000000;color: light-dark(#000000, #ffffff);border-radius: 2px  Server   panel-layout {tenantId: cmrvvipw70000oyyo6123270j, userId: cmrvvipy90009oyyocqnstw83, score: 40, completedCount: 2, totalCriticalCount: 5} @ http://localhost:3030/_next/static/chunks/04m2_next_dist_01d_w1-._.js:2431
[ 5164714ms] [LOG] [Fast Refresh] rebuilding @ http://localhost:3030/_next/static/chunks/04m2_next_dist_01d_w1-._.js:2431
[ 5164728ms] [LOG] [Fast Refresh] done in 124ms @ http://localhost:3030/_next/static/chunks/04m2_next_dist_01d_w1-._.js:2431
[ 5165008ms] [LOG] [Fast Refresh] rebuilding @ http://localhost:3030/_next/static/chunks/04m2_next_dist_01d_w1-._.js:2431
[ 5165258ms] [LOG] [Fast Refresh] done in 359ms @ http://localhost:3030/_next/static/chunks/04m2_next_dist_01d_w1-._.js:2431
[ 5165552ms] [LOG] [Fast Refresh] rebuilding @ http://localhost:3030/_next/static/chunks/04m2_next_dist_01d_w1-._.js:2431
[ 5165620ms] [LOG] [Fast Refresh] done in 171ms @ http://localhost:3030/_next/static/chunks/04m2_next_dist_01d_w1-._.js:2431
[ 5165724ms] [LOG] [Fast Refresh] rebuilding @ http://localhost:3030/_next/static/chunks/04m2_next_dist_01d_w1-._.js:2431
[ 5165905ms] [INFO] %c%s%c [setup-health] background: #e6e6e6;background: light-dark(rgba(0,0,0,0.1), rgba(255,255,255,0.25));color: #000000;color: light-dark(#000000, #ffffff);border-radius: 2px  Server   panel-layout {tenantId: cmrvvipw70000oyyo6123270j, userId: cmrvvipy90009oyyocqnstw83, score: 40, completedCount: 2, totalCriticalCount: 5} @ http://localhost:3030/_next/static/chunks/04m2_next_dist_01d_w1-._.js:2431
[ 5166007ms] [LOG] [Fast Refresh] done in 385ms @ http://localhost:3030/_next/static/chunks/04m2_next_dist_01d_w1-._.js:2431
[ 5166555ms] [LOG] [Fast Refresh] rebuilding @ http://localhost:3030/_next/static/chunks/04m2_next_dist_01d_w1-._.js:2431
[ 5166741ms] [LOG] [Fast Refresh] done in 289ms @ http://localhost:3030/_next/static/chunks/04m2_next_dist_01d_w1-._.js:2431
[ 5167245ms] [LOG] [Fast Refresh] rebuilding @ http://localhost:3030/_next/static/chunks/04m2_next_dist_01d_w1-._.js:2431
[ 5167612ms] [LOG] [Fast Refresh] done in 467ms @ http://localhost:3030/_next/static/chunks/04m2_next_dist_01d_w1-._.js:2431
[ 5167679ms] [INFO] %c%s%c [setup-health] background: #e6e6e6;background: light-dark(rgba(0,0,0,0.1), rgba(255,255,255,0.25));color: #000000;color: light-dark(#000000, #ffffff);border-radius: 2px  Server   panel-layout {tenantId: cmrvvipw70000oyyo6123270j, userId: cmrvvipy90009oyyocqnstw83, score: 40, completedCount: 2, totalCriticalCount: 5} @ http://localhost:3030/_next/static/chunks/04m2_next_dist_01d_w1-._.js:2431
[ 5168265ms] [LOG] [Fast Refresh] rebuilding @ http://localhost:3030/_next/static/chunks/04m2_next_dist_01d_w1-._.js:2431
[ 5168532ms] [LOG] [Fast Refresh] done in 405ms @ http://localhost:3030/_next/static/chunks/04m2_next_dist_01d_w1-._.js:2431
[ 5168675ms] [LOG] [Fast Refresh] rebuilding @ http://localhost:3030/_next/static/chunks/04m2_next_dist_01d_w1-._.js:2431
[ 5168693ms] [LOG] [Fast Refresh] done in 123ms @ http://localhost:3030/_next/static/chunks/04m2_next_dist_01d_w1-._.js:2431
[ 5169079ms] [INFO] %c%s%c [setup-health] background: #e6e6e6;background: light-dark(rgba(0,0,0,0.1), rgba(255,255,255,0.25));color: #000000;color: light-dark(#000000, #ffffff);border-radius: 2px  Server   panel-layout {tenantId: cmrvvipw70000oyyo6123270j, userId: cmrvvipy90009oyyocqnstw83, score: 40, completedCount: 2, totalCriticalCount: 5} @ http://localhost:3030/_next/static/chunks/04m2_next_dist_01d_w1-._.js:2431
[ 5169232ms] [LOG] [Fast Refresh] rebuilding @ http://localhost:3030/_next/static/chunks/04m2_next_dist_01d_w1-._.js:2431
[ 5169331ms] [LOG] [Fast Refresh] done in 202ms @ http://localhost:3030/_next/static/chunks/04m2_next_dist_01d_w1-._.js:2431
[ 5169433ms] [LOG] [Fast Refresh] rebuilding @ http://localhost:3030/_next/static/chunks/04m2_next_dist_01d_w1-._.js:2431
[ 5169556ms] [LOG] [Fast Refresh] done in 225ms @ http://localhost:3030/_next/static/chunks/04m2_next_dist_01d_w1-._.js:2431
[ 5170085ms] [LOG] [Fast Refresh] rebuilding @ http://localhost:3030/_next/static/chunks/04m2_next_dist_01d_w1-._.js:2431
[ 5170133ms] [LOG] [Fast Refresh] done in 163ms @ http://localhost:3030/_next/static/chunks/04m2_next_dist_01d_w1-._.js:2431
[ 5170352ms] [LOG] [Fast Refresh] rebuilding @ http://localhost:3030/_next/static/chunks/04m2_next_dist_01d_w1-._.js:2431
[ 5170689ms] [LOG] [Fast Refresh] done in 437ms @ http://localhost:3030/_next/static/chunks/04m2_next_dist_01d_w1-._.js:2431
[ 5170703ms] [INFO] %c%s%c [setup-health] background: #e6e6e6;background: light-dark(rgba(0,0,0,0.1), rgba(255,255,255,0.25));color: #000000;color: light-dark(#000000, #ffffff);border-radius: 2px  Server   panel-layout {tenantId: cmrvvipw70000oyyo6123270j, userId: cmrvvipy90009oyyocqnstw83, score: 40, completedCount: 2, totalCriticalCount: 5} @ http://localhost:3030/_next/static/chunks/04m2_next_dist_01d_w1-._.js:2431
[ 5171117ms] [LOG] [Fast Refresh] rebuilding @ http://localhost:3030/_next/static/chunks/04m2_next_dist_01d_w1-._.js:2431
[ 5171187ms] [LOG] [Fast Refresh] done in 176ms @ http://localhost:3030/_next/static/chunks/04m2_next_dist_01d_w1-._.js:2431
[ 5171307ms] [LOG] [Fast Refresh] rebuilding @ http://localhost:3030/_next/static/chunks/04m2_next_dist_01d_w1-._.js:2431
[ 5171555ms] [LOG] [Fast Refresh] done in 357ms @ http://localhost:3030/_next/static/chunks/04m2_next_dist_01d_w1-._.js:2431
[ 5171888ms] [LOG] [Fast Refresh] rebuilding @ http://localhost:3030/_next/static/chunks/04m2_next_dist_01d_w1-._.js:2431
[ 5171920ms] [LOG] [Fast Refresh] done in 137ms @ http://localhost:3030/_next/static/chunks/04m2_next_dist_01d_w1-._.js:2431
[ 5172034ms] [LOG] [Fast Refresh] rebuilding @ http://localhost:3030/_next/static/chunks/04m2_next_dist_01d_w1-._.js:2431
[ 5172161ms] [INFO] %c%s%c [setup-health] background: #e6e6e6;background: light-dark(rgba(0,0,0,0.1), rgba(255,255,255,0.25));color: #000000;color: light-dark(#000000, #ffffff);border-radius: 2px  Server   panel-layout {tenantId: cmrvvipw70000oyyo6123270j, userId: cmrvvipy90009oyyocqnstw83, score: 40, completedCount: 2, totalCriticalCount: 5} @ http://localhost:3030/_next/static/chunks/04m2_next_dist_01d_w1-._.js:2431
[ 5172275ms] [LOG] [Fast Refresh] done in 347ms @ http://localhost:3030/_next/static/chunks/04m2_next_dist_01d_w1-._.js:2431
[ 5172754ms] [LOG] [Fast Refresh] rebuilding @ http://localhost:3030/_next/static/chunks/04m2_next_dist_01d_w1-._.js:2431
[ 5172924ms] [LOG] [Fast Refresh] done in 271ms @ http://localhost:3030/_next/static/chunks/04m2_next_dist_01d_w1-._.js:2431
[ 5173035ms] [LOG] [Fast Refresh] rebuilding @ http://localhost:3030/_next/static/chunks/04m2_next_dist_01d_w1-._.js:2431
[ 5173037ms] [LOG] [Fast Refresh] done in 104ms @ http://localhost:3030/_next/static/chunks/04m2_next_dist_01d_w1-._.js:2431
[ 5173166ms] [LOG] [Fast Refresh] rebuilding @ http://localhost:3030/_next/static/chunks/04m2_next_dist_01d_w1-._.js:2431
[ 5173291ms] [LOG] [Fast Refresh] done in 230ms @ http://localhost:3030/_next/static/chunks/04m2_next_dist_01d_w1-._.js:2431
[ 5173392ms] [LOG] [Fast Refresh] rebuilding @ http://localhost:3030/_next/static/chunks/04m2_next_dist_01d_w1-._.js:2431
[ 5173609ms] [LOG] [Fast Refresh] done in 317ms @ http://localhost:3030/_next/static/chunks/04m2_next_dist_01d_w1-._.js:2431
[ 5173680ms] [INFO] %c%s%c [setup-health] background: #e6e6e6;background: light-dark(rgba(0,0,0,0.1), rgba(255,255,255,0.25));color: #000000;color: light-dark(#000000, #ffffff);border-radius: 2px  Server   panel-layout {tenantId: cmrvvipw70000oyyo6123270j, userId: cmrvvipy90009oyyocqnstw83, score: 40, completedCount: 2, totalCriticalCount: 5} @ http://localhost:3030/_next/static/chunks/04m2_next_dist_01d_w1-._.js:2431
[ 5174438ms] [LOG] [Fast Refresh] rebuilding @ http://localhost:3030/_next/static/chunks/04m2_next_dist_01d_w1-._.js:2431
[ 5174653ms] [LOG] [Fast Refresh] done in 333ms @ http://localhost:3030/_next/static/chunks/04m2_next_dist_01d_w1-._.js:2431
[ 5174849ms] [LOG] [Fast Refresh] rebuilding @ http://localhost:3030/_next/static/chunks/04m2_next_dist_01d_w1-._.js:2431
[ 5175159ms] [INFO] %c%s%c [setup-health] background: #e6e6e6;background: light-dark(rgba(0,0,0,0.1), rgba(255,255,255,0.25));color: #000000;color: light-dark(#000000, #ffffff);border-radius: 2px  Server   panel-layout {tenantId: cmrvvipw70000oyyo6123270j, userId: cmrvvipy90009oyyocqnstw83, score: 40, completedCount: 2, totalCriticalCount: 5} @ http://localhost:3030/_next/static/chunks/04m2_next_dist_01d_w1-._.js:2431
[ 5175307ms] [LOG] [Fast Refresh] done in 565ms @ http://localhost:3030/_next/static/chunks/04m2_next_dist_01d_w1-._.js:2431
[ 5175747ms] [LOG] [Fast Refresh] rebuilding @ http://localhost:3030/_next/static/chunks/04m2_next_dist_01d_w1-._.js:2431
[ 5175826ms] [LOG] [Fast Refresh] done in 188ms @ http://localhost:3030/_next/static/chunks/04m2_next_dist_01d_w1-._.js:2431
[ 5175942ms] [LOG] [Fast Refresh] rebuilding @ http://localhost:3030/_next/static/chunks/04m2_next_dist_01d_w1-._.js:2431
[ 5180134ms] [LOG] [Fast Refresh] done in 4306ms @ http://localhost:3030/_next/static/chunks/04m2_next_dist_01d_w1-._.js:2431
[ 5180383ms] [LOG] [Fast Refresh] rebuilding @ http://localhost:3030/_next/static/chunks/04m2_next_dist_01d_w1-._.js:2431
[ 5180465ms] [LOG] [Fast Refresh] done in 182ms @ http://localhost:3030/_next/static/chunks/04m2_next_dist_01d_w1-._.js:2431
[ 5180568ms] [LOG] [Fast Refresh] rebuilding @ http://localhost:3030/_next/static/chunks/04m2_next_dist_01d_w1-._.js:2431
[ 5180588ms] [LOG] [Fast Refresh] done in 122ms @ http://localhost:3030/_next/static/chunks/04m2_next_dist_01d_w1-._.js:2431
[ 5180629ms] [INFO] %c%s%c [setup-health] background: #e6e6e6;background: light-dark(rgba(0,0,0,0.1), rgba(255,255,255,0.25));color: #000000;color: light-dark(#000000, #ffffff);border-radius: 2px  Server   panel-layout {tenantId: cmrvvipw70000oyyo6123270j, userId: cmrvvipy90009oyyocqnstw83, score: 40, completedCount: 2, totalCriticalCount: 5} @ http://localhost:3030/_next/static/chunks/04m2_next_dist_01d_w1-._.js:2431
[ 5180740ms] [LOG] [Fast Refresh] rebuilding @ http://localhost:3030/_next/static/chunks/04m2_next_dist_01d_w1-._.js:2431
[ 5180838ms] [LOG] [Fast Refresh] done in 210ms @ http://localhost:3030/_next/static/chunks/04m2_next_dist_01d_w1-._.js:2431
[ 5181223ms] [LOG] [Fast Refresh] rebuilding @ http://localhost:3030/_next/static/chunks/04m2_next_dist_01d_w1-._.js:2431
[ 5181414ms] [LOG] [Fast Refresh] done in 294ms @ http://localhost:3030/_next/static/chunks/04m2_next_dist_01d_w1-._.js:2431
[ 5182574ms] [LOG] [Fast Refresh] rebuilding @ http://localhost:3030/_next/static/chunks/04m2_next_dist_01d_w1-._.js:2431
[ 5182624ms] [LOG] [Fast Refresh] done in 157ms @ http://localhost:3030/_next/static/chunks/04m2_next_dist_01d_w1-._.js:2431
[ 5182731ms] [LOG] [Fast Refresh] rebuilding @ http://localhost:3030/_next/static/chunks/04m2_next_dist_01d_w1-._.js:2431
[ 5182763ms] [LOG] [Fast Refresh] done in 137ms @ http://localhost:3030/_next/static/chunks/04m2_next_dist_01d_w1-._.js:2431
[ 5182875ms] [LOG] [Fast Refresh] rebuilding @ http://localhost:3030/_next/static/chunks/04m2_next_dist_01d_w1-._.js:2431
[ 5182978ms] [LOG] [Fast Refresh] done in 204ms @ http://localhost:3030/_next/static/chunks/04m2_next_dist_01d_w1-._.js:2431
[ 5183305ms] [INFO] %c%s%c [setup-health] background: #e6e6e6;background: light-dark(rgba(0,0,0,0.1), rgba(255,255,255,0.25));color: #000000;color: light-dark(#000000, #ffffff);border-radius: 2px  Server   panel-layout {tenantId: cmrvvipw70000oyyo6123270j, userId: cmrvvipy90009oyyocqnstw83, score: 40, completedCount: 2, totalCriticalCount: 5} @ http://localhost:3030/_next/static/chunks/04m2_next_dist_01d_w1-._.js:2431
[ 5183464ms] [LOG] [Fast Refresh] rebuilding @ http://localhost:3030/_next/static/chunks/04m2_next_dist_01d_w1-._.js:2431
[ 5183644ms] [LOG] [Fast Refresh] done in 281ms @ http://localhost:3030/_next/static/chunks/04m2_next_dist_01d_w1-._.js:2431
[ 5184232ms] [LOG] [Fast Refresh] rebuilding @ http://localhost:3030/_next/static/chunks/04m2_next_dist_01d_w1-._.js:2431
[ 5184376ms] [LOG] [Fast Refresh] done in 260ms @ http://localhost:3030/_next/static/chunks/04m2_next_dist_01d_w1-._.js:2431
[ 5184803ms] [INFO] %c%s%c [setup-health] background: #e6e6e6;background: light-dark(rgba(0,0,0,0.1), rgba(255,255,255,0.25));color: #000000;color: light-dark(#000000, #ffffff);border-radius: 2px  Server   panel-layout {tenantId: cmrvvipw70000oyyo6123270j, userId: cmrvvipy90009oyyocqnstw83, score: 40, completedCount: 2, totalCriticalCount: 5} @ http://localhost:3030/_next/static/chunks/04m2_next_dist_01d_w1-._.js:2431
[ 5185012ms] [LOG] [Fast Refresh] rebuilding @ http://localhost:3030/_next/static/chunks/04m2_next_dist_01d_w1-._.js:2431
[ 5185098ms] [LOG] [Fast Refresh] done in 194ms @ http://localhost:3030/_next/static/chunks/04m2_next_dist_01d_w1-._.js:2431
[ 5185292ms] [LOG] [Fast Refresh] rebuilding @ http://localhost:3030/_next/static/chunks/04m2_next_dist_01d_w1-._.js:2431
[ 5185339ms] [LOG] [Fast Refresh] done in 151ms @ http://localhost:3030/_next/static/chunks/04m2_next_dist_01d_w1-._.js:2431
[ 5185452ms] [LOG] [Fast Refresh] rebuilding @ http://localhost:3030/_next/static/chunks/04m2_next_dist_01d_w1-._.js:2431
[ 5185478ms] [LOG] [Fast Refresh] done in 127ms @ http://localhost:3030/_next/static/chunks/04m2_next_dist_01d_w1-._.js:2431
[ 5185789ms] [LOG] [Fast Refresh] rebuilding @ http://localhost:3030/_next/static/chunks/04m2_next_dist_01d_w1-._.js:2431
[ 5185800ms] [INFO] %c%s%c [setup-health] background: #e6e6e6;background: light-dark(rgba(0,0,0,0.1), rgba(255,255,255,0.25));color: #000000;color: light-dark(#000000, #ffffff);border-radius: 2px  Server   panel-layout {tenantId: cmrvvipw70000oyyo6123270j, userId: cmrvvipy90009oyyocqnstw83, score: 40, completedCount: 2, totalCriticalCount: 5} @ http://localhost:3030/_next/static/chunks/04m2_next_dist_01d_w1-._.js:2431
[ 5185895ms] [LOG] [Fast Refresh] done in 212ms @ http://localhost:3030/_next/static/chunks/04m2_next_dist_01d_w1-._.js:2431
[ 5186305ms] [LOG] [Fast Refresh] rebuilding @ http://localhost:3030/_next/static/chunks/04m2_next_dist_01d_w1-._.js:2431
[ 5186388ms] [LOG] [Fast Refresh] done in 184ms @ http://localhost:3030/_next/static/chunks/04m2_next_dist_01d_w1-._.js:2431
[ 5186500ms] [LOG] [Fast Refresh] rebuilding @ http://localhost:3030/_next/static/chunks/04m2_next_dist_01d_w1-._.js:2431
[ 5186560ms] [LOG] [Fast Refresh] done in 168ms @ http://localhost:3030/_next/static/chunks/04m2_next_dist_01d_w1-._.js:2431
[ 5186664ms] [LOG] [Fast Refresh] rebuilding @ http://localhost:3030/_next/static/chunks/04m2_next_dist_01d_w1-._.js:2431
[ 5186873ms] [LOG] [Fast Refresh] done in 312ms @ http://localhost:3030/_next/static/chunks/04m2_next_dist_01d_w1-._.js:2431
[ 5186880ms] [INFO] %c%s%c [setup-health] background: #e6e6e6;background: light-dark(rgba(0,0,0,0.1), rgba(255,255,255,0.25));color: #000000;color: light-dark(#000000, #ffffff);border-radius: 2px  Server   panel-layout {tenantId: cmrvvipw70000oyyo6123270j, userId: cmrvvipy90009oyyocqnstw83, score: 40, completedCount: 2, totalCriticalCount: 5} @ http://localhost:3030/_next/static/chunks/04m2_next_dist_01d_w1-._.js:2431
[ 5187037ms] [LOG] [Fast Refresh] rebuilding @ http://localhost:3030/_next/static/chunks/04m2_next_dist_01d_w1-._.js:2431
[ 5187083ms] [LOG] [Fast Refresh] done in 149ms @ http://localhost:3030/_next/static/chunks/04m2_next_dist_01d_w1-._.js:2431
[ 5187186ms] [LOG] [Fast Refresh] rebuilding @ http://localhost:3030/_next/static/chunks/04m2_next_dist_01d_w1-._.js:2431
[ 5187296ms] [LOG] [Fast Refresh] done in 211ms @ http://localhost:3030/_next/static/chunks/04m2_next_dist_01d_w1-._.js:2431
[ 5187679ms] [LOG] [Fast Refresh] rebuilding @ http://localhost:3030/_next/static/chunks/04m2_next_dist_01d_w1-._.js:2431
[ 5188828ms] [INFO] %c%s%c [setup-health] background: #e6e6e6;background: light-dark(rgba(0,0,0,0.1), rgba(255,255,255,0.25));color: #000000;color: light-dark(#000000, #ffffff);border-radius: 2px  Server   panel-layout {tenantId: cmrvvipw70000oyyo6123270j, userId: cmrvvipy90009oyyocqnstw83, score: 40, completedCount: 2, totalCriticalCount: 5} @ http://localhost:3030/_next/static/chunks/04m2_next_dist_01d_w1-._.js:2431
[ 5188857ms] [LOG] [Fast Refresh] done in 1282ms @ http://localhost:3030/_next/static/chunks/04m2_next_dist_01d_w1-._.js:2431
[ 5189053ms] [LOG] [Fast Refresh] rebuilding @ http://localhost:3030/_next/static/chunks/04m2_next_dist_01d_w1-._.js:2431
[ 5189121ms] [LOG] [Fast Refresh] done in 182ms @ http://localhost:3030/_next/static/chunks/04m2_next_dist_01d_w1-._.js:2431
[ 5190686ms] [INFO] %c%s%c [setup-health] background: #e6e6e6;background: light-dark(rgba(0,0,0,0.1), rgba(255,255,255,0.25));color: #000000;color: light-dark(#000000, #ffffff);border-radius: 2px  Server   panel-layout {tenantId: cmrvvipw70000oyyo6123270j, userId: cmrvvipy90009oyyocqnstw83, score: 40, completedCount: 2, totalCriticalCount: 5} @ http://localhost:3030/_next/static/chunks/04m2_next_dist_01d_w1-._.js:2431
[ 5190747ms] [LOG] [Fast Refresh] rebuilding @ http://localhost:3030/_next/static/chunks/04m2_next_dist_01d_w1-._.js:2431
[ 5190805ms] [LOG] [Fast Refresh] done in 161ms @ http://localhost:3030/_next/static/chunks/04m2_next_dist_01d_w1-._.js:2431
[ 5190911ms] [LOG] [Fast Refresh] rebuilding @ http://localhost:3030/_next/static/chunks/04m2_next_dist_01d_w1-._.js:2431
[ 5191058ms] [LOG] [Fast Refresh] done in 251ms @ http://localhost:3030/_next/static/chunks/04m2_next_dist_01d_w1-._.js:2431
[ 5191222ms] [LOG] [Fast Refresh] rebuilding @ http://localhost:3030/_next/static/chunks/04m2_next_dist_01d_w1-._.js:2431
[ 5191338ms] [LOG] [Fast Refresh] done in 218ms @ http://localhost:3030/_next/static/chunks/04m2_next_dist_01d_w1-._.js:2431
[ 5191535ms] [LOG] [Fast Refresh] rebuilding @ http://localhost:3030/_next/static/chunks/04m2_next_dist_01d_w1-._.js:2431
[ 5191605ms] [INFO] %c%s%c [setup-health] background: #e6e6e6;background: light-dark(rgba(0,0,0,0.1), rgba(255,255,255,0.25));color: #000000;color: light-dark(#000000, #ffffff);border-radius: 2px  Server   panel-layout {tenantId: cmrvvipw70000oyyo6123270j, userId: cmrvvipy90009oyyocqnstw83, score: 40, completedCount: 2, totalCriticalCount: 5} @ http://localhost:3030/_next/static/chunks/04m2_next_dist_01d_w1-._.js:2431
[ 5191608ms] [LOG] [Fast Refresh] done in 175ms @ http://localhost:3030/_next/static/chunks/04m2_next_dist_01d_w1-._.js:2431
[ 5192149ms] [LOG] [Fast Refresh] rebuilding @ http://localhost:3030/_next/static/chunks/04m2_next_dist_01d_w1-._.js:2431
[ 5192179ms] [LOG] [Fast Refresh] done in 130ms @ http://localhost:3030/_next/static/chunks/04m2_next_dist_01d_w1-._.js:2431
[ 5192408ms] [INFO] %c%s%c [setup-health] background: #e6e6e6;background: light-dark(rgba(0,0,0,0.1), rgba(255,255,255,0.25));color: #000000;color: light-dark(#000000, #ffffff);border-radius: 2px  Server   panel-layout {tenantId: cmrvvipw70000oyyo6123270j, userId: cmrvvipy90009oyyocqnstw83, score: 40, completedCount: 2, totalCriticalCount: 5} @ http://localhost:3030/_next/static/chunks/04m2_next_dist_01d_w1-._.js:2431
[ 5192600ms] [LOG] [Fast Refresh] rebuilding @ http://localhost:3030/_next/static/chunks/04m2_next_dist_01d_w1-._.js:2431
[ 5192631ms] [LOG] [Fast Refresh] done in 134ms @ http://localhost:3030/_next/static/chunks/04m2_next_dist_01d_w1-._.js:2431
[ 5192734ms] [LOG] [Fast Refresh] rebuilding @ http://localhost:3030/_next/static/chunks/04m2_next_dist_01d_w1-._.js:2431
[ 5192819ms] [LOG] [Fast Refresh] done in 186ms @ http://localhost:3030/_next/static/chunks/04m2_next_dist_01d_w1-._.js:2431
[ 5192924ms] [LOG] [Fast Refresh] rebuilding @ http://localhost:3030/_next/static/chunks/04m2_next_dist_01d_w1-._.js:2431
[ 5192976ms] [LOG] [Fast Refresh] done in 156ms @ http://localhost:3030/_next/static/chunks/04m2_next_dist_01d_w1-._.js:2431
[ 5193126ms] [INFO] %c%s%c [setup-health] background: #e6e6e6;background: light-dark(rgba(0,0,0,0.1), rgba(255,255,255,0.25));color: #000000;color: light-dark(#000000, #ffffff);border-radius: 2px  Server   panel-layout {tenantId: cmrvvipw70000oyyo6123270j, userId: cmrvvipy90009oyyocqnstw83, score: 40, completedCount: 2, totalCriticalCount: 5} @ http://localhost:3030/_next/static/chunks/04m2_next_dist_01d_w1-._.js:2431
[ 5193146ms] [LOG] [Fast Refresh] rebuilding @ http://localhost:3030/_next/static/chunks/04m2_next_dist_01d_w1-._.js:2431
[ 5193163ms] [LOG] [Fast Refresh] done in 120ms @ http://localhost:3030/_next/static/chunks/04m2_next_dist_01d_w1-._.js:2431
[ 5193279ms] [LOG] [Fast Refresh] rebuilding @ http://localhost:3030/_next/static/chunks/04m2_next_dist_01d_w1-._.js:2431
[ 5193334ms] [LOG] [Fast Refresh] done in 157ms @ http://localhost:3030/_next/static/chunks/04m2_next_dist_01d_w1-._.js:2431
[ 5193438ms] [LOG] [Fast Refresh] rebuilding @ http://localhost:3030/_next/static/chunks/04m2_next_dist_01d_w1-._.js:2431
[ 5193501ms] [LOG] [Fast Refresh] done in 166ms @ http://localhost:3030/_next/static/chunks/04m2_next_dist_01d_w1-._.js:2431
[ 5193665ms] [LOG] [Fast Refresh] rebuilding @ http://localhost:3030/_next/static/chunks/04m2_next_dist_01d_w1-._.js:2431
[ 5193767ms] [LOG] [Fast Refresh] done in 202ms @ http://localhost:3030/_next/static/chunks/04m2_next_dist_01d_w1-._.js:2431
[ 5193991ms] [INFO] %c%s%c [setup-health] background: #e6e6e6;background: light-dark(rgba(0,0,0,0.1), rgba(255,255,255,0.25));color: #000000;color: light-dark(#000000, #ffffff);border-radius: 2px  Server   panel-layout {tenantId: cmrvvipw70000oyyo6123270j, userId: cmrvvipy90009oyyocqnstw83, score: 40, completedCount: 2, totalCriticalCount: 5} @ http://localhost:3030/_next/static/chunks/04m2_next_dist_01d_w1-._.js:2431
[ 5194202ms] [LOG] [Fast Refresh] rebuilding @ http://localhost:3030/_next/static/chunks/04m2_next_dist_01d_w1-._.js:2431
[ 5194286ms] [LOG] [Fast Refresh] done in 186ms @ http://localhost:3030/_next/static/chunks/04m2_next_dist_01d_w1-._.js:2431
[ 5194389ms] [LOG] [Fast Refresh] rebuilding @ http://localhost:3030/_next/static/chunks/04m2_next_dist_01d_w1-._.js:2431
[ 5194402ms] [LOG] [Fast Refresh] done in 114ms @ http://localhost:3030/_next/static/chunks/04m2_next_dist_01d_w1-._.js:2431
[ 5194777ms] [LOG] [Fast Refresh] rebuilding @ http://localhost:3030/_next/static/chunks/04m2_next_dist_01d_w1-._.js:2431
[ 5194875ms] [LOG] [Fast Refresh] done in 200ms @ http://localhost:3030/_next/static/chunks/04m2_next_dist_01d_w1-._.js:2431
[ 5194900ms] [INFO] %c%s%c [setup-health] background: #e6e6e6;background: light-dark(rgba(0,0,0,0.1), rgba(255,255,255,0.25));color: #000000;color: light-dark(#000000, #ffffff);border-radius: 2px  Server   panel-layout {tenantId: cmrvvipw70000oyyo6123270j, userId: cmrvvipy90009oyyocqnstw83, score: 40, completedCount: 2, totalCriticalCount: 5} @ http://localhost:3030/_next/static/chunks/04m2_next_dist_01d_w1-._.js:2431
[ 5195256ms] [LOG] [Fast Refresh] rebuilding @ http://localhost:3030/_next/static/chunks/04m2_next_dist_01d_w1-._.js:2431
[ 5195297ms] [LOG] [Fast Refresh] done in 155ms @ http://localhost:3030/_next/static/chunks/04m2_next_dist_01d_w1-._.js:2431
[ 5195470ms] [LOG] [Fast Refresh] rebuilding @ http://localhost:3030/_next/static/chunks/04m2_next_dist_01d_w1-._.js:2431
[ 5195500ms] [LOG] [Fast Refresh] done in 135ms @ http://localhost:3030/_next/static/chunks/04m2_next_dist_01d_w1-._.js:2431
[ 5195661ms] [INFO] %c%s%c [setup-health] background: #e6e6e6;background: light-dark(rgba(0,0,0,0.1), rgba(255,255,255,0.25));color: #000000;color: light-dark(#000000, #ffffff);border-radius: 2px  Server   panel-layout {tenantId: cmrvvipw70000oyyo6123270j, userId: cmrvvipy90009oyyocqnstw83, score: 40, completedCount: 2, totalCriticalCount: 5} @ http://localhost:3030/_next/static/chunks/04m2_next_dist_01d_w1-._.js:2431
[ 5195669ms] [LOG] [Fast Refresh] rebuilding @ http://localhost:3030/_next/static/chunks/04m2_next_dist_01d_w1-._.js:2431
[ 5195767ms] [LOG] [Fast Refresh] done in 198ms @ http://localhost:3030/_next/static/chunks/04m2_next_dist_01d_w1-._.js:2431
[ 5195977ms] [LOG] [Fast Refresh] rebuilding @ http://localhost:3030/_next/static/chunks/04m2_next_dist_01d_w1-._.js:2431
[ 5195996ms] [LOG] [Fast Refresh] done in 121ms @ http://localhost:3030/_next/static/chunks/04m2_next_dist_01d_w1-._.js:2431
[ 5196208ms] [LOG] [Fast Refresh] rebuilding @ http://localhost:3030/_next/static/chunks/04m2_next_dist_01d_w1-._.js:2431
[ 5196301ms] [LOG] [Fast Refresh] done in 195ms @ http://localhost:3030/_next/static/chunks/04m2_next_dist_01d_w1-._.js:2431
[ 5196501ms] [INFO] %c%s%c [setup-health] background: #e6e6e6;background: light-dark(rgba(0,0,0,0.1), rgba(255,255,255,0.25));color: #000000;color: light-dark(#000000, #ffffff);border-radius: 2px  Server   panel-layout {tenantId: cmrvvipw70000oyyo6123270j, userId: cmrvvipy90009oyyocqnstw83, score: 40, completedCount: 2, totalCriticalCount: 5} @ http://localhost:3030/_next/static/chunks/04m2_next_dist_01d_w1-._.js:2431
[ 5196738ms] [LOG] [Fast Refresh] rebuilding @ http://localhost:3030/_next/static/chunks/04m2_next_dist_01d_w1-._.js:2431
[ 5196790ms] [LOG] [Fast Refresh] done in 154ms @ http://localhost:3030/_next/static/chunks/04m2_next_dist_01d_w1-._.js:2431
[ 5196973ms] [LOG] [Fast Refresh] rebuilding @ http://localhost:3030/_next/static/chunks/04m2_next_dist_01d_w1-._.js:2431
[ 5197046ms] [LOG] [Fast Refresh] done in 176ms @ http://localhost:3030/_next/static/chunks/04m2_next_dist_01d_w1-._.js:2431
[ 5197148ms] [LOG] [Fast Refresh] rebuilding @ http://localhost:3030/_next/static/chunks/04m2_next_dist_01d_w1-._.js:2431
[ 5197165ms] [LOG] [Fast Refresh] done in 119ms @ http://localhost:3030/_next/static/chunks/04m2_next_dist_01d_w1-._.js:2431
[ 5197301ms] [INFO] %c%s%c [setup-health] background: #e6e6e6;background: light-dark(rgba(0,0,0,0.1), rgba(255,255,255,0.25));color: #000000;color: light-dark(#000000, #ffffff);border-radius: 2px  Server   panel-layout {tenantId: cmrvvipw70000oyyo6123270j, userId: cmrvvipy90009oyyocqnstw83, score: 40, completedCount: 2, totalCriticalCount: 5} @ http://localhost:3030/_next/static/chunks/04m2_next_dist_01d_w1-._.js:2431
[ 5197466ms] [LOG] [Fast Refresh] rebuilding @ http://localhost:3030/_next/static/chunks/04m2_next_dist_01d_w1-._.js:2431
[ 5197582ms] [LOG] [Fast Refresh] done in 216ms @ http://localhost:3030/_next/static/chunks/04m2_next_dist_01d_w1-._.js:2431
[ 5197791ms] [LOG] [Fast Refresh] rebuilding @ http://localhost:3030/_next/static/chunks/04m2_next_dist_01d_w1-._.js:2431
[ 5197863ms] [LOG] [Fast Refresh] done in 178ms @ http://localhost:3030/_next/static/chunks/04m2_next_dist_01d_w1-._.js:2431
[ 5198021ms] [INFO] %c%s%c [setup-health] background: #e6e6e6;background: light-dark(rgba(0,0,0,0.1), rgba(255,255,255,0.25));color: #000000;color: light-dark(#000000, #ffffff);border-radius: 2px  Server   panel-layout {tenantId: cmrvvipw70000oyyo6123270j, userId: cmrvvipy90009oyyocqnstw83, score: 40, completedCount: 2, totalCriticalCount: 5} @ http://localhost:3030/_next/static/chunks/04m2_next_dist_01d_w1-._.js:2431
[ 5198031ms] [LOG] [Fast Refresh] rebuilding @ http://localhost:3030/_next/static/chunks/04m2_next_dist_01d_w1-._.js:2431
[ 5198136ms] [LOG] [Fast Refresh] done in 207ms @ http://localhost:3030/_next/static/chunks/04m2_next_dist_01d_w1-._.js:2431
[ 5198688ms] [LOG] [Fast Refresh] rebuilding @ http://localhost:3030/_next/static/chunks/04m2_next_dist_01d_w1-._.js:2431
[ 5198877ms] [LOG] [Fast Refresh] done in 295ms @ http://localhost:3030/_next/static/chunks/04m2_next_dist_01d_w1-._.js:2431
[ 5199003ms] [LOG] [Fast Refresh] rebuilding @ http://localhost:3030/_next/static/chunks/04m2_next_dist_01d_w1-._.js:2431
[ 5199022ms] [LOG] [Fast Refresh] done in 123ms @ http://localhost:3030/_next/static/chunks/04m2_next_dist_01d_w1-._.js:2431
[ 5199136ms] [INFO] %c%s%c [setup-health] background: #e6e6e6;background: light-dark(rgba(0,0,0,0.1), rgba(255,255,255,0.25));color: #000000;color: light-dark(#000000, #ffffff);border-radius: 2px  Server   panel-layout {tenantId: cmrvvipw70000oyyo6123270j, userId: cmrvvipy90009oyyocqnstw83, score: 40, completedCount: 2, totalCriticalCount: 5} @ http://localhost:3030/_next/static/chunks/04m2_next_dist_01d_w1-._.js:2431
[ 5199284ms] [LOG] [Fast Refresh] rebuilding @ http://localhost:3030/_next/static/chunks/04m2_next_dist_01d_w1-._.js:2431
[ 5199365ms] [LOG] [Fast Refresh] done in 184ms @ http://localhost:3030/_next/static/chunks/04m2_next_dist_01d_w1-._.js:2431
[ 5199467ms] [LOG] [Fast Refresh] rebuilding @ http://localhost:3030/_next/static/chunks/04m2_next_dist_01d_w1-._.js:2431
[ 5199491ms] [LOG] [Fast Refresh] done in 124ms @ http://localhost:3030/_next/static/chunks/04m2_next_dist_01d_w1-._.js:2431
[ 5199829ms] [LOG] [Fast Refresh] rebuilding @ http://localhost:3030/_next/static/chunks/04m2_next_dist_01d_w1-._.js:2431
[ 5199952ms] [LOG] [Fast Refresh] done in 225ms @ http://localhost:3030/_next/static/chunks/04m2_next_dist_01d_w1-._.js:2431
[ 5200024ms] [INFO] %c%s%c [setup-health] background: #e6e6e6;background: light-dark(rgba(0,0,0,0.1), rgba(255,255,255,0.25));color: #000000;color: light-dark(#000000, #ffffff);border-radius: 2px  Server   panel-layout {tenantId: cmrvvipw70000oyyo6123270j, userId: cmrvvipy90009oyyocqnstw83, score: 40, completedCount: 2, totalCriticalCount: 5} @ http://localhost:3030/_next/static/chunks/04m2_next_dist_01d_w1-._.js:2431
[ 5200153ms] [LOG] [Fast Refresh] rebuilding @ http://localhost:3030/_next/static/chunks/04m2_next_dist_01d_w1-._.js:2431
[ 5200154ms] [LOG] [Fast Refresh] done in 102ms @ http://localhost:3030/_next/static/chunks/04m2_next_dist_01d_w1-._.js:2431
[ 5200257ms] [LOG] [Fast Refresh] rebuilding @ http://localhost:3030/_next/static/chunks/04m2_next_dist_01d_w1-._.js:2431
[ 5200368ms] [LOG] [Fast Refresh] done in 213ms @ http://localhost:3030/_next/static/chunks/04m2_next_dist_01d_w1-._.js:2431
[ 5200730ms] [LOG] [Fast Refresh] rebuilding @ http://localhost:3030/_next/static/chunks/04m2_next_dist_01d_w1-._.js:2431
[ 5200755ms] [LOG] [Fast Refresh] done in 129ms @ http://localhost:3030/_next/static/chunks/04m2_next_dist_01d_w1-._.js:2431
[ 5200756ms] [INFO] %c%s%c [setup-health] background: #e6e6e6;background: light-dark(rgba(0,0,0,0.1), rgba(255,255,255,0.25));color: #000000;color: light-dark(#000000, #ffffff);border-radius: 2px  Server   panel-layout {tenantId: cmrvvipw70000oyyo6123270j, userId: cmrvvipy90009oyyocqnstw83, score: 40, completedCount: 2, totalCriticalCount: 5} @ http://localhost:3030/_next/static/chunks/04m2_next_dist_01d_w1-._.js:2431
[ 5201153ms] [LOG] [Fast Refresh] rebuilding @ http://localhost:3030/_next/static/chunks/04m2_next_dist_01d_w1-._.js:2431
[ 5201212ms] [LOG] [Fast Refresh] done in 169ms @ http://localhost:3030/_next/static/chunks/04m2_next_dist_01d_w1-._.js:2431
[ 5201335ms] [LOG] [Fast Refresh] rebuilding @ http://localhost:3030/_next/static/chunks/04m2_next_dist_01d_w1-._.js:2431
[ 5201537ms] [LOG] [Fast Refresh] done in 312ms @ http://localhost:3030/_next/static/chunks/04m2_next_dist_01d_w1-._.js:2431
[ 5201804ms] [LOG] [Fast Refresh] rebuilding @ http://localhost:3030/_next/static/chunks/04m2_next_dist_01d_w1-._.js:2431
[ 5201958ms] [LOG] [Fast Refresh] done in 256ms @ http://localhost:3030/_next/static/chunks/04m2_next_dist_01d_w1-._.js:2431
[ 5202009ms] [INFO] %c%s%c [setup-health] background: #e6e6e6;background: light-dark(rgba(0,0,0,0.1), rgba(255,255,255,0.25));color: #000000;color: light-dark(#000000, #ffffff);border-radius: 2px  Server   panel-layout {tenantId: cmrvvipw70000oyyo6123270j, userId: cmrvvipy90009oyyocqnstw83, score: 40, completedCount: 2, totalCriticalCount: 5} @ http://localhost:3030/_next/static/chunks/04m2_next_dist_01d_w1-._.js:2431
[ 5202991ms] [INFO] %c%s%c [setup-health] background: #e6e6e6;background: light-dark(rgba(0,0,0,0.1), rgba(255,255,255,0.25));color: #000000;color: light-dark(#000000, #ffffff);border-radius: 2px  Server   panel-layout {tenantId: cmrvvipw70000oyyo6123270j, userId: cmrvvipy90009oyyocqnstw83, score: 40, completedCount: 2, totalCriticalCount: 5} @ http://localhost:3030/_next/static/chunks/04m2_next_dist_01d_w1-._.js:2431
[ 5203286ms] [LOG] [Fast Refresh] rebuilding @ http://localhost:3030/_next/static/chunks/04m2_next_dist_01d_w1-._.js:2431
[ 5203384ms] [LOG] [Fast Refresh] done in 208ms @ http://localhost:3030/_next/static/chunks/04m2_next_dist_01d_w1-._.js:2431
[ 5203579ms] [LOG] [Fast Refresh] rebuilding @ http://localhost:3030/_next/static/chunks/04m2_next_dist_01d_w1-._.js:2431
[ 5203586ms] [LOG] [Fast Refresh] done in 110ms @ http://localhost:3030/_next/static/chunks/04m2_next_dist_01d_w1-._.js:2431
[ 5203773ms] [LOG] [Fast Refresh] rebuilding @ http://localhost:3030/_next/static/chunks/04m2_next_dist_01d_w1-._.js:2431
[ 5203826ms] [INFO] %c%s%c [setup-health] background: #e6e6e6;background: light-dark(rgba(0,0,0,0.1), rgba(255,255,255,0.25));color: #000000;color: light-dark(#000000, #ffffff);border-radius: 2px  Server   panel-layout {tenantId: cmrvvipw70000oyyo6123270j, userId: cmrvvipy90009oyyocqnstw83, score: 40, completedCount: 2, totalCriticalCount: 5} @ http://localhost:3030/_next/static/chunks/04m2_next_dist_01d_w1-._.js:2431
[ 5203937ms] [LOG] [Fast Refresh] done in 266ms @ http://localhost:3030/_next/static/chunks/04m2_next_dist_01d_w1-._.js:2431
[ 5204389ms] [LOG] [Fast Refresh] rebuilding @ http://localhost:3030/_next/static/chunks/04m2_next_dist_01d_w1-._.js:2431
[ 5204421ms] [LOG] [Fast Refresh] done in 135ms @ http://localhost:3030/_next/static/chunks/04m2_next_dist_01d_w1-._.js:2431
[ 5204524ms] [LOG] [Fast Refresh] rebuilding @ http://localhost:3030/_next/static/chunks/04m2_next_dist_01d_w1-._.js:2431
[ 5204580ms] [LOG] [Fast Refresh] done in 157ms @ http://localhost:3030/_next/static/chunks/04m2_next_dist_01d_w1-._.js:2431
[ 5204683ms] [LOG] [Fast Refresh] rebuilding @ http://localhost:3030/_next/static/chunks/04m2_next_dist_01d_w1-._.js:2431
[ 5204730ms] [INFO] %c%s%c [setup-health] background: #e6e6e6;background: light-dark(rgba(0,0,0,0.1), rgba(255,255,255,0.25));color: #000000;color: light-dark(#000000, #ffffff);border-radius: 2px  Server   panel-layout {tenantId: cmrvvipw70000oyyo6123270j, userId: cmrvvipy90009oyyocqnstw83, score: 40, completedCount: 2, totalCriticalCount: 5} @ http://localhost:3030/_next/static/chunks/04m2_next_dist_01d_w1-._.js:2431
[ 5204758ms] [LOG] [Fast Refresh] done in 177ms @ http://localhost:3030/_next/static/chunks/04m2_next_dist_01d_w1-._.js:2431
[ 5204870ms] [LOG] [Fast Refresh] rebuilding @ http://localhost:3030/_next/static/chunks/04m2_next_dist_01d_w1-._.js:2431
[ 5205165ms] [LOG] [Fast Refresh] done in 402ms @ http://localhost:3030/_next/static/chunks/04m2_next_dist_01d_w1-._.js:2431
[ 5205623ms] [ERROR] Failed to load resource: net::ERR_CONNECTION_RESET @ http://localhost:3030/employees/phase3-runtime-empty/history?_rsc=dm64d:0
[ 5205623ms] [ERROR] Failed to load resource: net::ERR_CONNECTION_RESET @ http://localhost:3030/employees/phase3-runtime-empty/history?_rsc=dm64d:0
[ 5205625ms] [ERROR] Failed to fetch RSC payload for http://localhost:3030/employees/phase3-runtime-empty/history. Falling back to browser navigation. TypeError: network error @ http://localhost:3030/_next/static/chunks/04m2_next_dist_01d_w1-._.js:3272
[ 5205630ms] [ERROR] Failed to load resource: net::ERR_CONNECTION_RESET @ http://localhost:3030/employees/phase3-runtime-empty/history?_rsc=dm64d:0
[ 5205659ms] [ERROR] WebSocket is already in CLOSING or CLOSED state. @ http://localhost:3030/_next/static/chunks/04m2_next_dist_01d_w1-._.js:2790
[ 5312979ms] [INFO] %cDownload the React DevTools for a better development experience: https://react.dev/link/react-devtools font-weight:bold @ http://localhost:3030/_next/static/chunks/04m2_next_dist_01d_w1-._.js:2431
[ 5313204ms] [LOG] [HMR] connected @ http://localhost:3030/_next/static/chunks/04m2_next_dist_01d_w1-._.js:2431
[ 5313243ms] [INFO] %c%s%c [setup-health] background: #e6e6e6;background: light-dark(rgba(0,0,0,0.1), rgba(255,255,255,0.25));color: #000000;color: light-dark(#000000, #ffffff);border-radius: 2px  Server   panel-layout {tenantId: cmrvvipw70000oyyo6123270j, userId: cmrvvipy90009oyyocqnstw83, score: 40, completedCount: 2, totalCriticalCount: 5} @ http://localhost:3030/_next/static/chunks/04m2_next_dist_01d_w1-._.js:2431
[ 5343453ms] [LOG] [Fast Refresh] rebuilding @ http://localhost:3030/_next/static/chunks/04m2_next_dist_01d_w1-._.js:2431
[ 5343704ms] [LOG] [Fast Refresh] done in 361ms @ http://localhost:3030/_next/static/chunks/04m2_next_dist_01d_w1-._.js:2431
[ 5355693ms] [LOG] [Fast Refresh] rebuilding @ http://localhost:3030/_next/static/chunks/04m2_next_dist_01d_w1-._.js:2431
[ 5355884ms] [LOG] [Fast Refresh] done in 293ms @ http://localhost:3030/_next/static/chunks/04m2_next_dist_01d_w1-._.js:2431
[ 5395608ms] [LOG] [Fast Refresh] rebuilding @ http://localhost:3030/_next/static/chunks/04m2_next_dist_01d_w1-._.js:2431
[ 5396364ms] [LOG] [Fast Refresh] done in 856ms @ http://localhost:3030/_next/static/chunks/04m2_next_dist_01d_w1-._.js:2431
[ 5397402ms] [LOG] [Fast Refresh] rebuilding @ http://localhost:3030/_next/static/chunks/04m2_next_dist_01d_w1-._.js:2431
[ 5397617ms] [LOG] [Fast Refresh] done in 324ms @ http://localhost:3030/_next/static/chunks/04m2_next_dist_01d_w1-._.js:2431
[ 5408105ms] [LOG] [Fast Refresh] rebuilding @ http://localhost:3030/_next/static/chunks/04m2_next_dist_01d_w1-._.js:2431
[ 5408308ms] [LOG] [Fast Refresh] done in 319ms @ http://localhost:3030/_next/static/chunks/04m2_next_dist_01d_w1-._.js:2431
[ 5422712ms] [LOG] [Fast Refresh] rebuilding @ http://localhost:3030/_next/static/chunks/04m2_next_dist_01d_w1-._.js:2431
[ 5422945ms] [LOG] [Fast Refresh] done in 334ms @ http://localhost:3030/_next/static/chunks/04m2_next_dist_01d_w1-._.js:2431
[ 5477939ms] [LOG] [Fast Refresh] rebuilding @ http://localhost:3030/_next/static/chunks/04m2_next_dist_01d_w1-._.js:2431
[ 5478238ms] [LOG] [Fast Refresh] done in 390ms @ http://localhost:3030/_next/static/chunks/04m2_next_dist_01d_w1-._.js:2431
[ 5478348ms] [LOG] [Fast Refresh] rebuilding @ http://localhost:3030/_next/static/chunks/04m2_next_dist_01d_w1-._.js:2431
[ 5478354ms] [LOG] [Fast Refresh] done in 115ms @ http://localhost:3030/_next/static/chunks/04m2_next_dist_01d_w1-._.js:2431
[ 5478456ms] [LOG] [Fast Refresh] rebuilding @ http://localhost:3030/_next/static/chunks/04m2_next_dist_01d_w1-._.js:2431
[ 5478714ms] [LOG] [Fast Refresh] done in 361ms @ http://localhost:3030/_next/static/chunks/04m2_next_dist_01d_w1-._.js:2431
[ 5478827ms] [LOG] [Fast Refresh] rebuilding @ http://localhost:3030/_next/static/chunks/04m2_next_dist_01d_w1-._.js:2431
[ 5478874ms] [LOG] [Fast Refresh] done in 154ms @ http://localhost:3030/_next/static/chunks/04m2_next_dist_01d_w1-._.js:2431
[ 5478986ms] [LOG] [Fast Refresh] rebuilding @ http://localhost:3030/_next/static/chunks/04m2_next_dist_01d_w1-._.js:2431
[ 5479166ms] [LOG] [Fast Refresh] done in 292ms @ http://localhost:3030/_next/static/chunks/04m2_next_dist_01d_w1-._.js:2431
[ 5479421ms] [LOG] [Fast Refresh] rebuilding @ http://localhost:3030/_next/static/chunks/04m2_next_dist_01d_w1-._.js:2431
[ 5479429ms] [LOG] [Fast Refresh] done in 147ms @ http://localhost:3030/_next/static/chunks/04m2_next_dist_01d_w1-._.js:2431
[ 5480062ms] [INFO] %c%s%c [setup-health] background: #e6e6e6;background: light-dark(rgba(0,0,0,0.1), rgba(255,255,255,0.25));color: #000000;color: light-dark(#000000, #ffffff);border-radius: 2px  Server   panel-layout {tenantId: cmrvvipw70000oyyo6123270j, userId: cmrvvipy90009oyyocqnstw83, score: 40, completedCount: 2, totalCriticalCount: 5} @ http://localhost:3030/_next/static/chunks/04m2_next_dist_01d_w1-._.js:2431
[ 5486001ms] [LOG] [Fast Refresh] rebuilding @ http://localhost:3030/_next/static/chunks/04m2_next_dist_01d_w1-._.js:2431
[ 5486151ms] [LOG] [Fast Refresh] done in 265ms @ http://localhost:3030/_next/static/chunks/04m2_next_dist_01d_w1-._.js:2431
[ 5486688ms] [LOG] [Fast Refresh] rebuilding @ http://localhost:3030/_next/static/chunks/04m2_next_dist_01d_w1-._.js:2431
[ 5486894ms] [LOG] [Fast Refresh] done in 311ms @ http://localhost:3030/_next/static/chunks/04m2_next_dist_01d_w1-._.js:2431
[ 5507685ms] [LOG] [Fast Refresh] rebuilding @ http://localhost:3030/_next/static/chunks/04m2_next_dist_01d_w1-._.js:2431
[ 5507905ms] [LOG] [Fast Refresh] done in 323ms @ http://localhost:3030/_next/static/chunks/04m2_next_dist_01d_w1-._.js:2431
[ 5520674ms] [ERROR] WebSocket connection to 'ws://localhost:3030/_next/webpack-hmr?id=z_jeNG9uI3CLqxBrEPa-C' failed: Error in connection establishment: net::ERR_CONNECTION_REFUSED @ http://localhost:3030/_next/static/chunks/04m2_next_dist_client_0-mnb_3._.js:13299
[ 5524053ms] [ERROR] WebSocket connection to 'ws://localhost:3030/_next/webpack-hmr?id=z_jeNG9uI3CLqxBrEPa-C' failed: Error in connection establishment: net::ERR_CONNECTION_REFUSED @ http://localhost:3030/_next/static/chunks/04m2_next_dist_client_0-mnb_3._.js:13299
[ 5527398ms] [ERROR] WebSocket connection to 'ws://localhost:3030/_next/webpack-hmr?id=z_jeNG9uI3CLqxBrEPa-C' failed: Error in connection establishment: net::ERR_CONNECTION_REFUSED @ http://localhost:3030/_next/static/chunks/04m2_next_dist_client_0-mnb_3._.js:13299
[ 5530779ms] [ERROR] WebSocket connection to 'ws://localhost:3030/_next/webpack-hmr?id=z_jeNG9uI3CLqxBrEPa-C' failed: Error in connection establishment: net::ERR_CONNECTION_REFUSED @ http://localhost:3030/_next/static/chunks/04m2_next_dist_client_0-mnb_3._.js:13299
[ 5534118ms] [ERROR] WebSocket connection to 'ws://localhost:3030/_next/webpack-hmr?id=z_jeNG9uI3CLqxBrEPa-C' failed: Error in connection establishment: net::ERR_CONNECTION_REFUSED @ http://localhost:3030/_next/static/chunks/04m2_next_dist_client_0-mnb_3._.js:13299
[ 5541467ms] [ERROR] WebSocket connection to 'ws://localhost:3030/_next/webpack-hmr?id=z_jeNG9uI3CLqxBrEPa-C' failed: Error in connection establishment: net::ERR_CONNECTION_REFUSED @ http://localhost:3030/_next/static/chunks/04m2_next_dist_client_0-mnb_3._.js:13299
[ 5786487ms] [ERROR] WebSocket connection to 'ws://localhost:3030/_next/webpack-hmr?id=z_jeNG9uI3CLqxBrEPa-C' failed: WebSocket opening handshake timed out @ http://localhost:3030/_next/static/chunks/04m2_next_dist_client_0-mnb_3._.js:13299
[ 5906321ms] [ERROR] WebSocket connection to 'ws://localhost:3030/_next/webpack-hmr?id=z_jeNG9uI3CLqxBrEPa-C' failed: Error during WebSocket handshake: net::ERR_CONNECTION_RESET @ http://localhost:3030/_next/static/chunks/04m2_next_dist_client_0-mnb_3._.js:13299
[ 5913695ms] [ERROR] WebSocket connection to 'ws://localhost:3030/_next/webpack-hmr?id=z_jeNG9uI3CLqxBrEPa-C' failed: Error in connection establishment: net::ERR_CONNECTION_REFUSED @ http://localhost:3030/_next/static/chunks/04m2_next_dist_client_0-mnb_3._.js:13299
[ 5921047ms] [ERROR] WebSocket connection to 'ws://localhost:3030/_next/webpack-hmr?id=z_jeNG9uI3CLqxBrEPa-C' failed: Error in connection establishment: net::ERR_CONNECTION_REFUSED @ http://localhost:3030/_next/static/chunks/04m2_next_dist_client_0-mnb_3._.js:13299
[ 5928397ms] [ERROR] WebSocket connection to 'ws://localhost:3030/_next/webpack-hmr?id=z_jeNG9uI3CLqxBrEPa-C' failed: Error in connection establishment: net::ERR_CONNECTION_REFUSED @ http://localhost:3030/_next/static/chunks/04m2_next_dist_client_0-mnb_3._.js:13299
[ 5935759ms] [ERROR] WebSocket connection to 'ws://localhost:3030/_next/webpack-hmr?id=z_jeNG9uI3CLqxBrEPa-C' failed: Error in connection establishment: net::ERR_CONNECTION_REFUSED @ http://localhost:3030/_next/static/chunks/04m2_next_dist_client_0-mnb_3._.js:13299
