[     391ms] [INFO] %cDownload the React DevTools for a better development experience: https://react.dev/link/react-devtools font-weight:bold @ http://localhost:3030/_next/static/chunks/04m2_next_dist_01d_w1-._.js:2431
[     481ms] [LOG] [HMR] connected @ http://localhost:3030/_next/static/chunks/04m2_next_dist_01d_w1-._.js:2431
[     506ms] [INFO] %c%s%c [setup-health] background: #e6e6e6;background: light-dark(rgba(0,0,0,0.1), rgba(255,255,255,0.25));color: #000000;color: light-dark(#000000, #ffffff);border-radius: 2px  Server   panel-layout {tenantId: cmrvvipw70000oyyo6123270j, userId: cmrvvipy90009oyyocqnstw83, score: 40, completedCount: 2, totalCriticalCount: 5} @ http://localhost:3030/_next/static/chunks/04m2_next_dist_01d_w1-._.js:2431
[     647ms] [LOG] [Fast Refresh] rebuilding @ http://localhost:3030/_next/static/chunks/04m2_next_dist_01d_w1-._.js:2431
[     854ms] [LOG] [Fast Refresh] done in 339ms @ http://localhost:3030/_next/static/chunks/04m2_next_dist_01d_w1-._.js:2431
[   97133ms] [LOG] [Fast Refresh] rebuilding @ http://localhost:3030/_next/static/chunks/04m2_next_dist_01d_w1-._.js:2431
[   97385ms] [LOG] [Fast Refresh] done in 368ms @ http://localhost:3030/_next/static/chunks/04m2_next_dist_01d_w1-._.js:2431
[   99068ms] [LOG] [Fast Refresh] rebuilding @ http://localhost:3030/_next/static/chunks/04m2_next_dist_01d_w1-._.js:2431
[   99241ms] [LOG] [Fast Refresh] done in 284ms @ http://localhost:3030/_next/static/chunks/04m2_next_dist_01d_w1-._.js:2431
[  108367ms] [INFO] %c%s%c [setup-health] background: #e6e6e6;background: light-dark(rgba(0,0,0,0.1), rgba(255,255,255,0.25));color: #000000;color: light-dark(#000000, #ffffff);border-radius: 2px  Server   panel-layout {tenantId: cmrvvipw70000oyyo6123270j, userId: cmrvvipy90009oyyocqnstw83, score: 40, completedCount: 2, totalCriticalCount: 5} @ http://localhost:3030/_next/static/chunks/04m2_next_dist_01d_w1-._.js:2431
[  109417ms] [LOG] [Fast Refresh] rebuilding @ http://localhost:3030/_next/static/chunks/04m2_next_dist_01d_w1-._.js:2431
[  109619ms] [LOG] [Fast Refresh] done in 304ms @ http://localhost:3030/_next/static/chunks/04m2_next_dist_01d_w1-._.js:2431
[  172582ms] [LOG] [Fast Refresh] rebuilding @ http://localhost:3030/_next/static/chunks/04m2_next_dist_01d_w1-._.js:2431
[  172854ms] [ERROR] Failed to load resource: the server responded with a status of 500 (Internal Server Error) @ http://localhost:3030/job-classifications:0
[  172856ms] [LOG] [Fast Refresh] done in 376ms @ http://localhost:3030/_next/static/chunks/04m2_next_dist_01d_w1-._.js:2431
[  172884ms] [ERROR] %o

%s Error: طبقه‌بندی متصل به پروفایل دارای سمت قابل آرشیو نیست.
    at archiveJobClassification (about://React/Server/C:%5CUsers%5CAdministrator%5CDesktop%5Cfirst-unit-next%5Cvahedyek%5Capps%5Cdastranj-panel%5C.next%5Cdev%5Cserver%5Cchunks%5Cssr%5CDesktop_first-unit-next_vahedyek_apps_dastranj-panel_05po~4r._.js?72:1139:51)
    at resolveErrorDev (http://localhost:3030/_next/static/chunks/04m2_next_dist_compiled_react-server-dom-turbopack_0m1uz4p._.js:1919:105)
    at processFullStringRow (http://localhost:3030/_next/static/chunks/04m2_next_dist_compiled_react-server-dom-turbopack_0m1uz4p._.js:2434:29)
    at processFullBinaryRow (http://localhost:3030/_next/static/chunks/04m2_next_dist_compiled_react-server-dom-turbopack_0m1uz4p._.js:2393:9)
    at processBinaryChunk (http://localhost:3030/_next/static/chunks/04m2_next_dist_compiled_react-server-dom-turbopack_0m1uz4p._.js:2502:221)
    at progress (http://localhost:3030/_next/static/chunks/04m2_next_dist_compiled_react-server-dom-turbopack_0m1uz4p._.js:2689:13) The above error occurred in the <form> component. It was handled by the <ErrorBoundaryHandler> error boundary. @ http://localhost:3030/_next/static/chunks/04m2_next_dist_client_0-mnb_3._.js:1998
[  173049ms] [LOG] [Fast Refresh] rebuilding @ http://localhost:3030/_next/static/chunks/04m2_next_dist_01d_w1-._.js:2431
[  175450ms] [ERROR] Failed to load resource: net::ERR_CONNECTION_REFUSED @ http://localhost:3030/__nextjs_original-stack-frames:0
[  176480ms] [ERROR] WebSocket connection to 'ws://localhost:3030/_next/webpack-hmr?id=XSaUBUBb7Z5nEAiv5L4hN' failed: Error in connection establishment: net::ERR_CONNECTION_REFUSED @ http://localhost:3030/_next/static/chunks/04m2_next_dist_client_0-mnb_3._.js:13299
[  179838ms] [ERROR] WebSocket connection to 'ws://localhost:3030/_next/webpack-hmr?id=XSaUBUBb7Z5nEAiv5L4hN' failed: Error in connection establishment: net::ERR_CONNECTION_REFUSED @ http://localhost:3030/_next/static/chunks/04m2_next_dist_client_0-mnb_3._.js:13299
[  183200ms] [ERROR] WebSocket connection to 'ws://localhost:3030/_next/webpack-hmr?id=XSaUBUBb7Z5nEAiv5L4hN' failed: Error in connection establishment: net::ERR_CONNECTION_REFUSED @ http://localhost:3030/_next/static/chunks/04m2_next_dist_client_0-mnb_3._.js:13299
[  186576ms] [ERROR] WebSocket connection to 'ws://localhost:3030/_next/webpack-hmr?id=XSaUBUBb7Z5nEAiv5L4hN' failed: Error in connection establishment: net::ERR_CONNECTION_REFUSED @ http://localhost:3030/_next/static/chunks/04m2_next_dist_client_0-mnb_3._.js:13299
[  189943ms] [ERROR] WebSocket connection to 'ws://localhost:3030/_next/webpack-hmr?id=XSaUBUBb7Z5nEAiv5L4hN' failed: Error in connection establishment: net::ERR_CONNECTION_REFUSED @ http://localhost:3030/_next/static/chunks/04m2_next_dist_client_0-mnb_3._.js:13299
[  197298ms] [ERROR] WebSocket connection to 'ws://localhost:3030/_next/webpack-hmr?id=XSaUBUBb7Z5nEAiv5L4hN' failed: Error in connection establishment: net::ERR_CONNECTION_REFUSED @ http://localhost:3030/_next/static/chunks/04m2_next_dist_client_0-mnb_3._.js:13299
[  204695ms] [ERROR] WebSocket connection to 'ws://localhost:3030/_next/webpack-hmr?id=XSaUBUBb7Z5nEAiv5L4hN' failed: Error in connection establishment: net::ERR_CONNECTION_REFUSED @ http://localhost:3030/_next/static/chunks/04m2_next_dist_client_0-mnb_3._.js:13299
[  212090ms] [ERROR] WebSocket connection to 'ws://localhost:3030/_next/webpack-hmr?id=XSaUBUBb7Z5nEAiv5L4hN' failed: Error in connection establishment: net::ERR_CONNECTION_REFUSED @ http://localhost:3030/_next/static/chunks/04m2_next_dist_client_0-mnb_3._.js:13299
[  219472ms] [ERROR] WebSocket connection to 'ws://localhost:3030/_next/webpack-hmr?id=XSaUBUBb7Z5nEAiv5L4hN' failed: Error in connection establishment: net::ERR_CONNECTION_REFUSED @ http://localhost:3030/_next/static/chunks/04m2_next_dist_client_0-mnb_3._.js:13299
[  226868ms] [ERROR] WebSocket connection to 'ws://localhost:3030/_next/webpack-hmr?id=XSaUBUBb7Z5nEAiv5L4hN' failed: Error in connection establishment: net::ERR_CONNECTION_REFUSED @ http://localhost:3030/_next/static/chunks/04m2_next_dist_client_0-mnb_3._.js:13299
[  234302ms] [ERROR] WebSocket connection to 'ws://localhost:3030/_next/webpack-hmr?id=XSaUBUBb7Z5nEAiv5L4hN' failed: Error in connection establishment: net::ERR_CONNECTION_REFUSED @ http://localhost:3030/_next/static/chunks/04m2_next_dist_client_0-mnb_3._.js:13299
[  241802ms] [ERROR] WebSocket connection to 'ws://localhost:3030/_next/webpack-hmr?id=XSaUBUBb7Z5nEAiv5L4hN' failed: Error in connection establishment: net::ERR_CONNECTION_REFUSED @ http://localhost:3030/_next/static/chunks/04m2_next_dist_client_0-mnb_3._.js:13299
[  793642ms] [INFO] %cDownload the React DevTools for a better development experience: https://react.dev/link/react-devtools font-weight:bold @ http://localhost:3030/_next/static/chunks/04m2_next_dist_01d_w1-._.js:2431
[  793745ms] [LOG] [HMR] connected @ http://localhost:3030/_next/static/chunks/04m2_next_dist_01d_w1-._.js:2431
[  793774ms] [INFO] %c%s%c [setup-health] background: #e6e6e6;background: light-dark(rgba(0,0,0,0.1), rgba(255,255,255,0.25));color: #000000;color: light-dark(#000000, #ffffff);border-radius: 2px  Server   panel-layout {tenantId: cmrvvipw70000oyyo6123270j, userId: cmrvvipy90009oyyocqnstw83, score: 40, completedCount: 2, totalCriticalCount: 5} @ http://localhost:3030/_next/static/chunks/04m2_next_dist_01d_w1-._.js:2431
[  794021ms] [LOG] [Fast Refresh] rebuilding @ http://localhost:3030/_next/static/chunks/04m2_next_dist_01d_w1-._.js:2431
[  794592ms] [LOG] [Fast Refresh] done in 677ms @ http://localhost:3030/_next/static/chunks/04m2_next_dist_01d_w1-._.js:2431
[  797017ms] [LOG] [Fast Refresh] rebuilding @ http://localhost:3030/_next/static/chunks/04m2_next_dist_01d_w1-._.js:2431
[  797332ms] [LOG] [Fast Refresh] done in 421ms @ http://localhost:3030/_next/static/chunks/04m2_next_dist_01d_w1-._.js:2431
[  798279ms] [LOG] [Fast Refresh] rebuilding @ http://localhost:3030/_next/static/chunks/04m2_next_dist_01d_w1-._.js:2431
[  798498ms] [LOG] [Fast Refresh] done in 325ms @ http://localhost:3030/_next/static/chunks/04m2_next_dist_01d_w1-._.js:2431
[  811355ms] [LOG] [Fast Refresh] rebuilding @ http://localhost:3030/_next/static/chunks/04m2_next_dist_01d_w1-._.js:2431
[  811608ms] [LOG] [Fast Refresh] done in 357ms @ http://localhost:3030/_next/static/chunks/04m2_next_dist_01d_w1-._.js:2431
[  812745ms] [LOG] [Fast Refresh] rebuilding @ http://localhost:3030/_next/static/chunks/04m2_next_dist_01d_w1-._.js:2431
[  813048ms] [LOG] [Fast Refresh] done in 403ms @ http://localhost:3030/_next/static/chunks/04m2_next_dist_01d_w1-._.js:2431
[  814147ms] [LOG] [Fast Refresh] rebuilding @ http://localhost:3030/_next/static/chunks/04m2_next_dist_01d_w1-._.js:2431
[  814320ms] [LOG] [Fast Refresh] done in 280ms @ http://localhost:3030/_next/static/chunks/04m2_next_dist_01d_w1-._.js:2431
[  819511ms] [LOG] [Fast Refresh] rebuilding @ http://localhost:3030/_next/static/chunks/04m2_next_dist_01d_w1-._.js:2431
[  819671ms] [LOG] [Fast Refresh] done in 261ms @ http://localhost:3030/_next/static/chunks/04m2_next_dist_01d_w1-._.js:2431
[  824762ms] [LOG] [Fast Refresh] rebuilding @ http://localhost:3030/_next/static/chunks/04m2_next_dist_01d_w1-._.js:2431
[  824971ms] [LOG] [Fast Refresh] done in 299ms @ http://localhost:3030/_next/static/chunks/04m2_next_dist_01d_w1-._.js:2431
[  825121ms] [LOG] [Fast Refresh] rebuilding @ http://localhost:3030/_next/static/chunks/04m2_next_dist_01d_w1-._.js:2431
[  825138ms] [LOG] [Fast Refresh] done in 120ms @ http://localhost:3030/_next/static/chunks/04m2_next_dist_01d_w1-._.js:2431
[  825255ms] [LOG] [Fast Refresh] rebuilding @ http://localhost:3030/_next/static/chunks/04m2_next_dist_01d_w1-._.js:2431
[  825640ms] [LOG] [Fast Refresh] done in 498ms @ http://localhost:3030/_next/static/chunks/04m2_next_dist_01d_w1-._.js:2431
[  825937ms] [INFO] %c%s%c [setup-health] background: #e6e6e6;background: light-dark(rgba(0,0,0,0.1), rgba(255,255,255,0.25));color: #000000;color: light-dark(#000000, #ffffff);border-radius: 2px  Server   panel-layout {tenantId: cmrvvipw70000oyyo6123270j, userId: cmrvvipy90009oyyocqnstw83, score: 40, completedCount: 2, totalCriticalCount: 5} @ http://localhost:3030/_next/static/chunks/04m2_next_dist_01d_w1-._.js:2431
[  826130ms] [INFO] %c%s%c [setup-health] background: #e6e6e6;background: light-dark(rgba(0,0,0,0.1), rgba(255,255,255,0.25));color: #000000;color: light-dark(#000000, #ffffff);border-radius: 2px  Server   panel-layout {tenantId: cmrvvipw70000oyyo6123270j, userId: cmrvvipy90009oyyocqnstw83, score: 40, completedCount: 2, totalCriticalCount: 5} @ http://localhost:3030/_next/static/chunks/04m2_next_dist_01d_w1-._.js:2431
[  826333ms] [LOG] [Fast Refresh] rebuilding @ http://localhost:3030/_next/static/chunks/04m2_next_dist_01d_w1-._.js:2431
[  826356ms] [LOG] [Fast Refresh] done in 132ms @ http://localhost:3030/_next/static/chunks/04m2_next_dist_01d_w1-._.js:2431
[  826363ms] [INFO] %c%s%c [setup-health] background: #e6e6e6;background: light-dark(rgba(0,0,0,0.1), rgba(255,255,255,0.25));color: #000000;color: light-dark(#000000, #ffffff);border-radius: 2px  Server   panel-layout {tenantId: cmrvvipw70000oyyo6123270j, userId: cmrvvipy90009oyyocqnstw83, score: 40, completedCount: 2, totalCriticalCount: 5} @ http://localhost:3030/_next/static/chunks/04m2_next_dist_01d_w1-._.js:2431
[  826537ms] [LOG] [Fast Refresh] rebuilding @ http://localhost:3030/_next/static/chunks/04m2_next_dist_01d_w1-._.js:2431
[  826578ms] [LOG] [Fast Refresh] done in 140ms @ http://localhost:3030/_next/static/chunks/04m2_next_dist_01d_w1-._.js:2431
[  826582ms] [INFO] %c%s%c [setup-health] background: #e6e6e6;background: light-dark(rgba(0,0,0,0.1), rgba(255,255,255,0.25));color: #000000;color: light-dark(#000000, #ffffff);border-radius: 2px  Server   panel-layout {tenantId: cmrvvipw70000oyyo6123270j, userId: cmrvvipy90009oyyocqnstw83, score: 40, completedCount: 2, totalCriticalCount: 5} @ http://localhost:3030/_next/static/chunks/04m2_next_dist_01d_w1-._.js:2431
[  826768ms] [LOG] [Fast Refresh] rebuilding @ http://localhost:3030/_next/static/chunks/04m2_next_dist_01d_w1-._.js:2431
[  826801ms] [LOG] [Fast Refresh] done in 138ms @ http://localhost:3030/_next/static/chunks/04m2_next_dist_01d_w1-._.js:2431
[  826807ms] [INFO] %c%s%c [setup-health] background: #e6e6e6;background: light-dark(rgba(0,0,0,0.1), rgba(255,255,255,0.25));color: #000000;color: light-dark(#000000, #ffffff);border-radius: 2px  Server   panel-layout {tenantId: cmrvvipw70000oyyo6123270j, userId: cmrvvipy90009oyyocqnstw83, score: 40, completedCount: 2, totalCriticalCount: 5} @ http://localhost:3030/_next/static/chunks/04m2_next_dist_01d_w1-._.js:2431
[  826987ms] [LOG] [Fast Refresh] rebuilding @ http://localhost:3030/_next/static/chunks/04m2_next_dist_01d_w1-._.js:2431
[  827060ms] [INFO] %c%s%c [setup-health] background: #e6e6e6;background: light-dark(rgba(0,0,0,0.1), rgba(255,255,255,0.25));color: #000000;color: light-dark(#000000, #ffffff);border-radius: 2px  Server   panel-layout {tenantId: cmrvvipw70000oyyo6123270j, userId: cmrvvipy90009oyyocqnstw83, score: 40, completedCount: 2, totalCriticalCount: 5} @ http://localhost:3030/_next/static/chunks/04m2_next_dist_01d_w1-._.js:2431
[  827261ms] [INFO] %c%s%c [setup-health] background: #e6e6e6;background: light-dark(rgba(0,0,0,0.1), rgba(255,255,255,0.25));color: #000000;color: light-dark(#000000, #ffffff);border-radius: 2px  Server   panel-layout {tenantId: cmrvvipw70000oyyo6123270j, userId: cmrvvipy90009oyyocqnstw83, score: 40, completedCount: 2, totalCriticalCount: 5} @ http://localhost:3030/_next/static/chunks/04m2_next_dist_01d_w1-._.js:2431
[  827545ms] [LOG] [Fast Refresh] done in 670ms @ http://localhost:3030/_next/static/chunks/04m2_next_dist_01d_w1-._.js:2431
[  827658ms] [INFO] %c%s%c [setup-health] background: #e6e6e6;background: light-dark(rgba(0,0,0,0.1), rgba(255,255,255,0.25));color: #000000;color: light-dark(#000000, #ffffff);border-radius: 2px  Server   panel-layout {tenantId: cmrvvipw70000oyyo6123270j, userId: cmrvvipy90009oyyocqnstw83, score: 40, completedCount: 2, totalCriticalCount: 5} @ http://localhost:3030/_next/static/chunks/04m2_next_dist_01d_w1-._.js:2431
[  827754ms] [LOG] [Fast Refresh] rebuilding @ http://localhost:3030/_next/static/chunks/04m2_next_dist_01d_w1-._.js:2431
[  828448ms] [LOG] [Fast Refresh] done in 797ms @ http://localhost:3030/_next/static/chunks/04m2_next_dist_01d_w1-._.js:2431
[  828582ms] [LOG] [Fast Refresh] rebuilding @ http://localhost:3030/_next/static/chunks/04m2_next_dist_01d_w1-._.js:2431
[  828591ms] [LOG] [Fast Refresh] done in 117ms @ http://localhost:3030/_next/static/chunks/04m2_next_dist_01d_w1-._.js:2431
[  828694ms] [LOG] [Fast Refresh] rebuilding @ http://localhost:3030/_next/static/chunks/04m2_next_dist_01d_w1-._.js:2431
[  828726ms] [INFO] %c%s%c [setup-health] background: #e6e6e6;background: light-dark(rgba(0,0,0,0.1), rgba(255,255,255,0.25));color: #000000;color: light-dark(#000000, #ffffff);border-radius: 2px  Server   panel-layout {tenantId: cmrvvipw70000oyyo6123270j, userId: cmrvvipy90009oyyocqnstw83, score: 40, completedCount: 2, totalCriticalCount: 5} @ http://localhost:3030/_next/static/chunks/04m2_next_dist_01d_w1-._.js:2431
[  828737ms] [LOG] [Fast Refresh] done in 144ms @ http://localhost:3030/_next/static/chunks/04m2_next_dist_01d_w1-._.js:2431
[  828912ms] [LOG] [Fast Refresh] rebuilding @ http://localhost:3030/_next/static/chunks/04m2_next_dist_01d_w1-._.js:2431
[  828918ms] [LOG] [Fast Refresh] done in 108ms @ http://localhost:3030/_next/static/chunks/04m2_next_dist_01d_w1-._.js:2431
[  828951ms] [INFO] %c%s%c [setup-health] background: #e6e6e6;background: light-dark(rgba(0,0,0,0.1), rgba(255,255,255,0.25));color: #000000;color: light-dark(#000000, #ffffff);border-radius: 2px  Server   panel-layout {tenantId: cmrvvipw70000oyyo6123270j, userId: cmrvvipy90009oyyocqnstw83, score: 40, completedCount: 2, totalCriticalCount: 5} @ http://localhost:3030/_next/static/chunks/04m2_next_dist_01d_w1-._.js:2431
[  829022ms] [LOG] [Fast Refresh] rebuilding @ http://localhost:3030/_next/static/chunks/04m2_next_dist_01d_w1-._.js:2431
[  829084ms] [LOG] [Fast Refresh] done in 164ms @ http://localhost:3030/_next/static/chunks/04m2_next_dist_01d_w1-._.js:2431
[  829100ms] [INFO] %c%s%c [setup-health] background: #e6e6e6;background: light-dark(rgba(0,0,0,0.1), rgba(255,255,255,0.25));color: #000000;color: light-dark(#000000, #ffffff);border-radius: 2px  Server   panel-layout {tenantId: cmrvvipw70000oyyo6123270j, userId: cmrvvipy90009oyyocqnstw83, score: 40, completedCount: 2, totalCriticalCount: 5} @ http://localhost:3030/_next/static/chunks/04m2_next_dist_01d_w1-._.js:2431
[  829184ms] [INFO] %c%s%c [setup-health] background: #e6e6e6;background: light-dark(rgba(0,0,0,0.1), rgba(255,255,255,0.25));color: #000000;color: light-dark(#000000, #ffffff);border-radius: 2px  Server   panel-layout {tenantId: cmrvvipw70000oyyo6123270j, userId: cmrvvipy90009oyyocqnstw83, score: 40, completedCount: 2, totalCriticalCount: 5} @ http://localhost:3030/_next/static/chunks/04m2_next_dist_01d_w1-._.js:2431
[  829663ms] [LOG] [Fast Refresh] rebuilding @ http://localhost:3030/_next/static/chunks/04m2_next_dist_01d_w1-._.js:2431
[  829710ms] [LOG] [Fast Refresh] done in 150ms @ http://localhost:3030/_next/static/chunks/04m2_next_dist_01d_w1-._.js:2431
[  832797ms] [LOG] [Fast Refresh] rebuilding @ http://localhost:3030/_next/static/chunks/04m2_next_dist_01d_w1-._.js:2431
[  835170ms] [LOG] [Fast Refresh] done in 2478ms @ http://localhost:3030/_next/static/chunks/04m2_next_dist_01d_w1-._.js:2431
[  835311ms] [LOG] [Fast Refresh] rebuilding @ http://localhost:3030/_next/static/chunks/04m2_next_dist_01d_w1-._.js:2431
[  835334ms] [LOG] [Fast Refresh] done in 124ms @ http://localhost:3030/_next/static/chunks/04m2_next_dist_01d_w1-._.js:2431
[  837409ms] [LOG] [Fast Refresh] rebuilding @ http://localhost:3030/_next/static/chunks/04m2_next_dist_01d_w1-._.js:2431
[  838094ms] [LOG] [Fast Refresh] done in 788ms @ http://localhost:3030/_next/static/chunks/04m2_next_dist_01d_w1-._.js:2431
[  886261ms] [LOG] [Fast Refresh] rebuilding @ http://localhost:3030/_next/static/chunks/04m2_next_dist_01d_w1-._.js:2431
[  886590ms] [LOG] [Fast Refresh] done in 433ms @ http://localhost:3030/_next/static/chunks/04m2_next_dist_01d_w1-._.js:2431
[  897925ms] [ERROR] WebSocket connection to 'ws://localhost:3030/_next/webpack-hmr?id=5X6H5EQIlZt5yF26ywneu' failed: Error in connection establishment: net::ERR_CONNECTION_REFUSED @ http://localhost:3030/_next/static/chunks/04m2_next_dist_client_0-mnb_3._.js:13299
[  901299ms] [ERROR] WebSocket connection to 'ws://localhost:3030/_next/webpack-hmr?id=5X6H5EQIlZt5yF26ywneu' failed: Error in connection establishment: net::ERR_CONNECTION_REFUSED @ http://localhost:3030/_next/static/chunks/04m2_next_dist_client_0-mnb_3._.js:13299
[  904659ms] [ERROR] WebSocket connection to 'ws://localhost:3030/_next/webpack-hmr?id=5X6H5EQIlZt5yF26ywneu' failed: Error in connection establishment: net::ERR_CONNECTION_REFUSED @ http://localhost:3030/_next/static/chunks/04m2_next_dist_client_0-mnb_3._.js:13299
[  908038ms] [ERROR] WebSocket connection to 'ws://localhost:3030/_next/webpack-hmr?id=5X6H5EQIlZt5yF26ywneu' failed: Error in connection establishment: net::ERR_CONNECTION_REFUSED @ http://localhost:3030/_next/static/chunks/04m2_next_dist_client_0-mnb_3._.js:13299
[  911417ms] [ERROR] WebSocket connection to 'ws://localhost:3030/_next/webpack-hmr?id=5X6H5EQIlZt5yF26ywneu' failed: Error in connection establishment: net::ERR_CONNECTION_REFUSED @ http://localhost:3030/_next/static/chunks/04m2_next_dist_client_0-mnb_3._.js:13299
[  918771ms] [ERROR] WebSocket connection to 'ws://localhost:3030/_next/webpack-hmr?id=5X6H5EQIlZt5yF26ywneu' failed: Error in connection establishment: net::ERR_CONNECTION_REFUSED @ http://localhost:3030/_next/static/chunks/04m2_next_dist_client_0-mnb_3._.js:13299
[  926137ms] [ERROR] WebSocket connection to 'ws://localhost:3030/_next/webpack-hmr?id=5X6H5EQIlZt5yF26ywneu' failed: Error in connection establishment: net::ERR_CONNECTION_REFUSED @ http://localhost:3030/_next/static/chunks/04m2_next_dist_client_0-mnb_3._.js:13299
[  933499ms] [ERROR] WebSocket connection to 'ws://localhost:3030/_next/webpack-hmr?id=5X6H5EQIlZt5yF26ywneu' failed: Error in connection establishment: net::ERR_CONNECTION_REFUSED @ http://localhost:3030/_next/static/chunks/04m2_next_dist_client_0-mnb_3._.js:13299
[  940843ms] [ERROR] WebSocket connection to 'ws://localhost:3030/_next/webpack-hmr?id=5X6H5EQIlZt5yF26ywneu' failed: Error in connection establishment: net::ERR_CONNECTION_REFUSED @ http://localhost:3030/_next/static/chunks/04m2_next_dist_client_0-mnb_3._.js:13299
[  948218ms] [ERROR] WebSocket connection to 'ws://localhost:3030/_next/webpack-hmr?id=5X6H5EQIlZt5yF26ywneu' failed: Error in connection establishment: net::ERR_CONNECTION_REFUSED @ http://localhost:3030/_next/static/chunks/04m2_next_dist_client_0-mnb_3._.js:13299
[  955582ms] [ERROR] WebSocket connection to 'ws://localhost:3030/_next/webpack-hmr?id=5X6H5EQIlZt5yF26ywneu' failed: Error in connection establishment: net::ERR_CONNECTION_REFUSED @ http://localhost:3030/_next/static/chunks/04m2_next_dist_client_0-mnb_3._.js:13299
[  962925ms] [ERROR] WebSocket connection to 'ws://localhost:3030/_next/webpack-hmr?id=5X6H5EQIlZt5yF26ywneu' failed: Error in connection establishment: net::ERR_CONNECTION_REFUSED @ http://localhost:3030/_next/static/chunks/04m2_next_dist_client_0-mnb_3._.js:13299
[ 1037361ms] [INFO] %cDownload the React DevTools for a better development experience: https://react.dev/link/react-devtools font-weight:bold @ http://localhost:3030/_next/static/chunks/04m2_next_dist_01d_w1-._.js:2431
[ 1037455ms] [LOG] [HMR] connected @ http://localhost:3030/_next/static/chunks/04m2_next_dist_01d_w1-._.js:2431
[ 1037474ms] [INFO] %c%s%c [setup-health] background: #e6e6e6;background: light-dark(rgba(0,0,0,0.1), rgba(255,255,255,0.25));color: #000000;color: light-dark(#000000, #ffffff);border-radius: 2px  Server   panel-layout {tenantId: cmrvvipw70000oyyo6123270j, userId: cmrvvipy90009oyyocqnstw83, score: 40, completedCount: 2, totalCriticalCount: 5} @ http://localhost:3030/_next/static/chunks/04m2_next_dist_01d_w1-._.js:2431
[ 1037722ms] [LOG] [Fast Refresh] rebuilding @ http://localhost:3030/_next/static/chunks/04m2_next_dist_01d_w1-._.js:2431
[ 1037993ms] [LOG] [Fast Refresh] done in 398ms @ http://localhost:3030/_next/static/chunks/04m2_next_dist_01d_w1-._.js:2431
[ 1045662ms] [LOG] [Fast Refresh] rebuilding @ http://localhost:3030/_next/static/chunks/04m2_next_dist_01d_w1-._.js:2431
[ 1045850ms] [LOG] [Fast Refresh] done in 295ms @ http://localhost:3030/_next/static/chunks/04m2_next_dist_01d_w1-._.js:2431
[ 1048210ms] [LOG] [Fast Refresh] rebuilding @ http://localhost:3030/_next/static/chunks/04m2_next_dist_01d_w1-._.js:2431
[ 1048382ms] [LOG] [Fast Refresh] done in 279ms @ http://localhost:3030/_next/static/chunks/04m2_next_dist_01d_w1-._.js:2431
[ 1056349ms] [LOG] [Fast Refresh] rebuilding @ http://localhost:3030/_next/static/chunks/04m2_next_dist_01d_w1-._.js:2431
[ 1056586ms] [LOG] [Fast Refresh] done in 343ms @ http://localhost:3030/_next/static/chunks/04m2_next_dist_01d_w1-._.js:2431
[ 1059505ms] [LOG] [Fast Refresh] rebuilding @ http://localhost:3030/_next/static/chunks/04m2_next_dist_01d_w1-._.js:2431
[ 1059782ms] [LOG] [Fast Refresh] done in 388ms @ http://localhost:3030/_next/static/chunks/04m2_next_dist_01d_w1-._.js:2431
[ 1070206ms] [LOG] [Fast Refresh] rebuilding @ http://localhost:3030/_next/static/chunks/04m2_next_dist_01d_w1-._.js:2431
[ 1070209ms] [LOG] [Fast Refresh] done in 113ms @ http://localhost:3030/_next/static/chunks/04m2_next_dist_01d_w1-._.js:2431
[ 1082931ms] [ERROR] WebSocket connection to 'ws://localhost:3030/_next/webpack-hmr?id=ipbfa3X2cMXhBPKL7UDI2' failed: Error in connection establishment: net::ERR_CONNECTION_REFUSED @ http://localhost:3030/_next/static/chunks/04m2_next_dist_client_0-mnb_3._.js:13299
[ 1086290ms] [ERROR] WebSocket connection to 'ws://localhost:3030/_next/webpack-hmr?id=ipbfa3X2cMXhBPKL7UDI2' failed: Error in connection establishment: net::ERR_CONNECTION_REFUSED @ http://localhost:3030/_next/static/chunks/04m2_next_dist_client_0-mnb_3._.js:13299
[ 1089643ms] [ERROR] WebSocket connection to 'ws://localhost:3030/_next/webpack-hmr?id=ipbfa3X2cMXhBPKL7UDI2' failed: Error in connection establishment: net::ERR_CONNECTION_REFUSED @ http://localhost:3030/_next/static/chunks/04m2_next_dist_client_0-mnb_3._.js:13299
[ 1093032ms] [ERROR] WebSocket connection to 'ws://localhost:3030/_next/webpack-hmr?id=ipbfa3X2cMXhBPKL7UDI2' failed: Error in connection establishment: net::ERR_CONNECTION_REFUSED @ http://localhost:3030/_next/static/chunks/04m2_next_dist_client_0-mnb_3._.js:13299
[ 1096408ms] [ERROR] WebSocket connection to 'ws://localhost:3030/_next/webpack-hmr?id=ipbfa3X2cMXhBPKL7UDI2' failed: Error in connection establishment: net::ERR_CONNECTION_REFUSED @ http://localhost:3030/_next/static/chunks/04m2_next_dist_client_0-mnb_3._.js:13299
[ 1103754ms] [ERROR] WebSocket connection to 'ws://localhost:3030/_next/webpack-hmr?id=ipbfa3X2cMXhBPKL7UDI2' failed: Error in connection establishment: net::ERR_CONNECTION_REFUSED @ http://localhost:3030/_next/static/chunks/04m2_next_dist_client_0-mnb_3._.js:13299
[ 1111091ms] [ERROR] WebSocket connection to 'ws://localhost:3030/_next/webpack-hmr?id=ipbfa3X2cMXhBPKL7UDI2' failed: Error in connection establishment: net::ERR_CONNECTION_REFUSED @ http://localhost:3030/_next/static/chunks/04m2_next_dist_client_0-mnb_3._.js:13299
[ 1118455ms] [ERROR] WebSocket connection to 'ws://localhost:3030/_next/webpack-hmr?id=ipbfa3X2cMXhBPKL7UDI2' failed: Error in connection establishment: net::ERR_CONNECTION_REFUSED @ http://localhost:3030/_next/static/chunks/04m2_next_dist_client_0-mnb_3._.js:13299
[ 1125800ms] [ERROR] WebSocket connection to 'ws://localhost:3030/_next/webpack-hmr?id=ipbfa3X2cMXhBPKL7UDI2' failed: Error in connection establishment: net::ERR_CONNECTION_REFUSED @ http://localhost:3030/_next/static/chunks/04m2_next_dist_client_0-mnb_3._.js:13299
[ 1133164ms] [ERROR] WebSocket connection to 'ws://localhost:3030/_next/webpack-hmr?id=ipbfa3X2cMXhBPKL7UDI2' failed: Error in connection establishment: net::ERR_CONNECTION_REFUSED @ http://localhost:3030/_next/static/chunks/04m2_next_dist_client_0-mnb_3._.js:13299
[ 1140508ms] [ERROR] WebSocket connection to 'ws://localhost:3030/_next/webpack-hmr?id=ipbfa3X2cMXhBPKL7UDI2' failed: Error in connection establishment: net::ERR_CONNECTION_REFUSED @ http://localhost:3030/_next/static/chunks/04m2_next_dist_client_0-mnb_3._.js:13299
[ 1147861ms] [ERROR] WebSocket connection to 'ws://localhost:3030/_next/webpack-hmr?id=ipbfa3X2cMXhBPKL7UDI2' failed: Error in connection establishment: net::ERR_CONNECTION_REFUSED @ http://localhost:3030/_next/static/chunks/04m2_next_dist_client_0-mnb_3._.js:13299
[ 1255718ms] [INFO] %cDownload the React DevTools for a better development experience: https://react.dev/link/react-devtools font-weight:bold @ http://localhost:3030/_next/static/chunks/04m2_next_dist_01d_w1-._.js:2431
[ 1256235ms] [LOG] [HMR] connected @ http://localhost:3030/_next/static/chunks/04m2_next_dist_01d_w1-._.js:2431
[ 1256261ms] [INFO] %c%s%c [setup-health] background: #e6e6e6;background: light-dark(rgba(0,0,0,0.1), rgba(255,255,255,0.25));color: #000000;color: light-dark(#000000, #ffffff);border-radius: 2px  Server   panel-layout {tenantId: cmrvvipw70000oyyo6123270j, userId: cmrvvipy90009oyyocqnstw83, score: 40, completedCount: 2, totalCriticalCount: 5} @ http://localhost:3030/_next/static/chunks/04m2_next_dist_01d_w1-._.js:2431
[ 1258604ms] [LOG] [Fast Refresh] rebuilding @ http://localhost:3030/_next/static/chunks/04m2_next_dist_01d_w1-._.js:2431
[ 1258891ms] [LOG] [Fast Refresh] done in 390ms @ http://localhost:3030/_next/static/chunks/04m2_next_dist_01d_w1-._.js:2431
[ 1315266ms] [LOG] [Fast Refresh] rebuilding @ http://localhost:3030/_next/static/chunks/04m2_next_dist_01d_w1-._.js:2431
[ 1315488ms] [LOG] [Fast Refresh] done in 323ms @ http://localhost:3030/_next/static/chunks/04m2_next_dist_01d_w1-._.js:2431
[ 1391595ms] [LOG] [Fast Refresh] rebuilding @ http://localhost:3030/_next/static/chunks/04m2_next_dist_01d_w1-._.js:2431
[ 1391831ms] [LOG] [Fast Refresh] done in 343ms @ http://localhost:3030/_next/static/chunks/04m2_next_dist_01d_w1-._.js:2431
[ 1428210ms] [LOG] [Fast Refresh] rebuilding @ http://localhost:3030/_next/static/chunks/04m2_next_dist_01d_w1-._.js:2431
[ 1428295ms] [LOG] [Fast Refresh] done in 186ms @ http://localhost:3030/_next/static/chunks/04m2_next_dist_01d_w1-._.js:2431
[ 1428410ms] [LOG] [Fast Refresh] rebuilding @ http://localhost:3030/_next/static/chunks/04m2_next_dist_01d_w1-._.js:2431
[ 1428664ms] [LOG] [Fast Refresh] done in 362ms @ http://localhost:3030/_next/static/chunks/04m2_next_dist_01d_w1-._.js:2431
[ 1430085ms] [LOG] [Fast Refresh] rebuilding @ http://localhost:3030/_next/static/chunks/04m2_next_dist_01d_w1-._.js:2431
[ 1430086ms] [LOG] [Fast Refresh] done in 104ms @ http://localhost:3030/_next/static/chunks/04m2_next_dist_01d_w1-._.js:2431
[ 1430193ms] [LOG] [Fast Refresh] rebuilding @ http://localhost:3030/_next/static/chunks/04m2_next_dist_01d_w1-._.js:2431
[ 1430526ms] [LOG] [Fast Refresh] done in 440ms @ http://localhost:3030/_next/static/chunks/04m2_next_dist_01d_w1-._.js:2431
[ 1434050ms] [LOG] [Fast Refresh] rebuilding @ http://localhost:3030/_next/static/chunks/04m2_next_dist_01d_w1-._.js:2431
[ 1434304ms] [LOG] [Fast Refresh] done in 356ms @ http://localhost:3030/_next/static/chunks/04m2_next_dist_01d_w1-._.js:2431
[ 1437962ms] [LOG] [Fast Refresh] rebuilding @ http://localhost:3030/_next/static/chunks/04m2_next_dist_01d_w1-._.js:2431
[ 1438200ms] [LOG] [Fast Refresh] done in 339ms @ http://localhost:3030/_next/static/chunks/04m2_next_dist_01d_w1-._.js:2431
[ 1440272ms] [LOG] [Fast Refresh] rebuilding @ http://localhost:3030/_next/static/chunks/04m2_next_dist_01d_w1-._.js:2431
[ 1440869ms] [LOG] [Fast Refresh] done in 712ms @ http://localhost:3030/_next/static/chunks/04m2_next_dist_01d_w1-._.js:2431
[ 1446359ms] [LOG] [Fast Refresh] rebuilding @ http://localhost:3030/_next/static/chunks/04m2_next_dist_01d_w1-._.js:2431
[ 1446694ms] [LOG] [Fast Refresh] done in 442ms @ http://localhost:3030/_next/static/chunks/04m2_next_dist_01d_w1-._.js:2431
[ 1460941ms] [LOG] [Fast Refresh] rebuilding @ http://localhost:3030/_next/static/chunks/04m2_next_dist_01d_w1-._.js:2431
[ 1461194ms] [LOG] [Fast Refresh] done in 357ms @ http://localhost:3030/_next/static/chunks/04m2_next_dist_01d_w1-._.js:2431
[ 1462440ms] [LOG] [Fast Refresh] rebuilding @ http://localhost:3030/_next/static/chunks/04m2_next_dist_01d_w1-._.js:2431
[ 1462708ms] [LOG] [Fast Refresh] done in 377ms @ http://localhost:3030/_next/static/chunks/04m2_next_dist_01d_w1-._.js:2431
[ 2478291ms] [LOG] [Fast Refresh] rebuilding @ http://localhost:3030/_next/static/chunks/04m2_next_dist_01d_w1-._.js:2431
[ 2479634ms] [LOG] [Fast Refresh] done in 1454ms @ http://localhost:3030/_next/static/chunks/04m2_next_dist_01d_w1-._.js:2431
[ 2480886ms] [LOG] [Fast Refresh] rebuilding @ http://localhost:3030/_next/static/chunks/04m2_next_dist_01d_w1-._.js:2431
[ 2480902ms] [LOG] [Fast Refresh] done in 117ms @ http://localhost:3030/_next/static/chunks/04m2_next_dist_01d_w1-._.js:2431
[ 2568462ms] [LOG] [Fast Refresh] rebuilding @ http://localhost:3030/_next/static/chunks/04m2_next_dist_01d_w1-._.js:2431
[ 2568665ms] [LOG] [Fast Refresh] done in 305ms @ http://localhost:3030/_next/static/chunks/04m2_next_dist_01d_w1-._.js:2431
[ 2575123ms] [LOG] [Fast Refresh] rebuilding @ http://localhost:3030/_next/static/chunks/04m2_next_dist_01d_w1-._.js:2431
[ 2575302ms] [LOG] [Fast Refresh] done in 283ms @ http://localhost:3030/_next/static/chunks/04m2_next_dist_01d_w1-._.js:2431
[ 2599939ms] [LOG] [Fast Refresh] rebuilding @ http://localhost:3030/_next/static/chunks/04m2_next_dist_01d_w1-._.js:2431
[ 2600191ms] [LOG] [Fast Refresh] done in 354ms @ http://localhost:3030/_next/static/chunks/04m2_next_dist_01d_w1-._.js:2431
[ 2622301ms] [LOG] [Fast Refresh] rebuilding @ http://localhost:3030/_next/static/chunks/04m2_next_dist_01d_w1-._.js:2431
[ 2622523ms] [LOG] [Fast Refresh] done in 336ms @ http://localhost:3030/_next/static/chunks/04m2_next_dist_01d_w1-._.js:2431
[ 2716221ms] [LOG] [Fast Refresh] rebuilding @ http://localhost:3030/_next/static/chunks/04m2_next_dist_01d_w1-._.js:2431
[ 2716606ms] [LOG] [Fast Refresh] done in 495ms @ http://localhost:3030/_next/static/chunks/04m2_next_dist_01d_w1-._.js:2431
[ 2733319ms] [LOG] [Fast Refresh] rebuilding @ http://localhost:3030/_next/static/chunks/04m2_next_dist_01d_w1-._.js:2431
[ 2733588ms] [LOG] [Fast Refresh] done in 371ms @ http://localhost:3030/_next/static/chunks/04m2_next_dist_01d_w1-._.js:2431
[ 2743676ms] [LOG] [Fast Refresh] rebuilding @ http://localhost:3030/_next/static/chunks/04m2_next_dist_01d_w1-._.js:2431
[ 2745027ms] [LOG] [Fast Refresh] done in 1462ms @ http://localhost:3030/_next/static/chunks/04m2_next_dist_01d_w1-._.js:2431
[ 2745129ms] [LOG] [Fast Refresh] rebuilding @ http://localhost:3030/_next/static/chunks/04m2_next_dist_01d_w1-._.js:2431
[ 2745264ms] [LOG] [Fast Refresh] done in 235ms @ http://localhost:3030/_next/static/chunks/04m2_next_dist_01d_w1-._.js:2431
[ 2745274ms] [INFO] %c%s%c [setup-health] background: #e6e6e6;background: light-dark(rgba(0,0,0,0.1), rgba(255,255,255,0.25));color: #000000;color: light-dark(#000000, #ffffff);border-radius: 2px  Server   panel-layout {tenantId: cmrvvipw70000oyyo6123270j, userId: cmrvvipy90009oyyocqnstw83, score: 40, completedCount: 2, totalCriticalCount: 5} @ http://localhost:3030/_next/static/chunks/04m2_next_dist_01d_w1-._.js:2431
[ 2745478ms] [LOG] [Fast Refresh] rebuilding @ http://localhost:3030/_next/static/chunks/04m2_next_dist_01d_w1-._.js:2431
[ 2745497ms] [LOG] [Fast Refresh] done in 126ms @ http://localhost:3030/_next/static/chunks/04m2_next_dist_01d_w1-._.js:2431
[ 2745653ms] [LOG] [Fast Refresh] rebuilding @ http://localhost:3030/_next/static/chunks/04m2_next_dist_01d_w1-._.js:2431
[ 2745723ms] [LOG] [Fast Refresh] done in 171ms @ http://localhost:3030/_next/static/chunks/04m2_next_dist_01d_w1-._.js:2431
[ 2745996ms] [LOG] [Fast Refresh] rebuilding @ http://localhost:3030/_next/static/chunks/04m2_next_dist_01d_w1-._.js:2431
[ 2746025ms] [LOG] [Fast Refresh] done in 133ms @ http://localhost:3030/_next/static/chunks/04m2_next_dist_01d_w1-._.js:2431
[ 2746600ms] [LOG] [Fast Refresh] rebuilding @ http://localhost:3030/_next/static/chunks/04m2_next_dist_01d_w1-._.js:2431
[ 2746658ms] [LOG] [Fast Refresh] done in 167ms @ http://localhost:3030/_next/static/chunks/04m2_next_dist_01d_w1-._.js:2431
[ 2746691ms] [INFO] %c%s%c [setup-health] background: #e6e6e6;background: light-dark(rgba(0,0,0,0.1), rgba(255,255,255,0.25));color: #000000;color: light-dark(#000000, #ffffff);border-radius: 2px  Server   panel-layout {tenantId: cmrvvipw70000oyyo6123270j, userId: cmrvvipy90009oyyocqnstw83, score: 40, completedCount: 2, totalCriticalCount: 5} @ http://localhost:3030/_next/static/chunks/04m2_next_dist_01d_w1-._.js:2431
[ 2747081ms] [INFO] %c%s%c [setup-health] background: #e6e6e6;background: light-dark(rgba(0,0,0,0.1), rgba(255,255,255,0.25));color: #000000;color: light-dark(#000000, #ffffff);border-radius: 2px  Server   panel-layout {tenantId: cmrvvipw70000oyyo6123270j, userId: cmrvvipy90009oyyocqnstw83, score: 40, completedCount: 2, totalCriticalCount: 5} @ http://localhost:3030/_next/static/chunks/04m2_next_dist_01d_w1-._.js:2431
[ 2747213ms] [LOG] [Fast Refresh] rebuilding @ http://localhost:3030/_next/static/chunks/04m2_next_dist_01d_w1-._.js:2431
[ 2747400ms] [LOG] [Fast Refresh] done in 288ms @ http://localhost:3030/_next/static/chunks/04m2_next_dist_01d_w1-._.js:2431
[ 2747612ms] [LOG] [Fast Refresh] rebuilding @ http://localhost:3030/_next/static/chunks/04m2_next_dist_01d_w1-._.js:2431
[ 2747692ms] [LOG] [Fast Refresh] done in 183ms @ http://localhost:3030/_next/static/chunks/04m2_next_dist_01d_w1-._.js:2431
[ 2747775ms] [INFO] %c%s%c [setup-health] background: #e6e6e6;background: light-dark(rgba(0,0,0,0.1), rgba(255,255,255,0.25));color: #000000;color: light-dark(#000000, #ffffff);border-radius: 2px  Server   panel-layout {tenantId: cmrvvipw70000oyyo6123270j, userId: cmrvvipy90009oyyocqnstw83, score: 40, completedCount: 2, totalCriticalCount: 5} @ http://localhost:3030/_next/static/chunks/04m2_next_dist_01d_w1-._.js:2431
[ 2747865ms] [LOG] [Fast Refresh] rebuilding @ http://localhost:3030/_next/static/chunks/04m2_next_dist_01d_w1-._.js:2431
[ 2747956ms] [LOG] [Fast Refresh] done in 192ms @ http://localhost:3030/_next/static/chunks/04m2_next_dist_01d_w1-._.js:2431
[ 2748062ms] [LOG] [Fast Refresh] rebuilding @ http://localhost:3030/_next/static/chunks/04m2_next_dist_01d_w1-._.js:2431
[ 2748360ms] [LOG] [Fast Refresh] done in 399ms @ http://localhost:3030/_next/static/chunks/04m2_next_dist_01d_w1-._.js:2431
[ 2748464ms] [LOG] [Fast Refresh] rebuilding @ http://localhost:3030/_next/static/chunks/04m2_next_dist_01d_w1-._.js:2431
[ 2748626ms] [LOG] [Fast Refresh] done in 264ms @ http://localhost:3030/_next/static/chunks/04m2_next_dist_01d_w1-._.js:2431
[ 2748685ms] [INFO] %c%s%c [setup-health] background: #e6e6e6;background: light-dark(rgba(0,0,0,0.1), rgba(255,255,255,0.25));color: #000000;color: light-dark(#000000, #ffffff);border-radius: 2px  Server   panel-layout {tenantId: cmrvvipw70000oyyo6123270j, userId: cmrvvipy90009oyyocqnstw83, score: 40, completedCount: 2, totalCriticalCount: 5} @ http://localhost:3030/_next/static/chunks/04m2_next_dist_01d_w1-._.js:2431
[ 2749105ms] [LOG] [Fast Refresh] rebuilding @ http://localhost:3030/_next/static/chunks/04m2_next_dist_01d_w1-._.js:2431
[ 2749123ms] [LOG] [Fast Refresh] done in 122ms @ http://localhost:3030/_next/static/chunks/04m2_next_dist_01d_w1-._.js:2431
[ 2749510ms] [INFO] %c%s%c [setup-health] background: #e6e6e6;background: light-dark(rgba(0,0,0,0.1), rgba(255,255,255,0.25));color: #000000;color: light-dark(#000000, #ffffff);border-radius: 2px  Server   panel-layout {tenantId: cmrvvipw70000oyyo6123270j, userId: cmrvvipy90009oyyocqnstw83, score: 40, completedCount: 2, totalCriticalCount: 5} @ http://localhost:3030/_next/static/chunks/04m2_next_dist_01d_w1-._.js:2431
[ 2749625ms] [LOG] [Fast Refresh] rebuilding @ http://localhost:3030/_next/static/chunks/04m2_next_dist_01d_w1-._.js:2431
[ 2749630ms] [LOG] [Fast Refresh] done in 117ms @ http://localhost:3030/_next/static/chunks/04m2_next_dist_01d_w1-._.js:2431
[ 2749732ms] [LOG] [Fast Refresh] rebuilding @ http://localhost:3030/_next/static/chunks/04m2_next_dist_01d_w1-._.js:2431
[ 2749758ms] [LOG] [Fast Refresh] done in 128ms @ http://localhost:3030/_next/static/chunks/04m2_next_dist_01d_w1-._.js:2431
[ 2749864ms] [LOG] [Fast Refresh] rebuilding @ http://localhost:3030/_next/static/chunks/04m2_next_dist_01d_w1-._.js:2431
[ 2750072ms] [LOG] [Fast Refresh] done in 311ms @ http://localhost:3030/_next/static/chunks/04m2_next_dist_01d_w1-._.js:2431
[ 2750178ms] [LOG] [Fast Refresh] rebuilding @ http://localhost:3030/_next/static/chunks/04m2_next_dist_01d_w1-._.js:2431
[ 2750179ms] [LOG] [Fast Refresh] done in 106ms @ http://localhost:3030/_next/static/chunks/04m2_next_dist_01d_w1-._.js:2431
[ 2750256ms] [INFO] %c%s%c [setup-health] background: #e6e6e6;background: light-dark(rgba(0,0,0,0.1), rgba(255,255,255,0.25));color: #000000;color: light-dark(#000000, #ffffff);border-radius: 2px  Server   panel-layout {tenantId: cmrvvipw70000oyyo6123270j, userId: cmrvvipy90009oyyocqnstw83, score: 40, completedCount: 2, totalCriticalCount: 5} @ http://localhost:3030/_next/static/chunks/04m2_next_dist_01d_w1-._.js:2431
[ 2750615ms] [LOG] [Fast Refresh] rebuilding @ http://localhost:3030/_next/static/chunks/04m2_next_dist_01d_w1-._.js:2431
[ 2750895ms] [LOG] [Fast Refresh] done in 383ms @ http://localhost:3030/_next/static/chunks/04m2_next_dist_01d_w1-._.js:2431
[ 2750989ms] [INFO] %c%s%c [setup-health] background: #e6e6e6;background: light-dark(rgba(0,0,0,0.1), rgba(255,255,255,0.25));color: #000000;color: light-dark(#000000, #ffffff);border-radius: 2px  Server   panel-layout {tenantId: cmrvvipw70000oyyo6123270j, userId: cmrvvipy90009oyyocqnstw83, score: 40, completedCount: 2, totalCriticalCount: 5} @ http://localhost:3030/_next/static/chunks/04m2_next_dist_01d_w1-._.js:2431
[ 2751165ms] [LOG] [Fast Refresh] rebuilding @ http://localhost:3030/_next/static/chunks/04m2_next_dist_01d_w1-._.js:2431
[ 2751293ms] [LOG] [Fast Refresh] done in 253ms @ http://localhost:3030/_next/static/chunks/04m2_next_dist_01d_w1-._.js:2431
[ 2751562ms] [LOG] [Fast Refresh] rebuilding @ http://localhost:3030/_next/static/chunks/04m2_next_dist_01d_w1-._.js:2431
[ 2751694ms] [LOG] [Fast Refresh] done in 235ms @ http://localhost:3030/_next/static/chunks/04m2_next_dist_01d_w1-._.js:2431
[ 2751799ms] [LOG] [Fast Refresh] rebuilding @ http://localhost:3030/_next/static/chunks/04m2_next_dist_01d_w1-._.js:2431
[ 2751800ms] [LOG] [Fast Refresh] done in 102ms @ http://localhost:3030/_next/static/chunks/04m2_next_dist_01d_w1-._.js:2431
[ 2751801ms] [INFO] %c%s%c [setup-health] background: #e6e6e6;background: light-dark(rgba(0,0,0,0.1), rgba(255,255,255,0.25));color: #000000;color: light-dark(#000000, #ffffff);border-radius: 2px  Server   panel-layout {tenantId: cmrvvipw70000oyyo6123270j, userId: cmrvvipy90009oyyocqnstw83, score: 40, completedCount: 2, totalCriticalCount: 5} @ http://localhost:3030/_next/static/chunks/04m2_next_dist_01d_w1-._.js:2431
[ 2751903ms] [LOG] [Fast Refresh] rebuilding @ http://localhost:3030/_next/static/chunks/04m2_next_dist_01d_w1-._.js:2431
[ 2751924ms] [LOG] [Fast Refresh] done in 123ms @ http://localhost:3030/_next/static/chunks/04m2_next_dist_01d_w1-._.js:2431
[ 2752027ms] [LOG] [Fast Refresh] rebuilding @ http://localhost:3030/_next/static/chunks/04m2_next_dist_01d_w1-._.js:2431
[ 2752099ms] [LOG] [Fast Refresh] done in 174ms @ http://localhost:3030/_next/static/chunks/04m2_next_dist_01d_w1-._.js:2431
[ 2752374ms] [LOG] [Fast Refresh] rebuilding @ http://localhost:3030/_next/static/chunks/04m2_next_dist_01d_w1-._.js:2431
[ 2752525ms] [LOG] [Fast Refresh] done in 254ms @ http://localhost:3030/_next/static/chunks/04m2_next_dist_01d_w1-._.js:2431
[ 2752565ms] [INFO] %c%s%c [setup-health] background: #e6e6e6;background: light-dark(rgba(0,0,0,0.1), rgba(255,255,255,0.25));color: #000000;color: light-dark(#000000, #ffffff);border-radius: 2px  Server   panel-layout {tenantId: cmrvvipw70000oyyo6123270j, userId: cmrvvipy90009oyyocqnstw83, score: 40, completedCount: 2, totalCriticalCount: 5} @ http://localhost:3030/_next/static/chunks/04m2_next_dist_01d_w1-._.js:2431
[ 2753137ms] [LOG] [Fast Refresh] rebuilding @ http://localhost:3030/_next/static/chunks/04m2_next_dist_01d_w1-._.js:2431
[ 2753216ms] [LOG] [Fast Refresh] done in 187ms @ http://localhost:3030/_next/static/chunks/04m2_next_dist_01d_w1-._.js:2431
[ 2753404ms] [INFO] %c%s%c [setup-health] background: #e6e6e6;background: light-dark(rgba(0,0,0,0.1), rgba(255,255,255,0.25));color: #000000;color: light-dark(#000000, #ffffff);border-radius: 2px  Server   panel-layout {tenantId: cmrvvipw70000oyyo6123270j, userId: cmrvvipy90009oyyocqnstw83, score: 40, completedCount: 2, totalCriticalCount: 5} @ http://localhost:3030/_next/static/chunks/04m2_next_dist_01d_w1-._.js:2431
[ 2753533ms] [LOG] [Fast Refresh] rebuilding @ http://localhost:3030/_next/static/chunks/04m2_next_dist_01d_w1-._.js:2431
[ 2753629ms] [LOG] [Fast Refresh] done in 200ms @ http://localhost:3030/_next/static/chunks/04m2_next_dist_01d_w1-._.js:2431
[ 2754114ms] [LOG] [Fast Refresh] rebuilding @ http://localhost:3030/_next/static/chunks/04m2_next_dist_01d_w1-._.js:2431
[ 2754273ms] [LOG] [Fast Refresh] done in 260ms @ http://localhost:3030/_next/static/chunks/04m2_next_dist_01d_w1-._.js:2431
[ 2754350ms] [INFO] %c%s%c [setup-health] background: #e6e6e6;background: light-dark(rgba(0,0,0,0.1), rgba(255,255,255,0.25));color: #000000;color: light-dark(#000000, #ffffff);border-radius: 2px  Server   panel-layout {tenantId: cmrvvipw70000oyyo6123270j, userId: cmrvvipy90009oyyocqnstw83, score: 40, completedCount: 2, totalCriticalCount: 5} @ http://localhost:3030/_next/static/chunks/04m2_next_dist_01d_w1-._.js:2431
[ 2754873ms] [INFO] %c%s%c [setup-health] background: #e6e6e6;background: light-dark(rgba(0,0,0,0.1), rgba(255,255,255,0.25));color: #000000;color: light-dark(#000000, #ffffff);border-radius: 2px  Server   panel-layout {tenantId: cmrvvipw70000oyyo6123270j, userId: cmrvvipy90009oyyocqnstw83, score: 40, completedCount: 2, totalCriticalCount: 5} @ http://localhost:3030/_next/static/chunks/04m2_next_dist_01d_w1-._.js:2431
[ 2754949ms] [LOG] [Fast Refresh] rebuilding @ http://localhost:3030/_next/static/chunks/04m2_next_dist_01d_w1-._.js:2431
[ 2755045ms] [LOG] [Fast Refresh] done in 202ms @ http://localhost:3030/_next/static/chunks/04m2_next_dist_01d_w1-._.js:2431
[ 2755430ms] [LOG] [Fast Refresh] rebuilding @ http://localhost:3030/_next/static/chunks/04m2_next_dist_01d_w1-._.js:2431
[ 2755486ms] [LOG] [Fast Refresh] done in 164ms @ http://localhost:3030/_next/static/chunks/04m2_next_dist_01d_w1-._.js:2431
[ 2755599ms] [LOG] [Fast Refresh] rebuilding @ http://localhost:3030/_next/static/chunks/04m2_next_dist_01d_w1-._.js:2431
[ 2755618ms] [LOG] [Fast Refresh] done in 122ms @ http://localhost:3030/_next/static/chunks/04m2_next_dist_01d_w1-._.js:2431
[ 2755687ms] [INFO] %c%s%c [setup-health] background: #e6e6e6;background: light-dark(rgba(0,0,0,0.1), rgba(255,255,255,0.25));color: #000000;color: light-dark(#000000, #ffffff);border-radius: 2px  Server   panel-layout {tenantId: cmrvvipw70000oyyo6123270j, userId: cmrvvipy90009oyyocqnstw83, score: 40, completedCount: 2, totalCriticalCount: 5} @ http://localhost:3030/_next/static/chunks/04m2_next_dist_01d_w1-._.js:2431
[ 2755732ms] [LOG] [Fast Refresh] rebuilding @ http://localhost:3030/_next/static/chunks/04m2_next_dist_01d_w1-._.js:2431
[ 2755768ms] [LOG] [Fast Refresh] done in 139ms @ http://localhost:3030/_next/static/chunks/04m2_next_dist_01d_w1-._.js:2431
[ 2755878ms] [LOG] [Fast Refresh] rebuilding @ http://localhost:3030/_next/static/chunks/04m2_next_dist_01d_w1-._.js:2431
[ 2756014ms] [LOG] [Fast Refresh] done in 246ms @ http://localhost:3030/_next/static/chunks/04m2_next_dist_01d_w1-._.js:2431
[ 2756120ms] [LOG] [Fast Refresh] rebuilding @ http://localhost:3030/_next/static/chunks/04m2_next_dist_01d_w1-._.js:2431
[ 2756190ms] [LOG] [Fast Refresh] done in 174ms @ http://localhost:3030/_next/static/chunks/04m2_next_dist_01d_w1-._.js:2431
[ 2756292ms] [LOG] [Fast Refresh] rebuilding @ http://localhost:3030/_next/static/chunks/04m2_next_dist_01d_w1-._.js:2431
[ 2756395ms] [LOG] [Fast Refresh] done in 204ms @ http://localhost:3030/_next/static/chunks/04m2_next_dist_01d_w1-._.js:2431
[ 2756500ms] [INFO] %c%s%c [setup-health] background: #e6e6e6;background: light-dark(rgba(0,0,0,0.1), rgba(255,255,255,0.25));color: #000000;color: light-dark(#000000, #ffffff);border-radius: 2px  Server   panel-layout {tenantId: cmrvvipw70000oyyo6123270j, userId: cmrvvipy90009oyyocqnstw83, score: 40, completedCount: 2, totalCriticalCount: 5} @ http://localhost:3030/_next/static/chunks/04m2_next_dist_01d_w1-._.js:2431
[ 2756626ms] [LOG] [Fast Refresh] rebuilding @ http://localhost:3030/_next/static/chunks/04m2_next_dist_01d_w1-._.js:2431
[ 2756841ms] [LOG] [Fast Refresh] done in 316ms @ http://localhost:3030/_next/static/chunks/04m2_next_dist_01d_w1-._.js:2431
[ 2757113ms] [INFO] %c%s%c [setup-health] background: #e6e6e6;background: light-dark(rgba(0,0,0,0.1), rgba(255,255,255,0.25));color: #000000;color: light-dark(#000000, #ffffff);border-radius: 2px  Server   panel-layout {tenantId: cmrvvipw70000oyyo6123270j, userId: cmrvvipy90009oyyocqnstw83, score: 40, completedCount: 2, totalCriticalCount: 5} @ http://localhost:3030/_next/static/chunks/04m2_next_dist_01d_w1-._.js:2431
[ 2757255ms] [LOG] [Fast Refresh] rebuilding @ http://localhost:3030/_next/static/chunks/04m2_next_dist_01d_w1-._.js:2431
[ 2757348ms] [LOG] [Fast Refresh] done in 195ms @ http://localhost:3030/_next/static/chunks/04m2_next_dist_01d_w1-._.js:2431
[ 2757633ms] [LOG] [Fast Refresh] rebuilding @ http://localhost:3030/_next/static/chunks/04m2_next_dist_01d_w1-._.js:2431
[ 2757895ms] [LOG] [Fast Refresh] done in 368ms @ http://localhost:3030/_next/static/chunks/04m2_next_dist_01d_w1-._.js:2431
[ 2758124ms] [INFO] %c%s%c [setup-health] background: #e6e6e6;background: light-dark(rgba(0,0,0,0.1), rgba(255,255,255,0.25));color: #000000;color: light-dark(#000000, #ffffff);border-radius: 2px  Server   panel-layout {tenantId: cmrvvipw70000oyyo6123270j, userId: cmrvvipy90009oyyocqnstw83, score: 40, completedCount: 2, totalCriticalCount: 5} @ http://localhost:3030/_next/static/chunks/04m2_next_dist_01d_w1-._.js:2431
[ 2758458ms] [LOG] [Fast Refresh] rebuilding @ http://localhost:3030/_next/static/chunks/04m2_next_dist_01d_w1-._.js:2431
[ 2758591ms] [LOG] [Fast Refresh] done in 237ms @ http://localhost:3030/_next/static/chunks/04m2_next_dist_01d_w1-._.js:2431
[ 2758646ms] [INFO] %c%s%c [setup-health] background: #e6e6e6;background: light-dark(rgba(0,0,0,0.1), rgba(255,255,255,0.25));color: #000000;color: light-dark(#000000, #ffffff);border-radius: 2px  Server   panel-layout {tenantId: cmrvvipw70000oyyo6123270j, userId: cmrvvipy90009oyyocqnstw83, score: 40, completedCount: 2, totalCriticalCount: 5} @ http://localhost:3030/_next/static/chunks/04m2_next_dist_01d_w1-._.js:2431
[ 2758777ms] [LOG] [Fast Refresh] rebuilding @ http://localhost:3030/_next/static/chunks/04m2_next_dist_01d_w1-._.js:2431
[ 2759015ms] [LOG] [Fast Refresh] done in 342ms @ http://localhost:3030/_next/static/chunks/04m2_next_dist_01d_w1-._.js:2431
[ 2759236ms] [LOG] [Fast Refresh] rebuilding @ http://localhost:3030/_next/static/chunks/04m2_next_dist_01d_w1-._.js:2431
[ 2759302ms] [LOG] [Fast Refresh] done in 168ms @ http://localhost:3030/_next/static/chunks/04m2_next_dist_01d_w1-._.js:2431
[ 2759403ms] [LOG] [Fast Refresh] rebuilding @ http://localhost:3030/_next/static/chunks/04m2_next_dist_01d_w1-._.js:2431
[ 2759403ms] [LOG] [Fast Refresh] done in 101ms @ http://localhost:3030/_next/static/chunks/04m2_next_dist_01d_w1-._.js:2431
[ 2759406ms] [INFO] %c%s%c [setup-health] background: #e6e6e6;background: light-dark(rgba(0,0,0,0.1), rgba(255,255,255,0.25));color: #000000;color: light-dark(#000000, #ffffff);border-radius: 2px  Server   panel-layout {tenantId: cmrvvipw70000oyyo6123270j, userId: cmrvvipy90009oyyocqnstw83, score: 40, completedCount: 2, totalCriticalCount: 5} @ http://localhost:3030/_next/static/chunks/04m2_next_dist_01d_w1-._.js:2431
[ 2759882ms] [LOG] [Fast Refresh] rebuilding @ http://localhost:3030/_next/static/chunks/04m2_next_dist_01d_w1-._.js:2431
[ 2760074ms] [LOG] [Fast Refresh] done in 291ms @ http://localhost:3030/_next/static/chunks/04m2_next_dist_01d_w1-._.js:2431
[ 2760194ms] [INFO] %c%s%c [setup-health] background: #e6e6e6;background: light-dark(rgba(0,0,0,0.1), rgba(255,255,255,0.25));color: #000000;color: light-dark(#000000, #ffffff);border-radius: 2px  Server   panel-layout {tenantId: cmrvvipw70000oyyo6123270j, userId: cmrvvipy90009oyyocqnstw83, score: 40, completedCount: 2, totalCriticalCount: 5} @ http://localhost:3030/_next/static/chunks/04m2_next_dist_01d_w1-._.js:2431
[ 2760363ms] [LOG] [Fast Refresh] rebuilding @ http://localhost:3030/_next/static/chunks/04m2_next_dist_01d_w1-._.js:2431
[ 2760622ms] [LOG] [Fast Refresh] done in 362ms @ http://localhost:3030/_next/static/chunks/04m2_next_dist_01d_w1-._.js:2431
[ 2760949ms] [INFO] %c%s%c [setup-health] background: #e6e6e6;background: light-dark(rgba(0,0,0,0.1), rgba(255,255,255,0.25));color: #000000;color: light-dark(#000000, #ffffff);border-radius: 2px  Server   panel-layout {tenantId: cmrvvipw70000oyyo6123270j, userId: cmrvvipy90009oyyocqnstw83, score: 40, completedCount: 2, totalCriticalCount: 5} @ http://localhost:3030/_next/static/chunks/04m2_next_dist_01d_w1-._.js:2431
[ 2761084ms] [LOG] [Fast Refresh] rebuilding @ http://localhost:3030/_next/static/chunks/04m2_next_dist_01d_w1-._.js:2431
[ 2761225ms] [LOG] [Fast Refresh] done in 245ms @ http://localhost:3030/_next/static/chunks/04m2_next_dist_01d_w1-._.js:2431
[ 2761553ms] [LOG] [Fast Refresh] rebuilding @ http://localhost:3030/_next/static/chunks/04m2_next_dist_01d_w1-._.js:2431
[ 2761743ms] [LOG] [Fast Refresh] done in 295ms @ http://localhost:3030/_next/static/chunks/04m2_next_dist_01d_w1-._.js:2431
[ 2761943ms] [INFO] %c%s%c [setup-health] background: #e6e6e6;background: light-dark(rgba(0,0,0,0.1), rgba(255,255,255,0.25));color: #000000;color: light-dark(#000000, #ffffff);border-radius: 2px  Server   panel-layout {tenantId: cmrvvipw70000oyyo6123270j, userId: cmrvvipy90009oyyocqnstw83, score: 40, completedCount: 2, totalCriticalCount: 5} @ http://localhost:3030/_next/static/chunks/04m2_next_dist_01d_w1-._.js:2431
[ 2762311ms] [LOG] [Fast Refresh] rebuilding @ http://localhost:3030/_next/static/chunks/04m2_next_dist_01d_w1-._.js:2431
[ 2762396ms] [LOG] [Fast Refresh] done in 188ms @ http://localhost:3030/_next/static/chunks/04m2_next_dist_01d_w1-._.js:2431
[ 2762447ms] [INFO] %c%s%c [setup-health] background: #e6e6e6;background: light-dark(rgba(0,0,0,0.1), rgba(255,255,255,0.25));color: #000000;color: light-dark(#000000, #ffffff);border-radius: 2px  Server   panel-layout {tenantId: cmrvvipw70000oyyo6123270j, userId: cmrvvipy90009oyyocqnstw83, score: 40, completedCount: 2, totalCriticalCount: 5} @ http://localhost:3030/_next/static/chunks/04m2_next_dist_01d_w1-._.js:2431
[ 2762578ms] [LOG] [Fast Refresh] rebuilding @ http://localhost:3030/_next/static/chunks/04m2_next_dist_01d_w1-._.js:2431
[ 2762816ms] [LOG] [Fast Refresh] done in 340ms @ http://localhost:3030/_next/static/chunks/04m2_next_dist_01d_w1-._.js:2431
[ 2763072ms] [LOG] [Fast Refresh] rebuilding @ http://localhost:3030/_next/static/chunks/04m2_next_dist_01d_w1-._.js:2431
[ 2763148ms] [LOG] [Fast Refresh] done in 179ms @ http://localhost:3030/_next/static/chunks/04m2_next_dist_01d_w1-._.js:2431
[ 2763255ms] [LOG] [Fast Refresh] rebuilding @ http://localhost:3030/_next/static/chunks/04m2_next_dist_01d_w1-._.js:2431
[ 2763277ms] [LOG] [Fast Refresh] done in 126ms @ http://localhost:3030/_next/static/chunks/04m2_next_dist_01d_w1-._.js:2431
[ 2763289ms] [INFO] %c%s%c [setup-health] background: #e6e6e6;background: light-dark(rgba(0,0,0,0.1), rgba(255,255,255,0.25));color: #000000;color: light-dark(#000000, #ffffff);border-radius: 2px  Server   panel-layout {tenantId: cmrvvipw70000oyyo6123270j, userId: cmrvvipy90009oyyocqnstw83, score: 40, completedCount: 2, totalCriticalCount: 5} @ http://localhost:3030/_next/static/chunks/04m2_next_dist_01d_w1-._.js:2431
[ 2763388ms] [LOG] [Fast Refresh] rebuilding @ http://localhost:3030/_next/static/chunks/04m2_next_dist_01d_w1-._.js:2431
[ 2763406ms] [LOG] [Fast Refresh] done in 121ms @ http://localhost:3030/_next/static/chunks/04m2_next_dist_01d_w1-._.js:2431
[ 2763508ms] [LOG] [Fast Refresh] rebuilding @ http://localhost:3030/_next/static/chunks/04m2_next_dist_01d_w1-._.js:2431
[ 2763621ms] [LOG] [Fast Refresh] done in 214ms @ http://localhost:3030/_next/static/chunks/04m2_next_dist_01d_w1-._.js:2431
[ 2764045ms] [LOG] [Fast Refresh] rebuilding @ http://localhost:3030/_next/static/chunks/04m2_next_dist_01d_w1-._.js:2431
[ 2764179ms] [INFO] %c%s%c [setup-health] background: #e6e6e6;background: light-dark(rgba(0,0,0,0.1), rgba(255,255,255,0.25));color: #000000;color: light-dark(#000000, #ffffff);border-radius: 2px  Server   panel-layout {tenantId: cmrvvipw70000oyyo6123270j, userId: cmrvvipy90009oyyocqnstw83, score: 40, completedCount: 2, totalCriticalCount: 5} @ http://localhost:3030/_next/static/chunks/04m2_next_dist_01d_w1-._.js:2431
[ 2764324ms] [LOG] [Fast Refresh] done in 384ms @ http://localhost:3030/_next/static/chunks/04m2_next_dist_01d_w1-._.js:2431
[ 2764794ms] [INFO] %c%s%c [setup-health] background: #e6e6e6;background: light-dark(rgba(0,0,0,0.1), rgba(255,255,255,0.25));color: #000000;color: light-dark(#000000, #ffffff);border-radius: 2px  Server   panel-layout {tenantId: cmrvvipw70000oyyo6123270j, userId: cmrvvipy90009oyyocqnstw83, score: 40, completedCount: 2, totalCriticalCount: 5} @ http://localhost:3030/_next/static/chunks/04m2_next_dist_01d_w1-._.js:2431
[ 2764924ms] [LOG] [Fast Refresh] rebuilding @ http://localhost:3030/_next/static/chunks/04m2_next_dist_01d_w1-._.js:2431
[ 2765010ms] [LOG] [Fast Refresh] done in 191ms @ http://localhost:3030/_next/static/chunks/04m2_next_dist_01d_w1-._.js:2431
[ 2765592ms] [LOG] [Fast Refresh] rebuilding @ http://localhost:3030/_next/static/chunks/04m2_next_dist_01d_w1-._.js:2431
[ 2765718ms] [LOG] [Fast Refresh] done in 231ms @ http://localhost:3030/_next/static/chunks/04m2_next_dist_01d_w1-._.js:2431
[ 2765756ms] [INFO] %c%s%c [setup-health] background: #e6e6e6;background: light-dark(rgba(0,0,0,0.1), rgba(255,255,255,0.25));color: #000000;color: light-dark(#000000, #ffffff);border-radius: 2px  Server   panel-layout {tenantId: cmrvvipw70000oyyo6123270j, userId: cmrvvipy90009oyyocqnstw83, score: 40, completedCount: 2, totalCriticalCount: 5} @ http://localhost:3030/_next/static/chunks/04m2_next_dist_01d_w1-._.js:2431
[ 2765829ms] [LOG] [Fast Refresh] rebuilding @ http://localhost:3030/_next/static/chunks/04m2_next_dist_01d_w1-._.js:2431
[ 2765859ms] [LOG] [Fast Refresh] done in 131ms @ http://localhost:3030/_next/static/chunks/04m2_next_dist_01d_w1-._.js:2431
[ 2765965ms] [LOG] [Fast Refresh] rebuilding @ http://localhost:3030/_next/static/chunks/04m2_next_dist_01d_w1-._.js:2431
[ 2765994ms] [LOG] [Fast Refresh] done in 134ms @ http://localhost:3030/_next/static/chunks/04m2_next_dist_01d_w1-._.js:2431
[ 2766096ms] [LOG] [Fast Refresh] rebuilding @ http://localhost:3030/_next/static/chunks/04m2_next_dist_01d_w1-._.js:2431
[ 2766231ms] [LOG] [Fast Refresh] done in 237ms @ http://localhost:3030/_next/static/chunks/04m2_next_dist_01d_w1-._.js:2431
[ 2766327ms] [INFO] %c%s%c [setup-health] background: #e6e6e6;background: light-dark(rgba(0,0,0,0.1), rgba(255,255,255,0.25));color: #000000;color: light-dark(#000000, #ffffff);border-radius: 2px  Server   panel-layout {tenantId: cmrvvipw70000oyyo6123270j, userId: cmrvvipy90009oyyocqnstw83, score: 40, completedCount: 2, totalCriticalCount: 5} @ http://localhost:3030/_next/static/chunks/04m2_next_dist_01d_w1-._.js:2431
[ 2766460ms] [LOG] [Fast Refresh] rebuilding @ http://localhost:3030/_next/static/chunks/04m2_next_dist_01d_w1-._.js:2431
[ 2766644ms] [LOG] [Fast Refresh] done in 285ms @ http://localhost:3030/_next/static/chunks/04m2_next_dist_01d_w1-._.js:2431
[ 2766900ms] [LOG] [Fast Refresh] rebuilding @ http://localhost:3030/_next/static/chunks/04m2_next_dist_01d_w1-._.js:2431
[ 2767011ms] [LOG] [Fast Refresh] done in 220ms @ http://localhost:3030/_next/static/chunks/04m2_next_dist_01d_w1-._.js:2431
[ 2767171ms] [INFO] %c%s%c [setup-health] background: #e6e6e6;background: light-dark(rgba(0,0,0,0.1), rgba(255,255,255,0.25));color: #000000;color: light-dark(#000000, #ffffff);border-radius: 2px  Server   panel-layout {tenantId: cmrvvipw70000oyyo6123270j, userId: cmrvvipy90009oyyocqnstw83, score: 40, completedCount: 2, totalCriticalCount: 5} @ http://localhost:3030/_next/static/chunks/04m2_next_dist_01d_w1-._.js:2431
[ 2767365ms] [LOG] [Fast Refresh] rebuilding @ http://localhost:3030/_next/static/chunks/04m2_next_dist_01d_w1-._.js:2431
[ 2767449ms] [LOG] [Fast Refresh] done in 185ms @ http://localhost:3030/_next/static/chunks/04m2_next_dist_01d_w1-._.js:2431
[ 2767660ms] [LOG] [Fast Refresh] rebuilding @ http://localhost:3030/_next/static/chunks/04m2_next_dist_01d_w1-._.js:2431
[ 2767958ms] [LOG] [Fast Refresh] done in 401ms @ http://localhost:3030/_next/static/chunks/04m2_next_dist_01d_w1-._.js:2431
[ 2768059ms] [INFO] %c%s%c [setup-health] background: #e6e6e6;background: light-dark(rgba(0,0,0,0.1), rgba(255,255,255,0.25));color: #000000;color: light-dark(#000000, #ffffff);border-radius: 2px  Server   panel-layout {tenantId: cmrvvipw70000oyyo6123270j, userId: cmrvvipy90009oyyocqnstw83, score: 40, completedCount: 2, totalCriticalCount: 5} @ http://localhost:3030/_next/static/chunks/04m2_next_dist_01d_w1-._.js:2431
[ 2768583ms] [INFO] %c%s%c [setup-health] background: #e6e6e6;background: light-dark(rgba(0,0,0,0.1), rgba(255,255,255,0.25));color: #000000;color: light-dark(#000000, #ffffff);border-radius: 2px  Server   panel-layout {tenantId: cmrvvipw70000oyyo6123270j, userId: cmrvvipy90009oyyocqnstw83, score: 40, completedCount: 2, totalCriticalCount: 5} @ http://localhost:3030/_next/static/chunks/04m2_next_dist_01d_w1-._.js:2431
[ 2768714ms] [LOG] [Fast Refresh] rebuilding @ http://localhost:3030/_next/static/chunks/04m2_next_dist_01d_w1-._.js:2431
[ 2768862ms] [LOG] [Fast Refresh] done in 255ms @ http://localhost:3030/_next/static/chunks/04m2_next_dist_01d_w1-._.js:2431
[ 2769382ms] [LOG] [Fast Refresh] rebuilding @ http://localhost:3030/_next/static/chunks/04m2_next_dist_01d_w1-._.js:2431
[ 2769492ms] [LOG] [Fast Refresh] done in 213ms @ http://localhost:3030/_next/static/chunks/04m2_next_dist_01d_w1-._.js:2431
[ 2769581ms] [INFO] %c%s%c [setup-health] background: #e6e6e6;background: light-dark(rgba(0,0,0,0.1), rgba(255,255,255,0.25));color: #000000;color: light-dark(#000000, #ffffff);border-radius: 2px  Server   panel-layout {tenantId: cmrvvipw70000oyyo6123270j, userId: cmrvvipy90009oyyocqnstw83, score: 40, completedCount: 2, totalCriticalCount: 5} @ http://localhost:3030/_next/static/chunks/04m2_next_dist_01d_w1-._.js:2431
[ 2769599ms] [LOG] [Fast Refresh] rebuilding @ http://localhost:3030/_next/static/chunks/04m2_next_dist_01d_w1-._.js:2431
[ 2769638ms] [LOG] [Fast Refresh] done in 145ms @ http://localhost:3030/_next/static/chunks/04m2_next_dist_01d_w1-._.js:2431
[ 2769897ms] [LOG] [Fast Refresh] rebuilding @ http://localhost:3030/_next/static/chunks/04m2_next_dist_01d_w1-._.js:2431
[ 2770033ms] [LOG] [Fast Refresh] done in 239ms @ http://localhost:3030/_next/static/chunks/04m2_next_dist_01d_w1-._.js:2431
[ 2770102ms] [INFO] %c%s%c [setup-health] background: #e6e6e6;background: light-dark(rgba(0,0,0,0.1), rgba(255,255,255,0.25));color: #000000;color: light-dark(#000000, #ffffff);border-radius: 2px  Server   panel-layout {tenantId: cmrvvipw70000oyyo6123270j, userId: cmrvvipy90009oyyocqnstw83, score: 40, completedCount: 2, totalCriticalCount: 5} @ http://localhost:3030/_next/static/chunks/04m2_next_dist_01d_w1-._.js:2431
[ 2770235ms] [LOG] [Fast Refresh] rebuilding @ http://localhost:3030/_next/static/chunks/04m2_next_dist_01d_w1-._.js:2431
[ 2770434ms] [LOG] [Fast Refresh] done in 302ms @ http://localhost:3030/_next/static/chunks/04m2_next_dist_01d_w1-._.js:2431
[ 2770676ms] [LOG] [Fast Refresh] rebuilding @ http://localhost:3030/_next/static/chunks/04m2_next_dist_01d_w1-._.js:2431
[ 2770796ms] [LOG] [Fast Refresh] done in 222ms @ http://localhost:3030/_next/static/chunks/04m2_next_dist_01d_w1-._.js:2431
[ 2770905ms] [INFO] %c%s%c [setup-health] background: #e6e6e6;background: light-dark(rgba(0,0,0,0.1), rgba(255,255,255,0.25));color: #000000;color: light-dark(#000000, #ffffff);border-radius: 2px  Server   panel-layout {tenantId: cmrvvipw70000oyyo6123270j, userId: cmrvvipy90009oyyocqnstw83, score: 40, completedCount: 2, totalCriticalCount: 5} @ http://localhost:3030/_next/static/chunks/04m2_next_dist_01d_w1-._.js:2431
[ 2771154ms] [LOG] [Fast Refresh] rebuilding @ http://localhost:3030/_next/static/chunks/04m2_next_dist_01d_w1-._.js:2431
[ 2771212ms] [LOG] [Fast Refresh] done in 166ms @ http://localhost:3030/_next/static/chunks/04m2_next_dist_01d_w1-._.js:2431
[ 2771545ms] [LOG] [Fast Refresh] rebuilding @ http://localhost:3030/_next/static/chunks/04m2_next_dist_01d_w1-._.js:2431
[ 2771716ms] [LOG] [Fast Refresh] done in 276ms @ http://localhost:3030/_next/static/chunks/04m2_next_dist_01d_w1-._.js:2431
[ 2771772ms] [INFO] %c%s%c [setup-health] background: #e6e6e6;background: light-dark(rgba(0,0,0,0.1), rgba(255,255,255,0.25));color: #000000;color: light-dark(#000000, #ffffff);border-radius: 2px  Server   panel-layout {tenantId: cmrvvipw70000oyyo6123270j, userId: cmrvvipy90009oyyocqnstw83, score: 40, completedCount: 2, totalCriticalCount: 5} @ http://localhost:3030/_next/static/chunks/04m2_next_dist_01d_w1-._.js:2431
[ 2772339ms] [LOG] [Fast Refresh] rebuilding @ http://localhost:3030/_next/static/chunks/04m2_next_dist_01d_w1-._.js:2431
[ 2772358ms] [LOG] [Fast Refresh] done in 120ms @ http://localhost:3030/_next/static/chunks/04m2_next_dist_01d_w1-._.js:2431
[ 2772477ms] [INFO] %c%s%c [setup-health] background: #e6e6e6;background: light-dark(rgba(0,0,0,0.1), rgba(255,255,255,0.25));color: #000000;color: light-dark(#000000, #ffffff);border-radius: 2px  Server   panel-layout {tenantId: cmrvvipw70000oyyo6123270j, userId: cmrvvipy90009oyyocqnstw83, score: 40, completedCount: 2, totalCriticalCount: 5} @ http://localhost:3030/_next/static/chunks/04m2_next_dist_01d_w1-._.js:2431
[ 2772821ms] [LOG] [Fast Refresh] rebuilding @ http://localhost:3030/_next/static/chunks/04m2_next_dist_01d_w1-._.js:2431
[ 2772893ms] [LOG] [Fast Refresh] done in 173ms @ http://localhost:3030/_next/static/chunks/04m2_next_dist_01d_w1-._.js:2431
[ 2772998ms] [LOG] [Fast Refresh] rebuilding @ http://localhost:3030/_next/static/chunks/04m2_next_dist_01d_w1-._.js:2431
[ 2773094ms] [LOG] [Fast Refresh] done in 200ms @ http://localhost:3030/_next/static/chunks/04m2_next_dist_01d_w1-._.js:2431
[ 2773206ms] [LOG] [Fast Refresh] rebuilding @ http://localhost:3030/_next/static/chunks/04m2_next_dist_01d_w1-._.js:2431
[ 2773369ms] [LOG] [Fast Refresh] done in 271ms @ http://localhost:3030/_next/static/chunks/04m2_next_dist_01d_w1-._.js:2431
[ 2774062ms] [INFO] %c%s%c [setup-health] background: #e6e6e6;background: light-dark(rgba(0,0,0,0.1), rgba(255,255,255,0.25));color: #000000;color: light-dark(#000000, #ffffff);border-radius: 2px  Server   panel-layout {tenantId: cmrvvipw70000oyyo6123270j, userId: cmrvvipy90009oyyocqnstw83, score: 40, completedCount: 2, totalCriticalCount: 5} @ http://localhost:3030/_next/static/chunks/04m2_next_dist_01d_w1-._.js:2431
[ 2774180ms] [LOG] [Fast Refresh] rebuilding @ http://localhost:3030/_next/static/chunks/04m2_next_dist_01d_w1-._.js:2431
[ 2774197ms] [LOG] [Fast Refresh] done in 119ms @ http://localhost:3030/_next/static/chunks/04m2_next_dist_01d_w1-._.js:2431
[ 2774369ms] [LOG] [Fast Refresh] rebuilding @ http://localhost:3030/_next/static/chunks/04m2_next_dist_01d_w1-._.js:2431
[ 2774476ms] [LOG] [Fast Refresh] done in 212ms @ http://localhost:3030/_next/static/chunks/04m2_next_dist_01d_w1-._.js:2431
[ 2774560ms] [INFO] %c%s%c [setup-health] background: #e6e6e6;background: light-dark(rgba(0,0,0,0.1), rgba(255,255,255,0.25));color: #000000;color: light-dark(#000000, #ffffff);border-radius: 2px  Server   panel-layout {tenantId: cmrvvipw70000oyyo6123270j, userId: cmrvvipy90009oyyocqnstw83, score: 40, completedCount: 2, totalCriticalCount: 5} @ http://localhost:3030/_next/static/chunks/04m2_next_dist_01d_w1-._.js:2431
[ 2774664ms] [LOG] [Fast Refresh] rebuilding @ http://localhost:3030/_next/static/chunks/04m2_next_dist_01d_w1-._.js:2431
[ 2774707ms] [LOG] [Fast Refresh] done in 149ms @ http://localhost:3030/_next/static/chunks/04m2_next_dist_01d_w1-._.js:2431
[ 2774819ms] [LOG] [Fast Refresh] rebuilding @ http://localhost:3030/_next/static/chunks/04m2_next_dist_01d_w1-._.js:2431
[ 2774957ms] [LOG] [Fast Refresh] done in 241ms @ http://localhost:3030/_next/static/chunks/04m2_next_dist_01d_w1-._.js:2431
[ 2775059ms] [LOG] [Fast Refresh] rebuilding @ http://localhost:3030/_next/static/chunks/04m2_next_dist_01d_w1-._.js:2431
[ 2775183ms] [LOG] [Fast Refresh] done in 224ms @ http://localhost:3030/_next/static/chunks/04m2_next_dist_01d_w1-._.js:2431
[ 2775360ms] [INFO] %c%s%c [setup-health] background: #e6e6e6;background: light-dark(rgba(0,0,0,0.1), rgba(255,255,255,0.25));color: #000000;color: light-dark(#000000, #ffffff);border-radius: 2px  Server   panel-layout {tenantId: cmrvvipw70000oyyo6123270j, userId: cmrvvipy90009oyyocqnstw83, score: 40, completedCount: 2, totalCriticalCount: 5} @ http://localhost:3030/_next/static/chunks/04m2_next_dist_01d_w1-._.js:2431
[ 2775435ms] [LOG] [Fast Refresh] rebuilding @ http://localhost:3030/_next/static/chunks/04m2_next_dist_01d_w1-._.js:2431
[ 2775467ms] [LOG] [Fast Refresh] done in 133ms @ http://localhost:3030/_next/static/chunks/04m2_next_dist_01d_w1-._.js:2431
[ 2775663ms] [LOG] [Fast Refresh] rebuilding @ http://localhost:3030/_next/static/chunks/04m2_next_dist_01d_w1-._.js:2431
[ 2775893ms] [LOG] [Fast Refresh] done in 331ms @ http://localhost:3030/_next/static/chunks/04m2_next_dist_01d_w1-._.js:2431
[ 2776356ms] [INFO] %c%s%c [setup-health] background: #e6e6e6;background: light-dark(rgba(0,0,0,0.1), rgba(255,255,255,0.25));color: #000000;color: light-dark(#000000, #ffffff);border-radius: 2px  Server   panel-layout {tenantId: cmrvvipw70000oyyo6123270j, userId: cmrvvipy90009oyyocqnstw83, score: 40, completedCount: 2, totalCriticalCount: 5} @ http://localhost:3030/_next/static/chunks/04m2_next_dist_01d_w1-._.js:2431
[ 2776504ms] [LOG] [Fast Refresh] rebuilding @ http://localhost:3030/_next/static/chunks/04m2_next_dist_01d_w1-._.js:2431
[ 2776666ms] [LOG] [Fast Refresh] done in 266ms @ http://localhost:3030/_next/static/chunks/04m2_next_dist_01d_w1-._.js:2431
[ 2777048ms] [INFO] %c%s%c [setup-health] background: #e6e6e6;background: light-dark(rgba(0,0,0,0.1), rgba(255,255,255,0.25));color: #000000;color: light-dark(#000000, #ffffff);border-radius: 2px  Server   panel-layout {tenantId: cmrvvipw70000oyyo6123270j, userId: cmrvvipy90009oyyocqnstw83, score: 40, completedCount: 2, totalCriticalCount: 5} @ http://localhost:3030/_next/static/chunks/04m2_next_dist_01d_w1-._.js:2431
[ 2777181ms] [LOG] [Fast Refresh] rebuilding @ http://localhost:3030/_next/static/chunks/04m2_next_dist_01d_w1-._.js:2431
[ 2777282ms] [LOG] [Fast Refresh] done in 200ms @ http://localhost:3030/_next/static/chunks/04m2_next_dist_01d_w1-._.js:2431
[ 2777771ms] [LOG] [Fast Refresh] rebuilding @ http://localhost:3030/_next/static/chunks/04m2_next_dist_01d_w1-._.js:2431
[ 2777958ms] [LOG] [Fast Refresh] done in 291ms @ http://localhost:3030/_next/static/chunks/04m2_next_dist_01d_w1-._.js:2431
[ 2778041ms] [INFO] %c%s%c [setup-health] background: #e6e6e6;background: light-dark(rgba(0,0,0,0.1), rgba(255,255,255,0.25));color: #000000;color: light-dark(#000000, #ffffff);border-radius: 2px  Server   panel-layout {tenantId: cmrvvipw70000oyyo6123270j, userId: cmrvvipy90009oyyocqnstw83, score: 40, completedCount: 2, totalCriticalCount: 5} @ http://localhost:3030/_next/static/chunks/04m2_next_dist_01d_w1-._.js:2431
[ 2778262ms] [LOG] [Fast Refresh] rebuilding @ http://localhost:3030/_next/static/chunks/04m2_next_dist_01d_w1-._.js:2431
[ 2778374ms] [LOG] [Fast Refresh] done in 213ms @ http://localhost:3030/_next/static/chunks/04m2_next_dist_01d_w1-._.js:2431
[ 2778439ms] [INFO] %c%s%c [setup-health] background: #e6e6e6;background: light-dark(rgba(0,0,0,0.1), rgba(255,255,255,0.25));color: #000000;color: light-dark(#000000, #ffffff);border-radius: 2px  Server   panel-layout {tenantId: cmrvvipw70000oyyo6123270j, userId: cmrvvipy90009oyyocqnstw83, score: 40, completedCount: 2, totalCriticalCount: 5} @ http://localhost:3030/_next/static/chunks/04m2_next_dist_01d_w1-._.js:2431
[ 2778595ms] [LOG] [Fast Refresh] rebuilding @ http://localhost:3030/_next/static/chunks/04m2_next_dist_01d_w1-._.js:2431
[ 2778772ms] [LOG] [Fast Refresh] done in 290ms @ http://localhost:3030/_next/static/chunks/04m2_next_dist_01d_w1-._.js:2431
[ 2779053ms] [LOG] [Fast Refresh] rebuilding @ http://localhost:3030/_next/static/chunks/04m2_next_dist_01d_w1-._.js:2431
[ 2779160ms] [LOG] [Fast Refresh] done in 210ms @ http://localhost:3030/_next/static/chunks/04m2_next_dist_01d_w1-._.js:2431
[ 2779262ms] [LOG] [Fast Refresh] rebuilding @ http://localhost:3030/_next/static/chunks/04m2_next_dist_01d_w1-._.js:2431
[ 2779318ms] [LOG] [Fast Refresh] done in 158ms @ http://localhost:3030/_next/static/chunks/04m2_next_dist_01d_w1-._.js:2431
[ 2779322ms] [INFO] %c%s%c [setup-health] background: #e6e6e6;background: light-dark(rgba(0,0,0,0.1), rgba(255,255,255,0.25));color: #000000;color: light-dark(#000000, #ffffff);border-radius: 2px  Server   panel-layout {tenantId: cmrvvipw70000oyyo6123270j, userId: cmrvvipy90009oyyocqnstw83, score: 40, completedCount: 2, totalCriticalCount: 5} @ http://localhost:3030/_next/static/chunks/04m2_next_dist_01d_w1-._.js:2431
[ 2779420ms] [LOG] [Fast Refresh] rebuilding @ http://localhost:3030/_next/static/chunks/04m2_next_dist_01d_w1-._.js:2431
[ 2779670ms] [LOG] [Fast Refresh] done in 350ms @ http://localhost:3030/_next/static/chunks/04m2_next_dist_01d_w1-._.js:2431
[ 2780123ms] [INFO] %c%s%c [setup-health] background: #e6e6e6;background: light-dark(rgba(0,0,0,0.1), rgba(255,255,255,0.25));color: #000000;color: light-dark(#000000, #ffffff);border-radius: 2px  Server   panel-layout {tenantId: cmrvvipw70000oyyo6123270j, userId: cmrvvipy90009oyyocqnstw83, score: 40, completedCount: 2, totalCriticalCount: 5} @ http://localhost:3030/_next/static/chunks/04m2_next_dist_01d_w1-._.js:2431
[ 2780302ms] [LOG] [Fast Refresh] rebuilding @ http://localhost:3030/_next/static/chunks/04m2_next_dist_01d_w1-._.js:2431
[ 2780454ms] [LOG] [Fast Refresh] done in 255ms @ http://localhost:3030/_next/static/chunks/04m2_next_dist_01d_w1-._.js:2431
[ 2780651ms] [LOG] [Fast Refresh] rebuilding @ http://localhost:3030/_next/static/chunks/04m2_next_dist_01d_w1-._.js:2431
[ 2780719ms] [LOG] [Fast Refresh] done in 172ms @ http://localhost:3030/_next/static/chunks/04m2_next_dist_01d_w1-._.js:2431
[ 2780821ms] [LOG] [Fast Refresh] rebuilding @ http://localhost:3030/_next/static/chunks/04m2_next_dist_01d_w1-._.js:2431
[ 2780838ms] [LOG] [Fast Refresh] done in 119ms @ http://localhost:3030/_next/static/chunks/04m2_next_dist_01d_w1-._.js:2431
[ 2780853ms] [INFO] %c%s%c [setup-health] background: #e6e6e6;background: light-dark(rgba(0,0,0,0.1), rgba(255,255,255,0.25));color: #000000;color: light-dark(#000000, #ffffff);border-radius: 2px  Server   panel-layout {tenantId: cmrvvipw70000oyyo6123270j, userId: cmrvvipy90009oyyocqnstw83, score: 40, completedCount: 2, totalCriticalCount: 5} @ http://localhost:3030/_next/static/chunks/04m2_next_dist_01d_w1-._.js:2431
[ 2781309ms] [LOG] [Fast Refresh] rebuilding @ http://localhost:3030/_next/static/chunks/04m2_next_dist_01d_w1-._.js:2431
[ 2781417ms] [LOG] [Fast Refresh] done in 208ms @ http://localhost:3030/_next/static/chunks/04m2_next_dist_01d_w1-._.js:2431
[ 2781544ms] [LOG] [Fast Refresh] rebuilding @ http://localhost:3030/_next/static/chunks/04m2_next_dist_01d_w1-._.js:2431
[ 2781733ms] [INFO] %c%s%c [setup-health] background: #e6e6e6;background: light-dark(rgba(0,0,0,0.1), rgba(255,255,255,0.25));color: #000000;color: light-dark(#000000, #ffffff);border-radius: 2px  Server   panel-layout {tenantId: cmrvvipw70000oyyo6123270j, userId: cmrvvipy90009oyyocqnstw83, score: 40, completedCount: 2, totalCriticalCount: 5} @ http://localhost:3030/_next/static/chunks/04m2_next_dist_01d_w1-._.js:2431
[ 2781813ms] [LOG] [Fast Refresh] done in 377ms @ http://localhost:3030/_next/static/chunks/04m2_next_dist_01d_w1-._.js:2431
[ 2781916ms] [LOG] [Fast Refresh] rebuilding @ http://localhost:3030/_next/static/chunks/04m2_next_dist_01d_w1-._.js:2431
[ 2781963ms] [LOG] [Fast Refresh] done in 150ms @ http://localhost:3030/_next/static/chunks/04m2_next_dist_01d_w1-._.js:2431
[ 2782128ms] [LOG] [Fast Refresh] rebuilding @ http://localhost:3030/_next/static/chunks/04m2_next_dist_01d_w1-._.js:2431
[ 2782241ms] [LOG] [Fast Refresh] done in 213ms @ http://localhost:3030/_next/static/chunks/04m2_next_dist_01d_w1-._.js:2431
[ 2782319ms] [INFO] %c%s%c [setup-health] background: #e6e6e6;background: light-dark(rgba(0,0,0,0.1), rgba(255,255,255,0.25));color: #000000;color: light-dark(#000000, #ffffff);border-radius: 2px  Server   panel-layout {tenantId: cmrvvipw70000oyyo6123270j, userId: cmrvvipy90009oyyocqnstw83, score: 40, completedCount: 2, totalCriticalCount: 5} @ http://localhost:3030/_next/static/chunks/04m2_next_dist_01d_w1-._.js:2431
[ 2782453ms] [LOG] [Fast Refresh] rebuilding @ http://localhost:3030/_next/static/chunks/04m2_next_dist_01d_w1-._.js:2431
[ 2782667ms] [LOG] [Fast Refresh] done in 321ms @ http://localhost:3030/_next/static/chunks/04m2_next_dist_01d_w1-._.js:2431
[ 2782947ms] [LOG] [Fast Refresh] rebuilding @ http://localhost:3030/_next/static/chunks/04m2_next_dist_01d_w1-._.js:2431
[ 2782974ms] [LOG] [Fast Refresh] done in 130ms @ http://localhost:3030/_next/static/chunks/04m2_next_dist_01d_w1-._.js:2431
[ 2783151ms] [LOG] [Fast Refresh] rebuilding @ http://localhost:3030/_next/static/chunks/04m2_next_dist_01d_w1-._.js:2431
[ 2783151ms] [LOG] [Fast Refresh] done in 109ms @ http://localhost:3030/_next/static/chunks/04m2_next_dist_01d_w1-._.js:2431
[ 2783190ms] [INFO] %c%s%c [setup-health] background: #e6e6e6;background: light-dark(rgba(0,0,0,0.1), rgba(255,255,255,0.25));color: #000000;color: light-dark(#000000, #ffffff);border-radius: 2px  Server   panel-layout {tenantId: cmrvvipw70000oyyo6123270j, userId: cmrvvipy90009oyyocqnstw83, score: 40, completedCount: 2, totalCriticalCount: 5} @ http://localhost:3030/_next/static/chunks/04m2_next_dist_01d_w1-._.js:2431
[ 2783262ms] [LOG] [Fast Refresh] rebuilding @ http://localhost:3030/_next/static/chunks/04m2_next_dist_01d_w1-._.js:2431
[ 2783317ms] [LOG] [Fast Refresh] done in 160ms @ http://localhost:3030/_next/static/chunks/04m2_next_dist_01d_w1-._.js:2431
[ 2783422ms] [LOG] [Fast Refresh] rebuilding @ http://localhost:3030/_next/static/chunks/04m2_next_dist_01d_w1-._.js:2431
[ 2783457ms] [LOG] [Fast Refresh] done in 138ms @ http://localhost:3030/_next/static/chunks/04m2_next_dist_01d_w1-._.js:2431
[ 2783560ms] [LOG] [Fast Refresh] rebuilding @ http://localhost:3030/_next/static/chunks/04m2_next_dist_01d_w1-._.js:2431
[ 2783628ms] [LOG] [Fast Refresh] done in 171ms @ http://localhost:3030/_next/static/chunks/04m2_next_dist_01d_w1-._.js:2431
[ 2784038ms] [INFO] %c%s%c [setup-health] background: #e6e6e6;background: light-dark(rgba(0,0,0,0.1), rgba(255,255,255,0.25));color: #000000;color: light-dark(#000000, #ffffff);border-radius: 2px  Server   panel-layout {tenantId: cmrvvipw70000oyyo6123270j, userId: cmrvvipy90009oyyocqnstw83, score: 40, completedCount: 2, totalCriticalCount: 5} @ http://localhost:3030/_next/static/chunks/04m2_next_dist_01d_w1-._.js:2431
[ 2784187ms] [LOG] [Fast Refresh] rebuilding @ http://localhost:3030/_next/static/chunks/04m2_next_dist_01d_w1-._.js:2431
[ 2784335ms] [LOG] [Fast Refresh] done in 252ms @ http://localhost:3030/_next/static/chunks/04m2_next_dist_01d_w1-._.js:2431
[ 2784611ms] [LOG] [Fast Refresh] rebuilding @ http://localhost:3030/_next/static/chunks/04m2_next_dist_01d_w1-._.js:2431
[ 2784676ms] [LOG] [Fast Refresh] done in 167ms @ http://localhost:3030/_next/static/chunks/04m2_next_dist_01d_w1-._.js:2431
[ 2784763ms] [INFO] %c%s%c [setup-health] background: #e6e6e6;background: light-dark(rgba(0,0,0,0.1), rgba(255,255,255,0.25));color: #000000;color: light-dark(#000000, #ffffff);border-radius: 2px  Server   panel-layout {tenantId: cmrvvipw70000oyyo6123270j, userId: cmrvvipy90009oyyocqnstw83, score: 40, completedCount: 2, totalCriticalCount: 5} @ http://localhost:3030/_next/static/chunks/04m2_next_dist_01d_w1-._.js:2431
[ 2784998ms] [LOG] [Fast Refresh] rebuilding @ http://localhost:3030/_next/static/chunks/04m2_next_dist_01d_w1-._.js:2431
[ 2785081ms] [LOG] [Fast Refresh] done in 190ms @ http://localhost:3030/_next/static/chunks/04m2_next_dist_01d_w1-._.js:2431
[ 2785183ms] [LOG] [Fast Refresh] rebuilding @ http://localhost:3030/_next/static/chunks/04m2_next_dist_01d_w1-._.js:2431
[ 2785239ms] [LOG] [Fast Refresh] done in 157ms @ http://localhost:3030/_next/static/chunks/04m2_next_dist_01d_w1-._.js:2431
[ 2785344ms] [LOG] [Fast Refresh] rebuilding @ http://localhost:3030/_next/static/chunks/04m2_next_dist_01d_w1-._.js:2431
[ 2785428ms] [LOG] [Fast Refresh] done in 188ms @ http://localhost:3030/_next/static/chunks/04m2_next_dist_01d_w1-._.js:2431
[ 2785630ms] [INFO] %c%s%c [setup-health] background: #e6e6e6;background: light-dark(rgba(0,0,0,0.1), rgba(255,255,255,0.25));color: #000000;color: light-dark(#000000, #ffffff);border-radius: 2px  Server   panel-layout {tenantId: cmrvvipw70000oyyo6123270j, userId: cmrvvipy90009oyyocqnstw83, score: 40, completedCount: 2, totalCriticalCount: 5} @ http://localhost:3030/_next/static/chunks/04m2_next_dist_01d_w1-._.js:2431
[ 2785786ms] [LOG] [Fast Refresh] rebuilding @ http://localhost:3030/_next/static/chunks/04m2_next_dist_01d_w1-._.js:2431
[ 2785790ms] [LOG] [Fast Refresh] done in 110ms @ http://localhost:3030/_next/static/chunks/04m2_next_dist_01d_w1-._.js:2431
[ 2785959ms] [LOG] [Fast Refresh] rebuilding @ http://localhost:3030/_next/static/chunks/04m2_next_dist_01d_w1-._.js:2431
[ 2786030ms] [LOG] [Fast Refresh] done in 174ms @ http://localhost:3030/_next/static/chunks/04m2_next_dist_01d_w1-._.js:2431
[ 2786138ms] [INFO] %c%s%c [setup-health] background: #e6e6e6;background: light-dark(rgba(0,0,0,0.1), rgba(255,255,255,0.25));color: #000000;color: light-dark(#000000, #ffffff);border-radius: 2px  Server   panel-layout {tenantId: cmrvvipw70000oyyo6123270j, userId: cmrvvipy90009oyyocqnstw83, score: 40, completedCount: 2, totalCriticalCount: 5} @ http://localhost:3030/_next/static/chunks/04m2_next_dist_01d_w1-._.js:2431
[ 2786267ms] [LOG] [Fast Refresh] rebuilding @ http://localhost:3030/_next/static/chunks/04m2_next_dist_01d_w1-._.js:2431
[ 2786535ms] [LOG] [Fast Refresh] done in 371ms @ http://localhost:3030/_next/static/chunks/04m2_next_dist_01d_w1-._.js:2431
[ 2786747ms] [LOG] [Fast Refresh] rebuilding @ http://localhost:3030/_next/static/chunks/04m2_next_dist_01d_w1-._.js:2431
[ 2786916ms] [LOG] [Fast Refresh] done in 271ms @ http://localhost:3030/_next/static/chunks/04m2_next_dist_01d_w1-._.js:2431
[ 2787023ms] [LOG] [Fast Refresh] rebuilding @ http://localhost:3030/_next/static/chunks/04m2_next_dist_01d_w1-._.js:2431
[ 2787080ms] [LOG] [Fast Refresh] done in 163ms @ http://localhost:3030/_next/static/chunks/04m2_next_dist_01d_w1-._.js:2431
[ 2787110ms] [INFO] %c%s%c [setup-health] background: #e6e6e6;background: light-dark(rgba(0,0,0,0.1), rgba(255,255,255,0.25));color: #000000;color: light-dark(#000000, #ffffff);border-radius: 2px  Server   panel-layout {tenantId: cmrvvipw70000oyyo6123270j, userId: cmrvvipy90009oyyocqnstw83, score: 40, completedCount: 2, totalCriticalCount: 5} @ http://localhost:3030/_next/static/chunks/04m2_next_dist_01d_w1-._.js:2431
[ 2787184ms] [LOG] [Fast Refresh] rebuilding @ http://localhost:3030/_next/static/chunks/04m2_next_dist_01d_w1-._.js:2431
[ 2787186ms] [LOG] [Fast Refresh] done in 105ms @ http://localhost:3030/_next/static/chunks/04m2_next_dist_01d_w1-._.js:2431
[ 2787414ms] [LOG] [Fast Refresh] rebuilding @ http://localhost:3030/_next/static/chunks/04m2_next_dist_01d_w1-._.js:2431
[ 2787480ms] [LOG] [Fast Refresh] done in 170ms @ http://localhost:3030/_next/static/chunks/04m2_next_dist_01d_w1-._.js:2431
[ 2787586ms] [LOG] [Fast Refresh] rebuilding @ http://localhost:3030/_next/static/chunks/04m2_next_dist_01d_w1-._.js:2431
[ 2787698ms] [LOG] [Fast Refresh] done in 215ms @ http://localhost:3030/_next/static/chunks/04m2_next_dist_01d_w1-._.js:2431
[ 2787805ms] [LOG] [Fast Refresh] rebuilding @ http://localhost:3030/_next/static/chunks/04m2_next_dist_01d_w1-._.js:2431
[ 2787883ms] [LOG] [Fast Refresh] done in 185ms @ http://localhost:3030/_next/static/chunks/04m2_next_dist_01d_w1-._.js:2431
[ 2787909ms] [INFO] %c%s%c [setup-health] background: #e6e6e6;background: light-dark(rgba(0,0,0,0.1), rgba(255,255,255,0.25));color: #000000;color: light-dark(#000000, #ffffff);border-radius: 2px  Server   panel-layout {tenantId: cmrvvipw70000oyyo6123270j, userId: cmrvvipy90009oyyocqnstw83, score: 40, completedCount: 2, totalCriticalCount: 5} @ http://localhost:3030/_next/static/chunks/04m2_next_dist_01d_w1-._.js:2431
[ 2788135ms] [LOG] [Fast Refresh] rebuilding @ http://localhost:3030/_next/static/chunks/04m2_next_dist_01d_w1-._.js:2431
[ 2788295ms] [LOG] [Fast Refresh] done in 263ms @ http://localhost:3030/_next/static/chunks/04m2_next_dist_01d_w1-._.js:2431
[ 2788397ms] [LOG] [Fast Refresh] rebuilding @ http://localhost:3030/_next/static/chunks/04m2_next_dist_01d_w1-._.js:2431
[ 2788428ms] [LOG] [Fast Refresh] done in 131ms @ http://localhost:3030/_next/static/chunks/04m2_next_dist_01d_w1-._.js:2431
[ 2788530ms] [LOG] [Fast Refresh] rebuilding @ http://localhost:3030/_next/static/chunks/04m2_next_dist_01d_w1-._.js:2431
[ 2788575ms] [LOG] [Fast Refresh] done in 146ms @ http://localhost:3030/_next/static/chunks/04m2_next_dist_01d_w1-._.js:2431
[ 2788614ms] [INFO] %c%s%c [setup-health] background: #e6e6e6;background: light-dark(rgba(0,0,0,0.1), rgba(255,255,255,0.25));color: #000000;color: light-dark(#000000, #ffffff);border-radius: 2px  Server   panel-layout {tenantId: cmrvvipw70000oyyo6123270j, userId: cmrvvipy90009oyyocqnstw83, score: 40, completedCount: 2, totalCriticalCount: 5} @ http://localhost:3030/_next/static/chunks/04m2_next_dist_01d_w1-._.js:2431
[ 2788691ms] [LOG] [Fast Refresh] rebuilding @ http://localhost:3030/_next/static/chunks/04m2_next_dist_01d_w1-._.js:2431
[ 2788755ms] [LOG] [Fast Refresh] done in 176ms @ http://localhost:3030/_next/static/chunks/04m2_next_dist_01d_w1-._.js:2431
[ 2788975ms] [LOG] [Fast Refresh] rebuilding @ http://localhost:3030/_next/static/chunks/04m2_next_dist_01d_w1-._.js:2431
[ 2789122ms] [LOG] [Fast Refresh] done in 249ms @ http://localhost:3030/_next/static/chunks/04m2_next_dist_01d_w1-._.js:2431
[ 2789440ms] [INFO] %c%s%c [setup-health] background: #e6e6e6;background: light-dark(rgba(0,0,0,0.1), rgba(255,255,255,0.25));color: #000000;color: light-dark(#000000, #ffffff);border-radius: 2px  Server   panel-layout {tenantId: cmrvvipw70000oyyo6123270j, userId: cmrvvipy90009oyyocqnstw83, score: 40, completedCount: 2, totalCriticalCount: 5} @ http://localhost:3030/_next/static/chunks/04m2_next_dist_01d_w1-._.js:2431
[ 2789547ms] [LOG] [Fast Refresh] rebuilding @ http://localhost:3030/_next/static/chunks/04m2_next_dist_01d_w1-._.js:2431
[ 2789604ms] [LOG] [Fast Refresh] done in 161ms @ http://localhost:3030/_next/static/chunks/04m2_next_dist_01d_w1-._.js:2431
[ 2789785ms] [LOG] [Fast Refresh] rebuilding @ http://localhost:3030/_next/static/chunks/04m2_next_dist_01d_w1-._.js:2431
[ 2789873ms] [LOG] [Fast Refresh] done in 192ms @ http://localhost:3030/_next/static/chunks/04m2_next_dist_01d_w1-._.js:2431
[ 2790032ms] [INFO] %c%s%c [setup-health] background: #e6e6e6;background: light-dark(rgba(0,0,0,0.1), rgba(255,255,255,0.25));color: #000000;color: light-dark(#000000, #ffffff);border-radius: 2px  Server   panel-layout {tenantId: cmrvvipw70000oyyo6123270j, userId: cmrvvipy90009oyyocqnstw83, score: 40, completedCount: 2, totalCriticalCount: 5} @ http://localhost:3030/_next/static/chunks/04m2_next_dist_01d_w1-._.js:2431
[ 2790177ms] [LOG] [Fast Refresh] rebuilding @ http://localhost:3030/_next/static/chunks/04m2_next_dist_01d_w1-._.js:2431
[ 2790380ms] [LOG] [Fast Refresh] done in 315ms @ http://localhost:3030/_next/static/chunks/04m2_next_dist_01d_w1-._.js:2431
[ 2790644ms] [LOG] [Fast Refresh] rebuilding @ http://localhost:3030/_next/static/chunks/04m2_next_dist_01d_w1-._.js:2431
[ 2790738ms] [LOG] [Fast Refresh] done in 203ms @ http://localhost:3030/_next/static/chunks/04m2_next_dist_01d_w1-._.js:2431
[ 2790845ms] [LOG] [Fast Refresh] rebuilding @ http://localhost:3030/_next/static/chunks/04m2_next_dist_01d_w1-._.js:2431
[ 2791004ms] [LOG] [Fast Refresh] done in 265ms @ http://localhost:3030/_next/static/chunks/04m2_next_dist_01d_w1-._.js:2431
[ 2791045ms] [INFO] %c%s%c [setup-health] background: #e6e6e6;background: light-dark(rgba(0,0,0,0.1), rgba(255,255,255,0.25));color: #000000;color: light-dark(#000000, #ffffff);border-radius: 2px  Server   panel-layout {tenantId: cmrvvipw70000oyyo6123270j, userId: cmrvvipy90009oyyocqnstw83, score: 40, completedCount: 2, totalCriticalCount: 5} @ http://localhost:3030/_next/static/chunks/04m2_next_dist_01d_w1-._.js:2431
[ 2791228ms] [LOG] [Fast Refresh] rebuilding @ http://localhost:3030/_next/static/chunks/04m2_next_dist_01d_w1-._.js:2431
[ 2791284ms] [LOG] [Fast Refresh] done in 163ms @ http://localhost:3030/_next/static/chunks/04m2_next_dist_01d_w1-._.js:2431
[ 2791695ms] [LOG] [Fast Refresh] rebuilding @ http://localhost:3030/_next/static/chunks/04m2_next_dist_01d_w1-._.js:2431
[ 2791739ms] [INFO] %c%s%c [setup-health] background: #e6e6e6;background: light-dark(rgba(0,0,0,0.1), rgba(255,255,255,0.25));color: #000000;color: light-dark(#000000, #ffffff);border-radius: 2px  Server   panel-layout {tenantId: cmrvvipw70000oyyo6123270j, userId: cmrvvipy90009oyyocqnstw83, score: 40, completedCount: 2, totalCriticalCount: 5} @ http://localhost:3030/_next/static/chunks/04m2_next_dist_01d_w1-._.js:2431
[ 2791805ms] [LOG] [Fast Refresh] done in 210ms @ http://localhost:3030/_next/static/chunks/04m2_next_dist_01d_w1-._.js:2431
[ 2792456ms] [INFO] %c%s%c [setup-health] background: #e6e6e6;background: light-dark(rgba(0,0,0,0.1), rgba(255,255,255,0.25));color: #000000;color: light-dark(#000000, #ffffff);border-radius: 2px  Server   panel-layout {tenantId: cmrvvipw70000oyyo6123270j, userId: cmrvvipy90009oyyocqnstw83, score: 40, completedCount: 2, totalCriticalCount: 5} @ http://localhost:3030/_next/static/chunks/04m2_next_dist_01d_w1-._.js:2431
[ 2792600ms] [LOG] [Fast Refresh] rebuilding @ http://localhost:3030/_next/static/chunks/04m2_next_dist_01d_w1-._.js:2431
[ 2792710ms] [LOG] [Fast Refresh] done in 215ms @ http://localhost:3030/_next/static/chunks/04m2_next_dist_01d_w1-._.js:2431
[ 2792812ms] [LOG] [Fast Refresh] rebuilding @ http://localhost:3030/_next/static/chunks/04m2_next_dist_01d_w1-._.js:2431
[ 2792861ms] [LOG] [Fast Refresh] done in 149ms @ http://localhost:3030/_next/static/chunks/04m2_next_dist_01d_w1-._.js:2431
[ 2792974ms] [LOG] [Fast Refresh] rebuilding @ http://localhost:3030/_next/static/chunks/04m2_next_dist_01d_w1-._.js:2431
[ 2793101ms] [LOG] [Fast Refresh] done in 240ms @ http://localhost:3030/_next/static/chunks/04m2_next_dist_01d_w1-._.js:2431
[ 2793214ms] [LOG] [Fast Refresh] rebuilding @ http://localhost:3030/_next/static/chunks/04m2_next_dist_01d_w1-._.js:2431
[ 2793312ms] [LOG] [Fast Refresh] done in 200ms @ http://localhost:3030/_next/static/chunks/04m2_next_dist_01d_w1-._.js:2431
[ 2793341ms] [INFO] %c%s%c [setup-health] background: #e6e6e6;background: light-dark(rgba(0,0,0,0.1), rgba(255,255,255,0.25));color: #000000;color: light-dark(#000000, #ffffff);border-radius: 2px  Server   panel-layout {tenantId: cmrvvipw70000oyyo6123270j, userId: cmrvvipy90009oyyocqnstw83, score: 40, completedCount: 2, totalCriticalCount: 5} @ http://localhost:3030/_next/static/chunks/04m2_next_dist_01d_w1-._.js:2431
[ 2793414ms] [LOG] [Fast Refresh] rebuilding @ http://localhost:3030/_next/static/chunks/04m2_next_dist_01d_w1-._.js:2431
[ 2793420ms] [LOG] [Fast Refresh] done in 106ms @ http://localhost:3030/_next/static/chunks/04m2_next_dist_01d_w1-._.js:2431
[ 2794075ms] [INFO] %c%s%c [setup-health] background: #e6e6e6;background: light-dark(rgba(0,0,0,0.1), rgba(255,255,255,0.25));color: #000000;color: light-dark(#000000, #ffffff);border-radius: 2px  Server   panel-layout {tenantId: cmrvvipw70000oyyo6123270j, userId: cmrvvipy90009oyyocqnstw83, score: 40, completedCount: 2, totalCriticalCount: 5} @ http://localhost:3030/_next/static/chunks/04m2_next_dist_01d_w1-._.js:2431
[ 2794116ms] [LOG] [Fast Refresh] rebuilding @ http://localhost:3030/_next/static/chunks/04m2_next_dist_01d_w1-._.js:2431
[ 2794205ms] [LOG] [Fast Refresh] done in 190ms @ http://localhost:3030/_next/static/chunks/04m2_next_dist_01d_w1-._.js:2431
[ 2794307ms] [LOG] [Fast Refresh] rebuilding @ http://localhost:3030/_next/static/chunks/04m2_next_dist_01d_w1-._.js:2431
[ 2794405ms] [LOG] [Fast Refresh] done in 200ms @ http://localhost:3030/_next/static/chunks/04m2_next_dist_01d_w1-._.js:2431
[ 2794714ms] [LOG] [Fast Refresh] rebuilding @ http://localhost:3030/_next/static/chunks/04m2_next_dist_01d_w1-._.js:2431
[ 2794900ms] [LOG] [Fast Refresh] done in 301ms @ http://localhost:3030/_next/static/chunks/04m2_next_dist_01d_w1-._.js:2431
[ 2795099ms] [INFO] %c%s%c [setup-health] background: #e6e6e6;background: light-dark(rgba(0,0,0,0.1), rgba(255,255,255,0.25));color: #000000;color: light-dark(#000000, #ffffff);border-radius: 2px  Server   panel-layout {tenantId: cmrvvipw70000oyyo6123270j, userId: cmrvvipy90009oyyocqnstw83, score: 40, completedCount: 2, totalCriticalCount: 5} @ http://localhost:3030/_next/static/chunks/04m2_next_dist_01d_w1-._.js:2431
[ 2795308ms] [LOG] [Fast Refresh] rebuilding @ http://localhost:3030/_next/static/chunks/04m2_next_dist_01d_w1-._.js:2431
[ 2795485ms] [LOG] [Fast Refresh] done in 281ms @ http://localhost:3030/_next/static/chunks/04m2_next_dist_01d_w1-._.js:2431
[ 2796006ms] [LOG] [Fast Refresh] rebuilding @ http://localhost:3030/_next/static/chunks/04m2_next_dist_01d_w1-._.js:2431
[ 2796166ms] [INFO] %c%s%c [setup-health] background: #e6e6e6;background: light-dark(rgba(0,0,0,0.1), rgba(255,255,255,0.25));color: #000000;color: light-dark(#000000, #ffffff);border-radius: 2px  Server   panel-layout {tenantId: cmrvvipw70000oyyo6123270j, userId: cmrvvipy90009oyyocqnstw83, score: 40, completedCount: 2, totalCriticalCount: 5} @ http://localhost:3030/_next/static/chunks/04m2_next_dist_01d_w1-._.js:2431
[ 2796235ms] [LOG] [Fast Refresh] done in 336ms @ http://localhost:3030/_next/static/chunks/04m2_next_dist_01d_w1-._.js:2431
[ 2796347ms] [LOG] [Fast Refresh] rebuilding @ http://localhost:3030/_next/static/chunks/04m2_next_dist_01d_w1-._.js:2431
[ 2796551ms] [LOG] [Fast Refresh] done in 314ms @ http://localhost:3030/_next/static/chunks/04m2_next_dist_01d_w1-._.js:2431
[ 2796776ms] [LOG] [Fast Refresh] rebuilding @ http://localhost:3030/_next/static/chunks/04m2_next_dist_01d_w1-._.js:2431
[ 2796818ms] [LOG] [Fast Refresh] done in 147ms @ http://localhost:3030/_next/static/chunks/04m2_next_dist_01d_w1-._.js:2431
[ 2796890ms] [INFO] %c%s%c [setup-health] background: #e6e6e6;background: light-dark(rgba(0,0,0,0.1), rgba(255,255,255,0.25));color: #000000;color: light-dark(#000000, #ffffff);border-radius: 2px  Server   panel-layout {tenantId: cmrvvipw70000oyyo6123270j, userId: cmrvvipy90009oyyocqnstw83, score: 40, completedCount: 2, totalCriticalCount: 5} @ http://localhost:3030/_next/static/chunks/04m2_next_dist_01d_w1-._.js:2431
[ 2797297ms] [LOG] [Fast Refresh] rebuilding @ http://localhost:3030/_next/static/chunks/04m2_next_dist_01d_w1-._.js:2431
[ 2797423ms] [LOG] [Fast Refresh] done in 230ms @ http://localhost:3030/_next/static/chunks/04m2_next_dist_01d_w1-._.js:2431
[ 2797846ms] [LOG] [Fast Refresh] rebuilding @ http://localhost:3030/_next/static/chunks/04m2_next_dist_01d_w1-._.js:2431
[ 2797857ms] [INFO] %c%s%c [setup-health] background: #e6e6e6;background: light-dark(rgba(0,0,0,0.1), rgba(255,255,255,0.25));color: #000000;color: light-dark(#000000, #ffffff);border-radius: 2px  Server   panel-layout {tenantId: cmrvvipw70000oyyo6123270j, userId: cmrvvipy90009oyyocqnstw83, score: 40, completedCount: 2, totalCriticalCount: 5} @ http://localhost:3030/_next/static/chunks/04m2_next_dist_01d_w1-._.js:2431
[ 2797863ms] [LOG] [Fast Refresh] done in 134ms @ http://localhost:3030/_next/static/chunks/04m2_next_dist_01d_w1-._.js:2431
[ 2798165ms] [LOG] [Fast Refresh] rebuilding @ http://localhost:3030/_next/static/chunks/04m2_next_dist_01d_w1-._.js:2431
[ 2798314ms] [LOG] [Fast Refresh] done in 257ms @ http://localhost:3030/_next/static/chunks/04m2_next_dist_01d_w1-._.js:2431
[ 2798464ms] [INFO] %c%s%c [setup-health] background: #e6e6e6;background: light-dark(rgba(0,0,0,0.1), rgba(255,255,255,0.25));color: #000000;color: light-dark(#000000, #ffffff);border-radius: 2px  Server   panel-layout {tenantId: cmrvvipw70000oyyo6123270j, userId: cmrvvipy90009oyyocqnstw83, score: 40, completedCount: 2, totalCriticalCount: 5} @ http://localhost:3030/_next/static/chunks/04m2_next_dist_01d_w1-._.js:2431
[ 2798711ms] [LOG] [Fast Refresh] rebuilding @ http://localhost:3030/_next/static/chunks/04m2_next_dist_01d_w1-._.js:2431
[ 2799023ms] [LOG] [Fast Refresh] done in 414ms @ http://localhost:3030/_next/static/chunks/04m2_next_dist_01d_w1-._.js:2431
[ 2799406ms] [INFO] %c%s%c [setup-health] background: #e6e6e6;background: light-dark(rgba(0,0,0,0.1), rgba(255,255,255,0.25));color: #000000;color: light-dark(#000000, #ffffff);border-radius: 2px  Server   panel-layout {tenantId: cmrvvipw70000oyyo6123270j, userId: cmrvvipy90009oyyocqnstw83, score: 40, completedCount: 2, totalCriticalCount: 5} @ http://localhost:3030/_next/static/chunks/04m2_next_dist_01d_w1-._.js:2431
[ 2799604ms] [LOG] [Fast Refresh] rebuilding @ http://localhost:3030/_next/static/chunks/04m2_next_dist_01d_w1-._.js:2431
[ 2799698ms] [LOG] [Fast Refresh] done in 194ms @ http://localhost:3030/_next/static/chunks/04m2_next_dist_01d_w1-._.js:2431
[ 2799979ms] [LOG] [Fast Refresh] rebuilding @ http://localhost:3030/_next/static/chunks/04m2_next_dist_01d_w1-._.js:2431
[ 2800184ms] [LOG] [Fast Refresh] done in 310ms @ http://localhost:3030/_next/static/chunks/04m2_next_dist_01d_w1-._.js:2431
[ 2800297ms] [INFO] %c%s%c [setup-health] background: #e6e6e6;background: light-dark(rgba(0,0,0,0.1), rgba(255,255,255,0.25));color: #000000;color: light-dark(#000000, #ffffff);border-radius: 2px  Server   panel-layout {tenantId: cmrvvipw70000oyyo6123270j, userId: cmrvvipy90009oyyocqnstw83, score: 40, completedCount: 2, totalCriticalCount: 5} @ http://localhost:3030/_next/static/chunks/04m2_next_dist_01d_w1-._.js:2431
[ 2800526ms] [LOG] [Fast Refresh] rebuilding @ http://localhost:3030/_next/static/chunks/04m2_next_dist_01d_w1-._.js:2431
[ 2800687ms] [LOG] [Fast Refresh] done in 265ms @ http://localhost:3030/_next/static/chunks/04m2_next_dist_01d_w1-._.js:2431
[ 2800900ms] [LOG] [Fast Refresh] rebuilding @ http://localhost:3030/_next/static/chunks/04m2_next_dist_01d_w1-._.js:2431
[ 2800957ms] [LOG] [Fast Refresh] done in 161ms @ http://localhost:3030/_next/static/chunks/04m2_next_dist_01d_w1-._.js:2431
[ 2801069ms] [LOG] [Fast Refresh] rebuilding @ http://localhost:3030/_next/static/chunks/04m2_next_dist_01d_w1-._.js:2431
[ 2801113ms] [LOG] [Fast Refresh] done in 156ms @ http://localhost:3030/_next/static/chunks/04m2_next_dist_01d_w1-._.js:2431
[ 2801142ms] [INFO] %c%s%c [setup-health] background: #e6e6e6;background: light-dark(rgba(0,0,0,0.1), rgba(255,255,255,0.25));color: #000000;color: light-dark(#000000, #ffffff);border-radius: 2px  Server   panel-layout {tenantId: cmrvvipw70000oyyo6123270j, userId: cmrvvipy90009oyyocqnstw83, score: 40, completedCount: 2, totalCriticalCount: 5} @ http://localhost:3030/_next/static/chunks/04m2_next_dist_01d_w1-._.js:2431
[ 2801341ms] [LOG] [Fast Refresh] rebuilding @ http://localhost:3030/_next/static/chunks/04m2_next_dist_01d_w1-._.js:2431
[ 2801433ms] [LOG] [Fast Refresh] done in 200ms @ http://localhost:3030/_next/static/chunks/04m2_next_dist_01d_w1-._.js:2431
[ 2801536ms] [LOG] [Fast Refresh] rebuilding @ http://localhost:3030/_next/static/chunks/04m2_next_dist_01d_w1-._.js:2431
[ 2801571ms] [LOG] [Fast Refresh] done in 137ms @ http://localhost:3030/_next/static/chunks/04m2_next_dist_01d_w1-._.js:2431
[ 2801675ms] [LOG] [Fast Refresh] rebuilding @ http://localhost:3030/_next/static/chunks/04m2_next_dist_01d_w1-._.js:2431
[ 2801845ms] [LOG] [Fast Refresh] done in 273ms @ http://localhost:3030/_next/static/chunks/04m2_next_dist_01d_w1-._.js:2431
[ 2801998ms] [INFO] %c%s%c [setup-health] background: #e6e6e6;background: light-dark(rgba(0,0,0,0.1), rgba(255,255,255,0.25));color: #000000;color: light-dark(#000000, #ffffff);border-radius: 2px  Server   panel-layout {tenantId: cmrvvipw70000oyyo6123270j, userId: cmrvvipy90009oyyocqnstw83, score: 40, completedCount: 2, totalCriticalCount: 5} @ http://localhost:3030/_next/static/chunks/04m2_next_dist_01d_w1-._.js:2431
[ 2802238ms] [LOG] [Fast Refresh] rebuilding @ http://localhost:3030/_next/static/chunks/04m2_next_dist_01d_w1-._.js:2431
[ 2802301ms] [LOG] [Fast Refresh] done in 164ms @ http://localhost:3030/_next/static/chunks/04m2_next_dist_01d_w1-._.js:2431
[ 2802637ms] [INFO] %c%s%c [setup-health] background: #e6e6e6;background: light-dark(rgba(0,0,0,0.1), rgba(255,255,255,0.25));color: #000000;color: light-dark(#000000, #ffffff);border-radius: 2px  Server   panel-layout {tenantId: cmrvvipw70000oyyo6123270j, userId: cmrvvipy90009oyyocqnstw83, score: 40, completedCount: 2, totalCriticalCount: 5} @ http://localhost:3030/_next/static/chunks/04m2_next_dist_01d_w1-._.js:2431
[ 2802686ms] [LOG] [Fast Refresh] rebuilding @ http://localhost:3030/_next/static/chunks/04m2_next_dist_01d_w1-._.js:2431
[ 2802769ms] [LOG] [Fast Refresh] done in 193ms @ http://localhost:3030/_next/static/chunks/04m2_next_dist_01d_w1-._.js:2431
[ 2803289ms] [LOG] [Fast Refresh] rebuilding @ http://localhost:3030/_next/static/chunks/04m2_next_dist_01d_w1-._.js:2431
[ 2803359ms] [LOG] [Fast Refresh] done in 170ms @ http://localhost:3030/_next/static/chunks/04m2_next_dist_01d_w1-._.js:2431
[ 2803469ms] [LOG] [Fast Refresh] rebuilding @ http://localhost:3030/_next/static/chunks/04m2_next_dist_01d_w1-._.js:2431
[ 2803544ms] [LOG] [Fast Refresh] done in 177ms @ http://localhost:3030/_next/static/chunks/04m2_next_dist_01d_w1-._.js:2431
[ 2803625ms] [INFO] %c%s%c [setup-health] background: #e6e6e6;background: light-dark(rgba(0,0,0,0.1), rgba(255,255,255,0.25));color: #000000;color: light-dark(#000000, #ffffff);border-radius: 2px  Server   panel-layout {tenantId: cmrvvipw70000oyyo6123270j, userId: cmrvvipy90009oyyocqnstw83, score: 40, completedCount: 2, totalCriticalCount: 5} @ http://localhost:3030/_next/static/chunks/04m2_next_dist_01d_w1-._.js:2431
[ 2803992ms] [LOG] [Fast Refresh] rebuilding @ http://localhost:3030/_next/static/chunks/04m2_next_dist_01d_w1-._.js:2431
[ 2804059ms] [LOG] [Fast Refresh] done in 172ms @ http://localhost:3030/_next/static/chunks/04m2_next_dist_01d_w1-._.js:2431
[ 2804165ms] [LOG] [Fast Refresh] rebuilding @ http://localhost:3030/_next/static/chunks/04m2_next_dist_01d_w1-._.js:2431
[ 2804266ms] [LOG] [Fast Refresh] done in 205ms @ http://localhost:3030/_next/static/chunks/04m2_next_dist_01d_w1-._.js:2431
[ 2804377ms] [LOG] [Fast Refresh] rebuilding @ http://localhost:3030/_next/static/chunks/04m2_next_dist_01d_w1-._.js:2431
[ 2804506ms] [LOG] [Fast Refresh] done in 230ms @ http://localhost:3030/_next/static/chunks/04m2_next_dist_01d_w1-._.js:2431
[ 2804543ms] [INFO] %c%s%c [setup-health] background: #e6e6e6;background: light-dark(rgba(0,0,0,0.1), rgba(255,255,255,0.25));color: #000000;color: light-dark(#000000, #ffffff);border-radius: 2px  Server   panel-layout {tenantId: cmrvvipw70000oyyo6123270j, userId: cmrvvipy90009oyyocqnstw83, score: 40, completedCount: 2, totalCriticalCount: 5} @ http://localhost:3030/_next/static/chunks/04m2_next_dist_01d_w1-._.js:2431
[ 2804754ms] [LOG] [Fast Refresh] rebuilding @ http://localhost:3030/_next/static/chunks/04m2_next_dist_01d_w1-._.js:2431
[ 2804872ms] [LOG] [Fast Refresh] done in 222ms @ http://localhost:3030/_next/static/chunks/04m2_next_dist_01d_w1-._.js:2431
[ 2805071ms] [LOG] [Fast Refresh] rebuilding @ http://localhost:3030/_next/static/chunks/04m2_next_dist_01d_w1-._.js:2431
[ 2805112ms] [LOG] [Fast Refresh] done in 142ms @ http://localhost:3030/_next/static/chunks/04m2_next_dist_01d_w1-._.js:2431
[ 2805171ms] [INFO] %c%s%c [setup-health] background: #e6e6e6;background: light-dark(rgba(0,0,0,0.1), rgba(255,255,255,0.25));color: #000000;color: light-dark(#000000, #ffffff);border-radius: 2px  Server   panel-layout {tenantId: cmrvvipw70000oyyo6123270j, userId: cmrvvipy90009oyyocqnstw83, score: 40, completedCount: 2, totalCriticalCount: 5} @ http://localhost:3030/_next/static/chunks/04m2_next_dist_01d_w1-._.js:2431
[ 2805217ms] [LOG] [Fast Refresh] rebuilding @ http://localhost:3030/_next/static/chunks/04m2_next_dist_01d_w1-._.js:2431
[ 2805331ms] [LOG] [Fast Refresh] done in 219ms @ http://localhost:3030/_next/static/chunks/04m2_next_dist_01d_w1-._.js:2431
[ 2805443ms] [LOG] [Fast Refresh] rebuilding @ http://localhost:3030/_next/static/chunks/04m2_next_dist_01d_w1-._.js:2431
[ 2805515ms] [LOG] [Fast Refresh] done in 173ms @ http://localhost:3030/_next/static/chunks/04m2_next_dist_01d_w1-._.js:2431
[ 2805985ms] [INFO] %c%s%c [setup-health] background: #e6e6e6;background: light-dark(rgba(0,0,0,0.1), rgba(255,255,255,0.25));color: #000000;color: light-dark(#000000, #ffffff);border-radius: 2px  Server   panel-layout {tenantId: cmrvvipw70000oyyo6123270j, userId: cmrvvipy90009oyyocqnstw83, score: 40, completedCount: 2, totalCriticalCount: 5} @ http://localhost:3030/_next/static/chunks/04m2_next_dist_01d_w1-._.js:2431
[ 2806008ms] [LOG] [Fast Refresh] rebuilding @ http://localhost:3030/_next/static/chunks/04m2_next_dist_01d_w1-._.js:2431
[ 2806066ms] [LOG] [Fast Refresh] done in 165ms @ http://localhost:3030/_next/static/chunks/04m2_next_dist_01d_w1-._.js:2431
[ 2806485ms] [LOG] [Fast Refresh] rebuilding @ http://localhost:3030/_next/static/chunks/04m2_next_dist_01d_w1-._.js:2431
[ 2806543ms] [LOG] [Fast Refresh] done in 160ms @ http://localhost:3030/_next/static/chunks/04m2_next_dist_01d_w1-._.js:2431
[ 2806644ms] [LOG] [Fast Refresh] rebuilding @ http://localhost:3030/_next/static/chunks/04m2_next_dist_01d_w1-._.js:2431
[ 2806717ms] [LOG] [Fast Refresh] done in 173ms @ http://localhost:3030/_next/static/chunks/04m2_next_dist_01d_w1-._.js:2431
[ 2806720ms] [INFO] %c%s%c [setup-health] background: #e6e6e6;background: light-dark(rgba(0,0,0,0.1), rgba(255,255,255,0.25));color: #000000;color: light-dark(#000000, #ffffff);border-radius: 2px  Server   panel-layout {tenantId: cmrvvipw70000oyyo6123270j, userId: cmrvvipy90009oyyocqnstw83, score: 40, completedCount: 2, totalCriticalCount: 5} @ http://localhost:3030/_next/static/chunks/04m2_next_dist_01d_w1-._.js:2431
[ 2806821ms] [LOG] [Fast Refresh] rebuilding @ http://localhost:3030/_next/static/chunks/04m2_next_dist_01d_w1-._.js:2431
[ 2806903ms] [LOG] [Fast Refresh] done in 185ms @ http://localhost:3030/_next/static/chunks/04m2_next_dist_01d_w1-._.js:2431
[ 2807005ms] [LOG] [Fast Refresh] rebuilding @ http://localhost:3030/_next/static/chunks/04m2_next_dist_01d_w1-._.js:2431
[ 2807173ms] [LOG] [Fast Refresh] done in 269ms @ http://localhost:3030/_next/static/chunks/04m2_next_dist_01d_w1-._.js:2431
[ 2807451ms] [LOG] [Fast Refresh] rebuilding @ http://localhost:3030/_next/static/chunks/04m2_next_dist_01d_w1-._.js:2431
[ 2807558ms] [LOG] [Fast Refresh] done in 213ms @ http://localhost:3030/_next/static/chunks/04m2_next_dist_01d_w1-._.js:2431
[ 2807733ms] [INFO] %c%s%c [setup-health] background: #e6e6e6;background: light-dark(rgba(0,0,0,0.1), rgba(255,255,255,0.25));color: #000000;color: light-dark(#000000, #ffffff);border-radius: 2px  Server   panel-layout {tenantId: cmrvvipw70000oyyo6123270j, userId: cmrvvipy90009oyyocqnstw83, score: 40, completedCount: 2, totalCriticalCount: 5} @ http://localhost:3030/_next/static/chunks/04m2_next_dist_01d_w1-._.js:2431
[ 2807980ms] [LOG] [Fast Refresh] rebuilding @ http://localhost:3030/_next/static/chunks/04m2_next_dist_01d_w1-._.js:2431
[ 2808133ms] [LOG] [Fast Refresh] done in 256ms @ http://localhost:3030/_next/static/chunks/04m2_next_dist_01d_w1-._.js:2431
[ 2808650ms] [LOG] [Fast Refresh] rebuilding @ http://localhost:3030/_next/static/chunks/04m2_next_dist_01d_w1-._.js:2431
[ 2808708ms] [INFO] %c%s%c [setup-health] background: #e6e6e6;background: light-dark(rgba(0,0,0,0.1), rgba(255,255,255,0.25));color: #000000;color: light-dark(#000000, #ffffff);border-radius: 2px  Server   panel-layout {tenantId: cmrvvipw70000oyyo6123270j, userId: cmrvvipy90009oyyocqnstw83, score: 40, completedCount: 2, totalCriticalCount: 5} @ http://localhost:3030/_next/static/chunks/04m2_next_dist_01d_w1-._.js:2431
[ 2808785ms] [LOG] [Fast Refresh] done in 242ms @ http://localhost:3030/_next/static/chunks/04m2_next_dist_01d_w1-._.js:2431
[ 2808899ms] [LOG] [Fast Refresh] rebuilding @ http://localhost:3030/_next/static/chunks/04m2_next_dist_01d_w1-._.js:2431
[ 2809024ms] [LOG] [Fast Refresh] done in 227ms @ http://localhost:3030/_next/static/chunks/04m2_next_dist_01d_w1-._.js:2431
[ 2809292ms] [INFO] %c%s%c [setup-health] background: #e6e6e6;background: light-dark(rgba(0,0,0,0.1), rgba(255,255,255,0.25));color: #000000;color: light-dark(#000000, #ffffff);border-radius: 2px  Server   panel-layout {tenantId: cmrvvipw70000oyyo6123270j, userId: cmrvvipy90009oyyocqnstw83, score: 40, completedCount: 2, totalCriticalCount: 5} @ http://localhost:3030/_next/static/chunks/04m2_next_dist_01d_w1-._.js:2431
[ 2809435ms] [LOG] [Fast Refresh] rebuilding @ http://localhost:3030/_next/static/chunks/04m2_next_dist_01d_w1-._.js:2431
[ 2809525ms] [LOG] [Fast Refresh] done in 192ms @ http://localhost:3030/_next/static/chunks/04m2_next_dist_01d_w1-._.js:2431
[ 2809801ms] [LOG] [Fast Refresh] rebuilding @ http://localhost:3030/_next/static/chunks/04m2_next_dist_01d_w1-._.js:2431
[ 2809959ms] [LOG] [Fast Refresh] done in 266ms @ http://localhost:3030/_next/static/chunks/04m2_next_dist_01d_w1-._.js:2431
[ 2810067ms] [LOG] [Fast Refresh] rebuilding @ http://localhost:3030/_next/static/chunks/04m2_next_dist_01d_w1-._.js:2431
[ 2810146ms] [LOG] [Fast Refresh] done in 185ms @ http://localhost:3030/_next/static/chunks/04m2_next_dist_01d_w1-._.js:2431
[ 2810158ms] [INFO] %c%s%c [setup-health] background: #e6e6e6;background: light-dark(rgba(0,0,0,0.1), rgba(255,255,255,0.25));color: #000000;color: light-dark(#000000, #ffffff);border-radius: 2px  Server   panel-layout {tenantId: cmrvvipw70000oyyo6123270j, userId: cmrvvipy90009oyyocqnstw83, score: 40, completedCount: 2, totalCriticalCount: 5} @ http://localhost:3030/_next/static/chunks/04m2_next_dist_01d_w1-._.js:2431
[ 2810259ms] [LOG] [Fast Refresh] rebuilding @ http://localhost:3030/_next/static/chunks/04m2_next_dist_01d_w1-._.js:2431
[ 2810341ms] [LOG] [Fast Refresh] done in 184ms @ http://localhost:3030/_next/static/chunks/04m2_next_dist_01d_w1-._.js:2431
[ 2810529ms] [LOG] [Fast Refresh] rebuilding @ http://localhost:3030/_next/static/chunks/04m2_next_dist_01d_w1-._.js:2431
[ 2810595ms] [LOG] [Fast Refresh] done in 169ms @ http://localhost:3030/_next/static/chunks/04m2_next_dist_01d_w1-._.js:2431
[ 2810700ms] [LOG] [Fast Refresh] rebuilding @ http://localhost:3030/_next/static/chunks/04m2_next_dist_01d_w1-._.js:2431
[ 2810702ms] [LOG] [Fast Refresh] done in 103ms @ http://localhost:3030/_next/static/chunks/04m2_next_dist_01d_w1-._.js:2431
[ 2810705ms] [INFO] %c%s%c [setup-health] background: #e6e6e6;background: light-dark(rgba(0,0,0,0.1), rgba(255,255,255,0.25));color: #000000;color: light-dark(#000000, #ffffff);border-radius: 2px  Server   panel-layout {tenantId: cmrvvipw70000oyyo6123270j, userId: cmrvvipy90009oyyocqnstw83, score: 40, completedCount: 2, totalCriticalCount: 5} @ http://localhost:3030/_next/static/chunks/04m2_next_dist_01d_w1-._.js:2431
[ 2810970ms] [LOG] [Fast Refresh] rebuilding @ http://localhost:3030/_next/static/chunks/04m2_next_dist_01d_w1-._.js:2431
[ 2811145ms] [LOG] [Fast Refresh] done in 282ms @ http://localhost:3030/_next/static/chunks/04m2_next_dist_01d_w1-._.js:2431
[ 2811247ms] [LOG] [Fast Refresh] rebuilding @ http://localhost:3030/_next/static/chunks/04m2_next_dist_01d_w1-._.js:2431
[ 2811293ms] [LOG] [Fast Refresh] done in 146ms @ http://localhost:3030/_next/static/chunks/04m2_next_dist_01d_w1-._.js:2431
[ 2811394ms] [LOG] [Fast Refresh] rebuilding @ http://localhost:3030/_next/static/chunks/04m2_next_dist_01d_w1-._.js:2431
[ 2811467ms] [LOG] [Fast Refresh] done in 174ms @ http://localhost:3030/_next/static/chunks/04m2_next_dist_01d_w1-._.js:2431
[ 2811492ms] [INFO] %c%s%c [setup-health] background: #e6e6e6;background: light-dark(rgba(0,0,0,0.1), rgba(255,255,255,0.25));color: #000000;color: light-dark(#000000, #ffffff);border-radius: 2px  Server   panel-layout {tenantId: cmrvvipw70000oyyo6123270j, userId: cmrvvipy90009oyyocqnstw83, score: 40, completedCount: 2, totalCriticalCount: 5} @ http://localhost:3030/_next/static/chunks/04m2_next_dist_01d_w1-._.js:2431
[ 2811647ms] [LOG] [Fast Refresh] rebuilding @ http://localhost:3030/_next/static/chunks/04m2_next_dist_01d_w1-._.js:2431
[ 2811730ms] [LOG] [Fast Refresh] done in 188ms @ http://localhost:3030/_next/static/chunks/04m2_next_dist_01d_w1-._.js:2431
[ 2811998ms] [LOG] [Fast Refresh] rebuilding @ http://localhost:3030/_next/static/chunks/04m2_next_dist_01d_w1-._.js:2431
[ 2812193ms] [LOG] [Fast Refresh] done in 300ms @ http://localhost:3030/_next/static/chunks/04m2_next_dist_01d_w1-._.js:2431
[ 2812239ms] [INFO] %c%s%c [setup-health] background: #e6e6e6;background: light-dark(rgba(0,0,0,0.1), rgba(255,255,255,0.25));color: #000000;color: light-dark(#000000, #ffffff);border-radius: 2px  Server   panel-layout {tenantId: cmrvvipw70000oyyo6123270j, userId: cmrvvipy90009oyyocqnstw83, score: 40, completedCount: 2, totalCriticalCount: 5} @ http://localhost:3030/_next/static/chunks/04m2_next_dist_01d_w1-._.js:2431
[ 2812451ms] [LOG] [Fast Refresh] rebuilding @ http://localhost:3030/_next/static/chunks/04m2_next_dist_01d_w1-._.js:2431
[ 2812614ms] [LOG] [Fast Refresh] done in 268ms @ http://localhost:3030/_next/static/chunks/04m2_next_dist_01d_w1-._.js:2431
[ 2812722ms] [LOG] [Fast Refresh] rebuilding @ http://localhost:3030/_next/static/chunks/04m2_next_dist_01d_w1-._.js:2431
[ 2812731ms] [LOG] [Fast Refresh] done in 115ms @ http://localhost:3030/_next/static/chunks/04m2_next_dist_01d_w1-._.js:2431
[ 2812834ms] [LOG] [Fast Refresh] rebuilding @ http://localhost:3030/_next/static/chunks/04m2_next_dist_01d_w1-._.js:2431
[ 2812883ms] [LOG] [Fast Refresh] done in 152ms @ http://localhost:3030/_next/static/chunks/04m2_next_dist_01d_w1-._.js:2431
[ 2812920ms] [INFO] %c%s%c [setup-health] background: #e6e6e6;background: light-dark(rgba(0,0,0,0.1), rgba(255,255,255,0.25));color: #000000;color: light-dark(#000000, #ffffff);border-radius: 2px  Server   panel-layout {tenantId: cmrvvipw70000oyyo6123270j, userId: cmrvvipy90009oyyocqnstw83, score: 40, completedCount: 2, totalCriticalCount: 5} @ http://localhost:3030/_next/static/chunks/04m2_next_dist_01d_w1-._.js:2431
[ 2813008ms] [LOG] [Fast Refresh] rebuilding @ http://localhost:3030/_next/static/chunks/04m2_next_dist_01d_w1-._.js:2431
[ 2813067ms] [LOG] [Fast Refresh] done in 173ms @ http://localhost:3030/_next/static/chunks/04m2_next_dist_01d_w1-._.js:2431
[ 2813176ms] [LOG] [Fast Refresh] rebuilding @ http://localhost:3030/_next/static/chunks/04m2_next_dist_01d_w1-._.js:2431
[ 2813277ms] [LOG] [Fast Refresh] done in 208ms @ http://localhost:3030/_next/static/chunks/04m2_next_dist_01d_w1-._.js:2431
[ 2813381ms] [LOG] [Fast Refresh] rebuilding @ http://localhost:3030/_next/static/chunks/04m2_next_dist_01d_w1-._.js:2431
[ 2813521ms] [LOG] [Fast Refresh] done in 242ms @ http://localhost:3030/_next/static/chunks/04m2_next_dist_01d_w1-._.js:2431
[ 2813814ms] [INFO] %c%s%c [setup-health] background: #e6e6e6;background: light-dark(rgba(0,0,0,0.1), rgba(255,255,255,0.25));color: #000000;color: light-dark(#000000, #ffffff);border-radius: 2px  Server   panel-layout {tenantId: cmrvvipw70000oyyo6123270j, userId: cmrvvipy90009oyyocqnstw83, score: 40, completedCount: 2, totalCriticalCount: 5} @ http://localhost:3030/_next/static/chunks/04m2_next_dist_01d_w1-._.js:2431
[ 2813944ms] [LOG] [Fast Refresh] rebuilding @ http://localhost:3030/_next/static/chunks/04m2_next_dist_01d_w1-._.js:2431
[ 2814055ms] [LOG] [Fast Refresh] done in 217ms @ http://localhost:3030/_next/static/chunks/04m2_next_dist_01d_w1-._.js:2431
[ 2814194ms] [LOG] [Fast Refresh] rebuilding @ http://localhost:3030/_next/static/chunks/04m2_next_dist_01d_w1-._.js:2431
[ 2814321ms] [LOG] [Fast Refresh] done in 229ms @ http://localhost:3030/_next/static/chunks/04m2_next_dist_01d_w1-._.js:2431
[ 2814402ms] [INFO] %c%s%c [setup-health] background: #e6e6e6;background: light-dark(rgba(0,0,0,0.1), rgba(255,255,255,0.25));color: #000000;color: light-dark(#000000, #ffffff);border-radius: 2px  Server   panel-layout {tenantId: cmrvvipw70000oyyo6123270j, userId: cmrvvipy90009oyyocqnstw83, score: 40, completedCount: 2, totalCriticalCount: 5} @ http://localhost:3030/_next/static/chunks/04m2_next_dist_01d_w1-._.js:2431
[ 2814532ms] [LOG] [Fast Refresh] rebuilding @ http://localhost:3030/_next/static/chunks/04m2_next_dist_01d_w1-._.js:2431
[ 2814771ms] [LOG] [Fast Refresh] done in 344ms @ http://localhost:3030/_next/static/chunks/04m2_next_dist_01d_w1-._.js:2431
[ 2815076ms] [LOG] [Fast Refresh] rebuilding @ http://localhost:3030/_next/static/chunks/04m2_next_dist_01d_w1-._.js:2431
[ 2815120ms] [LOG] [Fast Refresh] done in 145ms @ http://localhost:3030/_next/static/chunks/04m2_next_dist_01d_w1-._.js:2431
[ 2815186ms] [INFO] %c%s%c [setup-health] background: #e6e6e6;background: light-dark(rgba(0,0,0,0.1), rgba(255,255,255,0.25));color: #000000;color: light-dark(#000000, #ffffff);border-radius: 2px  Server   panel-layout {tenantId: cmrvvipw70000oyyo6123270j, userId: cmrvvipy90009oyyocqnstw83, score: 40, completedCount: 2, totalCriticalCount: 5} @ http://localhost:3030/_next/static/chunks/04m2_next_dist_01d_w1-._.js:2431
[ 2815371ms] [LOG] [Fast Refresh] rebuilding @ http://localhost:3030/_next/static/chunks/04m2_next_dist_01d_w1-._.js:2431
[ 2815454ms] [LOG] [Fast Refresh] done in 185ms @ http://localhost:3030/_next/static/chunks/04m2_next_dist_01d_w1-._.js:2431
[ 2815555ms] [LOG] [Fast Refresh] rebuilding @ http://localhost:3030/_next/static/chunks/04m2_next_dist_01d_w1-._.js:2431
[ 2815665ms] [LOG] [Fast Refresh] done in 210ms @ http://localhost:3030/_next/static/chunks/04m2_next_dist_01d_w1-._.js:2431
[ 2815897ms] [INFO] %c%s%c [setup-health] background: #e6e6e6;background: light-dark(rgba(0,0,0,0.1), rgba(255,255,255,0.25));color: #000000;color: light-dark(#000000, #ffffff);border-radius: 2px  Server   panel-layout {tenantId: cmrvvipw70000oyyo6123270j, userId: cmrvvipy90009oyyocqnstw83, score: 40, completedCount: 2, totalCriticalCount: 5} @ http://localhost:3030/_next/static/chunks/04m2_next_dist_01d_w1-._.js:2431
[ 2816118ms] [LOG] [Fast Refresh] rebuilding @ http://localhost:3030/_next/static/chunks/04m2_next_dist_01d_w1-._.js:2431
[ 2816296ms] [LOG] [Fast Refresh] done in 281ms @ http://localhost:3030/_next/static/chunks/04m2_next_dist_01d_w1-._.js:2431
[ 2816408ms] [LOG] [Fast Refresh] rebuilding @ http://localhost:3030/_next/static/chunks/04m2_next_dist_01d_w1-._.js:2431
[ 2816409ms] [LOG] [Fast Refresh] done in 113ms @ http://localhost:3030/_next/static/chunks/04m2_next_dist_01d_w1-._.js:2431
[ 2816496ms] [INFO] %c%s%c [setup-health] background: #e6e6e6;background: light-dark(rgba(0,0,0,0.1), rgba(255,255,255,0.25));color: #000000;color: light-dark(#000000, #ffffff);border-radius: 2px  Server   panel-layout {tenantId: cmrvvipw70000oyyo6123270j, userId: cmrvvipy90009oyyocqnstw83, score: 40, completedCount: 2, totalCriticalCount: 5} @ http://localhost:3030/_next/static/chunks/04m2_next_dist_01d_w1-._.js:2431
[ 2816511ms] [LOG] [Fast Refresh] rebuilding @ http://localhost:3030/_next/static/chunks/04m2_next_dist_01d_w1-._.js:2431
[ 2816616ms] [LOG] [Fast Refresh] done in 205ms @ http://localhost:3030/_next/static/chunks/04m2_next_dist_01d_w1-._.js:2431
[ 2816718ms] [LOG] [Fast Refresh] rebuilding @ http://localhost:3030/_next/static/chunks/04m2_next_dist_01d_w1-._.js:2431
[ 2816816ms] [LOG] [Fast Refresh] done in 200ms @ http://localhost:3030/_next/static/chunks/04m2_next_dist_01d_w1-._.js:2431
[ 2817187ms] [LOG] [Fast Refresh] rebuilding @ http://localhost:3030/_next/static/chunks/04m2_next_dist_01d_w1-._.js:2431
[ 2817283ms] [LOG] [Fast Refresh] done in 205ms @ http://localhost:3030/_next/static/chunks/04m2_next_dist_01d_w1-._.js:2431
[ 2817296ms] [INFO] %c%s%c [setup-health] background: #e6e6e6;background: light-dark(rgba(0,0,0,0.1), rgba(255,255,255,0.25));color: #000000;color: light-dark(#000000, #ffffff);border-radius: 2px  Server   panel-layout {tenantId: cmrvvipw70000oyyo6123270j, userId: cmrvvipy90009oyyocqnstw83, score: 40, completedCount: 2, totalCriticalCount: 5} @ http://localhost:3030/_next/static/chunks/04m2_next_dist_01d_w1-._.js:2431
[ 2817490ms] [LOG] [Fast Refresh] rebuilding @ http://localhost:3030/_next/static/chunks/04m2_next_dist_01d_w1-._.js:2431
[ 2817571ms] [LOG] [Fast Refresh] done in 184ms @ http://localhost:3030/_next/static/chunks/04m2_next_dist_01d_w1-._.js:2431
[ 2817728ms] [LOG] [Fast Refresh] rebuilding @ http://localhost:3030/_next/static/chunks/04m2_next_dist_01d_w1-._.js:2431
[ 2817787ms] [LOG] [Fast Refresh] done in 163ms @ http://localhost:3030/_next/static/chunks/04m2_next_dist_01d_w1-._.js:2431
[ 2817889ms] [LOG] [Fast Refresh] rebuilding @ http://localhost:3030/_next/static/chunks/04m2_next_dist_01d_w1-._.js:2431
[ 2817904ms] [LOG] [Fast Refresh] done in 116ms @ http://localhost:3030/_next/static/chunks/04m2_next_dist_01d_w1-._.js:2431
[ 2817935ms] [INFO] %c%s%c [setup-health] background: #e6e6e6;background: light-dark(rgba(0,0,0,0.1), rgba(255,255,255,0.25));color: #000000;color: light-dark(#000000, #ffffff);border-radius: 2px  Server   panel-layout {tenantId: cmrvvipw70000oyyo6123270j, userId: cmrvvipy90009oyyocqnstw83, score: 40, completedCount: 2, totalCriticalCount: 5} @ http://localhost:3030/_next/static/chunks/04m2_next_dist_01d_w1-._.js:2431
[ 2818468ms] [LOG] [Fast Refresh] rebuilding @ http://localhost:3030/_next/static/chunks/04m2_next_dist_01d_w1-._.js:2431
[ 2818496ms] [LOG] [Fast Refresh] done in 137ms @ http://localhost:3030/_next/static/chunks/04m2_next_dist_01d_w1-._.js:2431
[ 2818695ms] [INFO] %c%s%c [setup-health] background: #e6e6e6;background: light-dark(rgba(0,0,0,0.1), rgba(255,255,255,0.25));color: #000000;color: light-dark(#000000, #ffffff);border-radius: 2px  Server   panel-layout {tenantId: cmrvvipw70000oyyo6123270j, userId: cmrvvipy90009oyyocqnstw83, score: 40, completedCount: 2, totalCriticalCount: 5} @ http://localhost:3030/_next/static/chunks/04m2_next_dist_01d_w1-._.js:2431
[ 2818864ms] [LOG] [Fast Refresh] rebuilding @ http://localhost:3030/_next/static/chunks/04m2_next_dist_01d_w1-._.js:2431
[ 2818920ms] [LOG] [Fast Refresh] done in 160ms @ http://localhost:3030/_next/static/chunks/04m2_next_dist_01d_w1-._.js:2431
[ 2819115ms] [LOG] [Fast Refresh] rebuilding @ http://localhost:3030/_next/static/chunks/04m2_next_dist_01d_w1-._.js:2431
[ 2819266ms] [LOG] [Fast Refresh] done in 252ms @ http://localhost:3030/_next/static/chunks/04m2_next_dist_01d_w1-._.js:2431
[ 2819283ms] [INFO] %c%s%c [setup-health] background: #e6e6e6;background: light-dark(rgba(0,0,0,0.1), rgba(255,255,255,0.25));color: #000000;color: light-dark(#000000, #ffffff);border-radius: 2px  Server   panel-layout {tenantId: cmrvvipw70000oyyo6123270j, userId: cmrvvipy90009oyyocqnstw83, score: 40, completedCount: 2, totalCriticalCount: 5} @ http://localhost:3030/_next/static/chunks/04m2_next_dist_01d_w1-._.js:2431
[ 2819586ms] [LOG] [Fast Refresh] rebuilding @ http://localhost:3030/_next/static/chunks/04m2_next_dist_01d_w1-._.js:2431
[ 2819758ms] [LOG] [Fast Refresh] done in 280ms @ http://localhost:3030/_next/static/chunks/04m2_next_dist_01d_w1-._.js:2431
[ 2819975ms] [INFO] %c%s%c [setup-health] background: #e6e6e6;background: light-dark(rgba(0,0,0,0.1), rgba(255,255,255,0.25));color: #000000;color: light-dark(#000000, #ffffff);border-radius: 2px  Server   panel-layout {tenantId: cmrvvipw70000oyyo6123270j, userId: cmrvvipy90009oyyocqnstw83, score: 40, completedCount: 2, totalCriticalCount: 5} @ http://localhost:3030/_next/static/chunks/04m2_next_dist_01d_w1-._.js:2431
[ 2820051ms] [LOG] [Fast Refresh] rebuilding @ http://localhost:3030/_next/static/chunks/04m2_next_dist_01d_w1-._.js:2431
[ 2820083ms] [LOG] [Fast Refresh] done in 133ms @ http://localhost:3030/_next/static/chunks/04m2_next_dist_01d_w1-._.js:2431
[ 2820441ms] [LOG] [Fast Refresh] rebuilding @ http://localhost:3030/_next/static/chunks/04m2_next_dist_01d_w1-._.js:2431
[ 2820577ms] [LOG] [Fast Refresh] done in 242ms @ http://localhost:3030/_next/static/chunks/04m2_next_dist_01d_w1-._.js:2431
[ 2820736ms] [INFO] %c%s%c [setup-health] background: #e6e6e6;background: light-dark(rgba(0,0,0,0.1), rgba(255,255,255,0.25));color: #000000;color: light-dark(#000000, #ffffff);border-radius: 2px  Server   panel-layout {tenantId: cmrvvipw70000oyyo6123270j, userId: cmrvvipy90009oyyocqnstw83, score: 40, completedCount: 2, totalCriticalCount: 5} @ http://localhost:3030/_next/static/chunks/04m2_next_dist_01d_w1-._.js:2431
[ 2820933ms] [LOG] [Fast Refresh] rebuilding @ http://localhost:3030/_next/static/chunks/04m2_next_dist_01d_w1-._.js:2431
[ 2820976ms] [LOG] [Fast Refresh] done in 148ms @ http://localhost:3030/_next/static/chunks/04m2_next_dist_01d_w1-._.js:2431
[ 2821146ms] [LOG] [Fast Refresh] rebuilding @ http://localhost:3030/_next/static/chunks/04m2_next_dist_01d_w1-._.js:2431
[ 2821266ms] [LOG] [Fast Refresh] done in 221ms @ http://localhost:3030/_next/static/chunks/04m2_next_dist_01d_w1-._.js:2431
[ 2821363ms] [INFO] %c%s%c [setup-health] background: #e6e6e6;background: light-dark(rgba(0,0,0,0.1), rgba(255,255,255,0.25));color: #000000;color: light-dark(#000000, #ffffff);border-radius: 2px  Server   panel-layout {tenantId: cmrvvipw70000oyyo6123270j, userId: cmrvvipy90009oyyocqnstw83, score: 40, completedCount: 2, totalCriticalCount: 5} @ http://localhost:3030/_next/static/chunks/04m2_next_dist_01d_w1-._.js:2431
[ 2821480ms] [LOG] [Fast Refresh] rebuilding @ http://localhost:3030/_next/static/chunks/04m2_next_dist_01d_w1-._.js:2431
[ 2821663ms] [LOG] [Fast Refresh] done in 287ms @ http://localhost:3030/_next/static/chunks/04m2_next_dist_01d_w1-._.js:2431
[ 2821894ms] [LOG] [Fast Refresh] rebuilding @ http://localhost:3030/_next/static/chunks/04m2_next_dist_01d_w1-._.js:2431
[ 2822002ms] [LOG] [Fast Refresh] done in 209ms @ http://localhost:3030/_next/static/chunks/04m2_next_dist_01d_w1-._.js:2431
[ 2822110ms] [LOG] [Fast Refresh] rebuilding @ http://localhost:3030/_next/static/chunks/04m2_next_dist_01d_w1-._.js:2431
[ 2822119ms] [LOG] [Fast Refresh] done in 116ms @ http://localhost:3030/_next/static/chunks/04m2_next_dist_01d_w1-._.js:2431
[ 2822125ms] [INFO] %c%s%c [setup-health] background: #e6e6e6;background: light-dark(rgba(0,0,0,0.1), rgba(255,255,255,0.25));color: #000000;color: light-dark(#000000, #ffffff);border-radius: 2px  Server   panel-layout {tenantId: cmrvvipw70000oyyo6123270j, userId: cmrvvipy90009oyyocqnstw83, score: 40, completedCount: 2, totalCriticalCount: 5} @ http://localhost:3030/_next/static/chunks/04m2_next_dist_01d_w1-._.js:2431
[ 2822517ms] [LOG] [Fast Refresh] rebuilding @ http://localhost:3030/_next/static/chunks/04m2_next_dist_01d_w1-._.js:2431
[ 2822578ms] [LOG] [Fast Refresh] done in 163ms @ http://localhost:3030/_next/static/chunks/04m2_next_dist_01d_w1-._.js:2431
[ 2822680ms] [LOG] [Fast Refresh] rebuilding @ http://localhost:3030/_next/static/chunks/04m2_next_dist_01d_w1-._.js:2431
[ 2822770ms] [LOG] [Fast Refresh] done in 190ms @ http://localhost:3030/_next/static/chunks/04m2_next_dist_01d_w1-._.js:2431
[ 2822846ms] [INFO] %c%s%c [setup-health] background: #e6e6e6;background: light-dark(rgba(0,0,0,0.1), rgba(255,255,255,0.25));color: #000000;color: light-dark(#000000, #ffffff);border-radius: 2px  Server   panel-layout {tenantId: cmrvvipw70000oyyo6123270j, userId: cmrvvipy90009oyyocqnstw83, score: 40, completedCount: 2, totalCriticalCount: 5} @ http://localhost:3030/_next/static/chunks/04m2_next_dist_01d_w1-._.js:2431
[ 2823016ms] [LOG] [Fast Refresh] rebuilding @ http://localhost:3030/_next/static/chunks/04m2_next_dist_01d_w1-._.js:2431
[ 2823126ms] [LOG] [Fast Refresh] done in 215ms @ http://localhost:3030/_next/static/chunks/04m2_next_dist_01d_w1-._.js:2431
[ 2823335ms] [LOG] [Fast Refresh] rebuilding @ http://localhost:3030/_next/static/chunks/04m2_next_dist_01d_w1-._.js:2431
[ 2823346ms] [LOG] [Fast Refresh] done in 115ms @ http://localhost:3030/_next/static/chunks/04m2_next_dist_01d_w1-._.js:2431
[ 2823388ms] [INFO] %c%s%c [setup-health] background: #e6e6e6;background: light-dark(rgba(0,0,0,0.1), rgba(255,255,255,0.25));color: #000000;color: light-dark(#000000, #ffffff);border-radius: 2px  Server   panel-layout {tenantId: cmrvvipw70000oyyo6123270j, userId: cmrvvipy90009oyyocqnstw83, score: 40, completedCount: 2, totalCriticalCount: 5} @ http://localhost:3030/_next/static/chunks/04m2_next_dist_01d_w1-._.js:2431
[ 2823450ms] [LOG] [Fast Refresh] rebuilding @ http://localhost:3030/_next/static/chunks/04m2_next_dist_01d_w1-._.js:2431
[ 2823483ms] [LOG] [Fast Refresh] done in 136ms @ http://localhost:3030/_next/static/chunks/04m2_next_dist_01d_w1-._.js:2431
[ 2823597ms] [LOG] [Fast Refresh] rebuilding @ http://localhost:3030/_next/static/chunks/04m2_next_dist_01d_w1-._.js:2431
[ 2823671ms] [LOG] [Fast Refresh] done in 187ms @ http://localhost:3030/_next/static/chunks/04m2_next_dist_01d_w1-._.js:2431
[ 2823786ms] [LOG] [Fast Refresh] rebuilding @ http://localhost:3030/_next/static/chunks/04m2_next_dist_01d_w1-._.js:2431
[ 2823854ms] [LOG] [Fast Refresh] done in 182ms @ http://localhost:3030/_next/static/chunks/04m2_next_dist_01d_w1-._.js:2431
[ 2823957ms] [LOG] [Fast Refresh] rebuilding @ http://localhost:3030/_next/static/chunks/04m2_next_dist_01d_w1-._.js:2431
[ 2824004ms] [LOG] [Fast Refresh] done in 148ms @ http://localhost:3030/_next/static/chunks/04m2_next_dist_01d_w1-._.js:2431
[ 2824133ms] [LOG] [Fast Refresh] rebuilding @ http://localhost:3030/_next/static/chunks/04m2_next_dist_01d_w1-._.js:2431
[ 2824136ms] [INFO] %c%s%c [setup-health] background: #e6e6e6;background: light-dark(rgba(0,0,0,0.1), rgba(255,255,255,0.25));color: #000000;color: light-dark(#000000, #ffffff);border-radius: 2px  Server   panel-layout {tenantId: cmrvvipw70000oyyo6123270j, userId: cmrvvipy90009oyyocqnstw83, score: 40, completedCount: 2, totalCriticalCount: 5} @ http://localhost:3030/_next/static/chunks/04m2_next_dist_01d_w1-._.js:2431
[ 2824216ms] [LOG] [Fast Refresh] done in 183ms @ http://localhost:3030/_next/static/chunks/04m2_next_dist_01d_w1-._.js:2431
[ 2824318ms] [LOG] [Fast Refresh] rebuilding @ http://localhost:3030/_next/static/chunks/04m2_next_dist_01d_w1-._.js:2431
[ 2824413ms] [LOG] [Fast Refresh] done in 195ms @ http://localhost:3030/_next/static/chunks/04m2_next_dist_01d_w1-._.js:2431
[ 2824585ms] [LOG] [Fast Refresh] rebuilding @ http://localhost:3030/_next/static/chunks/04m2_next_dist_01d_w1-._.js:2431
[ 2824683ms] [LOG] [Fast Refresh] done in 198ms @ http://localhost:3030/_next/static/chunks/04m2_next_dist_01d_w1-._.js:2431
[ 2824786ms] [INFO] %c%s%c [setup-health] background: #e6e6e6;background: light-dark(rgba(0,0,0,0.1), rgba(255,255,255,0.25));color: #000000;color: light-dark(#000000, #ffffff);border-radius: 2px  Server   panel-layout {tenantId: cmrvvipw70000oyyo6123270j, userId: cmrvvipy90009oyyocqnstw83, score: 40, completedCount: 2, totalCriticalCount: 5} @ http://localhost:3030/_next/static/chunks/04m2_next_dist_01d_w1-._.js:2431
[ 2824907ms] [LOG] [Fast Refresh] rebuilding @ http://localhost:3030/_next/static/chunks/04m2_next_dist_01d_w1-._.js:2431
[ 2825112ms] [LOG] [Fast Refresh] done in 310ms @ http://localhost:3030/_next/static/chunks/04m2_next_dist_01d_w1-._.js:2431
[ 2825604ms] [INFO] %c%s%c [setup-health] background: #e6e6e6;background: light-dark(rgba(0,0,0,0.1), rgba(255,255,255,0.25));color: #000000;color: light-dark(#000000, #ffffff);border-radius: 2px  Server   panel-layout {tenantId: cmrvvipw70000oyyo6123270j, userId: cmrvvipy90009oyyocqnstw83, score: 40, completedCount: 2, totalCriticalCount: 5} @ http://localhost:3030/_next/static/chunks/04m2_next_dist_01d_w1-._.js:2431
[ 2825794ms] [LOG] [Fast Refresh] rebuilding @ http://localhost:3030/_next/static/chunks/04m2_next_dist_01d_w1-._.js:2431
[ 2825856ms] [LOG] [Fast Refresh] done in 162ms @ http://localhost:3030/_next/static/chunks/04m2_next_dist_01d_w1-._.js:2431
[ 2825958ms] [LOG] [Fast Refresh] rebuilding @ http://localhost:3030/_next/static/chunks/04m2_next_dist_01d_w1-._.js:2431
[ 2825988ms] [LOG] [Fast Refresh] done in 131ms @ http://localhost:3030/_next/static/chunks/04m2_next_dist_01d_w1-._.js:2431
[ 2826092ms] [LOG] [Fast Refresh] rebuilding @ http://localhost:3030/_next/static/chunks/04m2_next_dist_01d_w1-._.js:2431
[ 2826247ms] [LOG] [Fast Refresh] done in 258ms @ http://localhost:3030/_next/static/chunks/04m2_next_dist_01d_w1-._.js:2431
[ 2826283ms] [INFO] %c%s%c [setup-health] background: #e6e6e6;background: light-dark(rgba(0,0,0,0.1), rgba(255,255,255,0.25));color: #000000;color: light-dark(#000000, #ffffff);border-radius: 2px  Server   panel-layout {tenantId: cmrvvipw70000oyyo6123270j, userId: cmrvvipy90009oyyocqnstw83, score: 40, completedCount: 2, totalCriticalCount: 5} @ http://localhost:3030/_next/static/chunks/04m2_next_dist_01d_w1-._.js:2431
[ 2826885ms] [INFO] %c%s%c [setup-health] background: #e6e6e6;background: light-dark(rgba(0,0,0,0.1), rgba(255,255,255,0.25));color: #000000;color: light-dark(#000000, #ffffff);border-radius: 2px  Server   panel-layout {tenantId: cmrvvipw70000oyyo6123270j, userId: cmrvvipy90009oyyocqnstw83, score: 40, completedCount: 2, totalCriticalCount: 5} @ http://localhost:3030/_next/static/chunks/04m2_next_dist_01d_w1-._.js:2431
[ 2826947ms] [LOG] [Fast Refresh] rebuilding @ http://localhost:3030/_next/static/chunks/04m2_next_dist_01d_w1-._.js:2431
[ 2826977ms] [LOG] [Fast Refresh] done in 134ms @ http://localhost:3030/_next/static/chunks/04m2_next_dist_01d_w1-._.js:2431
[ 2827079ms] [LOG] [Fast Refresh] rebuilding @ http://localhost:3030/_next/static/chunks/04m2_next_dist_01d_w1-._.js:2431
[ 2827190ms] [LOG] [Fast Refresh] done in 212ms @ http://localhost:3030/_next/static/chunks/04m2_next_dist_01d_w1-._.js:2431
[ 2827535ms] [LOG] [Fast Refresh] rebuilding @ http://localhost:3030/_next/static/chunks/04m2_next_dist_01d_w1-._.js:2431
[ 2827644ms] [LOG] [Fast Refresh] done in 211ms @ http://localhost:3030/_next/static/chunks/04m2_next_dist_01d_w1-._.js:2431
[ 2827674ms] [INFO] %c%s%c [setup-health] background: #e6e6e6;background: light-dark(rgba(0,0,0,0.1), rgba(255,255,255,0.25));color: #000000;color: light-dark(#000000, #ffffff);border-radius: 2px  Server   panel-layout {tenantId: cmrvvipw70000oyyo6123270j, userId: cmrvvipy90009oyyocqnstw83, score: 40, completedCount: 2, totalCriticalCount: 5} @ http://localhost:3030/_next/static/chunks/04m2_next_dist_01d_w1-._.js:2431
[ 2827746ms] [LOG] [Fast Refresh] rebuilding @ http://localhost:3030/_next/static/chunks/04m2_next_dist_01d_w1-._.js:2431
[ 2827748ms] [LOG] [Fast Refresh] done in 104ms @ http://localhost:3030/_next/static/chunks/04m2_next_dist_01d_w1-._.js:2431
[ 2827852ms] [LOG] [Fast Refresh] rebuilding @ http://localhost:3030/_next/static/chunks/04m2_next_dist_01d_w1-._.js:2431
[ 2827897ms] [LOG] [Fast Refresh] done in 148ms @ http://localhost:3030/_next/static/chunks/04m2_next_dist_01d_w1-._.js:2431
[ 2828065ms] [LOG] [Fast Refresh] rebuilding @ http://localhost:3030/_next/static/chunks/04m2_next_dist_01d_w1-._.js:2431
[ 2828124ms] [LOG] [Fast Refresh] done in 161ms @ http://localhost:3030/_next/static/chunks/04m2_next_dist_01d_w1-._.js:2431
[ 2828225ms] [LOG] [Fast Refresh] rebuilding @ http://localhost:3030/_next/static/chunks/04m2_next_dist_01d_w1-._.js:2431
[ 2828230ms] [LOG] [Fast Refresh] done in 105ms @ http://localhost:3030/_next/static/chunks/04m2_next_dist_01d_w1-._.js:2431
[ 2828232ms] [INFO] %c%s%c [setup-health] background: #e6e6e6;background: light-dark(rgba(0,0,0,0.1), rgba(255,255,255,0.25));color: #000000;color: light-dark(#000000, #ffffff);border-radius: 2px  Server   panel-layout {tenantId: cmrvvipw70000oyyo6123270j, userId: cmrvvipy90009oyyocqnstw83, score: 40, completedCount: 2, totalCriticalCount: 5} @ http://localhost:3030/_next/static/chunks/04m2_next_dist_01d_w1-._.js:2431
[ 2828333ms] [LOG] [Fast Refresh] rebuilding @ http://localhost:3030/_next/static/chunks/04m2_next_dist_01d_w1-._.js:2431
[ 2828337ms] [LOG] [Fast Refresh] done in 106ms @ http://localhost:3030/_next/static/chunks/04m2_next_dist_01d_w1-._.js:2431
[ 2828698ms] [LOG] [Fast Refresh] rebuilding @ http://localhost:3030/_next/static/chunks/04m2_next_dist_01d_w1-._.js:2431
[ 2828741ms] [LOG] [Fast Refresh] done in 153ms @ http://localhost:3030/_next/static/chunks/04m2_next_dist_01d_w1-._.js:2431
[ 2828856ms] [LOG] [Fast Refresh] rebuilding @ http://localhost:3030/_next/static/chunks/04m2_next_dist_01d_w1-._.js:2431
[ 2828951ms] [LOG] [Fast Refresh] done in 205ms @ http://localhost:3030/_next/static/chunks/04m2_next_dist_01d_w1-._.js:2431
[ 2828978ms] [INFO] %c%s%c [setup-health] background: #e6e6e6;background: light-dark(rgba(0,0,0,0.1), rgba(255,255,255,0.25));color: #000000;color: light-dark(#000000, #ffffff);border-radius: 2px  Server   panel-layout {tenantId: cmrvvipw70000oyyo6123270j, userId: cmrvvipy90009oyyocqnstw83, score: 40, completedCount: 2, totalCriticalCount: 5} @ http://localhost:3030/_next/static/chunks/04m2_next_dist_01d_w1-._.js:2431
[ 2829149ms] [LOG] [Fast Refresh] rebuilding @ http://localhost:3030/_next/static/chunks/04m2_next_dist_01d_w1-._.js:2431
[ 2829204ms] [LOG] [Fast Refresh] done in 160ms @ http://localhost:3030/_next/static/chunks/04m2_next_dist_01d_w1-._.js:2431
[ 2829594ms] [INFO] %c%s%c [setup-health] background: #e6e6e6;background: light-dark(rgba(0,0,0,0.1), rgba(255,255,255,0.25));color: #000000;color: light-dark(#000000, #ffffff);border-radius: 2px  Server   panel-layout {tenantId: cmrvvipw70000oyyo6123270j, userId: cmrvvipy90009oyyocqnstw83, score: 40, completedCount: 2, totalCriticalCount: 5} @ http://localhost:3030/_next/static/chunks/04m2_next_dist_01d_w1-._.js:2431
[ 2829752ms] [LOG] [Fast Refresh] rebuilding @ http://localhost:3030/_next/static/chunks/04m2_next_dist_01d_w1-._.js:2431
[ 2829859ms] [LOG] [Fast Refresh] done in 211ms @ http://localhost:3030/_next/static/chunks/04m2_next_dist_01d_w1-._.js:2431
[ 2830206ms] [INFO] %c%s%c [setup-health] background: #e6e6e6;background: light-dark(rgba(0,0,0,0.1), rgba(255,255,255,0.25));color: #000000;color: light-dark(#000000, #ffffff);border-radius: 2px  Server   panel-layout {tenantId: cmrvvipw70000oyyo6123270j, userId: cmrvvipy90009oyyocqnstw83, score: 40, completedCount: 2, totalCriticalCount: 5} @ http://localhost:3030/_next/static/chunks/04m2_next_dist_01d_w1-._.js:2431
[ 2830296ms] [LOG] [Fast Refresh] rebuilding @ http://localhost:3030/_next/static/chunks/04m2_next_dist_01d_w1-._.js:2431
[ 2830365ms] [LOG] [Fast Refresh] done in 175ms @ http://localhost:3030/_next/static/chunks/04m2_next_dist_01d_w1-._.js:2431
[ 2830468ms] [LOG] [Fast Refresh] rebuilding @ http://localhost:3030/_next/static/chunks/04m2_next_dist_01d_w1-._.js:2431
[ 2830584ms] [LOG] [Fast Refresh] done in 219ms @ http://localhost:3030/_next/static/chunks/04m2_next_dist_01d_w1-._.js:2431
[ 2830966ms] [LOG] [Fast Refresh] rebuilding @ http://localhost:3030/_next/static/chunks/04m2_next_dist_01d_w1-._.js:2431
[ 2831058ms] [LOG] [Fast Refresh] done in 193ms @ http://localhost:3030/_next/static/chunks/04m2_next_dist_01d_w1-._.js:2431
[ 2831088ms] [INFO] %c%s%c [setup-health] background: #e6e6e6;background: light-dark(rgba(0,0,0,0.1), rgba(255,255,255,0.25));color: #000000;color: light-dark(#000000, #ffffff);border-radius: 2px  Server   panel-layout {tenantId: cmrvvipw70000oyyo6123270j, userId: cmrvvipy90009oyyocqnstw83, score: 40, completedCount: 2, totalCriticalCount: 5} @ http://localhost:3030/_next/static/chunks/04m2_next_dist_01d_w1-._.js:2431
[ 2831323ms] [LOG] [Fast Refresh] rebuilding @ http://localhost:3030/_next/static/chunks/04m2_next_dist_01d_w1-._.js:2431
[ 2831339ms] [LOG] [Fast Refresh] done in 118ms @ http://localhost:3030/_next/static/chunks/04m2_next_dist_01d_w1-._.js:2431
[ 2831496ms] [LOG] [Fast Refresh] rebuilding @ http://localhost:3030/_next/static/chunks/04m2_next_dist_01d_w1-._.js:2431
[ 2831579ms] [LOG] [Fast Refresh] done in 186ms @ http://localhost:3030/_next/static/chunks/04m2_next_dist_01d_w1-._.js:2431
[ 2831688ms] [INFO] %c%s%c [setup-health] background: #e6e6e6;background: light-dark(rgba(0,0,0,0.1), rgba(255,255,255,0.25));color: #000000;color: light-dark(#000000, #ffffff);border-radius: 2px  Server   panel-layout {tenantId: cmrvvipw70000oyyo6123270j, userId: cmrvvipy90009oyyocqnstw83, score: 40, completedCount: 2, totalCriticalCount: 5} @ http://localhost:3030/_next/static/chunks/04m2_next_dist_01d_w1-._.js:2431
[ 2831806ms] [LOG] [Fast Refresh] rebuilding @ http://localhost:3030/_next/static/chunks/04m2_next_dist_01d_w1-._.js:2431
[ 2832033ms] [LOG] [Fast Refresh] done in 332ms @ http://localhost:3030/_next/static/chunks/04m2_next_dist_01d_w1-._.js:2431
[ 2832269ms] [LOG] [Fast Refresh] rebuilding @ http://localhost:3030/_next/static/chunks/04m2_next_dist_01d_w1-._.js:2431
[ 2832526ms] [LOG] [Fast Refresh] done in 359ms @ http://localhost:3030/_next/static/chunks/04m2_next_dist_01d_w1-._.js:2431
[ 2832627ms] [LOG] [Fast Refresh] rebuilding @ http://localhost:3030/_next/static/chunks/04m2_next_dist_01d_w1-._.js:2431
[ 2832781ms] [INFO] %c%s%c [setup-health] background: #e6e6e6;background: light-dark(rgba(0,0,0,0.1), rgba(255,255,255,0.25));color: #000000;color: light-dark(#000000, #ffffff);border-radius: 2px  Server   panel-layout {tenantId: cmrvvipw70000oyyo6123270j, userId: cmrvvipy90009oyyocqnstw83, score: 40, completedCount: 2, totalCriticalCount: 5} @ http://localhost:3030/_next/static/chunks/04m2_next_dist_01d_w1-._.js:2431
[ 2833220ms] [INFO] %c%s%c [setup-health] background: #e6e6e6;background: light-dark(rgba(0,0,0,0.1), rgba(255,255,255,0.25));color: #000000;color: light-dark(#000000, #ffffff);border-radius: 2px  Server   panel-layout {tenantId: cmrvvipw70000oyyo6123270j, userId: cmrvvipy90009oyyocqnstw83, score: 40, completedCount: 2, totalCriticalCount: 5} @ http://localhost:3030/_next/static/chunks/04m2_next_dist_01d_w1-._.js:2431
[ 2834725ms] [LOG] [Fast Refresh] done in 1853ms @ http://localhost:3030/_next/static/chunks/04m2_next_dist_01d_w1-._.js:2431
[ 2835045ms] [LOG] [Fast Refresh] rebuilding @ http://localhost:3030/_next/static/chunks/04m2_next_dist_01d_w1-._.js:2431
[ 2835242ms] [LOG] [Fast Refresh] done in 307ms @ http://localhost:3030/_next/static/chunks/04m2_next_dist_01d_w1-._.js:2431
[ 2835632ms] [LOG] [Fast Refresh] rebuilding @ http://localhost:3030/_next/static/chunks/04m2_next_dist_01d_w1-._.js:2431
[ 2837529ms] [LOG] [Fast Refresh] done in 2006ms @ http://localhost:3030/_next/static/chunks/04m2_next_dist_01d_w1-._.js:2431
[ 2837554ms] [INFO] %c%s%c [setup-health] background: #e6e6e6;background: light-dark(rgba(0,0,0,0.1), rgba(255,255,255,0.25));color: #000000;color: light-dark(#000000, #ffffff);border-radius: 2px  Server   panel-layout {tenantId: cmrvvipw70000oyyo6123270j, userId: cmrvvipy90009oyyocqnstw83, score: 40, completedCount: 2, totalCriticalCount: 5} @ http://localhost:3030/_next/static/chunks/04m2_next_dist_01d_w1-._.js:2431
[ 2841859ms] [INFO] %c%s%c [setup-health] background: #e6e6e6;background: light-dark(rgba(0,0,0,0.1), rgba(255,255,255,0.25));color: #000000;color: light-dark(#000000, #ffffff);border-radius: 2px  Server   panel-layout {tenantId: cmrvvipw70000oyyo6123270j, userId: cmrvvipy90009oyyocqnstw83, score: 40, completedCount: 2, totalCriticalCount: 5} @ http://localhost:3030/_next/static/chunks/04m2_next_dist_01d_w1-._.js:2431
[ 2842030ms] [LOG] [Fast Refresh] rebuilding @ http://localhost:3030/_next/static/chunks/04m2_next_dist_01d_w1-._.js:2431
[ 2842066ms] [LOG] [Fast Refresh] done in 141ms @ http://localhost:3030/_next/static/chunks/04m2_next_dist_01d_w1-._.js:2431
[ 2842171ms] [LOG] [Fast Refresh] rebuilding @ http://localhost:3030/_next/static/chunks/04m2_next_dist_01d_w1-._.js:2431
[ 2842424ms] [LOG] [Fast Refresh] done in 353ms @ http://localhost:3030/_next/static/chunks/04m2_next_dist_01d_w1-._.js:2431
[ 2842560ms] [INFO] %c%s%c [setup-health] background: #e6e6e6;background: light-dark(rgba(0,0,0,0.1), rgba(255,255,255,0.25));color: #000000;color: light-dark(#000000, #ffffff);border-radius: 2px  Server   panel-layout {tenantId: cmrvvipw70000oyyo6123270j, userId: cmrvvipy90009oyyocqnstw83, score: 40, completedCount: 2, totalCriticalCount: 5} @ http://localhost:3030/_next/static/chunks/04m2_next_dist_01d_w1-._.js:2431
[ 2843329ms] [LOG] [Fast Refresh] rebuilding @ http://localhost:3030/_next/static/chunks/04m2_next_dist_01d_w1-._.js:2431
[ 2843330ms] [LOG] [Fast Refresh] done in 664ms @ http://localhost:3030/_next/static/chunks/04m2_next_dist_01d_w1-._.js:2431
[ 2843392ms] [INFO] %c%s%c [setup-health] background: #e6e6e6;background: light-dark(rgba(0,0,0,0.1), rgba(255,255,255,0.25));color: #000000;color: light-dark(#000000, #ffffff);border-radius: 2px  Server   panel-layout {tenantId: cmrvvipw70000oyyo6123270j, userId: cmrvvipy90009oyyocqnstw83, score: 40, completedCount: 2, totalCriticalCount: 5} @ http://localhost:3030/_next/static/chunks/04m2_next_dist_01d_w1-._.js:2431
[ 2843502ms] [LOG] [Fast Refresh] rebuilding @ http://localhost:3030/_next/static/chunks/04m2_next_dist_01d_w1-._.js:2431
[ 2844053ms] [LOG] [Fast Refresh] done in 660ms @ http://localhost:3030/_next/static/chunks/04m2_next_dist_01d_w1-._.js:2431
[ 2844091ms] [INFO] %c%s%c [setup-health] background: #e6e6e6;background: light-dark(rgba(0,0,0,0.1), rgba(255,255,255,0.25));color: #000000;color: light-dark(#000000, #ffffff);border-radius: 2px  Server   panel-layout {tenantId: cmrvvipw70000oyyo6123270j, userId: cmrvvipy90009oyyocqnstw83, score: 40, completedCount: 2, totalCriticalCount: 5} @ http://localhost:3030/_next/static/chunks/04m2_next_dist_01d_w1-._.js:2431
[ 2844239ms] [INFO] %c%s%c [setup-health] background: #e6e6e6;background: light-dark(rgba(0,0,0,0.1), rgba(255,255,255,0.25));color: #000000;color: light-dark(#000000, #ffffff);border-radius: 2px  Server   panel-layout {tenantId: cmrvvipw70000oyyo6123270j, userId: cmrvvipy90009oyyocqnstw83, score: 40, completedCount: 2, totalCriticalCount: 5} @ http://localhost:3030/_next/static/chunks/04m2_next_dist_01d_w1-._.js:2431
[ 2844343ms] [LOG] [Fast Refresh] rebuilding @ http://localhost:3030/_next/static/chunks/04m2_next_dist_01d_w1-._.js:2431
[ 2844343ms] [LOG] [Fast Refresh] done in 107ms @ http://localhost:3030/_next/static/chunks/04m2_next_dist_01d_w1-._.js:2431
[ 2844445ms] [LOG] [Fast Refresh] rebuilding @ http://localhost:3030/_next/static/chunks/04m2_next_dist_01d_w1-._.js:2431
[ 2844659ms] [LOG] [Fast Refresh] done in 315ms @ http://localhost:3030/_next/static/chunks/04m2_next_dist_01d_w1-._.js:2431
[ 2844798ms] [LOG] [Fast Refresh] rebuilding @ http://localhost:3030/_next/static/chunks/04m2_next_dist_01d_w1-._.js:2431
[ 2844980ms] [LOG] [Fast Refresh] done in 287ms @ http://localhost:3030/_next/static/chunks/04m2_next_dist_01d_w1-._.js:2431
[ 2845180ms] [LOG] [Fast Refresh] rebuilding @ http://localhost:3030/_next/static/chunks/04m2_next_dist_01d_w1-._.js:2431
[ 2845379ms] [LOG] [Fast Refresh] done in 301ms @ http://localhost:3030/_next/static/chunks/04m2_next_dist_01d_w1-._.js:2431
[ 2845488ms] [LOG] [Fast Refresh] rebuilding @ http://localhost:3030/_next/static/chunks/04m2_next_dist_01d_w1-._.js:2431
[ 2845528ms] [LOG] [Fast Refresh] done in 143ms @ http://localhost:3030/_next/static/chunks/04m2_next_dist_01d_w1-._.js:2431
[ 2845533ms] [INFO] %c%s%c [setup-health] background: #e6e6e6;background: light-dark(rgba(0,0,0,0.1), rgba(255,255,255,0.25));color: #000000;color: light-dark(#000000, #ffffff);border-radius: 2px  Server   panel-layout {tenantId: cmrvvipw70000oyyo6123270j, userId: cmrvvipy90009oyyocqnstw83, score: 40, completedCount: 2, totalCriticalCount: 5} @ http://localhost:3030/_next/static/chunks/04m2_next_dist_01d_w1-._.js:2431
[ 2845632ms] [LOG] [Fast Refresh] rebuilding @ http://localhost:3030/_next/static/chunks/04m2_next_dist_01d_w1-._.js:2431
[ 2845769ms] [LOG] [Fast Refresh] done in 237ms @ http://localhost:3030/_next/static/chunks/04m2_next_dist_01d_w1-._.js:2431
[ 2845885ms] [LOG] [Fast Refresh] rebuilding @ http://localhost:3030/_next/static/chunks/04m2_next_dist_01d_w1-._.js:2431
[ 2845956ms] [LOG] [Fast Refresh] done in 182ms @ http://localhost:3030/_next/static/chunks/04m2_next_dist_01d_w1-._.js:2431
[ 2846059ms] [LOG] [Fast Refresh] rebuilding @ http://localhost:3030/_next/static/chunks/04m2_next_dist_01d_w1-._.js:2431
[ 2846148ms] [LOG] [Fast Refresh] done in 191ms @ http://localhost:3030/_next/static/chunks/04m2_next_dist_01d_w1-._.js:2431
[ 2846450ms] [INFO] %c%s%c [setup-health] background: #e6e6e6;background: light-dark(rgba(0,0,0,0.1), rgba(255,255,255,0.25));color: #000000;color: light-dark(#000000, #ffffff);border-radius: 2px  Server   panel-layout {tenantId: cmrvvipw70000oyyo6123270j, userId: cmrvvipy90009oyyocqnstw83, score: 40, completedCount: 2, totalCriticalCount: 5} @ http://localhost:3030/_next/static/chunks/04m2_next_dist_01d_w1-._.js:2431
[ 2846623ms] [LOG] [Fast Refresh] rebuilding @ http://localhost:3030/_next/static/chunks/04m2_next_dist_01d_w1-._.js:2431
[ 2846662ms] [LOG] [Fast Refresh] done in 148ms @ http://localhost:3030/_next/static/chunks/04m2_next_dist_01d_w1-._.js:2431
[ 2846766ms] [LOG] [Fast Refresh] rebuilding @ http://localhost:3030/_next/static/chunks/04m2_next_dist_01d_w1-._.js:2431
[ 2846851ms] [LOG] [Fast Refresh] done in 188ms @ http://localhost:3030/_next/static/chunks/04m2_next_dist_01d_w1-._.js:2431
[ 2846962ms] [LOG] [Fast Refresh] rebuilding @ http://localhost:3030/_next/static/chunks/04m2_next_dist_01d_w1-._.js:2431
[ 2846971ms] [LOG] [Fast Refresh] done in 118ms @ http://localhost:3030/_next/static/chunks/04m2_next_dist_01d_w1-._.js:2431
[ 2846985ms] [INFO] %c%s%c [setup-health] background: #e6e6e6;background: light-dark(rgba(0,0,0,0.1), rgba(255,255,255,0.25));color: #000000;color: light-dark(#000000, #ffffff);border-radius: 2px  Server   panel-layout {tenantId: cmrvvipw70000oyyo6123270j, userId: cmrvvipy90009oyyocqnstw83, score: 40, completedCount: 2, totalCriticalCount: 5} @ http://localhost:3030/_next/static/chunks/04m2_next_dist_01d_w1-._.js:2431
[ 2847074ms] [LOG] [Fast Refresh] rebuilding @ http://localhost:3030/_next/static/chunks/04m2_next_dist_01d_w1-._.js:2431
[ 2847130ms] [LOG] [Fast Refresh] done in 158ms @ http://localhost:3030/_next/static/chunks/04m2_next_dist_01d_w1-._.js:2431
[ 2847233ms] [LOG] [Fast Refresh] rebuilding @ http://localhost:3030/_next/static/chunks/04m2_next_dist_01d_w1-._.js:2431
[ 2847253ms] [LOG] [Fast Refresh] done in 121ms @ http://localhost:3030/_next/static/chunks/04m2_next_dist_01d_w1-._.js:2431
[ 2847381ms] [LOG] [Fast Refresh] rebuilding @ http://localhost:3030/_next/static/chunks/04m2_next_dist_01d_w1-._.js:2431
[ 2847554ms] [LOG] [Fast Refresh] done in 277ms @ http://localhost:3030/_next/static/chunks/04m2_next_dist_01d_w1-._.js:2431
[ 2847661ms] [LOG] [Fast Refresh] rebuilding @ http://localhost:3030/_next/static/chunks/04m2_next_dist_01d_w1-._.js:2431
[ 2847717ms] [LOG] [Fast Refresh] done in 162ms @ http://localhost:3030/_next/static/chunks/04m2_next_dist_01d_w1-._.js:2431
[ 2847719ms] [INFO] %c%s%c [setup-health] background: #e6e6e6;background: light-dark(rgba(0,0,0,0.1), rgba(255,255,255,0.25));color: #000000;color: light-dark(#000000, #ffffff);border-radius: 2px  Server   panel-layout {tenantId: cmrvvipw70000oyyo6123270j, userId: cmrvvipy90009oyyocqnstw83, score: 40, completedCount: 2, totalCriticalCount: 5} @ http://localhost:3030/_next/static/chunks/04m2_next_dist_01d_w1-._.js:2431
[ 2847891ms] [LOG] [Fast Refresh] rebuilding @ http://localhost:3030/_next/static/chunks/04m2_next_dist_01d_w1-._.js:2431
[ 2847960ms] [LOG] [Fast Refresh] done in 171ms @ http://localhost:3030/_next/static/chunks/04m2_next_dist_01d_w1-._.js:2431
[ 2848063ms] [LOG] [Fast Refresh] rebuilding @ http://localhost:3030/_next/static/chunks/04m2_next_dist_01d_w1-._.js:2431
[ 2848074ms] [LOG] [Fast Refresh] done in 113ms @ http://localhost:3030/_next/static/chunks/04m2_next_dist_01d_w1-._.js:2431
[ 2848357ms] [INFO] %c%s%c [setup-health] background: #e6e6e6;background: light-dark(rgba(0,0,0,0.1), rgba(255,255,255,0.25));color: #000000;color: light-dark(#000000, #ffffff);border-radius: 2px  Server   panel-layout {tenantId: cmrvvipw70000oyyo6123270j, userId: cmrvvipy90009oyyocqnstw83, score: 40, completedCount: 2, totalCriticalCount: 5} @ http://localhost:3030/_next/static/chunks/04m2_next_dist_01d_w1-._.js:2431
[ 2848507ms] [LOG] [Fast Refresh] rebuilding @ http://localhost:3030/_next/static/chunks/04m2_next_dist_01d_w1-._.js:2431
[ 2848637ms] [LOG] [Fast Refresh] done in 236ms @ http://localhost:3030/_next/static/chunks/04m2_next_dist_01d_w1-._.js:2431
[ 2848740ms] [LOG] [Fast Refresh] rebuilding @ http://localhost:3030/_next/static/chunks/04m2_next_dist_01d_w1-._.js:2431
[ 2848784ms] [LOG] [Fast Refresh] done in 146ms @ http://localhost:3030/_next/static/chunks/04m2_next_dist_01d_w1-._.js:2431
[ 2848888ms] [LOG] [Fast Refresh] rebuilding @ http://localhost:3030/_next/static/chunks/04m2_next_dist_01d_w1-._.js:2431
[ 2849001ms] [LOG] [Fast Refresh] done in 215ms @ http://localhost:3030/_next/static/chunks/04m2_next_dist_01d_w1-._.js:2431
[ 2849012ms] [INFO] %c%s%c [setup-health] background: #e6e6e6;background: light-dark(rgba(0,0,0,0.1), rgba(255,255,255,0.25));color: #000000;color: light-dark(#000000, #ffffff);border-radius: 2px  Server   panel-layout {tenantId: cmrvvipw70000oyyo6123270j, userId: cmrvvipy90009oyyocqnstw83, score: 40, completedCount: 2, totalCriticalCount: 5} @ http://localhost:3030/_next/static/chunks/04m2_next_dist_01d_w1-._.js:2431
[ 2849256ms] [LOG] [Fast Refresh] rebuilding @ http://localhost:3030/_next/static/chunks/04m2_next_dist_01d_w1-._.js:2431
[ 2849341ms] [LOG] [Fast Refresh] done in 198ms @ http://localhost:3030/_next/static/chunks/04m2_next_dist_01d_w1-._.js:2431
[ 2849449ms] [LOG] [Fast Refresh] rebuilding @ http://localhost:3030/_next/static/chunks/04m2_next_dist_01d_w1-._.js:2431
[ 2849479ms] [LOG] [Fast Refresh] done in 134ms @ http://localhost:3030/_next/static/chunks/04m2_next_dist_01d_w1-._.js:2431
[ 2849581ms] [LOG] [Fast Refresh] rebuilding @ http://localhost:3030/_next/static/chunks/04m2_next_dist_01d_w1-._.js:2431
[ 2849880ms] [LOG] [Fast Refresh] done in 400ms @ http://localhost:3030/_next/static/chunks/04m2_next_dist_01d_w1-._.js:2431
[ 2850016ms] [INFO] %c%s%c [setup-health] background: #e6e6e6;background: light-dark(rgba(0,0,0,0.1), rgba(255,255,255,0.25));color: #000000;color: light-dark(#000000, #ffffff);border-radius: 2px  Server   panel-layout {tenantId: cmrvvipw70000oyyo6123270j, userId: cmrvvipy90009oyyocqnstw83, score: 40, completedCount: 2, totalCriticalCount: 5} @ http://localhost:3030/_next/static/chunks/04m2_next_dist_01d_w1-._.js:2431
[ 2850134ms] [LOG] [Fast Refresh] rebuilding @ http://localhost:3030/_next/static/chunks/04m2_next_dist_01d_w1-._.js:2431
[ 2850172ms] [LOG] [Fast Refresh] done in 143ms @ http://localhost:3030/_next/static/chunks/04m2_next_dist_01d_w1-._.js:2431
[ 2850276ms] [LOG] [Fast Refresh] rebuilding @ http://localhost:3030/_next/static/chunks/04m2_next_dist_01d_w1-._.js:2431
[ 2850293ms] [LOG] [Fast Refresh] done in 118ms @ http://localhost:3030/_next/static/chunks/04m2_next_dist_01d_w1-._.js:2431
[ 2850310ms] [INFO] %c%s%c [setup-health] background: #e6e6e6;background: light-dark(rgba(0,0,0,0.1), rgba(255,255,255,0.25));color: #000000;color: light-dark(#000000, #ffffff);border-radius: 2px  Server   panel-layout {tenantId: cmrvvipw70000oyyo6123270j, userId: cmrvvipy90009oyyocqnstw83, score: 40, completedCount: 2, totalCriticalCount: 5} @ http://localhost:3030/_next/static/chunks/04m2_next_dist_01d_w1-._.js:2431
[ 2850396ms] [LOG] [Fast Refresh] rebuilding @ http://localhost:3030/_next/static/chunks/04m2_next_dist_01d_w1-._.js:2431
[ 2850482ms] [LOG] [Fast Refresh] done in 187ms @ http://localhost:3030/_next/static/chunks/04m2_next_dist_01d_w1-._.js:2431
[ 2850668ms] [LOG] [Fast Refresh] rebuilding @ http://localhost:3030/_next/static/chunks/04m2_next_dist_01d_w1-._.js:2431
[ 2850906ms] [LOG] [Fast Refresh] done in 356ms @ http://localhost:3030/_next/static/chunks/04m2_next_dist_01d_w1-._.js:2431
[ 2851009ms] [LOG] [Fast Refresh] rebuilding @ http://localhost:3030/_next/static/chunks/04m2_next_dist_01d_w1-._.js:2431
[ 2851173ms] [INFO] %c%s%c [setup-health] background: #e6e6e6;background: light-dark(rgba(0,0,0,0.1), rgba(255,255,255,0.25));color: #000000;color: light-dark(#000000, #ffffff);border-radius: 2px  Server   panel-layout {tenantId: cmrvvipw70000oyyo6123270j, userId: cmrvvipy90009oyyocqnstw83, score: 40, completedCount: 2, totalCriticalCount: 5} @ http://localhost:3030/_next/static/chunks/04m2_next_dist_01d_w1-._.js:2431
[ 2852834ms] [INFO] %c%s%c [setup-health] background: #e6e6e6;background: light-dark(rgba(0,0,0,0.1), rgba(255,255,255,0.25));color: #000000;color: light-dark(#000000, #ffffff);border-radius: 2px  Server   panel-layout {tenantId: cmrvvipw70000oyyo6123270j, userId: cmrvvipy90009oyyocqnstw83, score: 40, completedCount: 2, totalCriticalCount: 5} @ http://localhost:3030/_next/static/chunks/04m2_next_dist_01d_w1-._.js:2431
[ 2852841ms] [LOG] [Fast Refresh] done in 1933ms @ http://localhost:3030/_next/static/chunks/04m2_next_dist_01d_w1-._.js:2431
[ 2852844ms] [INFO] %c%s%c [setup-health] background: #e6e6e6;background: light-dark(rgba(0,0,0,0.1), rgba(255,255,255,0.25));color: #000000;color: light-dark(#000000, #ffffff);border-radius: 2px  Server   panel-layout {tenantId: cmrvvipw70000oyyo6123270j, userId: cmrvvipy90009oyyocqnstw83, score: 40, completedCount: 2, totalCriticalCount: 5} @ http://localhost:3030/_next/static/chunks/04m2_next_dist_01d_w1-._.js:2431
[ 2853532ms] [INFO] %c%s%c [setup-health] background: #e6e6e6;background: light-dark(rgba(0,0,0,0.1), rgba(255,255,255,0.25));color: #000000;color: light-dark(#000000, #ffffff);border-radius: 2px  Server   panel-layout {tenantId: cmrvvipw70000oyyo6123270j, userId: cmrvvipy90009oyyocqnstw83, score: 40, completedCount: 2, totalCriticalCount: 5} @ http://localhost:3030/_next/static/chunks/04m2_next_dist_01d_w1-._.js:2431
[ 2853638ms] [LOG] [Fast Refresh] rebuilding @ http://localhost:3030/_next/static/chunks/04m2_next_dist_01d_w1-._.js:2431
[ 2853880ms] [LOG] [Fast Refresh] done in 344ms @ http://localhost:3030/_next/static/chunks/04m2_next_dist_01d_w1-._.js:2431
[ 2853942ms] [INFO] %c%s%c [setup-health] background: #e6e6e6;background: light-dark(rgba(0,0,0,0.1), rgba(255,255,255,0.25));color: #000000;color: light-dark(#000000, #ffffff);border-radius: 2px  Server   panel-layout {tenantId: cmrvvipw70000oyyo6123270j, userId: cmrvvipy90009oyyocqnstw83, score: 40, completedCount: 2, totalCriticalCount: 5} @ http://localhost:3030/_next/static/chunks/04m2_next_dist_01d_w1-._.js:2431
[ 2853969ms] [INFO] %c%s%c [setup-health] background: #e6e6e6;background: light-dark(rgba(0,0,0,0.1), rgba(255,255,255,0.25));color: #000000;color: light-dark(#000000, #ffffff);border-radius: 2px  Server   panel-layout {tenantId: cmrvvipw70000oyyo6123270j, userId: cmrvvipy90009oyyocqnstw83, score: 40, completedCount: 2, totalCriticalCount: 5} @ http://localhost:3030/_next/static/chunks/04m2_next_dist_01d_w1-._.js:2431
[ 2853974ms] [INFO] %c%s%c [setup-health] background: #e6e6e6;background: light-dark(rgba(0,0,0,0.1), rgba(255,255,255,0.25));color: #000000;color: light-dark(#000000, #ffffff);border-radius: 2px  Server   panel-layout {tenantId: cmrvvipw70000oyyo6123270j, userId: cmrvvipy90009oyyocqnstw83, score: 40, completedCount: 2, totalCriticalCount: 5} @ http://localhost:3030/_next/static/chunks/04m2_next_dist_01d_w1-._.js:2431
[ 2854087ms] [LOG] [Fast Refresh] rebuilding @ http://localhost:3030/_next/static/chunks/04m2_next_dist_01d_w1-._.js:2431
[ 2854110ms] [LOG] [Fast Refresh] done in 126ms @ http://localhost:3030/_next/static/chunks/04m2_next_dist_01d_w1-._.js:2431
[ 2854247ms] [LOG] [Fast Refresh] rebuilding @ http://localhost:3030/_next/static/chunks/04m2_next_dist_01d_w1-._.js:2431
[ 2854329ms] [LOG] [Fast Refresh] done in 185ms @ http://localhost:3030/_next/static/chunks/04m2_next_dist_01d_w1-._.js:2431
[ 2854434ms] [LOG] [Fast Refresh] rebuilding @ http://localhost:3030/_next/static/chunks/04m2_next_dist_01d_w1-._.js:2431
[ 2854454ms] [LOG] [Fast Refresh] done in 125ms @ http://localhost:3030/_next/static/chunks/04m2_next_dist_01d_w1-._.js:2431
[ 2854557ms] [LOG] [Fast Refresh] rebuilding @ http://localhost:3030/_next/static/chunks/04m2_next_dist_01d_w1-._.js:2431
[ 2854839ms] [LOG] [Fast Refresh] done in 383ms @ http://localhost:3030/_next/static/chunks/04m2_next_dist_01d_w1-._.js:2431
[ 2854881ms] [INFO] %c%s%c [setup-health] background: #e6e6e6;background: light-dark(rgba(0,0,0,0.1), rgba(255,255,255,0.25));color: #000000;color: light-dark(#000000, #ffffff);border-radius: 2px  Server   panel-layout {tenantId: cmrvvipw70000oyyo6123270j, userId: cmrvvipy90009oyyocqnstw83, score: 40, completedCount: 2, totalCriticalCount: 5} @ http://localhost:3030/_next/static/chunks/04m2_next_dist_01d_w1-._.js:2431
[ 2854943ms] [LOG] [Fast Refresh] rebuilding @ http://localhost:3030/_next/static/chunks/04m2_next_dist_01d_w1-._.js:2431
[ 2854986ms] [LOG] [Fast Refresh] done in 145ms @ http://localhost:3030/_next/static/chunks/04m2_next_dist_01d_w1-._.js:2431
[ 2855091ms] [LOG] [Fast Refresh] rebuilding @ http://localhost:3030/_next/static/chunks/04m2_next_dist_01d_w1-._.js:2431
[ 2855269ms] [LOG] [Fast Refresh] done in 281ms @ http://localhost:3030/_next/static/chunks/04m2_next_dist_01d_w1-._.js:2431
[ 2855560ms] [INFO] %c%s%c [setup-health] background: #e6e6e6;background: light-dark(rgba(0,0,0,0.1), rgba(255,255,255,0.25));color: #000000;color: light-dark(#000000, #ffffff);border-radius: 2px  Server   panel-layout {tenantId: cmrvvipw70000oyyo6123270j, userId: cmrvvipy90009oyyocqnstw83, score: 40, completedCount: 2, totalCriticalCount: 5} @ http://localhost:3030/_next/static/chunks/04m2_next_dist_01d_w1-._.js:2431
[ 2855681ms] [LOG] [Fast Refresh] rebuilding @ http://localhost:3030/_next/static/chunks/04m2_next_dist_01d_w1-._.js:2431
[ 2855725ms] [LOG] [Fast Refresh] done in 153ms @ http://localhost:3030/_next/static/chunks/04m2_next_dist_01d_w1-._.js:2431
[ 2855837ms] [LOG] [Fast Refresh] rebuilding @ http://localhost:3030/_next/static/chunks/04m2_next_dist_01d_w1-._.js:2431
[ 2855936ms] [LOG] [Fast Refresh] done in 206ms @ http://localhost:3030/_next/static/chunks/04m2_next_dist_01d_w1-._.js:2431
[ 2856039ms] [LOG] [Fast Refresh] rebuilding @ http://localhost:3030/_next/static/chunks/04m2_next_dist_01d_w1-._.js:2431
[ 2856174ms] [LOG] [Fast Refresh] done in 236ms @ http://localhost:3030/_next/static/chunks/04m2_next_dist_01d_w1-._.js:2431
[ 2856298ms] [INFO] %c%s%c [setup-health] background: #e6e6e6;background: light-dark(rgba(0,0,0,0.1), rgba(255,255,255,0.25));color: #000000;color: light-dark(#000000, #ffffff);border-radius: 2px  Server   panel-layout {tenantId: cmrvvipw70000oyyo6123270j, userId: cmrvvipy90009oyyocqnstw83, score: 40, completedCount: 2, totalCriticalCount: 5} @ http://localhost:3030/_next/static/chunks/04m2_next_dist_01d_w1-._.js:2431
[ 2856549ms] [LOG] [Fast Refresh] rebuilding @ http://localhost:3030/_next/static/chunks/04m2_next_dist_01d_w1-._.js:2431
[ 2856683ms] [LOG] [Fast Refresh] done in 267ms @ http://localhost:3030/_next/static/chunks/04m2_next_dist_01d_w1-._.js:2431
[ 2856803ms] [LOG] [Fast Refresh] rebuilding @ http://localhost:3030/_next/static/chunks/04m2_next_dist_01d_w1-._.js:2431
[ 2856818ms] [LOG] [Fast Refresh] done in 123ms @ http://localhost:3030/_next/static/chunks/04m2_next_dist_01d_w1-._.js:2431
[ 2856946ms] [INFO] %c%s%c [setup-health] background: #e6e6e6;background: light-dark(rgba(0,0,0,0.1), rgba(255,255,255,0.25));color: #000000;color: light-dark(#000000, #ffffff);border-radius: 2px  Server   panel-layout {tenantId: cmrvvipw70000oyyo6123270j, userId: cmrvvipy90009oyyocqnstw83, score: 40, completedCount: 2, totalCriticalCount: 5} @ http://localhost:3030/_next/static/chunks/04m2_next_dist_01d_w1-._.js:2431
[ 2857200ms] [LOG] [Fast Refresh] rebuilding @ http://localhost:3030/_next/static/chunks/04m2_next_dist_01d_w1-._.js:2431
[ 2857283ms] [LOG] [Fast Refresh] done in 189ms @ http://localhost:3030/_next/static/chunks/04m2_next_dist_01d_w1-._.js:2431
[ 2857385ms] [LOG] [Fast Refresh] rebuilding @ http://localhost:3030/_next/static/chunks/04m2_next_dist_01d_w1-._.js:2431
[ 2857452ms] [LOG] [Fast Refresh] done in 168ms @ http://localhost:3030/_next/static/chunks/04m2_next_dist_01d_w1-._.js:2431
[ 2857559ms] [LOG] [Fast Refresh] rebuilding @ http://localhost:3030/_next/static/chunks/04m2_next_dist_01d_w1-._.js:2431
[ 2857710ms] [LOG] [Fast Refresh] done in 255ms @ http://localhost:3030/_next/static/chunks/04m2_next_dist_01d_w1-._.js:2431
[ 2857723ms] [INFO] %c%s%c [setup-health] background: #e6e6e6;background: light-dark(rgba(0,0,0,0.1), rgba(255,255,255,0.25));color: #000000;color: light-dark(#000000, #ffffff);border-radius: 2px  Server   panel-layout {tenantId: cmrvvipw70000oyyo6123270j, userId: cmrvvipy90009oyyocqnstw83, score: 40, completedCount: 2, totalCriticalCount: 5} @ http://localhost:3030/_next/static/chunks/04m2_next_dist_01d_w1-._.js:2431
[ 2858054ms] [LOG] [Fast Refresh] rebuilding @ http://localhost:3030/_next/static/chunks/04m2_next_dist_01d_w1-._.js:2431
[ 2858150ms] [LOG] [Fast Refresh] done in 202ms @ http://localhost:3030/_next/static/chunks/04m2_next_dist_01d_w1-._.js:2431
[ 2858265ms] [LOG] [Fast Refresh] rebuilding @ http://localhost:3030/_next/static/chunks/04m2_next_dist_01d_w1-._.js:2431
[ 2858349ms] [LOG] [Fast Refresh] done in 191ms @ http://localhost:3030/_next/static/chunks/04m2_next_dist_01d_w1-._.js:2431
[ 2858390ms] [INFO] %c%s%c [setup-health] background: #e6e6e6;background: light-dark(rgba(0,0,0,0.1), rgba(255,255,255,0.25));color: #000000;color: light-dark(#000000, #ffffff);border-radius: 2px  Server   panel-layout {tenantId: cmrvvipw70000oyyo6123270j, userId: cmrvvipy90009oyyocqnstw83, score: 40, completedCount: 2, totalCriticalCount: 5} @ http://localhost:3030/_next/static/chunks/04m2_next_dist_01d_w1-._.js:2431
[ 2858450ms] [LOG] [Fast Refresh] rebuilding @ http://localhost:3030/_next/static/chunks/04m2_next_dist_01d_w1-._.js:2431
[ 2858510ms] [LOG] [Fast Refresh] done in 160ms @ http://localhost:3030/_next/static/chunks/04m2_next_dist_01d_w1-._.js:2431
[ 2858626ms] [LOG] [Fast Refresh] rebuilding @ http://localhost:3030/_next/static/chunks/04m2_next_dist_01d_w1-._.js:2431
[ 2858681ms] [LOG] [Fast Refresh] done in 157ms @ http://localhost:3030/_next/static/chunks/04m2_next_dist_01d_w1-._.js:2431
[ 2858789ms] [LOG] [Fast Refresh] rebuilding @ http://localhost:3030/_next/static/chunks/04m2_next_dist_01d_w1-._.js:2431
[ 2858985ms] [LOG] [Fast Refresh] done in 304ms @ http://localhost:3030/_next/static/chunks/04m2_next_dist_01d_w1-._.js:2431
[ 2859299ms] [INFO] %c%s%c [setup-health] background: #e6e6e6;background: light-dark(rgba(0,0,0,0.1), rgba(255,255,255,0.25));color: #000000;color: light-dark(#000000, #ffffff);border-radius: 2px  Server   panel-layout {tenantId: cmrvvipw70000oyyo6123270j, userId: cmrvvipy90009oyyocqnstw83, score: 40, completedCount: 2, totalCriticalCount: 5} @ http://localhost:3030/_next/static/chunks/04m2_next_dist_01d_w1-._.js:2431
[ 2859427ms] [LOG] [Fast Refresh] rebuilding @ http://localhost:3030/_next/static/chunks/04m2_next_dist_01d_w1-._.js:2431
[ 2859646ms] [LOG] [Fast Refresh] done in 326ms @ http://localhost:3030/_next/static/chunks/04m2_next_dist_01d_w1-._.js:2431
[ 2860493ms] [INFO] %c%s%c [setup-health] background: #e6e6e6;background: light-dark(rgba(0,0,0,0.1), rgba(255,255,255,0.25));color: #000000;color: light-dark(#000000, #ffffff);border-radius: 2px  Server   panel-layout {tenantId: cmrvvipw70000oyyo6123270j, userId: cmrvvipy90009oyyocqnstw83, score: 40, completedCount: 2, totalCriticalCount: 5} @ http://localhost:3030/_next/static/chunks/04m2_next_dist_01d_w1-._.js:2431
[ 2860620ms] [LOG] [Fast Refresh] rebuilding @ http://localhost:3030/_next/static/chunks/04m2_next_dist_01d_w1-._.js:2431
[ 2860740ms] [LOG] [Fast Refresh] done in 233ms @ http://localhost:3030/_next/static/chunks/04m2_next_dist_01d_w1-._.js:2431
[ 2860920ms] [LOG] [Fast Refresh] rebuilding @ http://localhost:3030/_next/static/chunks/04m2_next_dist_01d_w1-._.js:2431
[ 2860934ms] [LOG] [Fast Refresh] done in 115ms @ http://localhost:3030/_next/static/chunks/04m2_next_dist_01d_w1-._.js:2431
[ 2861039ms] [LOG] [Fast Refresh] rebuilding @ http://localhost:3030/_next/static/chunks/04m2_next_dist_01d_w1-._.js:2431
[ 2861052ms] [INFO] %c%s%c [setup-health] background: #e6e6e6;background: light-dark(rgba(0,0,0,0.1), rgba(255,255,255,0.25));color: #000000;color: light-dark(#000000, #ffffff);border-radius: 2px  Server   panel-layout {tenantId: cmrvvipw70000oyyo6123270j, userId: cmrvvipy90009oyyocqnstw83, score: 40, completedCount: 2, totalCriticalCount: 5} @ http://localhost:3030/_next/static/chunks/04m2_next_dist_01d_w1-._.js:2431
[ 2861057ms] [LOG] [Fast Refresh] done in 121ms @ http://localhost:3030/_next/static/chunks/04m2_next_dist_01d_w1-._.js:2431
[ 2861171ms] [LOG] [Fast Refresh] rebuilding @ http://localhost:3030/_next/static/chunks/04m2_next_dist_01d_w1-._.js:2431
[ 2861280ms] [LOG] [Fast Refresh] done in 214ms @ http://localhost:3030/_next/static/chunks/04m2_next_dist_01d_w1-._.js:2431
[ 2861590ms] [LOG] [Fast Refresh] rebuilding @ http://localhost:3030/_next/static/chunks/04m2_next_dist_01d_w1-._.js:2431
[ 2861697ms] [LOG] [Fast Refresh] done in 218ms @ http://localhost:3030/_next/static/chunks/04m2_next_dist_01d_w1-._.js:2431
[ 2861800ms] [LOG] [Fast Refresh] rebuilding @ http://localhost:3030/_next/static/chunks/04m2_next_dist_01d_w1-._.js:2431
[ 2861845ms] [LOG] [Fast Refresh] done in 146ms @ http://localhost:3030/_next/static/chunks/04m2_next_dist_01d_w1-._.js:2431
[ 2861847ms] [INFO] %c%s%c [setup-health] background: #e6e6e6;background: light-dark(rgba(0,0,0,0.1), rgba(255,255,255,0.25));color: #000000;color: light-dark(#000000, #ffffff);border-radius: 2px  Server   panel-layout {tenantId: cmrvvipw70000oyyo6123270j, userId: cmrvvipy90009oyyocqnstw83, score: 40, completedCount: 2, totalCriticalCount: 5} @ http://localhost:3030/_next/static/chunks/04m2_next_dist_01d_w1-._.js:2431
[ 2861950ms] [LOG] [Fast Refresh] rebuilding @ http://localhost:3030/_next/static/chunks/04m2_next_dist_01d_w1-._.js:2431
[ 2862054ms] [LOG] [Fast Refresh] done in 207ms @ http://localhost:3030/_next/static/chunks/04m2_next_dist_01d_w1-._.js:2431
[ 2862158ms] [LOG] [Fast Refresh] rebuilding @ http://localhost:3030/_next/static/chunks/04m2_next_dist_01d_w1-._.js:2431
[ 2862204ms] [LOG] [Fast Refresh] done in 149ms @ http://localhost:3030/_next/static/chunks/04m2_next_dist_01d_w1-._.js:2431
[ 2862320ms] [LOG] [Fast Refresh] rebuilding @ http://localhost:3030/_next/static/chunks/04m2_next_dist_01d_w1-._.js:2431
[ 2862365ms] [LOG] [Fast Refresh] done in 147ms @ http://localhost:3030/_next/static/chunks/04m2_next_dist_01d_w1-._.js:2431
[ 2862468ms] [LOG] [Fast Refresh] rebuilding @ http://localhost:3030/_next/static/chunks/04m2_next_dist_01d_w1-._.js:2431
[ 2862469ms] [INFO] %c%s%c [setup-health] background: #e6e6e6;background: light-dark(rgba(0,0,0,0.1), rgba(255,255,255,0.25));color: #000000;color: light-dark(#000000, #ffffff);border-radius: 2px  Server   panel-layout {tenantId: cmrvvipw70000oyyo6123270j, userId: cmrvvipy90009oyyocqnstw83, score: 40, completedCount: 2, totalCriticalCount: 5} @ http://localhost:3030/_next/static/chunks/04m2_next_dist_01d_w1-._.js:2431
[ 2862642ms] [LOG] [Fast Refresh] done in 276ms @ http://localhost:3030/_next/static/chunks/04m2_next_dist_01d_w1-._.js:2431
[ 2863095ms] [INFO] %c%s%c [setup-health] background: #e6e6e6;background: light-dark(rgba(0,0,0,0.1), rgba(255,255,255,0.25));color: #000000;color: light-dark(#000000, #ffffff);border-radius: 2px  Server   panel-layout {tenantId: cmrvvipw70000oyyo6123270j, userId: cmrvvipy90009oyyocqnstw83, score: 40, completedCount: 2, totalCriticalCount: 5} @ http://localhost:3030/_next/static/chunks/04m2_next_dist_01d_w1-._.js:2431
[ 2863226ms] [LOG] [Fast Refresh] rebuilding @ http://localhost:3030/_next/static/chunks/04m2_next_dist_01d_w1-._.js:2431
[ 2863280ms] [LOG] [Fast Refresh] done in 158ms @ http://localhost:3030/_next/static/chunks/04m2_next_dist_01d_w1-._.js:2431
[ 2863618ms] [LOG] [Fast Refresh] rebuilding @ http://localhost:3030/_next/static/chunks/04m2_next_dist_01d_w1-._.js:2431
[ 2863701ms] [LOG] [Fast Refresh] done in 189ms @ http://localhost:3030/_next/static/chunks/04m2_next_dist_01d_w1-._.js:2431
[ 2863814ms] [LOG] [Fast Refresh] rebuilding @ http://localhost:3030/_next/static/chunks/04m2_next_dist_01d_w1-._.js:2431
[ 2863817ms] [LOG] [Fast Refresh] done in 106ms @ http://localhost:3030/_next/static/chunks/04m2_next_dist_01d_w1-._.js:2431
[ 2863819ms] [INFO] %c%s%c [setup-health] background: #e6e6e6;background: light-dark(rgba(0,0,0,0.1), rgba(255,255,255,0.25));color: #000000;color: light-dark(#000000, #ffffff);border-radius: 2px  Server   panel-layout {tenantId: cmrvvipw70000oyyo6123270j, userId: cmrvvipy90009oyyocqnstw83, score: 40, completedCount: 2, totalCriticalCount: 5} @ http://localhost:3030/_next/static/chunks/04m2_next_dist_01d_w1-._.js:2431
[ 2863920ms] [LOG] [Fast Refresh] rebuilding @ http://localhost:3030/_next/static/chunks/04m2_next_dist_01d_w1-._.js:2431
[ 2864101ms] [LOG] [Fast Refresh] done in 283ms @ http://localhost:3030/_next/static/chunks/04m2_next_dist_01d_w1-._.js:2431
[ 2864328ms] [LOG] [Fast Refresh] rebuilding @ http://localhost:3030/_next/static/chunks/04m2_next_dist_01d_w1-._.js:2431
[ 2864338ms] [LOG] [Fast Refresh] done in 112ms @ http://localhost:3030/_next/static/chunks/04m2_next_dist_01d_w1-._.js:2431
[ 2864442ms] [LOG] [Fast Refresh] rebuilding @ http://localhost:3030/_next/static/chunks/04m2_next_dist_01d_w1-._.js:2431
[ 2864447ms] [INFO] %c%s%c [setup-health] background: #e6e6e6;background: light-dark(rgba(0,0,0,0.1), rgba(255,255,255,0.25));color: #000000;color: light-dark(#000000, #ffffff);border-radius: 2px  Server   panel-layout {tenantId: cmrvvipw70000oyyo6123270j, userId: cmrvvipy90009oyyocqnstw83, score: 40, completedCount: 2, totalCriticalCount: 5} @ http://localhost:3030/_next/static/chunks/04m2_next_dist_01d_w1-._.js:2431
[ 2864523ms] [LOG] [Fast Refresh] done in 185ms @ http://localhost:3030/_next/static/chunks/04m2_next_dist_01d_w1-._.js:2431
[ 2864626ms] [LOG] [Fast Refresh] rebuilding @ http://localhost:3030/_next/static/chunks/04m2_next_dist_01d_w1-._.js:2431
[ 2864698ms] [LOG] [Fast Refresh] done in 173ms @ http://localhost:3030/_next/static/chunks/04m2_next_dist_01d_w1-._.js:2431
[ 2864801ms] [LOG] [Fast Refresh] rebuilding @ http://localhost:3030/_next/static/chunks/04m2_next_dist_01d_w1-._.js:2431
[ 2864825ms] [LOG] [Fast Refresh] done in 126ms @ http://localhost:3030/_next/static/chunks/04m2_next_dist_01d_w1-._.js:2431
[ 2865119ms] [LOG] [Fast Refresh] rebuilding @ http://localhost:3030/_next/static/chunks/04m2_next_dist_01d_w1-._.js:2431
[ 2865302ms] [LOG] [Fast Refresh] done in 283ms @ http://localhost:3030/_next/static/chunks/04m2_next_dist_01d_w1-._.js:2431
[ 2865340ms] [INFO] %c%s%c [setup-health] background: #e6e6e6;background: light-dark(rgba(0,0,0,0.1), rgba(255,255,255,0.25));color: #000000;color: light-dark(#000000, #ffffff);border-radius: 2px  Server   panel-layout {tenantId: cmrvvipw70000oyyo6123270j, userId: cmrvvipy90009oyyocqnstw83, score: 40, completedCount: 2, totalCriticalCount: 5} @ http://localhost:3030/_next/static/chunks/04m2_next_dist_01d_w1-._.js:2431
[ 2865415ms] [LOG] [Fast Refresh] rebuilding @ http://localhost:3030/_next/static/chunks/04m2_next_dist_01d_w1-._.js:2431
[ 2865633ms] [LOG] [Fast Refresh] done in 326ms @ http://localhost:3030/_next/static/chunks/04m2_next_dist_01d_w1-._.js:2431
[ 2865727ms] [INFO] %c%s%c [setup-health] background: #e6e6e6;background: light-dark(rgba(0,0,0,0.1), rgba(255,255,255,0.25));color: #000000;color: light-dark(#000000, #ffffff);border-radius: 2px  Server   panel-layout {tenantId: cmrvvipw70000oyyo6123270j, userId: cmrvvipy90009oyyocqnstw83, score: 40, completedCount: 2, totalCriticalCount: 5} @ http://localhost:3030/_next/static/chunks/04m2_next_dist_01d_w1-._.js:2431
[ 2865769ms] [LOG] [Fast Refresh] rebuilding @ http://localhost:3030/_next/static/chunks/04m2_next_dist_01d_w1-._.js:2431
[ 2867431ms] [LOG] [Fast Refresh] done in 1674ms @ http://localhost:3030/_next/static/chunks/04m2_next_dist_01d_w1-._.js:2431
[ 2867552ms] [LOG] [Fast Refresh] rebuilding @ http://localhost:3030/_next/static/chunks/04m2_next_dist_01d_w1-._.js:2431
[ 2867794ms] [LOG] [Fast Refresh] done in 358ms @ http://localhost:3030/_next/static/chunks/04m2_next_dist_01d_w1-._.js:2431
[ 2867806ms] [INFO] %c%s%c [setup-health] background: #e6e6e6;background: light-dark(rgba(0,0,0,0.1), rgba(255,255,255,0.25));color: #000000;color: light-dark(#000000, #ffffff);border-radius: 2px  Server   panel-layout {tenantId: cmrvvipw70000oyyo6123270j, userId: cmrvvipy90009oyyocqnstw83, score: 40, completedCount: 2, totalCriticalCount: 5} @ http://localhost:3030/_next/static/chunks/04m2_next_dist_01d_w1-._.js:2431
[ 2867819ms] [INFO] %c%s%c [setup-health] background: #e6e6e6;background: light-dark(rgba(0,0,0,0.1), rgba(255,255,255,0.25));color: #000000;color: light-dark(#000000, #ffffff);border-radius: 2px  Server   panel-layout {tenantId: cmrvvipw70000oyyo6123270j, userId: cmrvvipy90009oyyocqnstw83, score: 40, completedCount: 2, totalCriticalCount: 5} @ http://localhost:3030/_next/static/chunks/04m2_next_dist_01d_w1-._.js:2431
[ 2867832ms] [INFO] %c%s%c [setup-health] background: #e6e6e6;background: light-dark(rgba(0,0,0,0.1), rgba(255,255,255,0.25));color: #000000;color: light-dark(#000000, #ffffff);border-radius: 2px  Server   panel-layout {tenantId: cmrvvipw70000oyyo6123270j, userId: cmrvvipy90009oyyocqnstw83, score: 40, completedCount: 2, totalCriticalCount: 5} @ http://localhost:3030/_next/static/chunks/04m2_next_dist_01d_w1-._.js:2431
[ 2867962ms] [LOG] [Fast Refresh] rebuilding @ http://localhost:3030/_next/static/chunks/04m2_next_dist_01d_w1-._.js:2431
[ 2867966ms] [LOG] [Fast Refresh] done in 104ms @ http://localhost:3030/_next/static/chunks/04m2_next_dist_01d_w1-._.js:2431
[ 2868112ms] [LOG] [Fast Refresh] rebuilding @ http://localhost:3030/_next/static/chunks/04m2_next_dist_01d_w1-._.js:2431
[ 2868143ms] [LOG] [Fast Refresh] done in 136ms @ http://localhost:3030/_next/static/chunks/04m2_next_dist_01d_w1-._.js:2431
[ 2868256ms] [LOG] [Fast Refresh] rebuilding @ http://localhost:3030/_next/static/chunks/04m2_next_dist_01d_w1-._.js:2431
[ 2868448ms] [LOG] [Fast Refresh] done in 298ms @ http://localhost:3030/_next/static/chunks/04m2_next_dist_01d_w1-._.js:2431
[ 2868551ms] [LOG] [Fast Refresh] rebuilding @ http://localhost:3030/_next/static/chunks/04m2_next_dist_01d_w1-._.js:2431
[ 2868621ms] [LOG] [Fast Refresh] done in 171ms @ http://localhost:3030/_next/static/chunks/04m2_next_dist_01d_w1-._.js:2431
[ 2868736ms] [LOG] [Fast Refresh] rebuilding @ http://localhost:3030/_next/static/chunks/04m2_next_dist_01d_w1-._.js:2431
[ 2868836ms] [INFO] %c%s%c [setup-health] background: #e6e6e6;background: light-dark(rgba(0,0,0,0.1), rgba(255,255,255,0.25));color: #000000;color: light-dark(#000000, #ffffff);border-radius: 2px  Server   panel-layout {tenantId: cmrvvipw70000oyyo6123270j, userId: cmrvvipy90009oyyocqnstw83, score: 40, completedCount: 2, totalCriticalCount: 5} @ http://localhost:3030/_next/static/chunks/04m2_next_dist_01d_w1-._.js:2431
[ 2868872ms] [LOG] [Fast Refresh] done in 250ms @ http://localhost:3030/_next/static/chunks/04m2_next_dist_01d_w1-._.js:2431
[ 2868975ms] [LOG] [Fast Refresh] rebuilding @ http://localhost:3030/_next/static/chunks/04m2_next_dist_01d_w1-._.js:2431
[ 2869101ms] [LOG] [Fast Refresh] done in 226ms @ http://localhost:3030/_next/static/chunks/04m2_next_dist_01d_w1-._.js:2431
[ 2869408ms] [LOG] [Fast Refresh] rebuilding @ http://localhost:3030/_next/static/chunks/04m2_next_dist_01d_w1-._.js:2431
[ 2869514ms] [LOG] [Fast Refresh] done in 212ms @ http://localhost:3030/_next/static/chunks/04m2_next_dist_01d_w1-._.js:2431
[ 2869597ms] [INFO] %c%s%c [setup-health] background: #e6e6e6;background: light-dark(rgba(0,0,0,0.1), rgba(255,255,255,0.25));color: #000000;color: light-dark(#000000, #ffffff);border-radius: 2px  Server   panel-layout {tenantId: cmrvvipw70000oyyo6123270j, userId: cmrvvipy90009oyyocqnstw83, score: 40, completedCount: 2, totalCriticalCount: 5} @ http://localhost:3030/_next/static/chunks/04m2_next_dist_01d_w1-._.js:2431
[ 2869722ms] [LOG] [Fast Refresh] rebuilding @ http://localhost:3030/_next/static/chunks/04m2_next_dist_01d_w1-._.js:2431
[ 2869792ms] [LOG] [Fast Refresh] done in 175ms @ http://localhost:3030/_next/static/chunks/04m2_next_dist_01d_w1-._.js:2431
[ 2869895ms] [LOG] [Fast Refresh] rebuilding @ http://localhost:3030/_next/static/chunks/04m2_next_dist_01d_w1-._.js:2431
[ 2870023ms] [LOG] [Fast Refresh] done in 230ms @ http://localhost:3030/_next/static/chunks/04m2_next_dist_01d_w1-._.js:2431
[ 2870290ms] [INFO] %c%s%c [setup-health] background: #e6e6e6;background: light-dark(rgba(0,0,0,0.1), rgba(255,255,255,0.25));color: #000000;color: light-dark(#000000, #ffffff);border-radius: 2px  Server   panel-layout {tenantId: cmrvvipw70000oyyo6123270j, userId: cmrvvipy90009oyyocqnstw83, score: 40, completedCount: 2, totalCriticalCount: 5} @ http://localhost:3030/_next/static/chunks/04m2_next_dist_01d_w1-._.js:2431
[ 2870315ms] [LOG] [Fast Refresh] rebuilding @ http://localhost:3030/_next/static/chunks/04m2_next_dist_01d_w1-._.js:2431
[ 2870328ms] [LOG] [Fast Refresh] done in 119ms @ http://localhost:3030/_next/static/chunks/04m2_next_dist_01d_w1-._.js:2431
[ 2870456ms] [LOG] [Fast Refresh] rebuilding @ http://localhost:3030/_next/static/chunks/04m2_next_dist_01d_w1-._.js:2431
[ 2870487ms] [LOG] [Fast Refresh] done in 136ms @ http://localhost:3030/_next/static/chunks/04m2_next_dist_01d_w1-._.js:2431
[ 2870589ms] [LOG] [Fast Refresh] rebuilding @ http://localhost:3030/_next/static/chunks/04m2_next_dist_01d_w1-._.js:2431
[ 2870673ms] [LOG] [Fast Refresh] done in 185ms @ http://localhost:3030/_next/static/chunks/04m2_next_dist_01d_w1-._.js:2431
[ 2870775ms] [LOG] [Fast Refresh] rebuilding @ http://localhost:3030/_next/static/chunks/04m2_next_dist_01d_w1-._.js:2431
[ 2870783ms] [LOG] [Fast Refresh] done in 109ms @ http://localhost:3030/_next/static/chunks/04m2_next_dist_01d_w1-._.js:2431
[ 2870889ms] [INFO] %c%s%c [setup-health] background: #e6e6e6;background: light-dark(rgba(0,0,0,0.1), rgba(255,255,255,0.25));color: #000000;color: light-dark(#000000, #ffffff);border-radius: 2px  Server   panel-layout {tenantId: cmrvvipw70000oyyo6123270j, userId: cmrvvipy90009oyyocqnstw83, score: 40, completedCount: 2, totalCriticalCount: 5} @ http://localhost:3030/_next/static/chunks/04m2_next_dist_01d_w1-._.js:2431
[ 2871062ms] [LOG] [Fast Refresh] rebuilding @ http://localhost:3030/_next/static/chunks/04m2_next_dist_01d_w1-._.js:2431
[ 2871218ms] [LOG] [Fast Refresh] done in 260ms @ http://localhost:3030/_next/static/chunks/04m2_next_dist_01d_w1-._.js:2431
[ 2871323ms] [LOG] [Fast Refresh] rebuilding @ http://localhost:3030/_next/static/chunks/04m2_next_dist_01d_w1-._.js:2431
[ 2871374ms] [LOG] [Fast Refresh] done in 154ms @ http://localhost:3030/_next/static/chunks/04m2_next_dist_01d_w1-._.js:2431
[ 2871509ms] [LOG] [Fast Refresh] rebuilding @ http://localhost:3030/_next/static/chunks/04m2_next_dist_01d_w1-._.js:2431
[ 2871528ms] [LOG] [Fast Refresh] done in 121ms @ http://localhost:3030/_next/static/chunks/04m2_next_dist_01d_w1-._.js:2431
[ 2871590ms] [INFO] %c%s%c [setup-health] background: #e6e6e6;background: light-dark(rgba(0,0,0,0.1), rgba(255,255,255,0.25));color: #000000;color: light-dark(#000000, #ffffff);border-radius: 2px  Server   panel-layout {tenantId: cmrvvipw70000oyyo6123270j, userId: cmrvvipy90009oyyocqnstw83, score: 40, completedCount: 2, totalCriticalCount: 5} @ http://localhost:3030/_next/static/chunks/04m2_next_dist_01d_w1-._.js:2431
[ 2871643ms] [LOG] [Fast Refresh] rebuilding @ http://localhost:3030/_next/static/chunks/04m2_next_dist_01d_w1-._.js:2431
[ 2871686ms] [LOG] [Fast Refresh] done in 158ms @ http://localhost:3030/_next/static/chunks/04m2_next_dist_01d_w1-._.js:2431
[ 2871790ms] [LOG] [Fast Refresh] rebuilding @ http://localhost:3030/_next/static/chunks/04m2_next_dist_01d_w1-._.js:2431
[ 2871860ms] [LOG] [Fast Refresh] done in 173ms @ http://localhost:3030/_next/static/chunks/04m2_next_dist_01d_w1-._.js:2431
[ 2872180ms] [LOG] [Fast Refresh] rebuilding @ http://localhost:3030/_next/static/chunks/04m2_next_dist_01d_w1-._.js:2431
[ 2872251ms] [INFO] %c%s%c [setup-health] background: #e6e6e6;background: light-dark(rgba(0,0,0,0.1), rgba(255,255,255,0.25));color: #000000;color: light-dark(#000000, #ffffff);border-radius: 2px  Server   panel-layout {tenantId: cmrvvipw70000oyyo6123270j, userId: cmrvvipy90009oyyocqnstw83, score: 40, completedCount: 2, totalCriticalCount: 5} @ http://localhost:3030/_next/static/chunks/04m2_next_dist_01d_w1-._.js:2431
[ 2872291ms] [LOG] [Fast Refresh] done in 215ms @ http://localhost:3030/_next/static/chunks/04m2_next_dist_01d_w1-._.js:2431
[ 2872403ms] [LOG] [Fast Refresh] rebuilding @ http://localhost:3030/_next/static/chunks/04m2_next_dist_01d_w1-._.js:2431
[ 2872477ms] [LOG] [Fast Refresh] done in 185ms @ http://localhost:3030/_next/static/chunks/04m2_next_dist_01d_w1-._.js:2431
[ 2872603ms] [LOG] [Fast Refresh] rebuilding @ http://localhost:3030/_next/static/chunks/04m2_next_dist_01d_w1-._.js:2431
[ 2872635ms] [LOG] [Fast Refresh] done in 141ms @ http://localhost:3030/_next/static/chunks/04m2_next_dist_01d_w1-._.js:2431
[ 2872748ms] [LOG] [Fast Refresh] rebuilding @ http://localhost:3030/_next/static/chunks/04m2_next_dist_01d_w1-._.js:2431
[ 2872903ms] [LOG] [Fast Refresh] done in 262ms @ http://localhost:3030/_next/static/chunks/04m2_next_dist_01d_w1-._.js:2431
[ 2872957ms] [INFO] %c%s%c [setup-health] background: #e6e6e6;background: light-dark(rgba(0,0,0,0.1), rgba(255,255,255,0.25));color: #000000;color: light-dark(#000000, #ffffff);border-radius: 2px  Server   panel-layout {tenantId: cmrvvipw70000oyyo6123270j, userId: cmrvvipy90009oyyocqnstw83, score: 40, completedCount: 2, totalCriticalCount: 5} @ http://localhost:3030/_next/static/chunks/04m2_next_dist_01d_w1-._.js:2431
[ 2873103ms] [LOG] [Fast Refresh] rebuilding @ http://localhost:3030/_next/static/chunks/04m2_next_dist_01d_w1-._.js:2431
[ 2873149ms] [LOG] [Fast Refresh] done in 155ms @ http://localhost:3030/_next/static/chunks/04m2_next_dist_01d_w1-._.js:2431
[ 2873257ms] [LOG] [Fast Refresh] rebuilding @ http://localhost:3030/_next/static/chunks/04m2_next_dist_01d_w1-._.js:2431
[ 2873358ms] [LOG] [Fast Refresh] done in 207ms @ http://localhost:3030/_next/static/chunks/04m2_next_dist_01d_w1-._.js:2431
[ 2873568ms] [LOG] [Fast Refresh] rebuilding @ http://localhost:3030/_next/static/chunks/04m2_next_dist_01d_w1-._.js:2431
[ 2873583ms] [INFO] %c%s%c [setup-health] background: #e6e6e6;background: light-dark(rgba(0,0,0,0.1), rgba(255,255,255,0.25));color: #000000;color: light-dark(#000000, #ffffff);border-radius: 2px  Server   panel-layout {tenantId: cmrvvipw70000oyyo6123270j, userId: cmrvvipy90009oyyocqnstw83, score: 40, completedCount: 2, totalCriticalCount: 5} @ http://localhost:3030/_next/static/chunks/04m2_next_dist_01d_w1-._.js:2431
[ 2873700ms] [LOG] [Fast Refresh] done in 235ms @ http://localhost:3030/_next/static/chunks/04m2_next_dist_01d_w1-._.js:2431
[ 2873803ms] [LOG] [Fast Refresh] rebuilding @ http://localhost:3030/_next/static/chunks/04m2_next_dist_01d_w1-._.js:2431
[ 2873955ms] [LOG] [Fast Refresh] done in 255ms @ http://localhost:3030/_next/static/chunks/04m2_next_dist_01d_w1-._.js:2431
[ 2874194ms] [LOG] [Fast Refresh] rebuilding @ http://localhost:3030/_next/static/chunks/04m2_next_dist_01d_w1-._.js:2431
[ 2874263ms] [LOG] [Fast Refresh] done in 173ms @ http://localhost:3030/_next/static/chunks/04m2_next_dist_01d_w1-._.js:2431
[ 2874301ms] [INFO] %c%s%c [setup-health] background: #e6e6e6;background: light-dark(rgba(0,0,0,0.1), rgba(255,255,255,0.25));color: #000000;color: light-dark(#000000, #ffffff);border-radius: 2px  Server   panel-layout {tenantId: cmrvvipw70000oyyo6123270j, userId: cmrvvipy90009oyyocqnstw83, score: 40, completedCount: 2, totalCriticalCount: 5} @ http://localhost:3030/_next/static/chunks/04m2_next_dist_01d_w1-._.js:2431
[ 2874368ms] [LOG] [Fast Refresh] rebuilding @ http://localhost:3030/_next/static/chunks/04m2_next_dist_01d_w1-._.js:2431
[ 2874612ms] [LOG] [Fast Refresh] done in 346ms @ http://localhost:3030/_next/static/chunks/04m2_next_dist_01d_w1-._.js:2431
[ 2874723ms] [LOG] [Fast Refresh] rebuilding @ http://localhost:3030/_next/static/chunks/04m2_next_dist_01d_w1-._.js:2431
[ 2874771ms] [LOG] [Fast Refresh] done in 154ms @ http://localhost:3030/_next/static/chunks/04m2_next_dist_01d_w1-._.js:2431
[ 2874884ms] [LOG] [Fast Refresh] rebuilding @ http://localhost:3030/_next/static/chunks/04m2_next_dist_01d_w1-._.js:2431
[ 2874906ms] [LOG] [Fast Refresh] done in 133ms @ http://localhost:3030/_next/static/chunks/04m2_next_dist_01d_w1-._.js:2431
[ 2875017ms] [INFO] %c%s%c [setup-health] background: #e6e6e6;background: light-dark(rgba(0,0,0,0.1), rgba(255,255,255,0.25));color: #000000;color: light-dark(#000000, #ffffff);border-radius: 2px  Server   panel-layout {tenantId: cmrvvipw70000oyyo6123270j, userId: cmrvvipy90009oyyocqnstw83, score: 40, completedCount: 2, totalCriticalCount: 5} @ http://localhost:3030/_next/static/chunks/04m2_next_dist_01d_w1-._.js:2431
[ 2875103ms] [LOG] [Fast Refresh] rebuilding @ http://localhost:3030/_next/static/chunks/04m2_next_dist_01d_w1-._.js:2431
[ 2875212ms] [LOG] [Fast Refresh] done in 214ms @ http://localhost:3030/_next/static/chunks/04m2_next_dist_01d_w1-._.js:2431
[ 2875543ms] [LOG] [Fast Refresh] rebuilding @ http://localhost:3030/_next/static/chunks/04m2_next_dist_01d_w1-._.js:2431
[ 2875634ms] [LOG] [Fast Refresh] done in 196ms @ http://localhost:3030/_next/static/chunks/04m2_next_dist_01d_w1-._.js:2431
[ 2875638ms] [INFO] %c%s%c [setup-health] background: #e6e6e6;background: light-dark(rgba(0,0,0,0.1), rgba(255,255,255,0.25));color: #000000;color: light-dark(#000000, #ffffff);border-radius: 2px  Server   panel-layout {tenantId: cmrvvipw70000oyyo6123270j, userId: cmrvvipy90009oyyocqnstw83, score: 40, completedCount: 2, totalCriticalCount: 5} @ http://localhost:3030/_next/static/chunks/04m2_next_dist_01d_w1-._.js:2431
[ 2875820ms] [LOG] [Fast Refresh] rebuilding @ http://localhost:3030/_next/static/chunks/04m2_next_dist_01d_w1-._.js:2431
[ 2875924ms] [LOG] [Fast Refresh] done in 209ms @ http://localhost:3030/_next/static/chunks/04m2_next_dist_01d_w1-._.js:2431
[ 2876031ms] [LOG] [Fast Refresh] rebuilding @ http://localhost:3030/_next/static/chunks/04m2_next_dist_01d_w1-._.js:2431
[ 2876145ms] [LOG] [Fast Refresh] done in 218ms @ http://localhost:3030/_next/static/chunks/04m2_next_dist_01d_w1-._.js:2431
[ 2876258ms] [LOG] [Fast Refresh] rebuilding @ http://localhost:3030/_next/static/chunks/04m2_next_dist_01d_w1-._.js:2431
[ 2876317ms] [LOG] [Fast Refresh] done in 167ms @ http://localhost:3030/_next/static/chunks/04m2_next_dist_01d_w1-._.js:2431
[ 2876323ms] [INFO] %c%s%c [setup-health] background: #e6e6e6;background: light-dark(rgba(0,0,0,0.1), rgba(255,255,255,0.25));color: #000000;color: light-dark(#000000, #ffffff);border-radius: 2px  Server   panel-layout {tenantId: cmrvvipw70000oyyo6123270j, userId: cmrvvipy90009oyyocqnstw83, score: 40, completedCount: 2, totalCriticalCount: 5} @ http://localhost:3030/_next/static/chunks/04m2_next_dist_01d_w1-._.js:2431
[ 2876431ms] [LOG] [Fast Refresh] rebuilding @ http://localhost:3030/_next/static/chunks/04m2_next_dist_01d_w1-._.js:2431
[ 2876541ms] [LOG] [Fast Refresh] done in 224ms @ http://localhost:3030/_next/static/chunks/04m2_next_dist_01d_w1-._.js:2431
[ 2876743ms] [LOG] [Fast Refresh] rebuilding @ http://localhost:3030/_next/static/chunks/04m2_next_dist_01d_w1-._.js:2431
[ 2876852ms] [LOG] [Fast Refresh] done in 214ms @ http://localhost:3030/_next/static/chunks/04m2_next_dist_01d_w1-._.js:2431
[ 2876956ms] [LOG] [Fast Refresh] rebuilding @ http://localhost:3030/_next/static/chunks/04m2_next_dist_01d_w1-._.js:2431
[ 2876992ms] [INFO] %c%s%c [setup-health] background: #e6e6e6;background: light-dark(rgba(0,0,0,0.1), rgba(255,255,255,0.25));color: #000000;color: light-dark(#000000, #ffffff);border-radius: 2px  Server   panel-layout {tenantId: cmrvvipw70000oyyo6123270j, userId: cmrvvipy90009oyyocqnstw83, score: 40, completedCount: 2, totalCriticalCount: 5} @ http://localhost:3030/_next/static/chunks/04m2_next_dist_01d_w1-._.js:2431
[ 2877157ms] [LOG] [Fast Refresh] done in 304ms @ http://localhost:3030/_next/static/chunks/04m2_next_dist_01d_w1-._.js:2431
[ 2877272ms] [LOG] [Fast Refresh] rebuilding @ http://localhost:3030/_next/static/chunks/04m2_next_dist_01d_w1-._.js:2431
[ 2877367ms] [LOG] [Fast Refresh] done in 198ms @ http://localhost:3030/_next/static/chunks/04m2_next_dist_01d_w1-._.js:2431
[ 2877786ms] [INFO] %c%s%c [setup-health] background: #e6e6e6;background: light-dark(rgba(0,0,0,0.1), rgba(255,255,255,0.25));color: #000000;color: light-dark(#000000, #ffffff);border-radius: 2px  Server   panel-layout {tenantId: cmrvvipw70000oyyo6123270j, userId: cmrvvipy90009oyyocqnstw83, score: 40, completedCount: 2, totalCriticalCount: 5} @ http://localhost:3030/_next/static/chunks/04m2_next_dist_01d_w1-._.js:2431
[ 2877900ms] [LOG] [Fast Refresh] rebuilding @ http://localhost:3030/_next/static/chunks/04m2_next_dist_01d_w1-._.js:2431
[ 2877917ms] [LOG] [Fast Refresh] done in 123ms @ http://localhost:3030/_next/static/chunks/04m2_next_dist_01d_w1-._.js:2431
[ 2878019ms] [LOG] [Fast Refresh] rebuilding @ http://localhost:3030/_next/static/chunks/04m2_next_dist_01d_w1-._.js:2431
[ 2878180ms] [LOG] [Fast Refresh] done in 261ms @ http://localhost:3030/_next/static/chunks/04m2_next_dist_01d_w1-._.js:2431
[ 2878343ms] [INFO] %c%s%c [setup-health] background: #e6e6e6;background: light-dark(rgba(0,0,0,0.1), rgba(255,255,255,0.25));color: #000000;color: light-dark(#000000, #ffffff);border-radius: 2px  Server   panel-layout {tenantId: cmrvvipw70000oyyo6123270j, userId: cmrvvipy90009oyyocqnstw83, score: 40, completedCount: 2, totalCriticalCount: 5} @ http://localhost:3030/_next/static/chunks/04m2_next_dist_01d_w1-._.js:2431
[ 2878452ms] [LOG] [Fast Refresh] rebuilding @ http://localhost:3030/_next/static/chunks/04m2_next_dist_01d_w1-._.js:2431
[ 2878519ms] [LOG] [Fast Refresh] done in 190ms @ http://localhost:3030/_next/static/chunks/04m2_next_dist_01d_w1-._.js:2431
[ 2878626ms] [LOG] [Fast Refresh] rebuilding @ http://localhost:3030/_next/static/chunks/04m2_next_dist_01d_w1-._.js:2431
[ 2878704ms] [LOG] [Fast Refresh] done in 182ms @ http://localhost:3030/_next/static/chunks/04m2_next_dist_01d_w1-._.js:2431
[ 2878832ms] [LOG] [Fast Refresh] rebuilding @ http://localhost:3030/_next/static/chunks/04m2_next_dist_01d_w1-._.js:2431
[ 2878905ms] [LOG] [Fast Refresh] done in 187ms @ http://localhost:3030/_next/static/chunks/04m2_next_dist_01d_w1-._.js:2431
[ 2879018ms] [LOG] [Fast Refresh] rebuilding @ http://localhost:3030/_next/static/chunks/04m2_next_dist_01d_w1-._.js:2431
[ 2879050ms] [LOG] [Fast Refresh] done in 144ms @ http://localhost:3030/_next/static/chunks/04m2_next_dist_01d_w1-._.js:2431
[ 2879090ms] [INFO] %c%s%c [setup-health] background: #e6e6e6;background: light-dark(rgba(0,0,0,0.1), rgba(255,255,255,0.25));color: #000000;color: light-dark(#000000, #ffffff);border-radius: 2px  Server   panel-layout {tenantId: cmrvvipw70000oyyo6123270j, userId: cmrvvipy90009oyyocqnstw83, score: 40, completedCount: 2, totalCriticalCount: 5} @ http://localhost:3030/_next/static/chunks/04m2_next_dist_01d_w1-._.js:2431
[ 2879194ms] [LOG] [Fast Refresh] rebuilding @ http://localhost:3030/_next/static/chunks/04m2_next_dist_01d_w1-._.js:2431
[ 2879373ms] [LOG] [Fast Refresh] done in 284ms @ http://localhost:3030/_next/static/chunks/04m2_next_dist_01d_w1-._.js:2431
[ 2879595ms] [LOG] [Fast Refresh] rebuilding @ http://localhost:3030/_next/static/chunks/04m2_next_dist_01d_w1-._.js:2431
[ 2879665ms] [LOG] [Fast Refresh] done in 180ms @ http://localhost:3030/_next/static/chunks/04m2_next_dist_01d_w1-._.js:2431
[ 2879785ms] [INFO] %c%s%c [setup-health] background: #e6e6e6;background: light-dark(rgba(0,0,0,0.1), rgba(255,255,255,0.25));color: #000000;color: light-dark(#000000, #ffffff);border-radius: 2px  Server   panel-layout {tenantId: cmrvvipw70000oyyo6123270j, userId: cmrvvipy90009oyyocqnstw83, score: 40, completedCount: 2, totalCriticalCount: 5} @ http://localhost:3030/_next/static/chunks/04m2_next_dist_01d_w1-._.js:2431
[ 2879872ms] [LOG] [Fast Refresh] rebuilding @ http://localhost:3030/_next/static/chunks/04m2_next_dist_01d_w1-._.js:2431
[ 2879891ms] [LOG] [Fast Refresh] done in 123ms @ http://localhost:3030/_next/static/chunks/04m2_next_dist_01d_w1-._.js:2431
[ 2880184ms] [LOG] [Fast Refresh] rebuilding @ http://localhost:3030/_next/static/chunks/04m2_next_dist_01d_w1-._.js:2431
[ 2880262ms] [LOG] [Fast Refresh] done in 183ms @ http://localhost:3030/_next/static/chunks/04m2_next_dist_01d_w1-._.js:2431
[ 2880373ms] [LOG] [Fast Refresh] rebuilding @ http://localhost:3030/_next/static/chunks/04m2_next_dist_01d_w1-._.js:2431
[ 2880408ms] [LOG] [Fast Refresh] done in 144ms @ http://localhost:3030/_next/static/chunks/04m2_next_dist_01d_w1-._.js:2431
[ 2880463ms] [INFO] %c%s%c [setup-health] background: #e6e6e6;background: light-dark(rgba(0,0,0,0.1), rgba(255,255,255,0.25));color: #000000;color: light-dark(#000000, #ffffff);border-radius: 2px  Server   panel-layout {tenantId: cmrvvipw70000oyyo6123270j, userId: cmrvvipy90009oyyocqnstw83, score: 40, completedCount: 2, totalCriticalCount: 5} @ http://localhost:3030/_next/static/chunks/04m2_next_dist_01d_w1-._.js:2431
[ 2880512ms] [LOG] [Fast Refresh] rebuilding @ http://localhost:3030/_next/static/chunks/04m2_next_dist_01d_w1-._.js:2431
[ 2880729ms] [LOG] [Fast Refresh] done in 320ms @ http://localhost:3030/_next/static/chunks/04m2_next_dist_01d_w1-._.js:2431
[ 2881145ms] [LOG] [Fast Refresh] rebuilding @ http://localhost:3030/_next/static/chunks/04m2_next_dist_01d_w1-._.js:2431
[ 2881160ms] [INFO] %c%s%c [setup-health] background: #e6e6e6;background: light-dark(rgba(0,0,0,0.1), rgba(255,255,255,0.25));color: #000000;color: light-dark(#000000, #ffffff);border-radius: 2px  Server   panel-layout {tenantId: cmrvvipw70000oyyo6123270j, userId: cmrvvipy90009oyyocqnstw83, score: 40, completedCount: 2, totalCriticalCount: 5} @ http://localhost:3030/_next/static/chunks/04m2_next_dist_01d_w1-._.js:2431
[ 2881221ms] [LOG] [Fast Refresh] done in 199ms @ http://localhost:3030/_next/static/chunks/04m2_next_dist_01d_w1-._.js:2431
[ 2881331ms] [LOG] [Fast Refresh] rebuilding @ http://localhost:3030/_next/static/chunks/04m2_next_dist_01d_w1-._.js:2431
[ 2881463ms] [LOG] [Fast Refresh] done in 237ms @ http://localhost:3030/_next/static/chunks/04m2_next_dist_01d_w1-._.js:2431
[ 2881579ms] [LOG] [Fast Refresh] rebuilding @ http://localhost:3030/_next/static/chunks/04m2_next_dist_01d_w1-._.js:2431
[ 2881637ms] [LOG] [Fast Refresh] done in 170ms @ http://localhost:3030/_next/static/chunks/04m2_next_dist_01d_w1-._.js:2431
[ 2881739ms] [LOG] [Fast Refresh] rebuilding @ http://localhost:3030/_next/static/chunks/04m2_next_dist_01d_w1-._.js:2431
[ 2881746ms] [LOG] [Fast Refresh] done in 107ms @ http://localhost:3030/_next/static/chunks/04m2_next_dist_01d_w1-._.js:2431
[ 2881809ms] [INFO] %c%s%c [setup-health] background: #e6e6e6;background: light-dark(rgba(0,0,0,0.1), rgba(255,255,255,0.25));color: #000000;color: light-dark(#000000, #ffffff);border-radius: 2px  Server   panel-layout {tenantId: cmrvvipw70000oyyo6123270j, userId: cmrvvipy90009oyyocqnstw83, score: 40, completedCount: 2, totalCriticalCount: 5} @ http://localhost:3030/_next/static/chunks/04m2_next_dist_01d_w1-._.js:2431
[ 2881965ms] [LOG] [Fast Refresh] rebuilding @ http://localhost:3030/_next/static/chunks/04m2_next_dist_01d_w1-._.js:2431
[ 2882108ms] [LOG] [Fast Refresh] done in 247ms @ http://localhost:3030/_next/static/chunks/04m2_next_dist_01d_w1-._.js:2431
[ 2882340ms] [LOG] [Fast Refresh] rebuilding @ http://localhost:3030/_next/static/chunks/04m2_next_dist_01d_w1-._.js:2431
[ 2882374ms] [LOG] [Fast Refresh] done in 135ms @ http://localhost:3030/_next/static/chunks/04m2_next_dist_01d_w1-._.js:2431
[ 2882506ms] [INFO] %c%s%c [setup-health] background: #e6e6e6;background: light-dark(rgba(0,0,0,0.1), rgba(255,255,255,0.25));color: #000000;color: light-dark(#000000, #ffffff);border-radius: 2px  Server   panel-layout {tenantId: cmrvvipw70000oyyo6123270j, userId: cmrvvipy90009oyyocqnstw83, score: 40, completedCount: 2, totalCriticalCount: 5} @ http://localhost:3030/_next/static/chunks/04m2_next_dist_01d_w1-._.js:2431
[ 2882519ms] [LOG] [Fast Refresh] rebuilding @ http://localhost:3030/_next/static/chunks/04m2_next_dist_01d_w1-._.js:2431
[ 2882607ms] [LOG] [Fast Refresh] done in 194ms @ http://localhost:3030/_next/static/chunks/04m2_next_dist_01d_w1-._.js:2431
[ 2883265ms] [LOG] [Fast Refresh] rebuilding @ http://localhost:3030/_next/static/chunks/04m2_next_dist_01d_w1-._.js:2431
[ 2883272ms] [INFO] %c%s%c [setup-health] background: #e6e6e6;background: light-dark(rgba(0,0,0,0.1), rgba(255,255,255,0.25));color: #000000;color: light-dark(#000000, #ffffff);border-radius: 2px  Server   panel-layout {tenantId: cmrvvipw70000oyyo6123270j, userId: cmrvvipy90009oyyocqnstw83, score: 40, completedCount: 2, totalCriticalCount: 5} @ http://localhost:3030/_next/static/chunks/04m2_next_dist_01d_w1-._.js:2431
[ 2883372ms] [LOG] [Fast Refresh] done in 208ms @ http://localhost:3030/_next/static/chunks/04m2_next_dist_01d_w1-._.js:2431
[ 2883479ms] [LOG] [Fast Refresh] rebuilding @ http://localhost:3030/_next/static/chunks/04m2_next_dist_01d_w1-._.js:2431
[ 2883503ms] [LOG] [Fast Refresh] done in 124ms @ http://localhost:3030/_next/static/chunks/04m2_next_dist_01d_w1-._.js:2431
[ 2883606ms] [LOG] [Fast Refresh] rebuilding @ http://localhost:3030/_next/static/chunks/04m2_next_dist_01d_w1-._.js:2431
[ 2883735ms] [LOG] [Fast Refresh] done in 231ms @ http://localhost:3030/_next/static/chunks/04m2_next_dist_01d_w1-._.js:2431
[ 2883841ms] [LOG] [Fast Refresh] rebuilding @ http://localhost:3030/_next/static/chunks/04m2_next_dist_01d_w1-._.js:2431
[ 2883908ms] [LOG] [Fast Refresh] done in 168ms @ http://localhost:3030/_next/static/chunks/04m2_next_dist_01d_w1-._.js:2431
[ 2883913ms] [INFO] %c%s%c [setup-health] background: #e6e6e6;background: light-dark(rgba(0,0,0,0.1), rgba(255,255,255,0.25));color: #000000;color: light-dark(#000000, #ffffff);border-radius: 2px  Server   panel-layout {tenantId: cmrvvipw70000oyyo6123270j, userId: cmrvvipy90009oyyocqnstw83, score: 40, completedCount: 2, totalCriticalCount: 5} @ http://localhost:3030/_next/static/chunks/04m2_next_dist_01d_w1-._.js:2431
[ 2884020ms] [LOG] [Fast Refresh] rebuilding @ http://localhost:3030/_next/static/chunks/04m2_next_dist_01d_w1-._.js:2431
[ 2884146ms] [LOG] [Fast Refresh] done in 237ms @ http://localhost:3030/_next/static/chunks/04m2_next_dist_01d_w1-._.js:2431
[ 2884375ms] [LOG] [Fast Refresh] rebuilding @ http://localhost:3030/_next/static/chunks/04m2_next_dist_01d_w1-._.js:2431
[ 2884426ms] [LOG] [Fast Refresh] done in 152ms @ http://localhost:3030/_next/static/chunks/04m2_next_dist_01d_w1-._.js:2431
[ 2884504ms] [INFO] %c%s%c [setup-health] background: #e6e6e6;background: light-dark(rgba(0,0,0,0.1), rgba(255,255,255,0.25));color: #000000;color: light-dark(#000000, #ffffff);border-radius: 2px  Server   panel-layout {tenantId: cmrvvipw70000oyyo6123270j, userId: cmrvvipy90009oyyocqnstw83, score: 40, completedCount: 2, totalCriticalCount: 5} @ http://localhost:3030/_next/static/chunks/04m2_next_dist_01d_w1-._.js:2431
[ 2884530ms] [LOG] [Fast Refresh] rebuilding @ http://localhost:3030/_next/static/chunks/04m2_next_dist_01d_w1-._.js:2431
[ 2884584ms] [LOG] [Fast Refresh] done in 157ms @ http://localhost:3030/_next/static/chunks/04m2_next_dist_01d_w1-._.js:2431
[ 2884685ms] [LOG] [Fast Refresh] rebuilding @ http://localhost:3030/_next/static/chunks/04m2_next_dist_01d_w1-._.js:2431
[ 2884798ms] [LOG] [Fast Refresh] done in 213ms @ http://localhost:3030/_next/static/chunks/04m2_next_dist_01d_w1-._.js:2431
[ 2884903ms] [LOG] [Fast Refresh] rebuilding @ http://localhost:3030/_next/static/chunks/04m2_next_dist_01d_w1-._.js:2431
[ 2884961ms] [LOG] [Fast Refresh] done in 160ms @ http://localhost:3030/_next/static/chunks/04m2_next_dist_01d_w1-._.js:2431
[ 2885073ms] [LOG] [Fast Refresh] rebuilding @ http://localhost:3030/_next/static/chunks/04m2_next_dist_01d_w1-._.js:2431
[ 2885107ms] [LOG] [Fast Refresh] done in 145ms @ http://localhost:3030/_next/static/chunks/04m2_next_dist_01d_w1-._.js:2431
[ 2885174ms] [INFO] %c%s%c [setup-health] background: #e6e6e6;background: light-dark(rgba(0,0,0,0.1), rgba(255,255,255,0.25));color: #000000;color: light-dark(#000000, #ffffff);border-radius: 2px  Server   panel-layout {tenantId: cmrvvipw70000oyyo6123270j, userId: cmrvvipy90009oyyocqnstw83, score: 40, completedCount: 2, totalCriticalCount: 5} @ http://localhost:3030/_next/static/chunks/04m2_next_dist_01d_w1-._.js:2431
[ 2885209ms] [LOG] [Fast Refresh] rebuilding @ http://localhost:3030/_next/static/chunks/04m2_next_dist_01d_w1-._.js:2431
[ 2885439ms] [LOG] [Fast Refresh] done in 332ms @ http://localhost:3030/_next/static/chunks/04m2_next_dist_01d_w1-._.js:2431
[ 2885667ms] [LOG] [Fast Refresh] rebuilding @ http://localhost:3030/_next/static/chunks/04m2_next_dist_01d_w1-._.js:2431
[ 2885679ms] [LOG] [Fast Refresh] done in 117ms @ http://localhost:3030/_next/static/chunks/04m2_next_dist_01d_w1-._.js:2431
[ 2885838ms] [INFO] %c%s%c [setup-health] background: #e6e6e6;background: light-dark(rgba(0,0,0,0.1), rgba(255,255,255,0.25));color: #000000;color: light-dark(#000000, #ffffff);border-radius: 2px  Server   panel-layout {tenantId: cmrvvipw70000oyyo6123270j, userId: cmrvvipy90009oyyocqnstw83, score: 40, completedCount: 2, totalCriticalCount: 5} @ http://localhost:3030/_next/static/chunks/04m2_next_dist_01d_w1-._.js:2431
[ 2885944ms] [LOG] [Fast Refresh] rebuilding @ http://localhost:3030/_next/static/chunks/04m2_next_dist_01d_w1-._.js:2431
[ 2885985ms] [LOG] [Fast Refresh] done in 149ms @ http://localhost:3030/_next/static/chunks/04m2_next_dist_01d_w1-._.js:2431
[ 2886348ms] [LOG] [Fast Refresh] rebuilding @ http://localhost:3030/_next/static/chunks/04m2_next_dist_01d_w1-._.js:2431
[ 2886433ms] [LOG] [Fast Refresh] done in 193ms @ http://localhost:3030/_next/static/chunks/04m2_next_dist_01d_w1-._.js:2431
[ 2886509ms] [INFO] %c%s%c [setup-health] background: #e6e6e6;background: light-dark(rgba(0,0,0,0.1), rgba(255,255,255,0.25));color: #000000;color: light-dark(#000000, #ffffff);border-radius: 2px  Server   panel-layout {tenantId: cmrvvipw70000oyyo6123270j, userId: cmrvvipy90009oyyocqnstw83, score: 40, completedCount: 2, totalCriticalCount: 5} @ http://localhost:3030/_next/static/chunks/04m2_next_dist_01d_w1-._.js:2431
[ 2886556ms] [LOG] [Fast Refresh] rebuilding @ http://localhost:3030/_next/static/chunks/04m2_next_dist_01d_w1-._.js:2431
[ 2886568ms] [LOG] [Fast Refresh] done in 115ms @ http://localhost:3030/_next/static/chunks/04m2_next_dist_01d_w1-._.js:2431
[ 2886675ms] [LOG] [Fast Refresh] rebuilding @ http://localhost:3030/_next/static/chunks/04m2_next_dist_01d_w1-._.js:2431
[ 2886814ms] [LOG] [Fast Refresh] done in 240ms @ http://localhost:3030/_next/static/chunks/04m2_next_dist_01d_w1-._.js:2431
[ 2886928ms] [LOG] [Fast Refresh] rebuilding @ http://localhost:3030/_next/static/chunks/04m2_next_dist_01d_w1-._.js:2431
[ 2887010ms] [LOG] [Fast Refresh] done in 195ms @ http://localhost:3030/_next/static/chunks/04m2_next_dist_01d_w1-._.js:2431
[ 2887212ms] [INFO] %c%s%c [setup-health] background: #e6e6e6;background: light-dark(rgba(0,0,0,0.1), rgba(255,255,255,0.25));color: #000000;color: light-dark(#000000, #ffffff);border-radius: 2px  Server   panel-layout {tenantId: cmrvvipw70000oyyo6123270j, userId: cmrvvipy90009oyyocqnstw83, score: 40, completedCount: 2, totalCriticalCount: 5} @ http://localhost:3030/_next/static/chunks/04m2_next_dist_01d_w1-._.js:2431
[ 2887332ms] [LOG] [Fast Refresh] rebuilding @ http://localhost:3030/_next/static/chunks/04m2_next_dist_01d_w1-._.js:2431
[ 2887467ms] [LOG] [Fast Refresh] done in 241ms @ http://localhost:3030/_next/static/chunks/04m2_next_dist_01d_w1-._.js:2431
[ 2887568ms] [LOG] [Fast Refresh] rebuilding @ http://localhost:3030/_next/static/chunks/04m2_next_dist_01d_w1-._.js:2431
[ 2887590ms] [LOG] [Fast Refresh] done in 123ms @ http://localhost:3030/_next/static/chunks/04m2_next_dist_01d_w1-._.js:2431
[ 2887865ms] [LOG] [Fast Refresh] rebuilding @ http://localhost:3030/_next/static/chunks/04m2_next_dist_01d_w1-._.js:2431
[ 2887896ms] [LOG] [Fast Refresh] done in 137ms @ http://localhost:3030/_next/static/chunks/04m2_next_dist_01d_w1-._.js:2431
[ 2887906ms] [INFO] %c%s%c [setup-health] background: #e6e6e6;background: light-dark(rgba(0,0,0,0.1), rgba(255,255,255,0.25));color: #000000;color: light-dark(#000000, #ffffff);border-radius: 2px  Server   panel-layout {tenantId: cmrvvipw70000oyyo6123270j, userId: cmrvvipy90009oyyocqnstw83, score: 40, completedCount: 2, totalCriticalCount: 5} @ http://localhost:3030/_next/static/chunks/04m2_next_dist_01d_w1-._.js:2431
[ 2888063ms] [LOG] [Fast Refresh] rebuilding @ http://localhost:3030/_next/static/chunks/04m2_next_dist_01d_w1-._.js:2431
[ 2888263ms] [LOG] [Fast Refresh] done in 301ms @ http://localhost:3030/_next/static/chunks/04m2_next_dist_01d_w1-._.js:2431
[ 2888462ms] [LOG] [Fast Refresh] rebuilding @ http://localhost:3030/_next/static/chunks/04m2_next_dist_01d_w1-._.js:2431
[ 2888519ms] [LOG] [Fast Refresh] done in 160ms @ http://localhost:3030/_next/static/chunks/04m2_next_dist_01d_w1-._.js:2431
[ 2888587ms] [INFO] %c%s%c [setup-health] background: #e6e6e6;background: light-dark(rgba(0,0,0,0.1), rgba(255,255,255,0.25));color: #000000;color: light-dark(#000000, #ffffff);border-radius: 2px  Server   panel-layout {tenantId: cmrvvipw70000oyyo6123270j, userId: cmrvvipy90009oyyocqnstw83, score: 40, completedCount: 2, totalCriticalCount: 5} @ http://localhost:3030/_next/static/chunks/04m2_next_dist_01d_w1-._.js:2431
[ 2888782ms] [LOG] [Fast Refresh] rebuilding @ http://localhost:3030/_next/static/chunks/04m2_next_dist_01d_w1-._.js:2431
[ 2888893ms] [LOG] [Fast Refresh] done in 224ms @ http://localhost:3030/_next/static/chunks/04m2_next_dist_01d_w1-._.js:2431
[ 2888994ms] [LOG] [Fast Refresh] rebuilding @ http://localhost:3030/_next/static/chunks/04m2_next_dist_01d_w1-._.js:2431
[ 2889081ms] [LOG] [Fast Refresh] done in 187ms @ http://localhost:3030/_next/static/chunks/04m2_next_dist_01d_w1-._.js:2431
[ 2889183ms] [LOG] [Fast Refresh] rebuilding @ http://localhost:3030/_next/static/chunks/04m2_next_dist_01d_w1-._.js:2431
[ 2889239ms] [LOG] [Fast Refresh] done in 157ms @ http://localhost:3030/_next/static/chunks/04m2_next_dist_01d_w1-._.js:2431
[ 2889241ms] [INFO] %c%s%c [setup-health] background: #e6e6e6;background: light-dark(rgba(0,0,0,0.1), rgba(255,255,255,0.25));color: #000000;color: light-dark(#000000, #ffffff);border-radius: 2px  Server   panel-layout {tenantId: cmrvvipw70000oyyo6123270j, userId: cmrvvipy90009oyyocqnstw83, score: 40, completedCount: 2, totalCriticalCount: 5} @ http://localhost:3030/_next/static/chunks/04m2_next_dist_01d_w1-._.js:2431
[ 2889342ms] [LOG] [Fast Refresh] rebuilding @ http://localhost:3030/_next/static/chunks/04m2_next_dist_01d_w1-._.js:2431
[ 2889363ms] [LOG] [Fast Refresh] done in 123ms @ http://localhost:3030/_next/static/chunks/04m2_next_dist_01d_w1-._.js:2431
[ 2889475ms] [LOG] [Fast Refresh] rebuilding @ http://localhost:3030/_next/static/chunks/04m2_next_dist_01d_w1-._.js:2431
[ 2889602ms] [LOG] [Fast Refresh] done in 233ms @ http://localhost:3030/_next/static/chunks/04m2_next_dist_01d_w1-._.js:2431
[ 2889826ms] [LOG] [Fast Refresh] rebuilding @ http://localhost:3030/_next/static/chunks/04m2_next_dist_01d_w1-._.js:2431
[ 2889923ms] [LOG] [Fast Refresh] done in 200ms @ http://localhost:3030/_next/static/chunks/04m2_next_dist_01d_w1-._.js:2431
[ 2889927ms] [INFO] %c%s%c [setup-health] background: #e6e6e6;background: light-dark(rgba(0,0,0,0.1), rgba(255,255,255,0.25));color: #000000;color: light-dark(#000000, #ffffff);border-radius: 2px  Server   panel-layout {tenantId: cmrvvipw70000oyyo6123270j, userId: cmrvvipy90009oyyocqnstw83, score: 40, completedCount: 2, totalCriticalCount: 5} @ http://localhost:3030/_next/static/chunks/04m2_next_dist_01d_w1-._.js:2431
[ 2890025ms] [LOG] [Fast Refresh] rebuilding @ http://localhost:3030/_next/static/chunks/04m2_next_dist_01d_w1-._.js:2431
[ 2890209ms] [LOG] [Fast Refresh] done in 286ms @ http://localhost:3030/_next/static/chunks/04m2_next_dist_01d_w1-._.js:2431
[ 2890316ms] [LOG] [Fast Refresh] rebuilding @ http://localhost:3030/_next/static/chunks/04m2_next_dist_01d_w1-._.js:2431
[ 2890411ms] [LOG] [Fast Refresh] done in 200ms @ http://localhost:3030/_next/static/chunks/04m2_next_dist_01d_w1-._.js:2431
[ 2890652ms] [INFO] %c%s%c [setup-health] background: #e6e6e6;background: light-dark(rgba(0,0,0,0.1), rgba(255,255,255,0.25));color: #000000;color: light-dark(#000000, #ffffff);border-radius: 2px  Server   panel-layout {tenantId: cmrvvipw70000oyyo6123270j, userId: cmrvvipy90009oyyocqnstw83, score: 40, completedCount: 2, totalCriticalCount: 5} @ http://localhost:3030/_next/static/chunks/04m2_next_dist_01d_w1-._.js:2431
[ 2890747ms] [LOG] [Fast Refresh] rebuilding @ http://localhost:3030/_next/static/chunks/04m2_next_dist_01d_w1-._.js:2431
[ 2890796ms] [LOG] [Fast Refresh] done in 153ms @ http://localhost:3030/_next/static/chunks/04m2_next_dist_01d_w1-._.js:2431
[ 2890905ms] [LOG] [Fast Refresh] rebuilding @ http://localhost:3030/_next/static/chunks/04m2_next_dist_01d_w1-._.js:2431
[ 2890999ms] [LOG] [Fast Refresh] done in 196ms @ http://localhost:3030/_next/static/chunks/04m2_next_dist_01d_w1-._.js:2431
[ 2891320ms] [LOG] [Fast Refresh] rebuilding @ http://localhost:3030/_next/static/chunks/04m2_next_dist_01d_w1-._.js:2431
[ 2891351ms] [LOG] [Fast Refresh] done in 173ms @ http://localhost:3030/_next/static/chunks/04m2_next_dist_01d_w1-._.js:2431
[ 2891357ms] [INFO] %c%s%c [setup-health] background: #e6e6e6;background: light-dark(rgba(0,0,0,0.1), rgba(255,255,255,0.25));color: #000000;color: light-dark(#000000, #ffffff);border-radius: 2px  Server   panel-layout {tenantId: cmrvvipw70000oyyo6123270j, userId: cmrvvipy90009oyyocqnstw83, score: 40, completedCount: 2, totalCriticalCount: 5} @ http://localhost:3030/_next/static/chunks/04m2_next_dist_01d_w1-._.js:2431
[ 2891491ms] [LOG] [Fast Refresh] rebuilding @ http://localhost:3030/_next/static/chunks/04m2_next_dist_01d_w1-._.js:2431
[ 2891757ms] [LOG] [Fast Refresh] done in 369ms @ http://localhost:3030/_next/static/chunks/04m2_next_dist_01d_w1-._.js:2431
[ 2892066ms] [INFO] %c%s%c [setup-health] background: #e6e6e6;background: light-dark(rgba(0,0,0,0.1), rgba(255,255,255,0.25));color: #000000;color: light-dark(#000000, #ffffff);border-radius: 2px  Server   panel-layout {tenantId: cmrvvipw70000oyyo6123270j, userId: cmrvvipy90009oyyocqnstw83, score: 40, completedCount: 2, totalCriticalCount: 5} @ http://localhost:3030/_next/static/chunks/04m2_next_dist_01d_w1-._.js:2431
[ 2892144ms] [LOG] [Fast Refresh] rebuilding @ http://localhost:3030/_next/static/chunks/04m2_next_dist_01d_w1-._.js:2431
[ 2892152ms] [LOG] [Fast Refresh] done in 115ms @ http://localhost:3030/_next/static/chunks/04m2_next_dist_01d_w1-._.js:2431
[ 2892258ms] [LOG] [Fast Refresh] rebuilding @ http://localhost:3030/_next/static/chunks/04m2_next_dist_01d_w1-._.js:2431
[ 2892362ms] [LOG] [Fast Refresh] done in 206ms @ http://localhost:3030/_next/static/chunks/04m2_next_dist_01d_w1-._.js:2431
[ 2892658ms] [LOG] [Fast Refresh] rebuilding @ http://localhost:3030/_next/static/chunks/04m2_next_dist_01d_w1-._.js:2431
[ 2892750ms] [LOG] [Fast Refresh] done in 200ms @ http://localhost:3030/_next/static/chunks/04m2_next_dist_01d_w1-._.js:2431
[ 2892795ms] [INFO] %c%s%c [setup-health] background: #e6e6e6;background: light-dark(rgba(0,0,0,0.1), rgba(255,255,255,0.25));color: #000000;color: light-dark(#000000, #ffffff);border-radius: 2px  Server   panel-layout {tenantId: cmrvvipw70000oyyo6123270j, userId: cmrvvipy90009oyyocqnstw83, score: 40, completedCount: 2, totalCriticalCount: 5} @ http://localhost:3030/_next/static/chunks/04m2_next_dist_01d_w1-._.js:2431
[ 2892863ms] [LOG] [Fast Refresh] rebuilding @ http://localhost:3030/_next/static/chunks/04m2_next_dist_01d_w1-._.js:2431
[ 2892868ms] [LOG] [Fast Refresh] done in 116ms @ http://localhost:3030/_next/static/chunks/04m2_next_dist_01d_w1-._.js:2431
[ 2892997ms] [LOG] [Fast Refresh] rebuilding @ http://localhost:3030/_next/static/chunks/04m2_next_dist_01d_w1-._.js:2431
[ 2893028ms] [LOG] [Fast Refresh] done in 132ms @ http://localhost:3030/_next/static/chunks/04m2_next_dist_01d_w1-._.js:2431
[ 2893130ms] [LOG] [Fast Refresh] rebuilding @ http://localhost:3030/_next/static/chunks/04m2_next_dist_01d_w1-._.js:2431
[ 2893175ms] [LOG] [Fast Refresh] done in 146ms @ http://localhost:3030/_next/static/chunks/04m2_next_dist_01d_w1-._.js:2431
[ 2893296ms] [LOG] [Fast Refresh] rebuilding @ http://localhost:3030/_next/static/chunks/04m2_next_dist_01d_w1-._.js:2431
[ 2893404ms] [LOG] [Fast Refresh] done in 214ms @ http://localhost:3030/_next/static/chunks/04m2_next_dist_01d_w1-._.js:2431
[ 2893418ms] [INFO] %c%s%c [setup-health] background: #e6e6e6;background: light-dark(rgba(0,0,0,0.1), rgba(255,255,255,0.25));color: #000000;color: light-dark(#000000, #ffffff);border-radius: 2px  Server   panel-layout {tenantId: cmrvvipw70000oyyo6123270j, userId: cmrvvipy90009oyyocqnstw83, score: 40, completedCount: 2, totalCriticalCount: 5} @ http://localhost:3030/_next/static/chunks/04m2_next_dist_01d_w1-._.js:2431
[ 2893616ms] [LOG] [Fast Refresh] rebuilding @ http://localhost:3030/_next/static/chunks/04m2_next_dist_01d_w1-._.js:2431
[ 2893704ms] [LOG] [Fast Refresh] done in 194ms @ http://localhost:3030/_next/static/chunks/04m2_next_dist_01d_w1-._.js:2431
[ 2893824ms] [LOG] [Fast Refresh] rebuilding @ http://localhost:3030/_next/static/chunks/04m2_next_dist_01d_w1-._.js:2431
[ 2893971ms] [LOG] [Fast Refresh] done in 258ms @ http://localhost:3030/_next/static/chunks/04m2_next_dist_01d_w1-._.js:2431
[ 2894093ms] [LOG] [Fast Refresh] rebuilding @ http://localhost:3030/_next/static/chunks/04m2_next_dist_01d_w1-._.js:2431
[ 2894099ms] [LOG] [Fast Refresh] done in 126ms @ http://localhost:3030/_next/static/chunks/04m2_next_dist_01d_w1-._.js:2431
[ 2894133ms] [INFO] %c%s%c [setup-health] background: #e6e6e6;background: light-dark(rgba(0,0,0,0.1), rgba(255,255,255,0.25));color: #000000;color: light-dark(#000000, #ffffff);border-radius: 2px  Server   panel-layout {tenantId: cmrvvipw70000oyyo6123270j, userId: cmrvvipy90009oyyocqnstw83, score: 40, completedCount: 2, totalCriticalCount: 5} @ http://localhost:3030/_next/static/chunks/04m2_next_dist_01d_w1-._.js:2431
[ 2894214ms] [LOG] [Fast Refresh] rebuilding @ http://localhost:3030/_next/static/chunks/04m2_next_dist_01d_w1-._.js:2431
[ 2894351ms] [LOG] [Fast Refresh] done in 239ms @ http://localhost:3030/_next/static/chunks/04m2_next_dist_01d_w1-._.js:2431
[ 2894721ms] [INFO] %c%s%c [setup-health] background: #e6e6e6;background: light-dark(rgba(0,0,0,0.1), rgba(255,255,255,0.25));color: #000000;color: light-dark(#000000, #ffffff);border-radius: 2px  Server   panel-layout {tenantId: cmrvvipw70000oyyo6123270j, userId: cmrvvipy90009oyyocqnstw83, score: 40, completedCount: 2, totalCriticalCount: 5} @ http://localhost:3030/_next/static/chunks/04m2_next_dist_01d_w1-._.js:2431
[ 2894880ms] [LOG] [Fast Refresh] rebuilding @ http://localhost:3030/_next/static/chunks/04m2_next_dist_01d_w1-._.js:2431
[ 2895058ms] [LOG] [Fast Refresh] done in 282ms @ http://localhost:3030/_next/static/chunks/04m2_next_dist_01d_w1-._.js:2431
[ 2895403ms] [INFO] %c%s%c [setup-health] background: #e6e6e6;background: light-dark(rgba(0,0,0,0.1), rgba(255,255,255,0.25));color: #000000;color: light-dark(#000000, #ffffff);border-radius: 2px  Server   panel-layout {tenantId: cmrvvipw70000oyyo6123270j, userId: cmrvvipy90009oyyocqnstw83, score: 40, completedCount: 2, totalCriticalCount: 5} @ http://localhost:3030/_next/static/chunks/04m2_next_dist_01d_w1-._.js:2431
[ 2895525ms] [LOG] [Fast Refresh] rebuilding @ http://localhost:3030/_next/static/chunks/04m2_next_dist_01d_w1-._.js:2431
[ 2895592ms] [LOG] [Fast Refresh] done in 206ms @ http://localhost:3030/_next/static/chunks/04m2_next_dist_01d_w1-._.js:2431
[ 2896069ms] [LOG] [Fast Refresh] rebuilding @ http://localhost:3030/_next/static/chunks/04m2_next_dist_01d_w1-._.js:2431
[ 2896189ms] [LOG] [Fast Refresh] done in 227ms @ http://localhost:3030/_next/static/chunks/04m2_next_dist_01d_w1-._.js:2431
[ 2896205ms] [INFO] %c%s%c [setup-health] background: #e6e6e6;background: light-dark(rgba(0,0,0,0.1), rgba(255,255,255,0.25));color: #000000;color: light-dark(#000000, #ffffff);border-radius: 2px  Server   panel-layout {tenantId: cmrvvipw70000oyyo6123270j, userId: cmrvvipy90009oyyocqnstw83, score: 40, completedCount: 2, totalCriticalCount: 5} @ http://localhost:3030/_next/static/chunks/04m2_next_dist_01d_w1-._.js:2431
[ 2896293ms] [LOG] [Fast Refresh] rebuilding @ http://localhost:3030/_next/static/chunks/04m2_next_dist_01d_w1-._.js:2431
[ 2896296ms] [LOG] [Fast Refresh] done in 107ms @ http://localhost:3030/_next/static/chunks/04m2_next_dist_01d_w1-._.js:2431
[ 2896401ms] [LOG] [Fast Refresh] rebuilding @ http://localhost:3030/_next/static/chunks/04m2_next_dist_01d_w1-._.js:2431
[ 2896506ms] [LOG] [Fast Refresh] done in 207ms @ http://localhost:3030/_next/static/chunks/04m2_next_dist_01d_w1-._.js:2431
[ 2896611ms] [LOG] [Fast Refresh] rebuilding @ http://localhost:3030/_next/static/chunks/04m2_next_dist_01d_w1-._.js:2431
[ 2896644ms] [LOG] [Fast Refresh] done in 137ms @ http://localhost:3030/_next/static/chunks/04m2_next_dist_01d_w1-._.js:2431
[ 2896911ms] [INFO] %c%s%c [setup-health] background: #e6e6e6;background: light-dark(rgba(0,0,0,0.1), rgba(255,255,255,0.25));color: #000000;color: light-dark(#000000, #ffffff);border-radius: 2px  Server   panel-layout {tenantId: cmrvvipw70000oyyo6123270j, userId: cmrvvipy90009oyyocqnstw83, score: 40, completedCount: 2, totalCriticalCount: 5} @ http://localhost:3030/_next/static/chunks/04m2_next_dist_01d_w1-._.js:2431
[ 2897056ms] [LOG] [Fast Refresh] rebuilding @ http://localhost:3030/_next/static/chunks/04m2_next_dist_01d_w1-._.js:2431
[ 2897186ms] [LOG] [Fast Refresh] done in 235ms @ http://localhost:3030/_next/static/chunks/04m2_next_dist_01d_w1-._.js:2431
[ 2897589ms] [LOG] [Fast Refresh] rebuilding @ http://localhost:3030/_next/static/chunks/04m2_next_dist_01d_w1-._.js:2431
[ 2897615ms] [LOG] [Fast Refresh] done in 149ms @ http://localhost:3030/_next/static/chunks/04m2_next_dist_01d_w1-._.js:2431
[ 2897619ms] [INFO] %c%s%c [setup-health] background: #e6e6e6;background: light-dark(rgba(0,0,0,0.1), rgba(255,255,255,0.25));color: #000000;color: light-dark(#000000, #ffffff);border-radius: 2px  Server   panel-layout {tenantId: cmrvvipw70000oyyo6123270j, userId: cmrvvipy90009oyyocqnstw83, score: 40, completedCount: 2, totalCriticalCount: 5} @ http://localhost:3030/_next/static/chunks/04m2_next_dist_01d_w1-._.js:2431
[ 2897719ms] [LOG] [Fast Refresh] rebuilding @ http://localhost:3030/_next/static/chunks/04m2_next_dist_01d_w1-._.js:2431
[ 2897873ms] [LOG] [Fast Refresh] done in 256ms @ http://localhost:3030/_next/static/chunks/04m2_next_dist_01d_w1-._.js:2431
[ 2897977ms] [LOG] [Fast Refresh] rebuilding @ http://localhost:3030/_next/static/chunks/04m2_next_dist_01d_w1-._.js:2431
[ 2898033ms] [LOG] [Fast Refresh] done in 157ms @ http://localhost:3030/_next/static/chunks/04m2_next_dist_01d_w1-._.js:2431
[ 2898137ms] [LOG] [Fast Refresh] rebuilding @ http://localhost:3030/_next/static/chunks/04m2_next_dist_01d_w1-._.js:2431
[ 2898137ms] [LOG] [Fast Refresh] done in 102ms @ http://localhost:3030/_next/static/chunks/04m2_next_dist_01d_w1-._.js:2431
[ 2898234ms] [INFO] %c%s%c [setup-health] background: #e6e6e6;background: light-dark(rgba(0,0,0,0.1), rgba(255,255,255,0.25));color: #000000;color: light-dark(#000000, #ffffff);border-radius: 2px  Server   panel-layout {tenantId: cmrvvipw70000oyyo6123270j, userId: cmrvvipy90009oyyocqnstw83, score: 40, completedCount: 2, totalCriticalCount: 5} @ http://localhost:3030/_next/static/chunks/04m2_next_dist_01d_w1-._.js:2431
[ 2898332ms] [LOG] [Fast Refresh] rebuilding @ http://localhost:3030/_next/static/chunks/04m2_next_dist_01d_w1-._.js:2431
[ 2898526ms] [LOG] [Fast Refresh] done in 298ms @ http://localhost:3030/_next/static/chunks/04m2_next_dist_01d_w1-._.js:2431
[ 2898923ms] [INFO] %c%s%c [setup-health] background: #e6e6e6;background: light-dark(rgba(0,0,0,0.1), rgba(255,255,255,0.25));color: #000000;color: light-dark(#000000, #ffffff);border-radius: 2px  Server   panel-layout {tenantId: cmrvvipw70000oyyo6123270j, userId: cmrvvipy90009oyyocqnstw83, score: 40, completedCount: 2, totalCriticalCount: 5} @ http://localhost:3030/_next/static/chunks/04m2_next_dist_01d_w1-._.js:2431
[ 2898989ms] [LOG] [Fast Refresh] rebuilding @ http://localhost:3030/_next/static/chunks/04m2_next_dist_01d_w1-._.js:2431
[ 2899026ms] [LOG] [Fast Refresh] done in 135ms @ http://localhost:3030/_next/static/chunks/04m2_next_dist_01d_w1-._.js:2431
[ 2899510ms] [LOG] [Fast Refresh] rebuilding @ http://localhost:3030/_next/static/chunks/04m2_next_dist_01d_w1-._.js:2431
[ 2899576ms] [LOG] [Fast Refresh] done in 174ms @ http://localhost:3030/_next/static/chunks/04m2_next_dist_01d_w1-._.js:2431
[ 2899619ms] [INFO] %c%s%c [setup-health] background: #e6e6e6;background: light-dark(rgba(0,0,0,0.1), rgba(255,255,255,0.25));color: #000000;color: light-dark(#000000, #ffffff);border-radius: 2px  Server   panel-layout {tenantId: cmrvvipw70000oyyo6123270j, userId: cmrvvipy90009oyyocqnstw83, score: 40, completedCount: 2, totalCriticalCount: 5} @ http://localhost:3030/_next/static/chunks/04m2_next_dist_01d_w1-._.js:2431
[ 2899964ms] [LOG] [Fast Refresh] rebuilding @ http://localhost:3030/_next/static/chunks/04m2_next_dist_01d_w1-._.js:2431
[ 2900016ms] [LOG] [Fast Refresh] done in 158ms @ http://localhost:3030/_next/static/chunks/04m2_next_dist_01d_w1-._.js:2431
[ 2900121ms] [LOG] [Fast Refresh] rebuilding @ http://localhost:3030/_next/static/chunks/04m2_next_dist_01d_w1-._.js:2431
[ 2900268ms] [LOG] [Fast Refresh] done in 248ms @ http://localhost:3030/_next/static/chunks/04m2_next_dist_01d_w1-._.js:2431
[ 2900269ms] [INFO] %c%s%c [setup-health] background: #e6e6e6;background: light-dark(rgba(0,0,0,0.1), rgba(255,255,255,0.25));color: #000000;color: light-dark(#000000, #ffffff);border-radius: 2px  Server   panel-layout {tenantId: cmrvvipw70000oyyo6123270j, userId: cmrvvipy90009oyyocqnstw83, score: 40, completedCount: 2, totalCriticalCount: 5} @ http://localhost:3030/_next/static/chunks/04m2_next_dist_01d_w1-._.js:2431
[ 2900440ms] [LOG] [Fast Refresh] rebuilding @ http://localhost:3030/_next/static/chunks/04m2_next_dist_01d_w1-._.js:2431
[ 2900551ms] [LOG] [Fast Refresh] done in 211ms @ http://localhost:3030/_next/static/chunks/04m2_next_dist_01d_w1-._.js:2431
[ 2900915ms] [INFO] %c%s%c [setup-health] background: #e6e6e6;background: light-dark(rgba(0,0,0,0.1), rgba(255,255,255,0.25));color: #000000;color: light-dark(#000000, #ffffff);border-radius: 2px  Server   panel-layout {tenantId: cmrvvipw70000oyyo6123270j, userId: cmrvvipy90009oyyocqnstw83, score: 40, completedCount: 2, totalCriticalCount: 5} @ http://localhost:3030/_next/static/chunks/04m2_next_dist_01d_w1-._.js:2431
[ 2901055ms] [LOG] [Fast Refresh] rebuilding @ http://localhost:3030/_next/static/chunks/04m2_next_dist_01d_w1-._.js:2431
[ 2901233ms] [LOG] [Fast Refresh] done in 281ms @ http://localhost:3030/_next/static/chunks/04m2_next_dist_01d_w1-._.js:2431
[ 2901458ms] [LOG] [Fast Refresh] rebuilding @ http://localhost:3030/_next/static/chunks/04m2_next_dist_01d_w1-._.js:2431
[ 2901515ms] [LOG] [Fast Refresh] done in 167ms @ http://localhost:3030/_next/static/chunks/04m2_next_dist_01d_w1-._.js:2431
[ 2901629ms] [LOG] [Fast Refresh] rebuilding @ http://localhost:3030/_next/static/chunks/04m2_next_dist_01d_w1-._.js:2431
[ 2901645ms] [LOG] [Fast Refresh] done in 117ms @ http://localhost:3030/_next/static/chunks/04m2_next_dist_01d_w1-._.js:2431
[ 2901654ms] [INFO] %c%s%c [setup-health] background: #e6e6e6;background: light-dark(rgba(0,0,0,0.1), rgba(255,255,255,0.25));color: #000000;color: light-dark(#000000, #ffffff);border-radius: 2px  Server   panel-layout {tenantId: cmrvvipw70000oyyo6123270j, userId: cmrvvipy90009oyyocqnstw83, score: 40, completedCount: 2, totalCriticalCount: 5} @ http://localhost:3030/_next/static/chunks/04m2_next_dist_01d_w1-._.js:2431
[ 2901760ms] [LOG] [Fast Refresh] rebuilding @ http://localhost:3030/_next/static/chunks/04m2_next_dist_01d_w1-._.js:2431
[ 2902029ms] [LOG] [Fast Refresh] done in 375ms @ http://localhost:3030/_next/static/chunks/04m2_next_dist_01d_w1-._.js:2431
[ 2902337ms] [INFO] %c%s%c [setup-health] background: #e6e6e6;background: light-dark(rgba(0,0,0,0.1), rgba(255,255,255,0.25));color: #000000;color: light-dark(#000000, #ffffff);border-radius: 2px  Server   panel-layout {tenantId: cmrvvipw70000oyyo6123270j, userId: cmrvvipy90009oyyocqnstw83, score: 40, completedCount: 2, totalCriticalCount: 5} @ http://localhost:3030/_next/static/chunks/04m2_next_dist_01d_w1-._.js:2431
[ 2902433ms] [LOG] [Fast Refresh] rebuilding @ http://localhost:3030/_next/static/chunks/04m2_next_dist_01d_w1-._.js:2431
[ 2902448ms] [LOG] [Fast Refresh] done in 141ms @ http://localhost:3030/_next/static/chunks/04m2_next_dist_01d_w1-._.js:2431
[ 2902575ms] [LOG] [Fast Refresh] rebuilding @ http://localhost:3030/_next/static/chunks/04m2_next_dist_01d_w1-._.js:2431
[ 2902674ms] [LOG] [Fast Refresh] done in 201ms @ http://localhost:3030/_next/static/chunks/04m2_next_dist_01d_w1-._.js:2431
[ 2902775ms] [LOG] [Fast Refresh] rebuilding @ http://localhost:3030/_next/static/chunks/04m2_next_dist_01d_w1-._.js:2431
[ 2902778ms] [LOG] [Fast Refresh] done in 103ms @ http://localhost:3030/_next/static/chunks/04m2_next_dist_01d_w1-._.js:2431
[ 2902880ms] [LOG] [Fast Refresh] rebuilding @ http://localhost:3030/_next/static/chunks/04m2_next_dist_01d_w1-._.js:2431
[ 2902898ms] [LOG] [Fast Refresh] done in 119ms @ http://localhost:3030/_next/static/chunks/04m2_next_dist_01d_w1-._.js:2431
[ 2903001ms] [LOG] [Fast Refresh] rebuilding @ http://localhost:3030/_next/static/chunks/04m2_next_dist_01d_w1-._.js:2431
[ 2903042ms] [LOG] [Fast Refresh] done in 142ms @ http://localhost:3030/_next/static/chunks/04m2_next_dist_01d_w1-._.js:2431
[ 2903048ms] [INFO] %c%s%c [setup-health] background: #e6e6e6;background: light-dark(rgba(0,0,0,0.1), rgba(255,255,255,0.25));color: #000000;color: light-dark(#000000, #ffffff);border-radius: 2px  Server   panel-layout {tenantId: cmrvvipw70000oyyo6123270j, userId: cmrvvipy90009oyyocqnstw83, score: 40, completedCount: 2, totalCriticalCount: 5} @ http://localhost:3030/_next/static/chunks/04m2_next_dist_01d_w1-._.js:2431
[ 2903149ms] [LOG] [Fast Refresh] rebuilding @ http://localhost:3030/_next/static/chunks/04m2_next_dist_01d_w1-._.js:2431
[ 2903178ms] [LOG] [Fast Refresh] done in 130ms @ http://localhost:3030/_next/static/chunks/04m2_next_dist_01d_w1-._.js:2431
[ 2903280ms] [LOG] [Fast Refresh] rebuilding @ http://localhost:3030/_next/static/chunks/04m2_next_dist_01d_w1-._.js:2431
[ 2903376ms] [LOG] [Fast Refresh] done in 197ms @ http://localhost:3030/_next/static/chunks/04m2_next_dist_01d_w1-._.js:2431
[ 2903559ms] [LOG] [Fast Refresh] rebuilding @ http://localhost:3030/_next/static/chunks/04m2_next_dist_01d_w1-._.js:2431
[ 2903621ms] [LOG] [Fast Refresh] done in 164ms @ http://localhost:3030/_next/static/chunks/04m2_next_dist_01d_w1-._.js:2431
[ 2903722ms] [LOG] [Fast Refresh] rebuilding @ http://localhost:3030/_next/static/chunks/04m2_next_dist_01d_w1-._.js:2431
[ 2903726ms] [LOG] [Fast Refresh] done in 105ms @ http://localhost:3030/_next/static/chunks/04m2_next_dist_01d_w1-._.js:2431
[ 2903754ms] [INFO] %c%s%c [setup-health] background: #e6e6e6;background: light-dark(rgba(0,0,0,0.1), rgba(255,255,255,0.25));color: #000000;color: light-dark(#000000, #ffffff);border-radius: 2px  Server   panel-layout {tenantId: cmrvvipw70000oyyo6123270j, userId: cmrvvipy90009oyyocqnstw83, score: 40, completedCount: 2, totalCriticalCount: 5} @ http://localhost:3030/_next/static/chunks/04m2_next_dist_01d_w1-._.js:2431
[ 2903829ms] [LOG] [Fast Refresh] rebuilding @ http://localhost:3030/_next/static/chunks/04m2_next_dist_01d_w1-._.js:2431
[ 2903886ms] [LOG] [Fast Refresh] done in 160ms @ http://localhost:3030/_next/static/chunks/04m2_next_dist_01d_w1-._.js:2431
[ 2904000ms] [LOG] [Fast Refresh] rebuilding @ http://localhost:3030/_next/static/chunks/04m2_next_dist_01d_w1-._.js:2431
[ 2904432ms] [INFO] %c%s%c [setup-health] background: #e6e6e6;background: light-dark(rgba(0,0,0,0.1), rgba(255,255,255,0.25));color: #000000;color: light-dark(#000000, #ffffff);border-radius: 2px  Server   panel-layout {tenantId: cmrvvipw70000oyyo6123270j, userId: cmrvvipy90009oyyocqnstw83, score: 40, completedCount: 2, totalCriticalCount: 5} @ http://localhost:3030/_next/static/chunks/04m2_next_dist_01d_w1-._.js:2431
[ 2906662ms] [LOG] [Fast Refresh] done in 2770ms @ http://localhost:3030/_next/static/chunks/04m2_next_dist_01d_w1-._.js:2431
[ 2906671ms] [INFO] %c%s%c [setup-health] background: #e6e6e6;background: light-dark(rgba(0,0,0,0.1), rgba(255,255,255,0.25));color: #000000;color: light-dark(#000000, #ffffff);border-radius: 2px  Server   panel-layout {tenantId: cmrvvipw70000oyyo6123270j, userId: cmrvvipy90009oyyocqnstw83, score: 40, completedCount: 2, totalCriticalCount: 5} @ http://localhost:3030/_next/static/chunks/04m2_next_dist_01d_w1-._.js:2431
[ 2906680ms] [INFO] %c%s%c [setup-health] background: #e6e6e6;background: light-dark(rgba(0,0,0,0.1), rgba(255,255,255,0.25));color: #000000;color: light-dark(#000000, #ffffff);border-radius: 2px  Server   panel-layout {tenantId: cmrvvipw70000oyyo6123270j, userId: cmrvvipy90009oyyocqnstw83, score: 40, completedCount: 2, totalCriticalCount: 5} @ http://localhost:3030/_next/static/chunks/04m2_next_dist_01d_w1-._.js:2431
[ 2906715ms] [INFO] %c%s%c [setup-health] background: #e6e6e6;background: light-dark(rgba(0,0,0,0.1), rgba(255,255,255,0.25));color: #000000;color: light-dark(#000000, #ffffff);border-radius: 2px  Server   panel-layout {tenantId: cmrvvipw70000oyyo6123270j, userId: cmrvvipy90009oyyocqnstw83, score: 40, completedCount: 2, totalCriticalCount: 5} @ http://localhost:3030/_next/static/chunks/04m2_next_dist_01d_w1-._.js:2431
[ 2906794ms] [LOG] [Fast Refresh] rebuilding @ http://localhost:3030/_next/static/chunks/04m2_next_dist_01d_w1-._.js:2431
[ 2907502ms] [LOG] [Fast Refresh] done in 813ms @ http://localhost:3030/_next/static/chunks/04m2_next_dist_01d_w1-._.js:2431
[ 2907530ms] [INFO] %c%s%c [setup-health] background: #e6e6e6;background: light-dark(rgba(0,0,0,0.1), rgba(255,255,255,0.25));color: #000000;color: light-dark(#000000, #ffffff);border-radius: 2px  Server   panel-layout {tenantId: cmrvvipw70000oyyo6123270j, userId: cmrvvipy90009oyyocqnstw83, score: 40, completedCount: 2, totalCriticalCount: 5} @ http://localhost:3030/_next/static/chunks/04m2_next_dist_01d_w1-._.js:2431
[ 2907656ms] [LOG] [Fast Refresh] rebuilding @ http://localhost:3030/_next/static/chunks/04m2_next_dist_01d_w1-._.js:2431
[ 2907724ms] [LOG] [Fast Refresh] done in 169ms @ http://localhost:3030/_next/static/chunks/04m2_next_dist_01d_w1-._.js:2431
[ 2907831ms] [LOG] [Fast Refresh] rebuilding @ http://localhost:3030/_next/static/chunks/04m2_next_dist_01d_w1-._.js:2431
[ 2907834ms] [INFO] %c%s%c [setup-health] background: #e6e6e6;background: light-dark(rgba(0,0,0,0.1), rgba(255,255,255,0.25));color: #000000;color: light-dark(#000000, #ffffff);border-radius: 2px  Server   panel-layout {tenantId: cmrvvipw70000oyyo6123270j, userId: cmrvvipy90009oyyocqnstw83, score: 40, completedCount: 2, totalCriticalCount: 5} @ http://localhost:3030/_next/static/chunks/04m2_next_dist_01d_w1-._.js:2431
[ 2907883ms] [LOG] [Fast Refresh] done in 157ms @ http://localhost:3030/_next/static/chunks/04m2_next_dist_01d_w1-._.js:2431
[ 2907990ms] [LOG] [Fast Refresh] rebuilding @ http://localhost:3030/_next/static/chunks/04m2_next_dist_01d_w1-._.js:2431
[ 2908030ms] [LOG] [Fast Refresh] done in 140ms @ http://localhost:3030/_next/static/chunks/04m2_next_dist_01d_w1-._.js:2431
[ 2908135ms] [LOG] [Fast Refresh] rebuilding @ http://localhost:3030/_next/static/chunks/04m2_next_dist_01d_w1-._.js:2431
[ 2908291ms] [LOG] [Fast Refresh] done in 259ms @ http://localhost:3030/_next/static/chunks/04m2_next_dist_01d_w1-._.js:2431
[ 2908646ms] [LOG] [Fast Refresh] rebuilding @ http://localhost:3030/_next/static/chunks/04m2_next_dist_01d_w1-._.js:2431
[ 2908779ms] [LOG] [Fast Refresh] done in 235ms @ http://localhost:3030/_next/static/chunks/04m2_next_dist_01d_w1-._.js:2431
[ 2909433ms] [LOG] [Fast Refresh] rebuilding @ http://localhost:3030/_next/static/chunks/04m2_next_dist_01d_w1-._.js:2431
[ 2909450ms] [LOG] [Fast Refresh] done in 309ms @ http://localhost:3030/_next/static/chunks/04m2_next_dist_01d_w1-._.js:2431
[ 2909477ms] [INFO] %c%s%c [setup-health] background: #e6e6e6;background: light-dark(rgba(0,0,0,0.1), rgba(255,255,255,0.25));color: #000000;color: light-dark(#000000, #ffffff);border-radius: 2px  Server   panel-layout {tenantId: cmrvvipw70000oyyo6123270j, userId: cmrvvipy90009oyyocqnstw83, score: 40, completedCount: 2, totalCriticalCount: 5} @ http://localhost:3030/_next/static/chunks/04m2_next_dist_01d_w1-._.js:2431
[ 2909740ms] [LOG] [Fast Refresh] rebuilding @ http://localhost:3030/_next/static/chunks/04m2_next_dist_01d_w1-._.js:2431
[ 2909953ms] [LOG] [Fast Refresh] done in 315ms @ http://localhost:3030/_next/static/chunks/04m2_next_dist_01d_w1-._.js:2431
[ 2910287ms] [INFO] %c%s%c [setup-health] background: #e6e6e6;background: light-dark(rgba(0,0,0,0.1), rgba(255,255,255,0.25));color: #000000;color: light-dark(#000000, #ffffff);border-radius: 2px  Server   panel-layout {tenantId: cmrvvipw70000oyyo6123270j, userId: cmrvvipy90009oyyocqnstw83, score: 40, completedCount: 2, totalCriticalCount: 5} @ http://localhost:3030/_next/static/chunks/04m2_next_dist_01d_w1-._.js:2431
[ 2910472ms] [LOG] [Fast Refresh] rebuilding @ http://localhost:3030/_next/static/chunks/04m2_next_dist_01d_w1-._.js:2431
[ 2910594ms] [LOG] [Fast Refresh] done in 223ms @ http://localhost:3030/_next/static/chunks/04m2_next_dist_01d_w1-._.js:2431
[ 2910849ms] [LOG] [Fast Refresh] rebuilding @ http://localhost:3030/_next/static/chunks/04m2_next_dist_01d_w1-._.js:2431
[ 2910878ms] [LOG] [Fast Refresh] done in 138ms @ http://localhost:3030/_next/static/chunks/04m2_next_dist_01d_w1-._.js:2431
[ 2910991ms] [LOG] [Fast Refresh] rebuilding @ http://localhost:3030/_next/static/chunks/04m2_next_dist_01d_w1-._.js:2431
[ 2911021ms] [INFO] %c%s%c [setup-health] background: #e6e6e6;background: light-dark(rgba(0,0,0,0.1), rgba(255,255,255,0.25));color: #000000;color: light-dark(#000000, #ffffff);border-radius: 2px  Server   panel-layout {tenantId: cmrvvipw70000oyyo6123270j, userId: cmrvvipy90009oyyocqnstw83, score: 40, completedCount: 2, totalCriticalCount: 5} @ http://localhost:3030/_next/static/chunks/04m2_next_dist_01d_w1-._.js:2431
[ 2911192ms] [LOG] [Fast Refresh] done in 307ms @ http://localhost:3030/_next/static/chunks/04m2_next_dist_01d_w1-._.js:2431
[ 2911784ms] [LOG] [Fast Refresh] rebuilding @ http://localhost:3030/_next/static/chunks/04m2_next_dist_01d_w1-._.js:2431
[ 2912119ms] [LOG] [Fast Refresh] done in 444ms @ http://localhost:3030/_next/static/chunks/04m2_next_dist_01d_w1-._.js:2431
[ 2912158ms] [INFO] %c%s%c [setup-health] background: #e6e6e6;background: light-dark(rgba(0,0,0,0.1), rgba(255,255,255,0.25));color: #000000;color: light-dark(#000000, #ffffff);border-radius: 2px  Server   panel-layout {tenantId: cmrvvipw70000oyyo6123270j, userId: cmrvvipy90009oyyocqnstw83, score: 40, completedCount: 2, totalCriticalCount: 5} @ http://localhost:3030/_next/static/chunks/04m2_next_dist_01d_w1-._.js:2431
[ 2912408ms] [LOG] [Fast Refresh] rebuilding @ http://localhost:3030/_next/static/chunks/04m2_next_dist_01d_w1-._.js:2431
[ 2912532ms] [LOG] [Fast Refresh] done in 227ms @ http://localhost:3030/_next/static/chunks/04m2_next_dist_01d_w1-._.js:2431
[ 2912781ms] [LOG] [Fast Refresh] rebuilding @ http://localhost:3030/_next/static/chunks/04m2_next_dist_01d_w1-._.js:2431
[ 2912918ms] [LOG] [Fast Refresh] done in 239ms @ http://localhost:3030/_next/static/chunks/04m2_next_dist_01d_w1-._.js:2431
[ 2912997ms] [INFO] %c%s%c [setup-health] background: #e6e6e6;background: light-dark(rgba(0,0,0,0.1), rgba(255,255,255,0.25));color: #000000;color: light-dark(#000000, #ffffff);border-radius: 2px  Server   panel-layout {tenantId: cmrvvipw70000oyyo6123270j, userId: cmrvvipy90009oyyocqnstw83, score: 40, completedCount: 2, totalCriticalCount: 5} @ http://localhost:3030/_next/static/chunks/04m2_next_dist_01d_w1-._.js:2431
[ 2913133ms] [LOG] [Fast Refresh] rebuilding @ http://localhost:3030/_next/static/chunks/04m2_next_dist_01d_w1-._.js:2431
[ 2913222ms] [LOG] [Fast Refresh] done in 203ms @ http://localhost:3030/_next/static/chunks/04m2_next_dist_01d_w1-._.js:2431
[ 2913325ms] [LOG] [Fast Refresh] rebuilding @ http://localhost:3030/_next/static/chunks/04m2_next_dist_01d_w1-._.js:2431
[ 2913540ms] [LOG] [Fast Refresh] done in 315ms @ http://localhost:3030/_next/static/chunks/04m2_next_dist_01d_w1-._.js:2431
[ 2913596ms] [INFO] %c%s%c [setup-health] background: #e6e6e6;background: light-dark(rgba(0,0,0,0.1), rgba(255,255,255,0.25));color: #000000;color: light-dark(#000000, #ffffff);border-radius: 2px  Server   panel-layout {tenantId: cmrvvipw70000oyyo6123270j, userId: cmrvvipy90009oyyocqnstw83, score: 40, completedCount: 2, totalCriticalCount: 5} @ http://localhost:3030/_next/static/chunks/04m2_next_dist_01d_w1-._.js:2431
[ 2913812ms] [LOG] [Fast Refresh] rebuilding @ http://localhost:3030/_next/static/chunks/04m2_next_dist_01d_w1-._.js:2431
[ 2913931ms] [LOG] [Fast Refresh] done in 220ms @ http://localhost:3030/_next/static/chunks/04m2_next_dist_01d_w1-._.js:2431
[ 2914317ms] [INFO] %c%s%c [setup-health] background: #e6e6e6;background: light-dark(rgba(0,0,0,0.1), rgba(255,255,255,0.25));color: #000000;color: light-dark(#000000, #ffffff);border-radius: 2px  Server   panel-layout {tenantId: cmrvvipw70000oyyo6123270j, userId: cmrvvipy90009oyyocqnstw83, score: 40, completedCount: 2, totalCriticalCount: 5} @ http://localhost:3030/_next/static/chunks/04m2_next_dist_01d_w1-._.js:2431
[ 2914490ms] [LOG] [Fast Refresh] rebuilding @ http://localhost:3030/_next/static/chunks/04m2_next_dist_01d_w1-._.js:2431
[ 2914608ms] [LOG] [Fast Refresh] done in 227ms @ http://localhost:3030/_next/static/chunks/04m2_next_dist_01d_w1-._.js:2431
[ 2914820ms] [LOG] [Fast Refresh] rebuilding @ http://localhost:3030/_next/static/chunks/04m2_next_dist_01d_w1-._.js:2431
[ 2914893ms] [LOG] [Fast Refresh] done in 179ms @ http://localhost:3030/_next/static/chunks/04m2_next_dist_01d_w1-._.js:2431
[ 2914952ms] [INFO] %c%s%c [setup-health] background: #e6e6e6;background: light-dark(rgba(0,0,0,0.1), rgba(255,255,255,0.25));color: #000000;color: light-dark(#000000, #ffffff);border-radius: 2px  Server   panel-layout {tenantId: cmrvvipw70000oyyo6123270j, userId: cmrvvipy90009oyyocqnstw83, score: 40, completedCount: 2, totalCriticalCount: 5} @ http://localhost:3030/_next/static/chunks/04m2_next_dist_01d_w1-._.js:2431
[ 2915666ms] [LOG] [Fast Refresh] rebuilding @ http://localhost:3030/_next/static/chunks/04m2_next_dist_01d_w1-._.js:2431
[ 2915917ms] [LOG] [Fast Refresh] done in 372ms @ http://localhost:3030/_next/static/chunks/04m2_next_dist_01d_w1-._.js:2431
[ 2915918ms] [INFO] %c%s%c [setup-health] background: #e6e6e6;background: light-dark(rgba(0,0,0,0.1), rgba(255,255,255,0.25));color: #000000;color: light-dark(#000000, #ffffff);border-radius: 2px  Server   panel-layout {tenantId: cmrvvipw70000oyyo6123270j, userId: cmrvvipy90009oyyocqnstw83, score: 40, completedCount: 2, totalCriticalCount: 5} @ http://localhost:3030/_next/static/chunks/04m2_next_dist_01d_w1-._.js:2431
[ 2916021ms] [LOG] [Fast Refresh] rebuilding @ http://localhost:3030/_next/static/chunks/04m2_next_dist_01d_w1-._.js:2431
[ 2916052ms] [LOG] [Fast Refresh] done in 132ms @ http://localhost:3030/_next/static/chunks/04m2_next_dist_01d_w1-._.js:2431
[ 2916154ms] [LOG] [Fast Refresh] rebuilding @ http://localhost:3030/_next/static/chunks/04m2_next_dist_01d_w1-._.js:2431
[ 2916168ms] [LOG] [Fast Refresh] done in 115ms @ http://localhost:3030/_next/static/chunks/04m2_next_dist_01d_w1-._.js:2431
[ 2916503ms] [INFO] %c%s%c [setup-health] background: #e6e6e6;background: light-dark(rgba(0,0,0,0.1), rgba(255,255,255,0.25));color: #000000;color: light-dark(#000000, #ffffff);border-radius: 2px  Server   panel-layout {tenantId: cmrvvipw70000oyyo6123270j, userId: cmrvvipy90009oyyocqnstw83, score: 40, completedCount: 2, totalCriticalCount: 5} @ http://localhost:3030/_next/static/chunks/04m2_next_dist_01d_w1-._.js:2431
[ 2916666ms] [LOG] [Fast Refresh] rebuilding @ http://localhost:3030/_next/static/chunks/04m2_next_dist_01d_w1-._.js:2431
[ 2916707ms] [LOG] [Fast Refresh] done in 148ms @ http://localhost:3030/_next/static/chunks/04m2_next_dist_01d_w1-._.js:2431
[ 2916814ms] [LOG] [Fast Refresh] rebuilding @ http://localhost:3030/_next/static/chunks/04m2_next_dist_01d_w1-._.js:2431
[ 2916905ms] [LOG] [Fast Refresh] done in 192ms @ http://localhost:3030/_next/static/chunks/04m2_next_dist_01d_w1-._.js:2431
[ 2917020ms] [LOG] [Fast Refresh] rebuilding @ http://localhost:3030/_next/static/chunks/04m2_next_dist_01d_w1-._.js:2431
[ 2917074ms] [LOG] [Fast Refresh] done in 166ms @ http://localhost:3030/_next/static/chunks/04m2_next_dist_01d_w1-._.js:2431
[ 2917095ms] [INFO] %c%s%c [setup-health] background: #e6e6e6;background: light-dark(rgba(0,0,0,0.1), rgba(255,255,255,0.25));color: #000000;color: light-dark(#000000, #ffffff);border-radius: 2px  Server   panel-layout {tenantId: cmrvvipw70000oyyo6123270j, userId: cmrvvipy90009oyyocqnstw83, score: 40, completedCount: 2, totalCriticalCount: 5} @ http://localhost:3030/_next/static/chunks/04m2_next_dist_01d_w1-._.js:2431
[ 2917179ms] [LOG] [Fast Refresh] rebuilding @ http://localhost:3030/_next/static/chunks/04m2_next_dist_01d_w1-._.js:2431
[ 2917198ms] [LOG] [Fast Refresh] done in 123ms @ http://localhost:3030/_next/static/chunks/04m2_next_dist_01d_w1-._.js:2431
[ 2917663ms] [LOG] [Fast Refresh] rebuilding @ http://localhost:3030/_next/static/chunks/04m2_next_dist_01d_w1-._.js:2431
[ 2917787ms] [LOG] [Fast Refresh] done in 227ms @ http://localhost:3030/_next/static/chunks/04m2_next_dist_01d_w1-._.js:2431
[ 2917890ms] [LOG] [Fast Refresh] rebuilding @ http://localhost:3030/_next/static/chunks/04m2_next_dist_01d_w1-._.js:2431
[ 2917891ms] [LOG] [Fast Refresh] done in 104ms @ http://localhost:3030/_next/static/chunks/04m2_next_dist_01d_w1-._.js:2431
[ 2917903ms] [INFO] %c%s%c [setup-health] background: #e6e6e6;background: light-dark(rgba(0,0,0,0.1), rgba(255,255,255,0.25));color: #000000;color: light-dark(#000000, #ffffff);border-radius: 2px  Server   panel-layout {tenantId: cmrvvipw70000oyyo6123270j, userId: cmrvvipy90009oyyocqnstw83, score: 40, completedCount: 2, totalCriticalCount: 5} @ http://localhost:3030/_next/static/chunks/04m2_next_dist_01d_w1-._.js:2431
[ 2917994ms] [LOG] [Fast Refresh] rebuilding @ http://localhost:3030/_next/static/chunks/04m2_next_dist_01d_w1-._.js:2431
[ 2918214ms] [LOG] [Fast Refresh] done in 320ms @ http://localhost:3030/_next/static/chunks/04m2_next_dist_01d_w1-._.js:2431
[ 2918548ms] [INFO] %c%s%c [setup-health] background: #e6e6e6;background: light-dark(rgba(0,0,0,0.1), rgba(255,255,255,0.25));color: #000000;color: light-dark(#000000, #ffffff);border-radius: 2px  Server   panel-layout {tenantId: cmrvvipw70000oyyo6123270j, userId: cmrvvipy90009oyyocqnstw83, score: 40, completedCount: 2, totalCriticalCount: 5} @ http://localhost:3030/_next/static/chunks/04m2_next_dist_01d_w1-._.js:2431
[ 2918566ms] [LOG] [Fast Refresh] rebuilding @ http://localhost:3030/_next/static/chunks/04m2_next_dist_01d_w1-._.js:2431
[ 2918639ms] [LOG] [Fast Refresh] done in 175ms @ http://localhost:3030/_next/static/chunks/04m2_next_dist_01d_w1-._.js:2431
[ 2918740ms] [LOG] [Fast Refresh] rebuilding @ http://localhost:3030/_next/static/chunks/04m2_next_dist_01d_w1-._.js:2431
[ 2918839ms] [LOG] [Fast Refresh] done in 198ms @ http://localhost:3030/_next/static/chunks/04m2_next_dist_01d_w1-._.js:2431
[ 2919185ms] [LOG] [Fast Refresh] rebuilding @ http://localhost:3030/_next/static/chunks/04m2_next_dist_01d_w1-._.js:2431
[ 2919241ms] [LOG] [Fast Refresh] done in 163ms @ http://localhost:3030/_next/static/chunks/04m2_next_dist_01d_w1-._.js:2431
[ 2919274ms] [INFO] %c%s%c [setup-health] background: #e6e6e6;background: light-dark(rgba(0,0,0,0.1), rgba(255,255,255,0.25));color: #000000;color: light-dark(#000000, #ffffff);border-radius: 2px  Server   panel-layout {tenantId: cmrvvipw70000oyyo6123270j, userId: cmrvvipy90009oyyocqnstw83, score: 40, completedCount: 2, totalCriticalCount: 5} @ http://localhost:3030/_next/static/chunks/04m2_next_dist_01d_w1-._.js:2431
[ 2919369ms] [LOG] [Fast Refresh] rebuilding @ http://localhost:3030/_next/static/chunks/04m2_next_dist_01d_w1-._.js:2431
[ 2919440ms] [LOG] [Fast Refresh] done in 172ms @ http://localhost:3030/_next/static/chunks/04m2_next_dist_01d_w1-._.js:2431
[ 2919554ms] [LOG] [Fast Refresh] rebuilding @ http://localhost:3030/_next/static/chunks/04m2_next_dist_01d_w1-._.js:2431
[ 2919619ms] [LOG] [Fast Refresh] done in 178ms @ http://localhost:3030/_next/static/chunks/04m2_next_dist_01d_w1-._.js:2431
[ 2919727ms] [LOG] [Fast Refresh] rebuilding @ http://localhost:3030/_next/static/chunks/04m2_next_dist_01d_w1-._.js:2431
[ 2919826ms] [LOG] [Fast Refresh] done in 206ms @ http://localhost:3030/_next/static/chunks/04m2_next_dist_01d_w1-._.js:2431
[ 2919940ms] [LOG] [Fast Refresh] rebuilding @ http://localhost:3030/_next/static/chunks/04m2_next_dist_01d_w1-._.js:2431
[ 2919958ms] [INFO] %c%s%c [setup-health] background: #e6e6e6;background: light-dark(rgba(0,0,0,0.1), rgba(255,255,255,0.25));color: #000000;color: light-dark(#000000, #ffffff);border-radius: 2px  Server   panel-layout {tenantId: cmrvvipw70000oyyo6123270j, userId: cmrvvipy90009oyyocqnstw83, score: 40, completedCount: 2, totalCriticalCount: 5} @ http://localhost:3030/_next/static/chunks/04m2_next_dist_01d_w1-._.js:2431
[ 2920032ms] [LOG] [Fast Refresh] done in 205ms @ http://localhost:3030/_next/static/chunks/04m2_next_dist_01d_w1-._.js:2431
[ 2920141ms] [LOG] [Fast Refresh] rebuilding @ http://localhost:3030/_next/static/chunks/04m2_next_dist_01d_w1-._.js:2431
[ 2920197ms] [LOG] [Fast Refresh] done in 157ms @ http://localhost:3030/_next/static/chunks/04m2_next_dist_01d_w1-._.js:2431
[ 2920299ms] [LOG] [Fast Refresh] rebuilding @ http://localhost:3030/_next/static/chunks/04m2_next_dist_01d_w1-._.js:2431
[ 2920330ms] [LOG] [Fast Refresh] done in 132ms @ http://localhost:3030/_next/static/chunks/04m2_next_dist_01d_w1-._.js:2431
[ 2920433ms] [LOG] [Fast Refresh] rebuilding @ http://localhost:3030/_next/static/chunks/04m2_next_dist_01d_w1-._.js:2431
[ 2920517ms] [LOG] [Fast Refresh] done in 185ms @ http://localhost:3030/_next/static/chunks/04m2_next_dist_01d_w1-._.js:2431
[ 2920548ms] [INFO] %c%s%c [setup-health] background: #e6e6e6;background: light-dark(rgba(0,0,0,0.1), rgba(255,255,255,0.25));color: #000000;color: light-dark(#000000, #ffffff);border-radius: 2px  Server   panel-layout {tenantId: cmrvvipw70000oyyo6123270j, userId: cmrvvipy90009oyyocqnstw83, score: 40, completedCount: 2, totalCriticalCount: 5} @ http://localhost:3030/_next/static/chunks/04m2_next_dist_01d_w1-._.js:2431
[ 2920890ms] [LOG] [Fast Refresh] rebuilding @ http://localhost:3030/_next/static/chunks/04m2_next_dist_01d_w1-._.js:2431
[ 2921880ms] [LOG] [Fast Refresh] done in 1093ms @ http://localhost:3030/_next/static/chunks/04m2_next_dist_01d_w1-._.js:2431
[ 2923773ms] [INFO] %c%s%c [setup-health] background: #e6e6e6;background: light-dark(rgba(0,0,0,0.1), rgba(255,255,255,0.25));color: #000000;color: light-dark(#000000, #ffffff);border-radius: 2px  Server   panel-layout {tenantId: cmrvvipw70000oyyo6123270j, userId: cmrvvipy90009oyyocqnstw83, score: 40, completedCount: 2, totalCriticalCount: 5} @ http://localhost:3030/_next/static/chunks/04m2_next_dist_01d_w1-._.js:2431
[ 2923944ms] [LOG] [Fast Refresh] rebuilding @ http://localhost:3030/_next/static/chunks/04m2_next_dist_01d_w1-._.js:2431
[ 2924069ms] [LOG] [Fast Refresh] done in 233ms @ http://localhost:3030/_next/static/chunks/04m2_next_dist_01d_w1-._.js:2431
[ 2924253ms] [LOG] [Fast Refresh] rebuilding @ http://localhost:3030/_next/static/chunks/04m2_next_dist_01d_w1-._.js:2431
[ 2924305ms] [LOG] [Fast Refresh] done in 158ms @ http://localhost:3030/_next/static/chunks/04m2_next_dist_01d_w1-._.js:2431
[ 2924373ms] [INFO] %c%s%c [setup-health] background: #e6e6e6;background: light-dark(rgba(0,0,0,0.1), rgba(255,255,255,0.25));color: #000000;color: light-dark(#000000, #ffffff);border-radius: 2px  Server   panel-layout {tenantId: cmrvvipw70000oyyo6123270j, userId: cmrvvipy90009oyyocqnstw83, score: 40, completedCount: 2, totalCriticalCount: 5} @ http://localhost:3030/_next/static/chunks/04m2_next_dist_01d_w1-._.js:2431
[ 2924412ms] [LOG] [Fast Refresh] rebuilding @ http://localhost:3030/_next/static/chunks/04m2_next_dist_01d_w1-._.js:2431
[ 2924497ms] [LOG] [Fast Refresh] done in 187ms @ http://localhost:3030/_next/static/chunks/04m2_next_dist_01d_w1-._.js:2431
[ 2924609ms] [LOG] [Fast Refresh] rebuilding @ http://localhost:3030/_next/static/chunks/04m2_next_dist_01d_w1-._.js:2431
[ 2924734ms] [LOG] [Fast Refresh] done in 226ms @ http://localhost:3030/_next/static/chunks/04m2_next_dist_01d_w1-._.js:2431
[ 2924850ms] [LOG] [Fast Refresh] rebuilding @ http://localhost:3030/_next/static/chunks/04m2_next_dist_01d_w1-._.js:2431
[ 2924891ms] [LOG] [Fast Refresh] done in 155ms @ http://localhost:3030/_next/static/chunks/04m2_next_dist_01d_w1-._.js:2431
[ 2924995ms] [LOG] [Fast Refresh] rebuilding @ http://localhost:3030/_next/static/chunks/04m2_next_dist_01d_w1-._.js:2431
[ 2925121ms] [INFO] %c%s%c [setup-health] background: #e6e6e6;background: light-dark(rgba(0,0,0,0.1), rgba(255,255,255,0.25));color: #000000;color: light-dark(#000000, #ffffff);border-radius: 2px  Server   panel-layout {tenantId: cmrvvipw70000oyyo6123270j, userId: cmrvvipy90009oyyocqnstw83, score: 40, completedCount: 2, totalCriticalCount: 5} @ http://localhost:3030/_next/static/chunks/04m2_next_dist_01d_w1-._.js:2431
[ 2925226ms] [LOG] [Fast Refresh] done in 334ms @ http://localhost:3030/_next/static/chunks/04m2_next_dist_01d_w1-._.js:2431
[ 2925441ms] [LOG] [Fast Refresh] rebuilding @ http://localhost:3030/_next/static/chunks/04m2_next_dist_01d_w1-._.js:2431
[ 2925492ms] [LOG] [Fast Refresh] done in 154ms @ http://localhost:3030/_next/static/chunks/04m2_next_dist_01d_w1-._.js:2431
[ 2925597ms] [LOG] [Fast Refresh] rebuilding @ http://localhost:3030/_next/static/chunks/04m2_next_dist_01d_w1-._.js:2431
[ 2925855ms] [LOG] [Fast Refresh] done in 362ms @ http://localhost:3030/_next/static/chunks/04m2_next_dist_01d_w1-._.js:2431
[ 2925882ms] [INFO] %c%s%c [setup-health] background: #e6e6e6;background: light-dark(rgba(0,0,0,0.1), rgba(255,255,255,0.25));color: #000000;color: light-dark(#000000, #ffffff);border-radius: 2px  Server   panel-layout {tenantId: cmrvvipw70000oyyo6123270j, userId: cmrvvipy90009oyyocqnstw83, score: 40, completedCount: 2, totalCriticalCount: 5} @ http://localhost:3030/_next/static/chunks/04m2_next_dist_01d_w1-._.js:2431
[ 2926264ms] [LOG] [Fast Refresh] rebuilding @ http://localhost:3030/_next/static/chunks/04m2_next_dist_01d_w1-._.js:2431
[ 2926306ms] [LOG] [Fast Refresh] done in 143ms @ http://localhost:3030/_next/static/chunks/04m2_next_dist_01d_w1-._.js:2431
[ 2926424ms] [LOG] [Fast Refresh] rebuilding @ http://localhost:3030/_next/static/chunks/04m2_next_dist_01d_w1-._.js:2431
[ 2926510ms] [LOG] [Fast Refresh] done in 188ms @ http://localhost:3030/_next/static/chunks/04m2_next_dist_01d_w1-._.js:2431
[ 2926559ms] [INFO] %c%s%c [setup-health] background: #e6e6e6;background: light-dark(rgba(0,0,0,0.1), rgba(255,255,255,0.25));color: #000000;color: light-dark(#000000, #ffffff);border-radius: 2px  Server   panel-layout {tenantId: cmrvvipw70000oyyo6123270j, userId: cmrvvipy90009oyyocqnstw83, score: 40, completedCount: 2, totalCriticalCount: 5} @ http://localhost:3030/_next/static/chunks/04m2_next_dist_01d_w1-._.js:2431
[ 2926623ms] [LOG] [Fast Refresh] rebuilding @ http://localhost:3030/_next/static/chunks/04m2_next_dist_01d_w1-._.js:2431
[ 2926629ms] [LOG] [Fast Refresh] done in 110ms @ http://localhost:3030/_next/static/chunks/04m2_next_dist_01d_w1-._.js:2431
[ 2926737ms] [LOG] [Fast Refresh] rebuilding @ http://localhost:3030/_next/static/chunks/04m2_next_dist_01d_w1-._.js:2431
[ 2926935ms] [LOG] [Fast Refresh] done in 304ms @ http://localhost:3030/_next/static/chunks/04m2_next_dist_01d_w1-._.js:2431
[ 2927349ms] [LOG] [Fast Refresh] rebuilding @ http://localhost:3030/_next/static/chunks/04m2_next_dist_01d_w1-._.js:2431
[ 2927372ms] [LOG] [Fast Refresh] done in 134ms @ http://localhost:3030/_next/static/chunks/04m2_next_dist_01d_w1-._.js:2431
[ 2927382ms] [INFO] %c%s%c [setup-health] background: #e6e6e6;background: light-dark(rgba(0,0,0,0.1), rgba(255,255,255,0.25));color: #000000;color: light-dark(#000000, #ffffff);border-radius: 2px  Server   panel-layout {tenantId: cmrvvipw70000oyyo6123270j, userId: cmrvvipy90009oyyocqnstw83, score: 40, completedCount: 2, totalCriticalCount: 5} @ http://localhost:3030/_next/static/chunks/04m2_next_dist_01d_w1-._.js:2431
[ 2927565ms] [LOG] [Fast Refresh] rebuilding @ http://localhost:3030/_next/static/chunks/04m2_next_dist_01d_w1-._.js:2431
[ 2927670ms] [LOG] [Fast Refresh] done in 220ms @ http://localhost:3030/_next/static/chunks/04m2_next_dist_01d_w1-._.js:2431
[ 2927986ms] [INFO] %c%s%c [setup-health] background: #e6e6e6;background: light-dark(rgba(0,0,0,0.1), rgba(255,255,255,0.25));color: #000000;color: light-dark(#000000, #ffffff);border-radius: 2px  Server   panel-layout {tenantId: cmrvvipw70000oyyo6123270j, userId: cmrvvipy90009oyyocqnstw83, score: 40, completedCount: 2, totalCriticalCount: 5} @ http://localhost:3030/_next/static/chunks/04m2_next_dist_01d_w1-._.js:2431
[ 2928014ms] [LOG] [Fast Refresh] rebuilding @ http://localhost:3030/_next/static/chunks/04m2_next_dist_01d_w1-._.js:2431
[ 2928096ms] [LOG] [Fast Refresh] done in 184ms @ http://localhost:3030/_next/static/chunks/04m2_next_dist_01d_w1-._.js:2431
[ 2928200ms] [LOG] [Fast Refresh] rebuilding @ http://localhost:3030/_next/static/chunks/04m2_next_dist_01d_w1-._.js:2431
[ 2928417ms] [LOG] [Fast Refresh] done in 319ms @ http://localhost:3030/_next/static/chunks/04m2_next_dist_01d_w1-._.js:2431
[ 2928831ms] [LOG] [Fast Refresh] rebuilding @ http://localhost:3030/_next/static/chunks/04m2_next_dist_01d_w1-._.js:2431
[ 2928915ms] [LOG] [Fast Refresh] done in 193ms @ http://localhost:3030/_next/static/chunks/04m2_next_dist_01d_w1-._.js:2431
[ 2928978ms] [INFO] %c%s%c [setup-health] background: #e6e6e6;background: light-dark(rgba(0,0,0,0.1), rgba(255,255,255,0.25));color: #000000;color: light-dark(#000000, #ffffff);border-radius: 2px  Server   panel-layout {tenantId: cmrvvipw70000oyyo6123270j, userId: cmrvvipy90009oyyocqnstw83, score: 40, completedCount: 2, totalCriticalCount: 5} @ http://localhost:3030/_next/static/chunks/04m2_next_dist_01d_w1-._.js:2431
[ 2929024ms] [LOG] [Fast Refresh] rebuilding @ http://localhost:3030/_next/static/chunks/04m2_next_dist_01d_w1-._.js:2431
[ 2929218ms] [LOG] [Fast Refresh] done in 301ms @ http://localhost:3030/_next/static/chunks/04m2_next_dist_01d_w1-._.js:2431
[ 2929733ms] [LOG] [Fast Refresh] rebuilding @ http://localhost:3030/_next/static/chunks/04m2_next_dist_01d_w1-._.js:2431
[ 2929844ms] [INFO] %c%s%c [setup-health] background: #e6e6e6;background: light-dark(rgba(0,0,0,0.1), rgba(255,255,255,0.25));color: #000000;color: light-dark(#000000, #ffffff);border-radius: 2px  Server   panel-layout {tenantId: cmrvvipw70000oyyo6123270j, userId: cmrvvipy90009oyyocqnstw83, score: 40, completedCount: 2, totalCriticalCount: 5} @ http://localhost:3030/_next/static/chunks/04m2_next_dist_01d_w1-._.js:2431
[ 2930214ms] [LOG] [Fast Refresh] done in 583ms @ http://localhost:3030/_next/static/chunks/04m2_next_dist_01d_w1-._.js:2431
[ 2930470ms] [LOG] [Fast Refresh] rebuilding @ http://localhost:3030/_next/static/chunks/04m2_next_dist_01d_w1-._.js:2431
[ 2930471ms] [LOG] [Fast Refresh] done in 105ms @ http://localhost:3030/_next/static/chunks/04m2_next_dist_01d_w1-._.js:2431
[ 2930552ms] [INFO] %c%s%c [setup-health] background: #e6e6e6;background: light-dark(rgba(0,0,0,0.1), rgba(255,255,255,0.25));color: #000000;color: light-dark(#000000, #ffffff);border-radius: 2px  Server   panel-layout {tenantId: cmrvvipw70000oyyo6123270j, userId: cmrvvipy90009oyyocqnstw83, score: 40, completedCount: 2, totalCriticalCount: 5} @ http://localhost:3030/_next/static/chunks/04m2_next_dist_01d_w1-._.js:2431
[ 2930588ms] [LOG] [Fast Refresh] rebuilding @ http://localhost:3030/_next/static/chunks/04m2_next_dist_01d_w1-._.js:2431
[ 2930816ms] [LOG] [Fast Refresh] done in 338ms @ http://localhost:3030/_next/static/chunks/04m2_next_dist_01d_w1-._.js:2431
[ 2930918ms] [LOG] [Fast Refresh] rebuilding @ http://localhost:3030/_next/static/chunks/04m2_next_dist_01d_w1-._.js:2431
[ 2931004ms] [LOG] [Fast Refresh] done in 187ms @ http://localhost:3030/_next/static/chunks/04m2_next_dist_01d_w1-._.js:2431
[ 2931151ms] [LOG] [Fast Refresh] rebuilding @ http://localhost:3030/_next/static/chunks/04m2_next_dist_01d_w1-._.js:2431
[ 2931323ms] [LOG] [Fast Refresh] done in 279ms @ http://localhost:3030/_next/static/chunks/04m2_next_dist_01d_w1-._.js:2431
[ 2931816ms] [INFO] %c%s%c [setup-health] background: #e6e6e6;background: light-dark(rgba(0,0,0,0.1), rgba(255,255,255,0.25));color: #000000;color: light-dark(#000000, #ffffff);border-radius: 2px  Server   panel-layout {tenantId: cmrvvipw70000oyyo6123270j, userId: cmrvvipy90009oyyocqnstw83, score: 40, completedCount: 2, totalCriticalCount: 5} @ http://localhost:3030/_next/static/chunks/04m2_next_dist_01d_w1-._.js:2431
[ 2931938ms] [LOG] [Fast Refresh] rebuilding @ http://localhost:3030/_next/static/chunks/04m2_next_dist_01d_w1-._.js:2431
[ 2932095ms] [LOG] [Fast Refresh] done in 257ms @ http://localhost:3030/_next/static/chunks/04m2_next_dist_01d_w1-._.js:2431
[ 2932148ms] [INFO] %c%s%c [setup-health] background: #e6e6e6;background: light-dark(rgba(0,0,0,0.1), rgba(255,255,255,0.25));color: #000000;color: light-dark(#000000, #ffffff);border-radius: 2px  Server   panel-layout {tenantId: cmrvvipw70000oyyo6123270j, userId: cmrvvipy90009oyyocqnstw83, score: 40, completedCount: 2, totalCriticalCount: 5} @ http://localhost:3030/_next/static/chunks/04m2_next_dist_01d_w1-._.js:2431
[ 2932220ms] [LOG] [Fast Refresh] rebuilding @ http://localhost:3030/_next/static/chunks/04m2_next_dist_01d_w1-._.js:2431
[ 2932640ms] [LOG] [Fast Refresh] done in 540ms @ http://localhost:3030/_next/static/chunks/04m2_next_dist_01d_w1-._.js:2431
[ 2932870ms] [LOG] [Fast Refresh] rebuilding @ http://localhost:3030/_next/static/chunks/04m2_next_dist_01d_w1-._.js:2431
[ 2933073ms] [INFO] %c%s%c [setup-health] background: #e6e6e6;background: light-dark(rgba(0,0,0,0.1), rgba(255,255,255,0.25));color: #000000;color: light-dark(#000000, #ffffff);border-radius: 2px  Server   panel-layout {tenantId: cmrvvipw70000oyyo6123270j, userId: cmrvvipy90009oyyocqnstw83, score: 40, completedCount: 2, totalCriticalCount: 5} @ http://localhost:3030/_next/static/chunks/04m2_next_dist_01d_w1-._.js:2431
[ 2933081ms] [LOG] [Fast Refresh] done in 320ms @ http://localhost:3030/_next/static/chunks/04m2_next_dist_01d_w1-._.js:2431
[ 2933191ms] [LOG] [Fast Refresh] rebuilding @ http://localhost:3030/_next/static/chunks/04m2_next_dist_01d_w1-._.js:2431
[ 2933339ms] [LOG] [Fast Refresh] done in 253ms @ http://localhost:3030/_next/static/chunks/04m2_next_dist_01d_w1-._.js:2431
[ 2933799ms] [INFO] %c%s%c [setup-health] background: #e6e6e6;background: light-dark(rgba(0,0,0,0.1), rgba(255,255,255,0.25));color: #000000;color: light-dark(#000000, #ffffff);border-radius: 2px  Server   panel-layout {tenantId: cmrvvipw70000oyyo6123270j, userId: cmrvvipy90009oyyocqnstw83, score: 40, completedCount: 2, totalCriticalCount: 5} @ http://localhost:3030/_next/static/chunks/04m2_next_dist_01d_w1-._.js:2431
[ 2933947ms] [LOG] [Fast Refresh] rebuilding @ http://localhost:3030/_next/static/chunks/04m2_next_dist_01d_w1-._.js:2431
[ 2934070ms] [LOG] [Fast Refresh] done in 238ms @ http://localhost:3030/_next/static/chunks/04m2_next_dist_01d_w1-._.js:2431
[ 2934539ms] [LOG] [Fast Refresh] rebuilding @ http://localhost:3030/_next/static/chunks/04m2_next_dist_01d_w1-._.js:2431
[ 2934634ms] [LOG] [Fast Refresh] done in 268ms @ http://localhost:3030/_next/static/chunks/04m2_next_dist_01d_w1-._.js:2431
[ 2934659ms] [INFO] %c%s%c [setup-health] background: #e6e6e6;background: light-dark(rgba(0,0,0,0.1), rgba(255,255,255,0.25));color: #000000;color: light-dark(#000000, #ffffff);border-radius: 2px  Server   panel-layout {tenantId: cmrvvipw70000oyyo6123270j, userId: cmrvvipy90009oyyocqnstw83, score: 40, completedCount: 2, totalCriticalCount: 5} @ http://localhost:3030/_next/static/chunks/04m2_next_dist_01d_w1-._.js:2431
[ 2934853ms] [LOG] [Fast Refresh] rebuilding @ http://localhost:3030/_next/static/chunks/04m2_next_dist_01d_w1-._.js:2431
[ 2934900ms] [LOG] [Fast Refresh] done in 160ms @ http://localhost:3030/_next/static/chunks/04m2_next_dist_01d_w1-._.js:2431
[ 2935012ms] [LOG] [Fast Refresh] rebuilding @ http://localhost:3030/_next/static/chunks/04m2_next_dist_01d_w1-._.js:2431
[ 2935193ms] [LOG] [Fast Refresh] done in 283ms @ http://localhost:3030/_next/static/chunks/04m2_next_dist_01d_w1-._.js:2431
[ 2935417ms] [INFO] %c%s%c [setup-health] background: #e6e6e6;background: light-dark(rgba(0,0,0,0.1), rgba(255,255,255,0.25));color: #000000;color: light-dark(#000000, #ffffff);border-radius: 2px  Server   panel-layout {tenantId: cmrvvipw70000oyyo6123270j, userId: cmrvvipy90009oyyocqnstw83, score: 40, completedCount: 2, totalCriticalCount: 5} @ http://localhost:3030/_next/static/chunks/04m2_next_dist_01d_w1-._.js:2431
[ 2935526ms] [LOG] [Fast Refresh] rebuilding @ http://localhost:3030/_next/static/chunks/04m2_next_dist_01d_w1-._.js:2431
[ 2936401ms] [LOG] [Fast Refresh] done in 979ms @ http://localhost:3030/_next/static/chunks/04m2_next_dist_01d_w1-._.js:2431
[ 2936407ms] [LOG] [Fast Refresh] rebuilding @ http://localhost:3030/_next/static/chunks/04m2_next_dist_01d_w1-._.js:2431
[ 2936686ms] [LOG] [Fast Refresh] done in 277ms @ http://localhost:3030/_next/static/chunks/04m2_next_dist_01d_w1-._.js:2431
[ 2936692ms] [INFO] %c%s%c [setup-health] background: #e6e6e6;background: light-dark(rgba(0,0,0,0.1), rgba(255,255,255,0.25));color: #000000;color: light-dark(#000000, #ffffff);border-radius: 2px  Server   panel-layout {tenantId: cmrvvipw70000oyyo6123270j, userId: cmrvvipy90009oyyocqnstw83, score: 40, completedCount: 2, totalCriticalCount: 5} @ http://localhost:3030/_next/static/chunks/04m2_next_dist_01d_w1-._.js:2431
[ 2938215ms] [LOG] [Fast Refresh] rebuilding @ http://localhost:3030/_next/static/chunks/04m2_next_dist_01d_w1-._.js:2431
[ 2938834ms] [LOG] [Fast Refresh] done in 720ms @ http://localhost:3030/_next/static/chunks/04m2_next_dist_01d_w1-._.js:2431
[ 2938923ms] [INFO] %c%s%c [setup-health] background: #e6e6e6;background: light-dark(rgba(0,0,0,0.1), rgba(255,255,255,0.25));color: #000000;color: light-dark(#000000, #ffffff);border-radius: 2px  Server   panel-layout {tenantId: cmrvvipw70000oyyo6123270j, userId: cmrvvipy90009oyyocqnstw83, score: 40, completedCount: 2, totalCriticalCount: 5} @ http://localhost:3030/_next/static/chunks/04m2_next_dist_01d_w1-._.js:2431
[ 2939016ms] [LOG] [Fast Refresh] rebuilding @ http://localhost:3030/_next/static/chunks/04m2_next_dist_01d_w1-._.js:2431
[ 2939873ms] [LOG] [Fast Refresh] done in 962ms @ http://localhost:3030/_next/static/chunks/04m2_next_dist_01d_w1-._.js:2431
[ 2940203ms] [LOG] [Fast Refresh] rebuilding @ http://localhost:3030/_next/static/chunks/04m2_next_dist_01d_w1-._.js:2431
[ 2940352ms] [LOG] [Fast Refresh] done in 254ms @ http://localhost:3030/_next/static/chunks/04m2_next_dist_01d_w1-._.js:2431
[ 2940467ms] [LOG] [Fast Refresh] rebuilding @ http://localhost:3030/_next/static/chunks/04m2_next_dist_01d_w1-._.js:2431
[ 2940715ms] [LOG] [Fast Refresh] done in 359ms @ http://localhost:3030/_next/static/chunks/04m2_next_dist_01d_w1-._.js:2431
[ 2941233ms] [INFO] %c%s%c [setup-health] background: #e6e6e6;background: light-dark(rgba(0,0,0,0.1), rgba(255,255,255,0.25));color: #000000;color: light-dark(#000000, #ffffff);border-radius: 2px  Server   panel-layout {tenantId: cmrvvipw70000oyyo6123270j, userId: cmrvvipy90009oyyocqnstw83, score: 40, completedCount: 2, totalCriticalCount: 5} @ http://localhost:3030/_next/static/chunks/04m2_next_dist_01d_w1-._.js:2431
[ 2941418ms] [LOG] [Fast Refresh] rebuilding @ http://localhost:3030/_next/static/chunks/04m2_next_dist_01d_w1-._.js:2431
[ 2941610ms] [LOG] [Fast Refresh] done in 294ms @ http://localhost:3030/_next/static/chunks/04m2_next_dist_01d_w1-._.js:2431
[ 2941818ms] [LOG] [Fast Refresh] rebuilding @ http://localhost:3030/_next/static/chunks/04m2_next_dist_01d_w1-._.js:2431
[ 2941923ms] [LOG] [Fast Refresh] done in 210ms @ http://localhost:3030/_next/static/chunks/04m2_next_dist_01d_w1-._.js:2431
[ 2942082ms] [INFO] %c%s%c [setup-health] background: #e6e6e6;background: light-dark(rgba(0,0,0,0.1), rgba(255,255,255,0.25));color: #000000;color: light-dark(#000000, #ffffff);border-radius: 2px  Server   panel-layout {tenantId: cmrvvipw70000oyyo6123270j, userId: cmrvvipy90009oyyocqnstw83, score: 40, completedCount: 2, totalCriticalCount: 5} @ http://localhost:3030/_next/static/chunks/04m2_next_dist_01d_w1-._.js:2431
[ 2942700ms] [LOG] [Fast Refresh] rebuilding @ http://localhost:3030/_next/static/chunks/04m2_next_dist_01d_w1-._.js:2431
[ 2942858ms] [LOG] [Fast Refresh] done in 267ms @ http://localhost:3030/_next/static/chunks/04m2_next_dist_01d_w1-._.js:2431
[ 2943167ms] [INFO] %c%s%c [setup-health] background: #e6e6e6;background: light-dark(rgba(0,0,0,0.1), rgba(255,255,255,0.25));color: #000000;color: light-dark(#000000, #ffffff);border-radius: 2px  Server   panel-layout {tenantId: cmrvvipw70000oyyo6123270j, userId: cmrvvipy90009oyyocqnstw83, score: 40, completedCount: 2, totalCriticalCount: 5} @ http://localhost:3030/_next/static/chunks/04m2_next_dist_01d_w1-._.js:2431
[ 2943342ms] [LOG] [Fast Refresh] rebuilding @ http://localhost:3030/_next/static/chunks/04m2_next_dist_01d_w1-._.js:2431
[ 2943344ms] [LOG] [Fast Refresh] done in 110ms @ http://localhost:3030/_next/static/chunks/04m2_next_dist_01d_w1-._.js:2431
[ 2943460ms] [LOG] [Fast Refresh] rebuilding @ http://localhost:3030/_next/static/chunks/04m2_next_dist_01d_w1-._.js:2431
[ 2943554ms] [LOG] [Fast Refresh] done in 207ms @ http://localhost:3030/_next/static/chunks/04m2_next_dist_01d_w1-._.js:2431
[ 2943660ms] [LOG] [Fast Refresh] rebuilding @ http://localhost:3030/_next/static/chunks/04m2_next_dist_01d_w1-._.js:2431
[ 2943823ms] [LOG] [Fast Refresh] done in 268ms @ http://localhost:3030/_next/static/chunks/04m2_next_dist_01d_w1-._.js:2431
[ 2944006ms] [INFO] %c%s%c [setup-health] background: #e6e6e6;background: light-dark(rgba(0,0,0,0.1), rgba(255,255,255,0.25));color: #000000;color: light-dark(#000000, #ffffff);border-radius: 2px  Server   panel-layout {tenantId: cmrvvipw70000oyyo6123270j, userId: cmrvvipy90009oyyocqnstw83, score: 40, completedCount: 2, totalCriticalCount: 5} @ http://localhost:3030/_next/static/chunks/04m2_next_dist_01d_w1-._.js:2431
[ 2944193ms] [LOG] [Fast Refresh] rebuilding @ http://localhost:3030/_next/static/chunks/04m2_next_dist_01d_w1-._.js:2431
[ 2944261ms] [LOG] [Fast Refresh] done in 191ms @ http://localhost:3030/_next/static/chunks/04m2_next_dist_01d_w1-._.js:2431
[ 2944375ms] [LOG] [Fast Refresh] rebuilding @ http://localhost:3030/_next/static/chunks/04m2_next_dist_01d_w1-._.js:2431
[ 2944729ms] [LOG] [Fast Refresh] done in 465ms @ http://localhost:3030/_next/static/chunks/04m2_next_dist_01d_w1-._.js:2431
[ 2944898ms] [INFO] %c%s%c [setup-health] background: #e6e6e6;background: light-dark(rgba(0,0,0,0.1), rgba(255,255,255,0.25));color: #000000;color: light-dark(#000000, #ffffff);border-radius: 2px  Server   panel-layout {tenantId: cmrvvipw70000oyyo6123270j, userId: cmrvvipy90009oyyocqnstw83, score: 40, completedCount: 2, totalCriticalCount: 5} @ http://localhost:3030/_next/static/chunks/04m2_next_dist_01d_w1-._.js:2431
[ 2945178ms] [LOG] [Fast Refresh] rebuilding @ http://localhost:3030/_next/static/chunks/04m2_next_dist_01d_w1-._.js:2431
[ 2945377ms] [LOG] [Fast Refresh] done in 303ms @ http://localhost:3030/_next/static/chunks/04m2_next_dist_01d_w1-._.js:2431
[ 2945850ms] [INFO] %c%s%c [setup-health] background: #e6e6e6;background: light-dark(rgba(0,0,0,0.1), rgba(255,255,255,0.25));color: #000000;color: light-dark(#000000, #ffffff);border-radius: 2px  Server   panel-layout {tenantId: cmrvvipw70000oyyo6123270j, userId: cmrvvipy90009oyyocqnstw83, score: 40, completedCount: 2, totalCriticalCount: 5} @ http://localhost:3030/_next/static/chunks/04m2_next_dist_01d_w1-._.js:2431
[ 2945858ms] [LOG] [Fast Refresh] rebuilding @ http://localhost:3030/_next/static/chunks/04m2_next_dist_01d_w1-._.js:2431
[ 2945902ms] [LOG] [Fast Refresh] done in 147ms @ http://localhost:3030/_next/static/chunks/04m2_next_dist_01d_w1-._.js:2431
[ 2946003ms] [LOG] [Fast Refresh] rebuilding @ http://localhost:3030/_next/static/chunks/04m2_next_dist_01d_w1-._.js:2431
[ 2946170ms] [LOG] [Fast Refresh] done in 267ms @ http://localhost:3030/_next/static/chunks/04m2_next_dist_01d_w1-._.js:2431
[ 2946421ms] [LOG] [Fast Refresh] rebuilding @ http://localhost:3030/_next/static/chunks/04m2_next_dist_01d_w1-._.js:2431
[ 2946486ms] [LOG] [Fast Refresh] done in 176ms @ http://localhost:3030/_next/static/chunks/04m2_next_dist_01d_w1-._.js:2431
[ 2946590ms] [LOG] [Fast Refresh] rebuilding @ http://localhost:3030/_next/static/chunks/04m2_next_dist_01d_w1-._.js:2431
[ 2946619ms] [LOG] [Fast Refresh] done in 129ms @ http://localhost:3030/_next/static/chunks/04m2_next_dist_01d_w1-._.js:2431
[ 2946635ms] [INFO] %c%s%c [setup-health] background: #e6e6e6;background: light-dark(rgba(0,0,0,0.1), rgba(255,255,255,0.25));color: #000000;color: light-dark(#000000, #ffffff);border-radius: 2px  Server   panel-layout {tenantId: cmrvvipw70000oyyo6123270j, userId: cmrvvipy90009oyyocqnstw83, score: 40, completedCount: 2, totalCriticalCount: 5} @ http://localhost:3030/_next/static/chunks/04m2_next_dist_01d_w1-._.js:2431
[ 2946723ms] [LOG] [Fast Refresh] rebuilding @ http://localhost:3030/_next/static/chunks/04m2_next_dist_01d_w1-._.js:2431
[ 2946970ms] [LOG] [Fast Refresh] done in 349ms @ http://localhost:3030/_next/static/chunks/04m2_next_dist_01d_w1-._.js:2431
[ 2947166ms] [LOG] [Fast Refresh] rebuilding @ http://localhost:3030/_next/static/chunks/04m2_next_dist_01d_w1-._.js:2431
[ 2947314ms] [LOG] [Fast Refresh] done in 252ms @ http://localhost:3030/_next/static/chunks/04m2_next_dist_01d_w1-._.js:2431
[ 2947418ms] [LOG] [Fast Refresh] rebuilding @ http://localhost:3030/_next/static/chunks/04m2_next_dist_01d_w1-._.js:2431
[ 2947527ms] [LOG] [Fast Refresh] done in 211ms @ http://localhost:3030/_next/static/chunks/04m2_next_dist_01d_w1-._.js:2431
[ 2947572ms] [INFO] %c%s%c [setup-health] background: #e6e6e6;background: light-dark(rgba(0,0,0,0.1), rgba(255,255,255,0.25));color: #000000;color: light-dark(#000000, #ffffff);border-radius: 2px  Server   panel-layout {tenantId: cmrvvipw70000oyyo6123270j, userId: cmrvvipy90009oyyocqnstw83, score: 40, completedCount: 2, totalCriticalCount: 5} @ http://localhost:3030/_next/static/chunks/04m2_next_dist_01d_w1-._.js:2431
[ 2947739ms] [LOG] [Fast Refresh] rebuilding @ http://localhost:3030/_next/static/chunks/04m2_next_dist_01d_w1-._.js:2431
[ 2947769ms] [LOG] [Fast Refresh] done in 132ms @ http://localhost:3030/_next/static/chunks/04m2_next_dist_01d_w1-._.js:2431
[ 2947889ms] [LOG] [Fast Refresh] rebuilding @ http://localhost:3030/_next/static/chunks/04m2_next_dist_01d_w1-._.js:2431
[ 2948196ms] [LOG] [Fast Refresh] done in 425ms @ http://localhost:3030/_next/static/chunks/04m2_next_dist_01d_w1-._.js:2431
[ 2948393ms] [INFO] %c%s%c [setup-health] background: #e6e6e6;background: light-dark(rgba(0,0,0,0.1), rgba(255,255,255,0.25));color: #000000;color: light-dark(#000000, #ffffff);border-radius: 2px  Server   panel-layout {tenantId: cmrvvipw70000oyyo6123270j, userId: cmrvvipy90009oyyocqnstw83, score: 40, completedCount: 2, totalCriticalCount: 5} @ http://localhost:3030/_next/static/chunks/04m2_next_dist_01d_w1-._.js:2431
[ 2948731ms] [LOG] [Fast Refresh] rebuilding @ http://localhost:3030/_next/static/chunks/04m2_next_dist_01d_w1-._.js:2431
[ 2948890ms] [LOG] [Fast Refresh] done in 269ms @ http://localhost:3030/_next/static/chunks/04m2_next_dist_01d_w1-._.js:2431
[ 2949199ms] [LOG] [Fast Refresh] rebuilding @ http://localhost:3030/_next/static/chunks/04m2_next_dist_01d_w1-._.js:2431
[ 2949199ms] [INFO] %c%s%c [setup-health] background: #e6e6e6;background: light-dark(rgba(0,0,0,0.1), rgba(255,255,255,0.25));color: #000000;color: light-dark(#000000, #ffffff);border-radius: 2px  Server   panel-layout {tenantId: cmrvvipw70000oyyo6123270j, userId: cmrvvipy90009oyyocqnstw83, score: 40, completedCount: 2, totalCriticalCount: 5} @ http://localhost:3030/_next/static/chunks/04m2_next_dist_01d_w1-._.js:2431
[ 2949208ms] [LOG] [Fast Refresh] done in 120ms @ http://localhost:3030/_next/static/chunks/04m2_next_dist_01d_w1-._.js:2431
[ 2949317ms] [LOG] [Fast Refresh] rebuilding @ http://localhost:3030/_next/static/chunks/04m2_next_dist_01d_w1-._.js:2431
[ 2949346ms] [LOG] [Fast Refresh] done in 137ms @ http://localhost:3030/_next/static/chunks/04m2_next_dist_01d_w1-._.js:2431
[ 2949458ms] [LOG] [Fast Refresh] rebuilding @ http://localhost:3030/_next/static/chunks/04m2_next_dist_01d_w1-._.js:2431
[ 2949743ms] [LOG] [Fast Refresh] done in 390ms @ http://localhost:3030/_next/static/chunks/04m2_next_dist_01d_w1-._.js:2431
[ 2950088ms] [INFO] %c%s%c [setup-health] background: #e6e6e6;background: light-dark(rgba(0,0,0,0.1), rgba(255,255,255,0.25));color: #000000;color: light-dark(#000000, #ffffff);border-radius: 2px  Server   panel-layout {tenantId: cmrvvipw70000oyyo6123270j, userId: cmrvvipy90009oyyocqnstw83, score: 40, completedCount: 2, totalCriticalCount: 5} @ http://localhost:3030/_next/static/chunks/04m2_next_dist_01d_w1-._.js:2431
[ 2950290ms] [LOG] [Fast Refresh] rebuilding @ http://localhost:3030/_next/static/chunks/04m2_next_dist_01d_w1-._.js:2431
[ 2950491ms] [LOG] [Fast Refresh] done in 332ms @ http://localhost:3030/_next/static/chunks/04m2_next_dist_01d_w1-._.js:2431
[ 2951088ms] [LOG] [Fast Refresh] rebuilding @ http://localhost:3030/_next/static/chunks/04m2_next_dist_01d_w1-._.js:2431
[ 2951091ms] [INFO] %c%s%c [setup-health] background: #e6e6e6;background: light-dark(rgba(0,0,0,0.1), rgba(255,255,255,0.25));color: #000000;color: light-dark(#000000, #ffffff);border-radius: 2px  Server   panel-layout {tenantId: cmrvvipw70000oyyo6123270j, userId: cmrvvipy90009oyyocqnstw83, score: 40, completedCount: 2, totalCriticalCount: 5} @ http://localhost:3030/_next/static/chunks/04m2_next_dist_01d_w1-._.js:2431
[ 2951336ms] [LOG] [Fast Refresh] done in 353ms @ http://localhost:3030/_next/static/chunks/04m2_next_dist_01d_w1-._.js:2431
[ 2951953ms] [LOG] [Fast Refresh] rebuilding @ http://localhost:3030/_next/static/chunks/04m2_next_dist_01d_w1-._.js:2431
[ 2952111ms] [LOG] [Fast Refresh] done in 261ms @ http://localhost:3030/_next/static/chunks/04m2_next_dist_01d_w1-._.js:2431
[ 2952152ms] [INFO] %c%s%c [setup-health] background: #e6e6e6;background: light-dark(rgba(0,0,0,0.1), rgba(255,255,255,0.25));color: #000000;color: light-dark(#000000, #ffffff);border-radius: 2px  Server   panel-layout {tenantId: cmrvvipw70000oyyo6123270j, userId: cmrvvipy90009oyyocqnstw83, score: 40, completedCount: 2, totalCriticalCount: 5} @ http://localhost:3030/_next/static/chunks/04m2_next_dist_01d_w1-._.js:2431
[ 2952300ms] [LOG] [Fast Refresh] rebuilding @ http://localhost:3030/_next/static/chunks/04m2_next_dist_01d_w1-._.js:2431
[ 2952420ms] [LOG] [Fast Refresh] done in 224ms @ http://localhost:3030/_next/static/chunks/04m2_next_dist_01d_w1-._.js:2431
[ 2952953ms] [LOG] [Fast Refresh] rebuilding @ http://localhost:3030/_next/static/chunks/04m2_next_dist_01d_w1-._.js:2431
[ 2953147ms] [INFO] %c%s%c [setup-health] background: #e6e6e6;background: light-dark(rgba(0,0,0,0.1), rgba(255,255,255,0.25));color: #000000;color: light-dark(#000000, #ffffff);border-radius: 2px  Server   panel-layout {tenantId: cmrvvipw70000oyyo6123270j, userId: cmrvvipy90009oyyocqnstw83, score: 40, completedCount: 2, totalCriticalCount: 5} @ http://localhost:3030/_next/static/chunks/04m2_next_dist_01d_w1-._.js:2431
[ 2953154ms] [LOG] [Fast Refresh] done in 305ms @ http://localhost:3030/_next/static/chunks/04m2_next_dist_01d_w1-._.js:2431
[ 2953254ms] [LOG] [Fast Refresh] rebuilding @ http://localhost:3030/_next/static/chunks/04m2_next_dist_01d_w1-._.js:2431
[ 2953278ms] [LOG] [Fast Refresh] done in 125ms @ http://localhost:3030/_next/static/chunks/04m2_next_dist_01d_w1-._.js:2431
[ 2953795ms] [LOG] [Fast Refresh] rebuilding @ http://localhost:3030/_next/static/chunks/04m2_next_dist_01d_w1-._.js:2431
[ 2953854ms] [LOG] [Fast Refresh] done in 163ms @ http://localhost:3030/_next/static/chunks/04m2_next_dist_01d_w1-._.js:2431
[ 2953916ms] [INFO] %c%s%c [setup-health] background: #e6e6e6;background: light-dark(rgba(0,0,0,0.1), rgba(255,255,255,0.25));color: #000000;color: light-dark(#000000, #ffffff);border-radius: 2px  Server   panel-layout {tenantId: cmrvvipw70000oyyo6123270j, userId: cmrvvipy90009oyyocqnstw83, score: 40, completedCount: 2, totalCriticalCount: 5} @ http://localhost:3030/_next/static/chunks/04m2_next_dist_01d_w1-._.js:2431
[ 2953961ms] [LOG] [Fast Refresh] rebuilding @ http://localhost:3030/_next/static/chunks/04m2_next_dist_01d_w1-._.js:2431
[ 2953973ms] [LOG] [Fast Refresh] done in 114ms @ http://localhost:3030/_next/static/chunks/04m2_next_dist_01d_w1-._.js:2431
[ 2954087ms] [LOG] [Fast Refresh] rebuilding @ http://localhost:3030/_next/static/chunks/04m2_next_dist_01d_w1-._.js:2431
[ 2954412ms] [LOG] [Fast Refresh] done in 426ms @ http://localhost:3030/_next/static/chunks/04m2_next_dist_01d_w1-._.js:2431
[ 2954839ms] [LOG] [Fast Refresh] rebuilding @ http://localhost:3030/_next/static/chunks/04m2_next_dist_01d_w1-._.js:2431
[ 2954908ms] [LOG] [Fast Refresh] done in 176ms @ http://localhost:3030/_next/static/chunks/04m2_next_dist_01d_w1-._.js:2431
[ 2954948ms] [INFO] %c%s%c [setup-health] background: #e6e6e6;background: light-dark(rgba(0,0,0,0.1), rgba(255,255,255,0.25));color: #000000;color: light-dark(#000000, #ffffff);border-radius: 2px  Server   panel-layout {tenantId: cmrvvipw70000oyyo6123270j, userId: cmrvvipy90009oyyocqnstw83, score: 40, completedCount: 2, totalCriticalCount: 5} @ http://localhost:3030/_next/static/chunks/04m2_next_dist_01d_w1-._.js:2431
[ 2955021ms] [LOG] [Fast Refresh] rebuilding @ http://localhost:3030/_next/static/chunks/04m2_next_dist_01d_w1-._.js:2431
[ 2955276ms] [LOG] [Fast Refresh] done in 362ms @ http://localhost:3030/_next/static/chunks/04m2_next_dist_01d_w1-._.js:2431
[ 2955583ms] [LOG] [Fast Refresh] rebuilding @ http://localhost:3030/_next/static/chunks/04m2_next_dist_01d_w1-._.js:2431
[ 2955653ms] [LOG] [Fast Refresh] done in 178ms @ http://localhost:3030/_next/static/chunks/04m2_next_dist_01d_w1-._.js:2431
[ 2955704ms] [INFO] %c%s%c [setup-health] background: #e6e6e6;background: light-dark(rgba(0,0,0,0.1), rgba(255,255,255,0.25));color: #000000;color: light-dark(#000000, #ffffff);border-radius: 2px  Server   panel-layout {tenantId: cmrvvipw70000oyyo6123270j, userId: cmrvvipy90009oyyocqnstw83, score: 40, completedCount: 2, totalCriticalCount: 5} @ http://localhost:3030/_next/static/chunks/04m2_next_dist_01d_w1-._.js:2431
[ 2955761ms] [LOG] [Fast Refresh] rebuilding @ http://localhost:3030/_next/static/chunks/04m2_next_dist_01d_w1-._.js:2431
[ 2955996ms] [LOG] [Fast Refresh] done in 336ms @ http://localhost:3030/_next/static/chunks/04m2_next_dist_01d_w1-._.js:2431
[ 2956508ms] [LOG] [Fast Refresh] rebuilding @ http://localhost:3030/_next/static/chunks/04m2_next_dist_01d_w1-._.js:2431
[ 2956641ms] [LOG] [Fast Refresh] done in 233ms @ http://localhost:3030/_next/static/chunks/04m2_next_dist_01d_w1-._.js:2431
[ 2956708ms] [INFO] %c%s%c [setup-health] background: #e6e6e6;background: light-dark(rgba(0,0,0,0.1), rgba(255,255,255,0.25));color: #000000;color: light-dark(#000000, #ffffff);border-radius: 2px  Server   panel-layout {tenantId: cmrvvipw70000oyyo6123270j, userId: cmrvvipy90009oyyocqnstw83, score: 40, completedCount: 2, totalCriticalCount: 5} @ http://localhost:3030/_next/static/chunks/04m2_next_dist_01d_w1-._.js:2431
[ 2956755ms] [LOG] [Fast Refresh] rebuilding @ http://localhost:3030/_next/static/chunks/04m2_next_dist_01d_w1-._.js:2431
[ 2956759ms] [LOG] [Fast Refresh] done in 118ms @ http://localhost:3030/_next/static/chunks/04m2_next_dist_01d_w1-._.js:2431
[ 2956887ms] [LOG] [Fast Refresh] rebuilding @ http://localhost:3030/_next/static/chunks/04m2_next_dist_01d_w1-._.js:2431
[ 2957011ms] [LOG] [Fast Refresh] done in 229ms @ http://localhost:3030/_next/static/chunks/04m2_next_dist_01d_w1-._.js:2431
[ 2957140ms] [LOG] [Fast Refresh] rebuilding @ http://localhost:3030/_next/static/chunks/04m2_next_dist_01d_w1-._.js:2431
[ 2957302ms] [LOG] [Fast Refresh] done in 273ms @ http://localhost:3030/_next/static/chunks/04m2_next_dist_01d_w1-._.js:2431
[ 2957557ms] [INFO] %c%s%c [setup-health] background: #e6e6e6;background: light-dark(rgba(0,0,0,0.1), rgba(255,255,255,0.25));color: #000000;color: light-dark(#000000, #ffffff);border-radius: 2px  Server   panel-layout {tenantId: cmrvvipw70000oyyo6123270j, userId: cmrvvipy90009oyyocqnstw83, score: 40, completedCount: 2, totalCriticalCount: 5} @ http://localhost:3030/_next/static/chunks/04m2_next_dist_01d_w1-._.js:2431
[ 2957945ms] [LOG] [Fast Refresh] rebuilding @ http://localhost:3030/_next/static/chunks/04m2_next_dist_01d_w1-._.js:2431
[ 2958149ms] [LOG] [Fast Refresh] done in 308ms @ http://localhost:3030/_next/static/chunks/04m2_next_dist_01d_w1-._.js:2431
[ 2958466ms] [INFO] %c%s%c [setup-health] background: #e6e6e6;background: light-dark(rgba(0,0,0,0.1), rgba(255,255,255,0.25));color: #000000;color: light-dark(#000000, #ffffff);border-radius: 2px  Server   panel-layout {tenantId: cmrvvipw70000oyyo6123270j, userId: cmrvvipy90009oyyocqnstw83, score: 40, completedCount: 2, totalCriticalCount: 5} @ http://localhost:3030/_next/static/chunks/04m2_next_dist_01d_w1-._.js:2431
[ 2958570ms] [LOG] [Fast Refresh] rebuilding @ http://localhost:3030/_next/static/chunks/04m2_next_dist_01d_w1-._.js:2431
[ 2959028ms] [LOG] [Fast Refresh] done in 560ms @ http://localhost:3030/_next/static/chunks/04m2_next_dist_01d_w1-._.js:2431
[ 2959323ms] [INFO] %c%s%c [setup-health] background: #e6e6e6;background: light-dark(rgba(0,0,0,0.1), rgba(255,255,255,0.25));color: #000000;color: light-dark(#000000, #ffffff);border-radius: 2px  Server   panel-layout {tenantId: cmrvvipw70000oyyo6123270j, userId: cmrvvipy90009oyyocqnstw83, score: 40, completedCount: 2, totalCriticalCount: 5} @ http://localhost:3030/_next/static/chunks/04m2_next_dist_01d_w1-._.js:2431
[ 2959492ms] [LOG] [Fast Refresh] rebuilding @ http://localhost:3030/_next/static/chunks/04m2_next_dist_01d_w1-._.js:2431
[ 2959573ms] [LOG] [Fast Refresh] done in 186ms @ http://localhost:3030/_next/static/chunks/04m2_next_dist_01d_w1-._.js:2431
[ 2959626ms] [ERROR] Failed to load resource: net::ERR_INSUFFICIENT_RESOURCES @ http://localhost:3030/job-classifications?_rsc=1cdjp:0
[ 2959631ms] [ERROR] Failed to fetch RSC payload for http://localhost:3030/job-classifications. Falling back to browser navigation. TypeError: Failed to fetch
    at createFetch (http://localhost:3030/_next/static/chunks/04m2_next_dist_client_0-mnb_3._.js:8084:21)
    at fetchServerResponse (http://localhost:3030/_next/static/chunks/04m2_next_dist_client_0-mnb_3._.js:7928:27)
    at fetchMissingDynamicData (http://localhost:3030/_next/static/chunks/04m2_next_dist_client_0-mnb_3._.js:9341:75)
    at spawnDynamicRequests (http://localhost:3030/_next/static/chunks/04m2_next_dist_client_0-mnb_3._.js:9149:35)
    at navigateToKnownRoute (http://localhost:3030/_next/static/chunks/04m2_next_dist_client_0-mnb_3._.js:10033:54)
    at refreshDynamicData (http://localhost:3030/_next/static/chunks/04m2_next_dist_client_0-mnb_3._.js:10653:49)
    at hmrRefreshReducer (http://localhost:3030/_next/static/chunks/04m2_next_dist_client_0-mnb_3._.js:10802:51)
    at clientReducer (http://localhost:3030/_next/static/chunks/04m2_next_dist_client_0-mnb_3._.js:11398:65)
    at Object.action (http://localhost:3030/_next/static/chunks/04m2_next_dist_client_0-mnb_3._.js:11631:55)
    at runAction (http://localhost:3030/_next/static/chunks/04m2_next_dist_client_0-mnb_3._.js:11536:38)
    at dispatchAction (http://localhost:3030/_next/static/chunks/04m2_next_dist_client_0-mnb_3._.js:11599:9)
    at Object.dispatch (http://localhost:3030/_next/static/chunks/04m2_next_dist_client_0-mnb_3._.js:11629:40)
    at http://localhost:3030/_next/static/chunks/04m2_next_dist_client_0-mnb_3._.js:963:29
    at startTransition (http://localhost:3030/_next/static/chunks/04m2_next_dist_compiled_react-dom_03k2tun._.js:5469:31)
    at nextDispatch (http://localhost:3030/_next/static/chunks/04m2_next_dist_client_0-mnb_3._.js:962:13)
    at dispatchAppRouterAction (http://localhost:3030/_next/static/chunks/04m2_next_dist_client_0-mnb_3._.js:922:5)
    at http://localhost:3030/_next/static/chunks/04m2_next_dist_client_0-mnb_3._.js:11800:61
    at startTransition (http://localhost:3030/_next/static/chunks/04m2_next_dist_compiled_0g.v2rf._.js:1279:31)
    at Object.hmrRefresh (http://localhost:3030/_next/static/chunks/04m2_next_dist_client_0-mnb_3._.js:11799:40)
    at processMessage (http://localhost:3030/_next/static/chunks/04m2_next_dist_client_0-mnb_3._.js:13990:67)
    at WebSocket.handleMessage (http://localhost:3030/_next/static/chunks/04m2_next_dist_client_0-mnb_3._.js:13335:52) @ http://localhost:3030/_next/static/chunks/04m2_next_dist_01d_w1-._.js:3272
[ 2959688ms] [LOG] [Fast Refresh] rebuilding @ http://localhost:3030/_next/static/chunks/04m2_next_dist_01d_w1-._.js:2431
[ 2963837ms] [LOG] [Fast Refresh] done in 4261ms @ http://localhost:3030/_next/static/chunks/04m2_next_dist_01d_w1-._.js:2431
[ 2964105ms] [LOG] [Fast Refresh] rebuilding @ http://localhost:3030/_next/static/chunks/04m2_next_dist_01d_w1-._.js:2431
[ 2964187ms] [LOG] [Fast Refresh] done in 184ms @ http://localhost:3030/_next/static/chunks/04m2_next_dist_01d_w1-._.js:2431
[ 2964293ms] [LOG] [Fast Refresh] rebuilding @ http://localhost:3030/_next/static/chunks/04m2_next_dist_01d_w1-._.js:2431
[ 2964311ms] [LOG] [Fast Refresh] done in 123ms @ http://localhost:3030/_next/static/chunks/04m2_next_dist_01d_w1-._.js:2431
[ 2964320ms] [INFO] %c%s%c [setup-health] background: #e6e6e6;background: light-dark(rgba(0,0,0,0.1), rgba(255,255,255,0.25));color: #000000;color: light-dark(#000000, #ffffff);border-radius: 2px  Server   panel-layout {tenantId: cmrvvipw70000oyyo6123270j, userId: cmrvvipy90009oyyocqnstw83, score: 40, completedCount: 2, totalCriticalCount: 5} @ http://localhost:3030/_next/static/chunks/04m2_next_dist_01d_w1-._.js:2431
[ 2964417ms] [LOG] [Fast Refresh] rebuilding @ http://localhost:3030/_next/static/chunks/04m2_next_dist_01d_w1-._.js:2431
[ 2964561ms] [LOG] [Fast Refresh] done in 246ms @ http://localhost:3030/_next/static/chunks/04m2_next_dist_01d_w1-._.js:2431
[ 2964945ms] [LOG] [Fast Refresh] rebuilding @ http://localhost:3030/_next/static/chunks/04m2_next_dist_01d_w1-._.js:2431
[ 2965223ms] [LOG] [Fast Refresh] done in 384ms @ http://localhost:3030/_next/static/chunks/04m2_next_dist_01d_w1-._.js:2431
[ 2966298ms] [LOG] [Fast Refresh] rebuilding @ http://localhost:3030/_next/static/chunks/04m2_next_dist_01d_w1-._.js:2431
[ 2966344ms] [LOG] [Fast Refresh] done in 158ms @ http://localhost:3030/_next/static/chunks/04m2_next_dist_01d_w1-._.js:2431
[ 2966455ms] [LOG] [Fast Refresh] rebuilding @ http://localhost:3030/_next/static/chunks/04m2_next_dist_01d_w1-._.js:2431
[ 2966484ms] [LOG] [Fast Refresh] done in 138ms @ http://localhost:3030/_next/static/chunks/04m2_next_dist_01d_w1-._.js:2431
[ 2966587ms] [LOG] [Fast Refresh] rebuilding @ http://localhost:3030/_next/static/chunks/04m2_next_dist_01d_w1-._.js:2431
[ 2966694ms] [LOG] [Fast Refresh] done in 208ms @ http://localhost:3030/_next/static/chunks/04m2_next_dist_01d_w1-._.js:2431
[ 2966734ms] [INFO] %c%s%c [setup-health] background: #e6e6e6;background: light-dark(rgba(0,0,0,0.1), rgba(255,255,255,0.25));color: #000000;color: light-dark(#000000, #ffffff);border-radius: 2px  Server   panel-layout {tenantId: cmrvvipw70000oyyo6123270j, userId: cmrvvipy90009oyyocqnstw83, score: 40, completedCount: 2, totalCriticalCount: 5} @ http://localhost:3030/_next/static/chunks/04m2_next_dist_01d_w1-._.js:2431
[ 2967187ms] [LOG] [Fast Refresh] rebuilding @ http://localhost:3030/_next/static/chunks/04m2_next_dist_01d_w1-._.js:2431
[ 2967343ms] [LOG] [Fast Refresh] done in 261ms @ http://localhost:3030/_next/static/chunks/04m2_next_dist_01d_w1-._.js:2431
[ 2969619ms] [INFO] %cDownload the React DevTools for a better development experience: https://react.dev/link/react-devtools font-weight:bold @ http://localhost:3030/_next/static/chunks/04m2_next_dist_01d_w1-._.js:2431
[ 2969952ms] [LOG] [HMR] connected @ http://localhost:3030/_next/static/chunks/04m2_next_dist_01d_w1-._.js:2431
[ 2969964ms] [INFO] %c%s%c [setup-health] background: #e6e6e6;background: light-dark(rgba(0,0,0,0.1), rgba(255,255,255,0.25));color: #000000;color: light-dark(#000000, #ffffff);border-radius: 2px  Server   panel-layout {tenantId: cmrvvipw70000oyyo6123270j, userId: cmrvvipy90009oyyocqnstw83, score: 40, completedCount: 2, totalCriticalCount: 5} @ http://localhost:3030/_next/static/chunks/04m2_next_dist_01d_w1-._.js:2431
[ 2970189ms] [LOG] [Fast Refresh] rebuilding @ http://localhost:3030/_next/static/chunks/04m2_next_dist_01d_w1-._.js:2431
[ 2970282ms] [LOG] [Fast Refresh] done in 198ms @ http://localhost:3030/_next/static/chunks/04m2_next_dist_01d_w1-._.js:2431
[ 2970385ms] [LOG] [Fast Refresh] rebuilding @ http://localhost:3030/_next/static/chunks/04m2_next_dist_01d_w1-._.js:2431
[ 2970589ms] [LOG] [Fast Refresh] done in 306ms @ http://localhost:3030/_next/static/chunks/04m2_next_dist_01d_w1-._.js:2431
[ 2970774ms] [LOG] [Fast Refresh] rebuilding @ http://localhost:3030/_next/static/chunks/04m2_next_dist_01d_w1-._.js:2431
[ 2970817ms] [LOG] [Fast Refresh] done in 149ms @ http://localhost:3030/_next/static/chunks/04m2_next_dist_01d_w1-._.js:2431
[ 2970937ms] [LOG] [Fast Refresh] rebuilding @ http://localhost:3030/_next/static/chunks/04m2_next_dist_01d_w1-._.js:2431
[ 2971020ms] [LOG] [Fast Refresh] done in 189ms @ http://localhost:3030/_next/static/chunks/04m2_next_dist_01d_w1-._.js:2431
[ 2971404ms] [LOG] [Fast Refresh] rebuilding @ http://localhost:3030/_next/static/chunks/04m2_next_dist_01d_w1-._.js:2431
[ 2972602ms] [LOG] [Fast Refresh] done in 1309ms @ http://localhost:3030/_next/static/chunks/04m2_next_dist_01d_w1-._.js:2431
[ 2972767ms] [LOG] [Fast Refresh] rebuilding @ http://localhost:3030/_next/static/chunks/04m2_next_dist_01d_w1-._.js:2431
[ 2972868ms] [LOG] [Fast Refresh] done in 204ms @ http://localhost:3030/_next/static/chunks/04m2_next_dist_01d_w1-._.js:2431
[ 2973023ms] Error: Switched to client rendering because the server rendering errored:

Module [project]/Desktop/first-unit-next/vahedyek/apps/dastranj-panel/app/(panel)/job-classifications/_components/GradeRankManager.tsx [app-ssr] (ecmascript) was instantiated because it was required from module [project]/Desktop/first-unit-next/vahedyek/node_modules/next/dist/esm/build/templates/app-page.js?page=/login/page { MODULE_0 => "[project]/Desktop/first-unit-next/vahedyek/apps/dastranj-panel/app/layout.tsx [app-rsc] (ecmascript, Next.js Server Component)", MODULE_1 => "[project]/Desktop/first-unit-next/vahedyek/node_modules/next/dist/client/components/builtin/not-found.js [app-rsc] (ecmascript, Next.js Server Component)", MODULE_2 => "[project]/Desktop/first-unit-next/vahedyek/node_modules/next/dist/client/components/builtin/forbidden.js [app-rsc] (ecmascript, Next.js Server Component)", MODULE_3 => "[project]/Desktop/first-unit-next/vahedyek/node_modules/next/dist/client/components/builtin/unauthorized.js [app-rsc] (ecmascript, Next.js Server Component)", MODULE_4 => "[project]/Desktop/first-unit-next/vahedyek/node_modules/next/dist/client/components/builtin/global-error.js [app-rsc] (ecmascript, Next.js Server Component)", MODULE_5 => "[project]/Desktop/first-unit-next/vahedyek/apps/dastranj-panel/app/login/page.tsx [app-rsc] (ecmascript, Next.js Server Component)" } [app-rsc] (ecmascript) <locals>, but the module factory is not available.
This is often caused by a stale browser cache, misconfigured Cache-Control headers, or a service worker serving outdated responses.
To fix this, make sure your Cache-Control headers allow revalidation of chunks and review your service worker configuration. As an immediate workaround, try hard-reloading the page, clearing the browser cache, or unregistering any service workers.
    at instantiateModuleShared (C:\Users\Administrator\Desktop\first-unit-next\vahedyek\apps\dastranj-panel\.next\dev\server\chunks\ssr\[turbopack]_runtime.js:1256:15)
    at instantiateModule (C:\Users\Administrator\Desktop\first-unit-next\vahedyek\apps\dastranj-panel\.next\dev\server\chunks\ssr\[turbopack]_runtime.js:1557:23)
    at getOrInstantiateModuleFromParent (C:\Users\Administrator\Desktop\first-unit-next\vahedyek\apps\dastranj-panel\.next\dev\server\chunks\ssr\[turbopack]_runtime.js:1593:23)
    at Context.commonJsRequire [as r] (C:\Users\Administrator\Desktop\first-unit-next\vahedyek\apps\dastranj-panel\.next\dev\server\chunks\ssr\[turbopack]_runtime.js:302:12)
    at Object.require (C:\Users\Administrator\Desktop\first-unit-next\vahedyek\node_modules\next\dist\compiled\next-server\app-page-turbo.runtime.dev.js:69:48242)
    at globalThis.__next_require__ (C:\Users\Administrator\Desktop\first-unit-next\vahedyek\node_modules\next\dist\compiled\next-server\app-page-turbo.runtime.dev.js:69:49109)
    at requireModule (C:\Users\Administrator\Desktop\first-unit-next\vahedyek\node_modules\next\dist\compiled\next-server\app-page-turbo.runtime.dev.js:2:340808)
    at initializeModuleChunk (C:\Users\Administrator\Desktop\first-unit-next\vahedyek\node_modules\next\dist\compiled\next-server\app-page-turbo.runtime.dev.js:2:381296)
    at readChunk (C:\Users\Administrator\Desktop\first-unit-next\vahedyek\node_modules\next\dist\compiled\next-server\app-page-turbo.runtime.dev.js:2:373365)
    at getComponentNameFromType (C:\Users\Administrator\Desktop\first-unit-next\vahedyek\node_modules\next\dist\compiled\next-server\app-page-turbo.runtime.dev.js:2:78452)
    at retryNode (C:\Users\Administrator\Desktop\first-unit-next\vahedyek\node_modules\next\dist\compiled\next-server\app-page-turbo.runtime.dev.js:2:201552)
    at renderNodeDestructive (C:\Users\Administrator\Desktop\first-unit-next\vahedyek\node_modules\next\dist\compiled\next-server\app-page-turbo.runtime.dev.js:2:201175)
    at retryNode (C:\Users\Administrator\Desktop\first-unit-next\vahedyek\node_modules\next\dist\compiled\next-server\app-page-turbo.runtime.dev.js:2:202325)
    at renderNodeDestructive (C:\Users\Administrator\Desktop\first-unit-next\vahedyek\node_modules\next\dist\compiled\next-server\app-page-turbo.runtime.dev.js:2:201175)
    at renderNode (C:\Users\Administrator\Desktop\first-unit-next\vahedyek\node_modules\next\dist\compiled\next-server\app-page-turbo.runtime.dev.js:2:213093)
    at renderChildrenArray (C:\Users\Administrator\Desktop\first-unit-next\vahedyek\node_modules\next\dist\compiled\next-server\app-page-turbo.runtime.dev.js:2:207654)
    at retryNode (C:\Users\Administrator\Desktop\first-unit-next\vahedyek\node_modules\next\dist\compiled\next-server\app-page-turbo.runtime.dev.js:2:202417)
    at renderNodeDestructive (C:\Users\Administrator\Desktop\first-unit-next\vahedyek\node_modules\next\dist\compiled\next-server\app-page-turbo.runtime.dev.js:2:201175)
    at retryNode (C:\Users\Administrator\Desktop\first-unit-next\vahedyek\node_modules\next\dist\compiled\next-server\app-page-turbo.runtime.dev.js:2:202325)
    at renderNodeDestructive (C:\Users\Administrator\Desktop\first-unit-next\vahedyek\node_modules\next\dist\compiled\next-server\app-page-turbo.runtime.dev.js:2:201175)
    at renderNode (C:\Users\Administrator\Desktop\first-unit-next\vahedyek\node_modules\next\dist\compiled\next-server\app-page-turbo.runtime.dev.js:2:213093)
    at renderChildrenArray (C:\Users\Administrator\Desktop\first-unit-next\vahedyek\node_modules\next\dist\compiled\next-server\app-page-turbo.runtime.dev.js:2:207654)
    at retryNode (C:\Users\Administrator\Desktop\first-unit-next\vahedyek\node_modules\next\dist\compiled\next-server\app-page-turbo.runtime.dev.js:2:202417)
    at renderNodeDestructive (C:\Users\Administrator\Desktop\first-unit-next\vahedyek\node_modules\next\dist\compiled\next-server\app-page-turbo.runtime.dev.js:2:201175)
    at renderElement (C:\Users\Administrator\Desktop\first-unit-next\vahedyek\node_modules\next\dist\compiled\next-server\app-page-turbo.runtime.dev.js:2:182673)
    at retryNode (C:\Users\Administrator\Desktop\first-unit-next\vahedyek\node_modules\next\dist\compiled\next-server\app-page-turbo.runtime.dev.js:2:201940)
    at renderNodeDestructive (C:\Users\Administrator\Desktop\first-unit-next\vahedyek\node_modules\next\dist\compiled\next-server\app-page-turbo.runtime.dev.js:2:201175)
    at finishFunctionComponent (C:\Users\Administrator\Desktop\first-unit-next\vahedyek\node_modules\next\dist\compiled\next-server\app-page-turbo.runtime.dev.js:2:119349)
    at renderElement (C:\Users\Administrator\Desktop\first-unit-next\vahedyek\node_modules\next\dist\compiled\next-server\app-page-turbo.runtime.dev.js:2:134520)
    at renderElement (C:\Users\Administrator\Desktop\first-unit-next\vahedyek\node_modules\next\dist\compiled\next-server\app-page-turbo.runtime.dev.js:2:194974)
    at retryNode (C:\Users\Administrator\Desktop\first-unit-next\vahedyek\node_modules\next\dist\compiled\next-server\app-page-turbo.runtime.dev.js:2:201940)
    at renderNodeDestructive (C:\Users\Administrator\Desktop\first-unit-next\vahedyek\node_modules\next\dist\compiled\next-server\app-page-turbo.runtime.dev.js:2:201175)
    at renderNode (C:\Users\Administrator\Desktop\first-unit-next\vahedyek\node_modules\next\dist\compiled\next-server\app-page-turbo.runtime.dev.js:2:213093)
    at renderChildrenArray (C:\Users\Administrator\Desktop\first-unit-next\vahedyek\node_modules\next\dist\compiled\next-server\app-page-turbo.runtime.dev.js:2:207654)
    at retryNode (C:\Users\Administrator\Desktop\first-unit-next\vahedyek\node_modules\next\dist\compiled\next-server\app-page-turbo.runtime.dev.js:2:202417)
    at renderNodeDestructive (C:\Users\Administrator\Desktop\first-unit-next\vahedyek\node_modules\next\dist\compiled\next-server\app-page-turbo.runtime.dev.js:2:201175)
    at renderElement (C:\Users\Administrator\Desktop\first-unit-next\vahedyek\node_modules\next\dist\compiled\next-server\app-page-turbo.runtime.dev.js:2:182673)
    at retryNode (C:\Users\Administrator\Desktop\first-unit-next\vahedyek\node_modules\next\dist\compiled\next-server\app-page-turbo.runtime.dev.js:2:201940)
    at renderNodeDestructive (C:\Users\Administrator\Desktop\first-unit-next\vahedyek\node_modules\next\dist\compiled\next-server\app-page-turbo.runtime.dev.js:2:201175)
    at renderElement (C:\Users\Administrator\Desktop\first-unit-next\vahedyek\node_modules\next\dist\compiled\next-server\app-page-turbo.runtime.dev.js:2:193338)
    at retryNode (C:\Users\Administrator\Desktop\first-unit-next\vahedyek\node_modules\next\dist\compiled\next-server\app-page-turbo.runtime.dev.js:2:201940)
    at renderNodeDestructive (C:\Users\Administrator\Desktop\first-unit-next\vahedyek\node_modules\next\dist\compiled\next-server\app-page-turbo.runtime.dev.js:2:201175)
    at finishFunctionComponent (C:\Users\Administrator\Desktop\first-unit-next\vahedyek\node_modules\next\dist\compiled\next-server\app-page-turbo.runtime.dev.js:2:119349)
    at renderElement (C:\Users\Administrator\Desktop\first-unit-next\vahedyek\node_modules\next\dist\compiled\next-server\app-page-turbo.runtime.dev.js:2:134520)
    at retryNode (C:\Users\Administrator\Desktop\first-unit-next\vahedyek\node_modules\next\dist\compiled\next-server\app-page-turbo.runtime.dev.js:2:201940)
    at renderNodeDestructive (C:\Users\Administrator\Desktop\first-unit-next\vahedyek\node_modules\next\dist\compiled\next-server\app-page-turbo.runtime.dev.js:2:201175)
    at renderNode (C:\Users\Administrator\Desktop\first-unit-next\vahedyek\node_modules\next\dist\compiled\next-server\app-page-turbo.runtime.dev.js:2:213093)
    at renderChildrenArray (C:\Users\Administrator\Desktop\first-unit-next\vahedyek\node_modules\next\dist\compiled\next-server\app-page-turbo.runtime.dev.js:2:207654)
    at retryNode (C:\Users\Administrator\Desktop\first-unit-next\vahedyek\node_modules\next\dist\compiled\next-server\app-page-turbo.runtime.dev.js:2:202417)
    at renderNodeDestructive (C:\Users\Administrator\Desktop\first-unit-next\vahedyek\node_modules\next\dist\compiled\next-server\app-page-turbo.runtime.dev.js:2:201175)
[ 2974466ms] [LOG] [Fast Refresh] rebuilding @ http://localhost:3030/_next/static/chunks/04m2_next_dist_01d_w1-._.js:2431
[ 2974674ms] [LOG] [Fast Refresh] done in 317ms @ http://localhost:3030/_next/static/chunks/04m2_next_dist_01d_w1-._.js:2431
[ 2974896ms] [LOG] [Fast Refresh] rebuilding @ http://localhost:3030/_next/static/chunks/04m2_next_dist_01d_w1-._.js:2431
[ 2974897ms] [LOG] [Fast Refresh] done in 136ms @ http://localhost:3030/_next/static/chunks/04m2_next_dist_01d_w1-._.js:2431
[ 2975092ms] [LOG] [Fast Refresh] rebuilding @ http://localhost:3030/_next/static/chunks/04m2_next_dist_01d_w1-._.js:2431
[ 2975095ms] [LOG] [Fast Refresh] done in 197ms @ http://localhost:3030/_next/static/chunks/04m2_next_dist_01d_w1-._.js:2431
[ 2975271ms] [LOG] [Fast Refresh] rebuilding @ http://localhost:3030/_next/static/chunks/04m2_next_dist_01d_w1-._.js:2431
[ 2975310ms] [LOG] [Fast Refresh] done in 158ms @ http://localhost:3030/_next/static/chunks/04m2_next_dist_01d_w1-._.js:2431
[ 2975856ms] [LOG] [Fast Refresh] rebuilding @ http://localhost:3030/_next/static/chunks/04m2_next_dist_01d_w1-._.js:2431
[ 2975888ms] [LOG] [Fast Refresh] done in 133ms @ http://localhost:3030/_next/static/chunks/04m2_next_dist_01d_w1-._.js:2431
[ 2976416ms] [LOG] [Fast Refresh] rebuilding @ http://localhost:3030/_next/static/chunks/04m2_next_dist_01d_w1-._.js:2431
[ 2976535ms] [LOG] [Fast Refresh] done in 223ms @ http://localhost:3030/_next/static/chunks/04m2_next_dist_01d_w1-._.js:2431
[ 2976645ms] [LOG] [Fast Refresh] rebuilding @ http://localhost:3030/_next/static/chunks/04m2_next_dist_01d_w1-._.js:2431
[ 2976697ms] [LOG] [Fast Refresh] done in 161ms @ http://localhost:3030/_next/static/chunks/04m2_next_dist_01d_w1-._.js:2431
[ 2976875ms] [LOG] [Fast Refresh] rebuilding @ http://localhost:3030/_next/static/chunks/04m2_next_dist_01d_w1-._.js:2431
[ 2976889ms] [LOG] [Fast Refresh] done in 126ms @ http://localhost:3030/_next/static/chunks/04m2_next_dist_01d_w1-._.js:2431
[ 2977006ms] [LOG] [Fast Refresh] rebuilding @ http://localhost:3030/_next/static/chunks/04m2_next_dist_01d_w1-._.js:2431
[ 2977058ms] [LOG] [Fast Refresh] done in 166ms @ http://localhost:3030/_next/static/chunks/04m2_next_dist_01d_w1-._.js:2431
[ 2977173ms] [LOG] [Fast Refresh] rebuilding @ http://localhost:3030/_next/static/chunks/04m2_next_dist_01d_w1-._.js:2431
[ 2977221ms] [LOG] [Fast Refresh] done in 162ms @ http://localhost:3030/_next/static/chunks/04m2_next_dist_01d_w1-._.js:2431
[ 2977389ms] [LOG] [Fast Refresh] rebuilding @ http://localhost:3030/_next/static/chunks/04m2_next_dist_01d_w1-._.js:2431
[ 2977495ms] [LOG] [Fast Refresh] done in 208ms @ http://localhost:3030/_next/static/chunks/04m2_next_dist_01d_w1-._.js:2431
[ 2977928ms] [LOG] [Fast Refresh] rebuilding @ http://localhost:3030/_next/static/chunks/04m2_next_dist_01d_w1-._.js:2431
[ 2978003ms] [LOG] [Fast Refresh] done in 188ms @ http://localhost:3030/_next/static/chunks/04m2_next_dist_01d_w1-._.js:2431
[ 2978113ms] [LOG] [Fast Refresh] rebuilding @ http://localhost:3030/_next/static/chunks/04m2_next_dist_01d_w1-._.js:2431
[ 2978126ms] [LOG] [Fast Refresh] done in 121ms @ http://localhost:3030/_next/static/chunks/04m2_next_dist_01d_w1-._.js:2431
[ 2978523ms] [LOG] [Fast Refresh] rebuilding @ http://localhost:3030/_next/static/chunks/04m2_next_dist_01d_w1-._.js:2431
[ 2978604ms] [LOG] [Fast Refresh] done in 189ms @ http://localhost:3030/_next/static/chunks/04m2_next_dist_01d_w1-._.js:2431
[ 2978977ms] [LOG] [Fast Refresh] rebuilding @ http://localhost:3030/_next/static/chunks/04m2_next_dist_01d_w1-._.js:2431
[ 2979021ms] [LOG] [Fast Refresh] done in 159ms @ http://localhost:3030/_next/static/chunks/04m2_next_dist_01d_w1-._.js:2431
[ 2979189ms] [LOG] [Fast Refresh] rebuilding @ http://localhost:3030/_next/static/chunks/04m2_next_dist_01d_w1-._.js:2431
[ 2979219ms] [LOG] [Fast Refresh] done in 134ms @ http://localhost:3030/_next/static/chunks/04m2_next_dist_01d_w1-._.js:2431
[ 2979406ms] [LOG] [Fast Refresh] rebuilding @ http://localhost:3030/_next/static/chunks/04m2_next_dist_01d_w1-._.js:2431
[ 2979491ms] [LOG] [Fast Refresh] done in 200ms @ http://localhost:3030/_next/static/chunks/04m2_next_dist_01d_w1-._.js:2431
[ 2979712ms] [LOG] [Fast Refresh] rebuilding @ http://localhost:3030/_next/static/chunks/04m2_next_dist_01d_w1-._.js:2431
[ 2979727ms] [LOG] [Fast Refresh] done in 129ms @ http://localhost:3030/_next/static/chunks/04m2_next_dist_01d_w1-._.js:2431
[ 2979939ms] [LOG] [Fast Refresh] rebuilding @ http://localhost:3030/_next/static/chunks/04m2_next_dist_01d_w1-._.js:2431
[ 2980019ms] [LOG] [Fast Refresh] done in 198ms @ http://localhost:3030/_next/static/chunks/04m2_next_dist_01d_w1-._.js:2431
[ 2980474ms] [LOG] [Fast Refresh] rebuilding @ http://localhost:3030/_next/static/chunks/04m2_next_dist_01d_w1-._.js:2431
[ 2980513ms] [LOG] [Fast Refresh] done in 147ms @ http://localhost:3030/_next/static/chunks/04m2_next_dist_01d_w1-._.js:2431
[ 2980708ms] [LOG] [Fast Refresh] rebuilding @ http://localhost:3030/_next/static/chunks/04m2_next_dist_01d_w1-._.js:2431
[ 2980770ms] [LOG] [Fast Refresh] done in 176ms @ http://localhost:3030/_next/static/chunks/04m2_next_dist_01d_w1-._.js:2431
[ 2980876ms] [LOG] [Fast Refresh] rebuilding @ http://localhost:3030/_next/static/chunks/04m2_next_dist_01d_w1-._.js:2431
[ 2980889ms] [LOG] [Fast Refresh] done in 119ms @ http://localhost:3030/_next/static/chunks/04m2_next_dist_01d_w1-._.js:2431
[ 2981090ms] [LOG] [Fast Refresh] rebuilding @ http://localhost:3030/_next/static/chunks/04m2_next_dist_01d_w1-._.js:2431
[ 2981090ms] [LOG] [Fast Refresh] done in 106ms @ http://localhost:3030/_next/static/chunks/04m2_next_dist_01d_w1-._.js:2431
[ 2981204ms] [LOG] [Fast Refresh] rebuilding @ http://localhost:3030/_next/static/chunks/04m2_next_dist_01d_w1-._.js:2431
[ 2981296ms] [LOG] [Fast Refresh] done in 206ms @ http://localhost:3030/_next/static/chunks/04m2_next_dist_01d_w1-._.js:2431
[ 2981513ms] [LOG] [Fast Refresh] rebuilding @ http://localhost:3030/_next/static/chunks/04m2_next_dist_01d_w1-._.js:2431
[ 2981594ms] [LOG] [Fast Refresh] done in 189ms @ http://localhost:3030/_next/static/chunks/04m2_next_dist_01d_w1-._.js:2431
[ 2981768ms] [LOG] [Fast Refresh] rebuilding @ http://localhost:3030/_next/static/chunks/04m2_next_dist_01d_w1-._.js:2431
[ 2981862ms] [LOG] [Fast Refresh] done in 211ms @ http://localhost:3030/_next/static/chunks/04m2_next_dist_01d_w1-._.js:2431
[ 2982424ms] [LOG] [Fast Refresh] rebuilding @ http://localhost:3030/_next/static/chunks/04m2_next_dist_01d_w1-._.js:2431
[ 2982604ms] [LOG] [Fast Refresh] done in 300ms @ http://localhost:3030/_next/static/chunks/04m2_next_dist_01d_w1-._.js:2431
[ 2982713ms] [LOG] [Fast Refresh] rebuilding @ http://localhost:3030/_next/static/chunks/04m2_next_dist_01d_w1-._.js:2431
[ 2982742ms] [LOG] [Fast Refresh] done in 136ms @ http://localhost:3030/_next/static/chunks/04m2_next_dist_01d_w1-._.js:2431
[ 2983021ms] [LOG] [Fast Refresh] rebuilding @ http://localhost:3030/_next/static/chunks/04m2_next_dist_01d_w1-._.js:2431
[ 2983089ms] [LOG] [Fast Refresh] done in 171ms @ http://localhost:3030/_next/static/chunks/04m2_next_dist_01d_w1-._.js:2431
[ 2983264ms] [LOG] [Fast Refresh] rebuilding @ http://localhost:3030/_next/static/chunks/04m2_next_dist_01d_w1-._.js:2431
[ 2983270ms] [LOG] [Fast Refresh] done in 180ms @ http://localhost:3030/_next/static/chunks/04m2_next_dist_01d_w1-._.js:2431
[ 2983421ms] [LOG] [Fast Refresh] rebuilding @ http://localhost:3030/_next/static/chunks/04m2_next_dist_01d_w1-._.js:2431
[ 2983446ms] [LOG] [Fast Refresh] done in 155ms @ http://localhost:3030/_next/static/chunks/04m2_next_dist_01d_w1-._.js:2431
[ 2983550ms] [LOG] [Fast Refresh] rebuilding @ http://localhost:3030/_next/static/chunks/04m2_next_dist_01d_w1-._.js:2431
[ 2983677ms] [LOG] [Fast Refresh] done in 230ms @ http://localhost:3030/_next/static/chunks/04m2_next_dist_01d_w1-._.js:2431
[ 2983979ms] [LOG] [Fast Refresh] rebuilding @ http://localhost:3030/_next/static/chunks/04m2_next_dist_01d_w1-._.js:2431
[ 2984092ms] [LOG] [Fast Refresh] done in 213ms @ http://localhost:3030/_next/static/chunks/04m2_next_dist_01d_w1-._.js:2431
[ 2984470ms] [LOG] [Fast Refresh] rebuilding @ http://localhost:3030/_next/static/chunks/04m2_next_dist_01d_w1-._.js:2431
[ 2984474ms] [LOG] [Fast Refresh] done in 119ms @ http://localhost:3030/_next/static/chunks/04m2_next_dist_01d_w1-._.js:2431
[ 2984876ms] [LOG] [Fast Refresh] rebuilding @ http://localhost:3030/_next/static/chunks/04m2_next_dist_01d_w1-._.js:2431
[ 2984929ms] [LOG] [Fast Refresh] done in 160ms @ http://localhost:3030/_next/static/chunks/04m2_next_dist_01d_w1-._.js:2431
[ 2985047ms] [LOG] [Fast Refresh] rebuilding @ http://localhost:3030/_next/static/chunks/04m2_next_dist_01d_w1-._.js:2431
[ 2985263ms] [LOG] [Fast Refresh] done in 334ms @ http://localhost:3030/_next/static/chunks/04m2_next_dist_01d_w1-._.js:2431
[ 2985539ms] [LOG] [Fast Refresh] rebuilding @ http://localhost:3030/_next/static/chunks/04m2_next_dist_01d_w1-._.js:2431
[ 2985652ms] [LOG] [Fast Refresh] done in 228ms @ http://localhost:3030/_next/static/chunks/04m2_next_dist_01d_w1-._.js:2431
[ 2987007ms] [LOG] [Fast Refresh] rebuilding @ http://localhost:3030/_next/static/chunks/04m2_next_dist_01d_w1-._.js:2431
[ 2987107ms] [LOG] [Fast Refresh] done in 207ms @ http://localhost:3030/_next/static/chunks/04m2_next_dist_01d_w1-._.js:2431
[ 2987301ms] [LOG] [Fast Refresh] rebuilding @ http://localhost:3030/_next/static/chunks/04m2_next_dist_01d_w1-._.js:2431
[ 2987317ms] [LOG] [Fast Refresh] done in 123ms @ http://localhost:3030/_next/static/chunks/04m2_next_dist_01d_w1-._.js:2431
[ 2987500ms] [LOG] [Fast Refresh] rebuilding @ http://localhost:3030/_next/static/chunks/04m2_next_dist_01d_w1-._.js:2431
[ 2987664ms] [LOG] [Fast Refresh] done in 270ms @ http://localhost:3030/_next/static/chunks/04m2_next_dist_01d_w1-._.js:2431
[ 2988115ms] [LOG] [Fast Refresh] rebuilding @ http://localhost:3030/_next/static/chunks/04m2_next_dist_01d_w1-._.js:2431
[ 2988146ms] [LOG] [Fast Refresh] done in 142ms @ http://localhost:3030/_next/static/chunks/04m2_next_dist_01d_w1-._.js:2431
[ 2988271ms] [LOG] [Fast Refresh] rebuilding @ http://localhost:3030/_next/static/chunks/04m2_next_dist_01d_w1-._.js:2431
[ 2988303ms] [LOG] [Fast Refresh] done in 140ms @ http://localhost:3030/_next/static/chunks/04m2_next_dist_01d_w1-._.js:2431
[ 2988408ms] [LOG] [Fast Refresh] rebuilding @ http://localhost:3030/_next/static/chunks/04m2_next_dist_01d_w1-._.js:2431
[ 2988491ms] [LOG] [Fast Refresh] done in 186ms @ http://localhost:3030/_next/static/chunks/04m2_next_dist_01d_w1-._.js:2431
[ 2988596ms] [LOG] [Fast Refresh] rebuilding @ http://localhost:3030/_next/static/chunks/04m2_next_dist_01d_w1-._.js:2431
[ 2988891ms] [LOG] [Fast Refresh] done in 399ms @ http://localhost:3030/_next/static/chunks/04m2_next_dist_01d_w1-._.js:2431
[ 2992686ms] [ERROR] WebSocket connection to 'ws://localhost:3030/_next/webpack-hmr?id=quNj1e26pyNJjUwJq2gF6' failed: Error in connection establishment: net::ERR_CONNECTION_REFUSED @ http://localhost:3030/_next/static/chunks/04m2_next_dist_client_0-mnb_3._.js:13299
[ 2996047ms] [ERROR] WebSocket connection to 'ws://localhost:3030/_next/webpack-hmr?id=quNj1e26pyNJjUwJq2gF6' failed: Error in connection establishment: net::ERR_CONNECTION_REFUSED @ http://localhost:3030/_next/static/chunks/04m2_next_dist_client_0-mnb_3._.js:13299
[ 2999395ms] [ERROR] WebSocket connection to 'ws://localhost:3030/_next/webpack-hmr?id=quNj1e26pyNJjUwJq2gF6' failed: Error in connection establishment: net::ERR_CONNECTION_REFUSED @ http://localhost:3030/_next/static/chunks/04m2_next_dist_client_0-mnb_3._.js:13299
[ 3002750ms] [ERROR] WebSocket connection to 'ws://localhost:3030/_next/webpack-hmr?id=quNj1e26pyNJjUwJq2gF6' failed: Error in connection establishment: net::ERR_CONNECTION_REFUSED @ http://localhost:3030/_next/static/chunks/04m2_next_dist_client_0-mnb_3._.js:13299
[ 3006099ms] [ERROR] WebSocket connection to 'ws://localhost:3030/_next/webpack-hmr?id=quNj1e26pyNJjUwJq2gF6' failed: Error in connection establishment: net::ERR_CONNECTION_REFUSED @ http://localhost:3030/_next/static/chunks/04m2_next_dist_client_0-mnb_3._.js:13299
[ 3013415ms] [ERROR] WebSocket connection to 'ws://localhost:3030/_next/webpack-hmr?id=quNj1e26pyNJjUwJq2gF6' failed: Error in connection establishment: net::ERR_CONNECTION_REFUSED @ http://localhost:3030/_next/static/chunks/04m2_next_dist_client_0-mnb_3._.js:13299
[ 3020744ms] [ERROR] WebSocket connection to 'ws://localhost:3030/_next/webpack-hmr?id=quNj1e26pyNJjUwJq2gF6' failed: Error in connection establishment: net::ERR_CONNECTION_REFUSED @ http://localhost:3030/_next/static/chunks/04m2_next_dist_client_0-mnb_3._.js:13299
[ 3028088ms] [ERROR] WebSocket connection to 'ws://localhost:3030/_next/webpack-hmr?id=quNj1e26pyNJjUwJq2gF6' failed: Error in connection establishment: net::ERR_CONNECTION_REFUSED @ http://localhost:3030/_next/static/chunks/04m2_next_dist_client_0-mnb_3._.js:13299
[ 3035438ms] [ERROR] WebSocket connection to 'ws://localhost:3030/_next/webpack-hmr?id=quNj1e26pyNJjUwJq2gF6' failed: Error in connection establishment: net::ERR_CONNECTION_REFUSED @ http://localhost:3030/_next/static/chunks/04m2_next_dist_client_0-mnb_3._.js:13299
[ 3042786ms] [ERROR] WebSocket connection to 'ws://localhost:3030/_next/webpack-hmr?id=quNj1e26pyNJjUwJq2gF6' failed: Error in connection establishment: net::ERR_CONNECTION_REFUSED @ http://localhost:3030/_next/static/chunks/04m2_next_dist_client_0-mnb_3._.js:13299
[ 3050122ms] [ERROR] WebSocket connection to 'ws://localhost:3030/_next/webpack-hmr?id=quNj1e26pyNJjUwJq2gF6' failed: Error in connection establishment: net::ERR_CONNECTION_REFUSED @ http://localhost:3030/_next/static/chunks/04m2_next_dist_client_0-mnb_3._.js:13299
[ 3057473ms] [ERROR] WebSocket connection to 'ws://localhost:3030/_next/webpack-hmr?id=quNj1e26pyNJjUwJq2gF6' failed: Error in connection establishment: net::ERR_CONNECTION_REFUSED @ http://localhost:3030/_next/static/chunks/04m2_next_dist_client_0-mnb_3._.js:13299
[ 3101055ms] [INFO] %cDownload the React DevTools for a better development experience: https://react.dev/link/react-devtools font-weight:bold @ http://localhost:3030/_next/static/chunks/04m2_next_dist_01d_w1-._.js:2431
[ 3101175ms] [LOG] [HMR] connected @ http://localhost:3030/_next/static/chunks/04m2_next_dist_01d_w1-._.js:2431
[ 3101205ms] [INFO] %c%s%c [setup-health] background: #e6e6e6;background: light-dark(rgba(0,0,0,0.1), rgba(255,255,255,0.25));color: #000000;color: light-dark(#000000, #ffffff);border-radius: 2px  Server   panel-layout {tenantId: cmrvvipw70000oyyo6123270j, userId: cmrvvipy90009oyyocqnstw83, score: 40, completedCount: 2, totalCriticalCount: 5} @ http://localhost:3030/_next/static/chunks/04m2_next_dist_01d_w1-._.js:2431
[ 3127176ms] [LOG] [Fast Refresh] rebuilding @ http://localhost:3030/_next/static/chunks/04m2_next_dist_01d_w1-._.js:2431
[ 3127427ms] [LOG] [Fast Refresh] done in 360ms @ http://localhost:3030/_next/static/chunks/04m2_next_dist_01d_w1-._.js:2431
[ 3139430ms] [LOG] [Fast Refresh] rebuilding @ http://localhost:3030/_next/static/chunks/04m2_next_dist_01d_w1-._.js:2431
[ 3139606ms] [LOG] [Fast Refresh] done in 293ms @ http://localhost:3030/_next/static/chunks/04m2_next_dist_01d_w1-._.js:2431
[ 3179330ms] [LOG] [Fast Refresh] rebuilding @ http://localhost:3030/_next/static/chunks/04m2_next_dist_01d_w1-._.js:2431
[ 3180095ms] [LOG] [Fast Refresh] done in 867ms @ http://localhost:3030/_next/static/chunks/04m2_next_dist_01d_w1-._.js:2431
[ 3181108ms] [LOG] [Fast Refresh] rebuilding @ http://localhost:3030/_next/static/chunks/04m2_next_dist_01d_w1-._.js:2431
[ 3181342ms] [LOG] [Fast Refresh] done in 347ms @ http://localhost:3030/_next/static/chunks/04m2_next_dist_01d_w1-._.js:2431
[ 3191824ms] [LOG] [Fast Refresh] rebuilding @ http://localhost:3030/_next/static/chunks/04m2_next_dist_01d_w1-._.js:2431
[ 3192030ms] [LOG] [Fast Refresh] done in 320ms @ http://localhost:3030/_next/static/chunks/04m2_next_dist_01d_w1-._.js:2431
[ 3206433ms] [LOG] [Fast Refresh] rebuilding @ http://localhost:3030/_next/static/chunks/04m2_next_dist_01d_w1-._.js:2431
[ 3206667ms] [LOG] [Fast Refresh] done in 336ms @ http://localhost:3030/_next/static/chunks/04m2_next_dist_01d_w1-._.js:2431
[ 3261660ms] [LOG] [Fast Refresh] rebuilding @ http://localhost:3030/_next/static/chunks/04m2_next_dist_01d_w1-._.js:2431
[ 3261949ms] [LOG] [Fast Refresh] done in 384ms @ http://localhost:3030/_next/static/chunks/04m2_next_dist_01d_w1-._.js:2431
[ 3262069ms] [LOG] [Fast Refresh] rebuilding @ http://localhost:3030/_next/static/chunks/04m2_next_dist_01d_w1-._.js:2431
[ 3262085ms] [LOG] [Fast Refresh] done in 128ms @ http://localhost:3030/_next/static/chunks/04m2_next_dist_01d_w1-._.js:2431
[ 3262190ms] [LOG] [Fast Refresh] rebuilding @ http://localhost:3030/_next/static/chunks/04m2_next_dist_01d_w1-._.js:2431
[ 3262444ms] [LOG] [Fast Refresh] done in 359ms @ http://localhost:3030/_next/static/chunks/04m2_next_dist_01d_w1-._.js:2431
[ 3262552ms] [LOG] [Fast Refresh] rebuilding @ http://localhost:3030/_next/static/chunks/04m2_next_dist_01d_w1-._.js:2431
[ 3262606ms] [LOG] [Fast Refresh] done in 160ms @ http://localhost:3030/_next/static/chunks/04m2_next_dist_01d_w1-._.js:2431
[ 3262709ms] [LOG] [Fast Refresh] rebuilding @ http://localhost:3030/_next/static/chunks/04m2_next_dist_01d_w1-._.js:2431
[ 3263755ms] [LOG] [Fast Refresh] done in 1149ms @ http://localhost:3030/_next/static/chunks/04m2_next_dist_01d_w1-._.js:2431
[ 3263762ms] [INFO] %c%s%c [setup-health] background: #e6e6e6;background: light-dark(rgba(0,0,0,0.1), rgba(255,255,255,0.25));color: #000000;color: light-dark(#000000, #ffffff);border-radius: 2px  Server   panel-layout {tenantId: cmrvvipw70000oyyo6123270j, userId: cmrvvipy90009oyyocqnstw83, score: 40, completedCount: 2, totalCriticalCount: 5} @ http://localhost:3030/_next/static/chunks/04m2_next_dist_01d_w1-._.js:2431
[ 3269721ms] [LOG] [Fast Refresh] rebuilding @ http://localhost:3030/_next/static/chunks/04m2_next_dist_01d_w1-._.js:2431
[ 3269874ms] [LOG] [Fast Refresh] done in 266ms @ http://localhost:3030/_next/static/chunks/04m2_next_dist_01d_w1-._.js:2431
[ 3270408ms] [LOG] [Fast Refresh] rebuilding @ http://localhost:3030/_next/static/chunks/04m2_next_dist_01d_w1-._.js:2431
[ 3270617ms] [LOG] [Fast Refresh] done in 312ms @ http://localhost:3030/_next/static/chunks/04m2_next_dist_01d_w1-._.js:2431
[ 3291406ms] [LOG] [Fast Refresh] rebuilding @ http://localhost:3030/_next/static/chunks/04m2_next_dist_01d_w1-._.js:2431
[ 3291627ms] [LOG] [Fast Refresh] done in 323ms @ http://localhost:3030/_next/static/chunks/04m2_next_dist_01d_w1-._.js:2431
[ 3304395ms] [ERROR] WebSocket connection to 'ws://localhost:3030/_next/webpack-hmr?id=715sz40I_HA155UkckYKy' failed: Error in connection establishment: net::ERR_CONNECTION_REFUSED @ http://localhost:3030/_next/static/chunks/04m2_next_dist_client_0-mnb_3._.js:13299
[ 3307758ms] [ERROR] WebSocket connection to 'ws://localhost:3030/_next/webpack-hmr?id=715sz40I_HA155UkckYKy' failed: Error in connection establishment: net::ERR_CONNECTION_REFUSED @ http://localhost:3030/_next/static/chunks/04m2_next_dist_client_0-mnb_3._.js:13299
[ 3311103ms] [ERROR] WebSocket connection to 'ws://localhost:3030/_next/webpack-hmr?id=715sz40I_HA155UkckYKy' failed: Error in connection establishment: net::ERR_CONNECTION_REFUSED @ http://localhost:3030/_next/static/chunks/04m2_next_dist_client_0-mnb_3._.js:13299
[ 3314470ms] [ERROR] WebSocket connection to 'ws://localhost:3030/_next/webpack-hmr?id=715sz40I_HA155UkckYKy' failed: Error in connection establishment: net::ERR_CONNECTION_REFUSED @ http://localhost:3030/_next/static/chunks/04m2_next_dist_client_0-mnb_3._.js:13299
[ 3317813ms] [ERROR] WebSocket connection to 'ws://localhost:3030/_next/webpack-hmr?id=715sz40I_HA155UkckYKy' failed: Error in connection establishment: net::ERR_CONNECTION_REFUSED @ http://localhost:3030/_next/static/chunks/04m2_next_dist_client_0-mnb_3._.js:13299
[ 3325156ms] [ERROR] WebSocket connection to 'ws://localhost:3030/_next/webpack-hmr?id=715sz40I_HA155UkckYKy' failed: Error in connection establishment: net::ERR_CONNECTION_REFUSED @ http://localhost:3030/_next/static/chunks/04m2_next_dist_client_0-mnb_3._.js:13299
[ 3570161ms] [ERROR] WebSocket connection to 'ws://localhost:3030/_next/webpack-hmr?id=715sz40I_HA155UkckYKy' failed: WebSocket opening handshake timed out @ http://localhost:3030/_next/static/chunks/04m2_next_dist_client_0-mnb_3._.js:13299
[ 3690040ms] [ERROR] WebSocket connection to 'ws://localhost:3030/_next/webpack-hmr?id=715sz40I_HA155UkckYKy' failed: Error during WebSocket handshake: net::ERR_CONNECTION_RESET @ http://localhost:3030/_next/static/chunks/04m2_next_dist_client_0-mnb_3._.js:13299
[ 3697372ms] [ERROR] WebSocket connection to 'ws://localhost:3030/_next/webpack-hmr?id=715sz40I_HA155UkckYKy' failed: Error in connection establishment: net::ERR_CONNECTION_REFUSED @ http://localhost:3030/_next/static/chunks/04m2_next_dist_client_0-mnb_3._.js:13299
[ 3704721ms] [ERROR] WebSocket connection to 'ws://localhost:3030/_next/webpack-hmr?id=715sz40I_HA155UkckYKy' failed: Error in connection establishment: net::ERR_CONNECTION_REFUSED @ http://localhost:3030/_next/static/chunks/04m2_next_dist_client_0-mnb_3._.js:13299
[ 3712071ms] [ERROR] WebSocket connection to 'ws://localhost:3030/_next/webpack-hmr?id=715sz40I_HA155UkckYKy' failed: Error in connection establishment: net::ERR_CONNECTION_REFUSED @ http://localhost:3030/_next/static/chunks/04m2_next_dist_client_0-mnb_3._.js:13299
[ 3719410ms] [ERROR] WebSocket connection to 'ws://localhost:3030/_next/webpack-hmr?id=715sz40I_HA155UkckYKy' failed: Error in connection establishment: net::ERR_CONNECTION_REFUSED @ http://localhost:3030/_next/static/chunks/04m2_next_dist_client_0-mnb_3._.js:13299
