[     359ms] [INFO] %cDownload the React DevTools for a better development experience: https://react.dev/link/react-devtools font-weight:bold @ http://localhost:3030/_next/static/chunks/04m2_next_dist_01d_w1-._.js:2431
[     439ms] [LOG] [HMR] connected @ http://localhost:3030/_next/static/chunks/04m2_next_dist_01d_w1-._.js:2431
[     450ms] [INFO] %c%s%c [setup-health] background: #e6e6e6;background: light-dark(rgba(0,0,0,0.1), rgba(255,255,255,0.25));color: #000000;color: light-dark(#000000, #ffffff);border-radius: 2px  Server   panel-layout {tenantId: cmrvvipw70000oyyo6123270j, userId: cmrvvipyc000aoyyodcu4tftb, score: 40, completedCount: 2, totalCriticalCount: 5} @ http://localhost:3030/_next/static/chunks/04m2_next_dist_01d_w1-._.js:2431
[   25350ms] [LOG] [Fast Refresh] rebuilding @ http://localhost:3030/_next/static/chunks/04m2_next_dist_01d_w1-._.js:2431
[   25780ms] [LOG] [Fast Refresh] done in 523ms @ http://localhost:3030/_next/static/chunks/04m2_next_dist_01d_w1-._.js:2431
[   25914ms] [LOG] [Fast Refresh] rebuilding @ http://localhost:3030/_next/static/chunks/04m2_next_dist_01d_w1-._.js:2431
[   26015ms] [LOG] [Fast Refresh] done in 204ms @ http://localhost:3030/_next/static/chunks/04m2_next_dist_01d_w1-._.js:2431
[   26147ms] [LOG] [Fast Refresh] rebuilding @ http://localhost:3030/_next/static/chunks/04m2_next_dist_01d_w1-._.js:2431
[   26215ms] [LOG] [Fast Refresh] done in 173ms @ http://localhost:3030/_next/static/chunks/04m2_next_dist_01d_w1-._.js:2431
[   26549ms] [INFO] %c%s%c [setup-health] background: #e6e6e6;background: light-dark(rgba(0,0,0,0.1), rgba(255,255,255,0.25));color: #000000;color: light-dark(#000000, #ffffff);border-radius: 2px  Server   panel-layout {tenantId: cmrvvipw70000oyyo6123270j, userId: cmrvvipyc000aoyyodcu4tftb, score: 40, completedCount: 2, totalCriticalCount: 5} @ http://localhost:3030/_next/static/chunks/04m2_next_dist_01d_w1-._.js:2431
[   26822ms] [INFO] %c%s%c [setup-health] background: #e6e6e6;background: light-dark(rgba(0,0,0,0.1), rgba(255,255,255,0.25));color: #000000;color: light-dark(#000000, #ffffff);border-radius: 2px  Server   panel-layout {tenantId: cmrvvipw70000oyyo6123270j, userId: cmrvvipyc000aoyyodcu4tftb, score: 40, completedCount: 2, totalCriticalCount: 5} @ http://localhost:3030/_next/static/chunks/04m2_next_dist_01d_w1-._.js:2431
[   26942ms] [INFO] %c%s%c [setup-health] background: #e6e6e6;background: light-dark(rgba(0,0,0,0.1), rgba(255,255,255,0.25));color: #000000;color: light-dark(#000000, #ffffff);border-radius: 2px  Server   panel-layout {tenantId: cmrvvipw70000oyyo6123270j, userId: cmrvvipyc000aoyyodcu4tftb, score: 40, completedCount: 2, totalCriticalCount: 5} @ http://localhost:3030/_next/static/chunks/04m2_next_dist_01d_w1-._.js:2431
[   40013ms] [LOG] [Fast Refresh] rebuilding @ http://localhost:3030/_next/static/chunks/04m2_next_dist_01d_w1-._.js:2431
[   40652ms] [LOG] [Fast Refresh] done in 735ms @ http://localhost:3030/_next/static/chunks/04m2_next_dist_01d_w1-._.js:2431
[   40784ms] [LOG] [Fast Refresh] rebuilding @ http://localhost:3030/_next/static/chunks/04m2_next_dist_01d_w1-._.js:2431
[   40948ms] [LOG] [Fast Refresh] done in 268ms @ http://localhost:3030/_next/static/chunks/04m2_next_dist_01d_w1-._.js:2431
[   41090ms] [LOG] [Fast Refresh] rebuilding @ http://localhost:3030/_next/static/chunks/04m2_next_dist_01d_w1-._.js:2431
[   41483ms] [LOG] [Fast Refresh] done in 508ms @ http://localhost:3030/_next/static/chunks/04m2_next_dist_01d_w1-._.js:2431
[   41871ms] [LOG] [Fast Refresh] rebuilding @ http://localhost:3030/_next/static/chunks/04m2_next_dist_01d_w1-._.js:2431
[   41934ms] [LOG] [Fast Refresh] done in 168ms @ http://localhost:3030/_next/static/chunks/04m2_next_dist_01d_w1-._.js:2431
[   41941ms] [INFO] %c%s%c [setup-health] background: #e6e6e6;background: light-dark(rgba(0,0,0,0.1), rgba(255,255,255,0.25));color: #000000;color: light-dark(#000000, #ffffff);border-radius: 2px  Server   panel-layout {tenantId: cmrvvipw70000oyyo6123270j, userId: cmrvvipyc000aoyyodcu4tftb, score: 40, completedCount: 2, totalCriticalCount: 5} @ http://localhost:3030/_next/static/chunks/04m2_next_dist_01d_w1-._.js:2431
[   42281ms] [INFO] %c%s%c [setup-health] background: #e6e6e6;background: light-dark(rgba(0,0,0,0.1), rgba(255,255,255,0.25));color: #000000;color: light-dark(#000000, #ffffff);border-radius: 2px  Server   panel-layout {tenantId: cmrvvipw70000oyyo6123270j, userId: cmrvvipyc000aoyyodcu4tftb, score: 40, completedCount: 2, totalCriticalCount: 5} @ http://localhost:3030/_next/static/chunks/04m2_next_dist_01d_w1-._.js:2431
[   42345ms] [LOG] [Fast Refresh] rebuilding @ http://localhost:3030/_next/static/chunks/04m2_next_dist_01d_w1-._.js:2431
[   42376ms] [LOG] [Fast Refresh] done in 131ms @ http://localhost:3030/_next/static/chunks/04m2_next_dist_01d_w1-._.js:2431
[   42681ms] [INFO] %c%s%c [setup-health] background: #e6e6e6;background: light-dark(rgba(0,0,0,0.1), rgba(255,255,255,0.25));color: #000000;color: light-dark(#000000, #ffffff);border-radius: 2px  Server   panel-layout {tenantId: cmrvvipw70000oyyo6123270j, userId: cmrvvipyc000aoyyodcu4tftb, score: 40, completedCount: 2, totalCriticalCount: 5} @ http://localhost:3030/_next/static/chunks/04m2_next_dist_01d_w1-._.js:2431
[   42734ms] [LOG] [Fast Refresh] rebuilding @ http://localhost:3030/_next/static/chunks/04m2_next_dist_01d_w1-._.js:2431
[   42755ms] [LOG] [Fast Refresh] done in 127ms @ http://localhost:3030/_next/static/chunks/04m2_next_dist_01d_w1-._.js:2431
[   43080ms] [INFO] %c%s%c [setup-health] background: #e6e6e6;background: light-dark(rgba(0,0,0,0.1), rgba(255,255,255,0.25));color: #000000;color: light-dark(#000000, #ffffff);border-radius: 2px  Server   panel-layout {tenantId: cmrvvipw70000oyyo6123270j, userId: cmrvvipyc000aoyyodcu4tftb, score: 40, completedCount: 2, totalCriticalCount: 5} @ http://localhost:3030/_next/static/chunks/04m2_next_dist_01d_w1-._.js:2431
[   43389ms] [INFO] %c%s%c [setup-health] background: #e6e6e6;background: light-dark(rgba(0,0,0,0.1), rgba(255,255,255,0.25));color: #000000;color: light-dark(#000000, #ffffff);border-radius: 2px  Server   panel-layout {tenantId: cmrvvipw70000oyyo6123270j, userId: cmrvvipyc000aoyyodcu4tftb, score: 40, completedCount: 2, totalCriticalCount: 5} @ http://localhost:3030/_next/static/chunks/04m2_next_dist_01d_w1-._.js:2431
[   43442ms] [LOG] [Fast Refresh] rebuilding @ http://localhost:3030/_next/static/chunks/04m2_next_dist_01d_w1-._.js:2431
[   43445ms] [LOG] [Fast Refresh] done in 118ms @ http://localhost:3030/_next/static/chunks/04m2_next_dist_01d_w1-._.js:2431
[   43766ms] [INFO] %c%s%c [setup-health] background: #e6e6e6;background: light-dark(rgba(0,0,0,0.1), rgba(255,255,255,0.25));color: #000000;color: light-dark(#000000, #ffffff);border-radius: 2px  Server   panel-layout {tenantId: cmrvvipw70000oyyo6123270j, userId: cmrvvipyc000aoyyodcu4tftb, score: 40, completedCount: 2, totalCriticalCount: 5} @ http://localhost:3030/_next/static/chunks/04m2_next_dist_01d_w1-._.js:2431
[   44000ms] [LOG] [Fast Refresh] rebuilding @ http://localhost:3030/_next/static/chunks/04m2_next_dist_01d_w1-._.js:2431
[   44086ms] [LOG] [Fast Refresh] done in 193ms @ http://localhost:3030/_next/static/chunks/04m2_next_dist_01d_w1-._.js:2431
[   44089ms] [INFO] %c%s%c [setup-health] background: #e6e6e6;background: light-dark(rgba(0,0,0,0.1), rgba(255,255,255,0.25));color: #000000;color: light-dark(#000000, #ffffff);border-radius: 2px  Server   panel-layout {tenantId: cmrvvipw70000oyyo6123270j, userId: cmrvvipyc000aoyyodcu4tftb, score: 40, completedCount: 2, totalCriticalCount: 5} @ http://localhost:3030/_next/static/chunks/04m2_next_dist_01d_w1-._.js:2431
[   44278ms] [INFO] %c%s%c [setup-health] background: #e6e6e6;background: light-dark(rgba(0,0,0,0.1), rgba(255,255,255,0.25));color: #000000;color: light-dark(#000000, #ffffff);border-radius: 2px  Server   panel-layout {tenantId: cmrvvipw70000oyyo6123270j, userId: cmrvvipyc000aoyyodcu4tftb, score: 40, completedCount: 2, totalCriticalCount: 5} @ http://localhost:3030/_next/static/chunks/04m2_next_dist_01d_w1-._.js:2431
[   55450ms] [ERROR] WebSocket connection to 'ws://localhost:3030/_next/webpack-hmr?id=OulT7v-49sF81d-XlN12F' failed: Error in connection establishment: net::ERR_CONNECTION_REFUSED @ http://localhost:3030/_next/static/chunks/04m2_next_dist_client_0-mnb_3._.js:13299
[   58794ms] [ERROR] WebSocket connection to 'ws://localhost:3030/_next/webpack-hmr?id=OulT7v-49sF81d-XlN12F' failed: Error in connection establishment: net::ERR_CONNECTION_REFUSED @ http://localhost:3030/_next/static/chunks/04m2_next_dist_client_0-mnb_3._.js:13299
[   62153ms] [ERROR] WebSocket connection to 'ws://localhost:3030/_next/webpack-hmr?id=OulT7v-49sF81d-XlN12F' failed: Error in connection establishment: net::ERR_CONNECTION_REFUSED @ http://localhost:3030/_next/static/chunks/04m2_next_dist_client_0-mnb_3._.js:13299
[   65494ms] [ERROR] WebSocket connection to 'ws://localhost:3030/_next/webpack-hmr?id=OulT7v-49sF81d-XlN12F' failed: Error in connection establishment: net::ERR_CONNECTION_REFUSED @ http://localhost:3030/_next/static/chunks/04m2_next_dist_client_0-mnb_3._.js:13299
[   68842ms] [ERROR] WebSocket connection to 'ws://localhost:3030/_next/webpack-hmr?id=OulT7v-49sF81d-XlN12F' failed: Error in connection establishment: net::ERR_CONNECTION_REFUSED @ http://localhost:3030/_next/static/chunks/04m2_next_dist_client_0-mnb_3._.js:13299
[   76197ms] [ERROR] WebSocket connection to 'ws://localhost:3030/_next/webpack-hmr?id=OulT7v-49sF81d-XlN12F' failed: Error in connection establishment: net::ERR_CONNECTION_REFUSED @ http://localhost:3030/_next/static/chunks/04m2_next_dist_client_0-mnb_3._.js:13299
[   83562ms] [ERROR] WebSocket connection to 'ws://localhost:3030/_next/webpack-hmr?id=OulT7v-49sF81d-XlN12F' failed: Error in connection establishment: net::ERR_CONNECTION_REFUSED @ http://localhost:3030/_next/static/chunks/04m2_next_dist_client_0-mnb_3._.js:13299
[   90618ms] [LOG] [HMR] connected @ http://localhost:3030/_next/static/chunks/04m2_next_dist_01d_w1-._.js:2431
[   94556ms] [INFO] %cDownload the React DevTools for a better development experience: https://react.dev/link/react-devtools font-weight:bold @ http://localhost:3030/_next/static/chunks/04m2_next_dist_01d_w1-._.js:2431
[   94603ms] [LOG] [HMR] connected @ http://localhost:3030/_next/static/chunks/04m2_next_dist_01d_w1-._.js:2431
[   94619ms] [INFO] %c%s%c [setup-health] background: #e6e6e6;background: light-dark(rgba(0,0,0,0.1), rgba(255,255,255,0.25));color: #000000;color: light-dark(#000000, #ffffff);border-radius: 2px  Server   panel-layout {tenantId: cmrvvipw70000oyyo6123270j, userId: cmrvvipyc000aoyyodcu4tftb, score: 40, completedCount: 2, totalCriticalCount: 5} @ http://localhost:3030/_next/static/chunks/04m2_next_dist_01d_w1-._.js:2431
[   98467ms] [LOG] [Fast Refresh] rebuilding @ http://localhost:3030/_next/static/chunks/04m2_next_dist_01d_w1-._.js:2431
[   98490ms] [LOG] [Fast Refresh] done in 127ms @ http://localhost:3030/_next/static/chunks/04m2_next_dist_01d_w1-._.js:2431
[   98606ms] [LOG] [Fast Refresh] rebuilding @ http://localhost:3030/_next/static/chunks/04m2_next_dist_01d_w1-._.js:2431
[   98849ms] [LOG] [Fast Refresh] done in 358ms @ http://localhost:3030/_next/static/chunks/04m2_next_dist_01d_w1-._.js:2431
[  102175ms] [LOG] [Fast Refresh] rebuilding @ http://localhost:3030/_next/static/chunks/04m2_next_dist_01d_w1-._.js:2431
[  103039ms] [LOG] [Fast Refresh] done in 978ms @ http://localhost:3030/_next/static/chunks/04m2_next_dist_01d_w1-._.js:2431
[  113056ms] [LOG] [Fast Refresh] rebuilding @ http://localhost:3030/_next/static/chunks/04m2_next_dist_01d_w1-._.js:2431
[  113057ms] [LOG] [Fast Refresh] done in 104ms @ http://localhost:3030/_next/static/chunks/04m2_next_dist_01d_w1-._.js:2431
[  114304ms] [LOG] [Fast Refresh] rebuilding @ http://localhost:3030/_next/static/chunks/04m2_next_dist_01d_w1-._.js:2431
[  114510ms] [LOG] [Fast Refresh] done in 322ms @ http://localhost:3030/_next/static/chunks/04m2_next_dist_01d_w1-._.js:2431
[  122496ms] [LOG] [Fast Refresh] rebuilding @ http://localhost:3030/_next/static/chunks/04m2_next_dist_01d_w1-._.js:2431
[  122668ms] [LOG] [Fast Refresh] done in 275ms @ http://localhost:3030/_next/static/chunks/04m2_next_dist_01d_w1-._.js:2431
[  124823ms] [LOG] [Fast Refresh] rebuilding @ http://localhost:3030/_next/static/chunks/04m2_next_dist_01d_w1-._.js:2431
[  125089ms] [LOG] [Fast Refresh] done in 377ms @ http://localhost:3030/_next/static/chunks/04m2_next_dist_01d_w1-._.js:2431
[  140810ms] [LOG] [Fast Refresh] rebuilding @ http://localhost:3030/_next/static/chunks/04m2_next_dist_01d_w1-._.js:2431
[  140999ms] [LOG] [Fast Refresh] done in 292ms @ http://localhost:3030/_next/static/chunks/04m2_next_dist_01d_w1-._.js:2431
[  142831ms] [LOG] [Fast Refresh] rebuilding @ http://localhost:3030/_next/static/chunks/04m2_next_dist_01d_w1-._.js:2431
[  143005ms] [LOG] [Fast Refresh] done in 290ms @ http://localhost:3030/_next/static/chunks/04m2_next_dist_01d_w1-._.js:2431
[  159453ms] [LOG] [Fast Refresh] rebuilding @ http://localhost:3030/_next/static/chunks/04m2_next_dist_01d_w1-._.js:2431
[  159657ms] [LOG] [Fast Refresh] done in 319ms @ http://localhost:3030/_next/static/chunks/04m2_next_dist_01d_w1-._.js:2431
[  163302ms] [LOG] [Fast Refresh] rebuilding @ http://localhost:3030/_next/static/chunks/04m2_next_dist_01d_w1-._.js:2431
[  163458ms] [LOG] [Fast Refresh] done in 271ms @ http://localhost:3030/_next/static/chunks/04m2_next_dist_01d_w1-._.js:2431
[  165280ms] [LOG] [Fast Refresh] rebuilding @ http://localhost:3030/_next/static/chunks/04m2_next_dist_01d_w1-._.js:2431
[  165472ms] [LOG] [Fast Refresh] done in 294ms @ http://localhost:3030/_next/static/chunks/04m2_next_dist_01d_w1-._.js:2431
[  174154ms] [LOG] [Fast Refresh] rebuilding @ http://localhost:3030/_next/static/chunks/04m2_next_dist_01d_w1-._.js:2431
[  174313ms] [LOG] [Fast Refresh] done in 260ms @ http://localhost:3030/_next/static/chunks/04m2_next_dist_01d_w1-._.js:2431
[  176607ms] [LOG] [Fast Refresh] rebuilding @ http://localhost:3030/_next/static/chunks/04m2_next_dist_01d_w1-._.js:2431
[  176763ms] [LOG] [Fast Refresh] done in 271ms @ http://localhost:3030/_next/static/chunks/04m2_next_dist_01d_w1-._.js:2431
[  185183ms] [LOG] [Fast Refresh] rebuilding @ http://localhost:3030/_next/static/chunks/04m2_next_dist_01d_w1-._.js:2431
[  185389ms] [LOG] [Fast Refresh] done in 308ms @ http://localhost:3030/_next/static/chunks/04m2_next_dist_01d_w1-._.js:2431
[  188869ms] [LOG] [Fast Refresh] rebuilding @ http://localhost:3030/_next/static/chunks/04m2_next_dist_01d_w1-._.js:2431
[  189027ms] [LOG] [Fast Refresh] done in 272ms @ http://localhost:3030/_next/static/chunks/04m2_next_dist_01d_w1-._.js:2431
[  190641ms] [LOG] [Fast Refresh] rebuilding @ http://localhost:3030/_next/static/chunks/04m2_next_dist_01d_w1-._.js:2431
[  190859ms] [LOG] [Fast Refresh] done in 318ms @ http://localhost:3030/_next/static/chunks/04m2_next_dist_01d_w1-._.js:2431
[  660911ms] [LOG] [Fast Refresh] rebuilding @ http://localhost:3030/_next/static/chunks/04m2_next_dist_01d_w1-._.js:2431
[  661167ms] [LOG] [Fast Refresh] done in 366ms @ http://localhost:3030/_next/static/chunks/04m2_next_dist_01d_w1-._.js:2431
[  666915ms] [LOG] [Fast Refresh] rebuilding @ http://localhost:3030/_next/static/chunks/04m2_next_dist_01d_w1-._.js:2431
[  667370ms] [LOG] [Fast Refresh] done in 550ms @ http://localhost:3030/_next/static/chunks/04m2_next_dist_01d_w1-._.js:2431
[  667741ms] [LOG] [Fast Refresh] rebuilding @ http://localhost:3030/_next/static/chunks/04m2_next_dist_01d_w1-._.js:2431
[  667865ms] [LOG] [Fast Refresh] done in 238ms @ http://localhost:3030/_next/static/chunks/04m2_next_dist_01d_w1-._.js:2431
[  667967ms] [LOG] [Fast Refresh] rebuilding @ http://localhost:3030/_next/static/chunks/04m2_next_dist_01d_w1-._.js:2431
[  668133ms] [LOG] [Fast Refresh] done in 267ms @ http://localhost:3030/_next/static/chunks/04m2_next_dist_01d_w1-._.js:2431
[  668439ms] [INFO] %c%s%c [setup-health] background: #e6e6e6;background: light-dark(rgba(0,0,0,0.1), rgba(255,255,255,0.25));color: #000000;color: light-dark(#000000, #ffffff);border-radius: 2px  Server   panel-layout {tenantId: cmrvvipw70000oyyo6123270j, userId: cmrvvipyc000aoyyodcu4tftb, score: 40, completedCount: 2, totalCriticalCount: 5} @ http://localhost:3030/_next/static/chunks/04m2_next_dist_01d_w1-._.js:2431
[  690420ms] [LOG] [Fast Refresh] rebuilding @ http://localhost:3030/_next/static/chunks/04m2_next_dist_01d_w1-._.js:2431
[  690729ms] [LOG] [Fast Refresh] done in 402ms @ http://localhost:3030/_next/static/chunks/04m2_next_dist_01d_w1-._.js:2431
[  690873ms] [LOG] [Fast Refresh] rebuilding @ http://localhost:3030/_next/static/chunks/04m2_next_dist_01d_w1-._.js:2431
[  690982ms] [LOG] [Fast Refresh] done in 213ms @ http://localhost:3030/_next/static/chunks/04m2_next_dist_01d_w1-._.js:2431
[  691139ms] [LOG] [Fast Refresh] rebuilding @ http://localhost:3030/_next/static/chunks/04m2_next_dist_01d_w1-._.js:2431
[  691310ms] [LOG] [Fast Refresh] done in 274ms @ http://localhost:3030/_next/static/chunks/04m2_next_dist_01d_w1-._.js:2431
[  691660ms] [INFO] %c%s%c [setup-health] background: #e6e6e6;background: light-dark(rgba(0,0,0,0.1), rgba(255,255,255,0.25));color: #000000;color: light-dark(#000000, #ffffff);border-radius: 2px  Server   panel-layout {tenantId: cmrvvipw70000oyyo6123270j, userId: cmrvvipyc000aoyyodcu4tftb, score: 40, completedCount: 2, totalCriticalCount: 5} @ http://localhost:3030/_next/static/chunks/04m2_next_dist_01d_w1-._.js:2431
[  691687ms] [LOG] [Fast Refresh] rebuilding @ http://localhost:3030/_next/static/chunks/04m2_next_dist_01d_w1-._.js:2431
[  691724ms] [LOG] [Fast Refresh] done in 145ms @ http://localhost:3030/_next/static/chunks/04m2_next_dist_01d_w1-._.js:2431
[  691939ms] [INFO] %c%s%c [setup-health] background: #e6e6e6;background: light-dark(rgba(0,0,0,0.1), rgba(255,255,255,0.25));color: #000000;color: light-dark(#000000, #ffffff);border-radius: 2px  Server   panel-layout {tenantId: cmrvvipw70000oyyo6123270j, userId: cmrvvipyc000aoyyodcu4tftb, score: 40, completedCount: 2, totalCriticalCount: 5} @ http://localhost:3030/_next/static/chunks/04m2_next_dist_01d_w1-._.js:2431
[  724485ms] [LOG] [Fast Refresh] rebuilding @ http://localhost:3030/_next/static/chunks/04m2_next_dist_01d_w1-._.js:2431
[  724690ms] [LOG] [Fast Refresh] done in 309ms @ http://localhost:3030/_next/static/chunks/04m2_next_dist_01d_w1-._.js:2431
[  797862ms] [LOG] [Fast Refresh] rebuilding @ http://localhost:3030/_next/static/chunks/04m2_next_dist_01d_w1-._.js:2431
[  798149ms] [LOG] [Fast Refresh] done in 401ms @ http://localhost:3030/_next/static/chunks/04m2_next_dist_01d_w1-._.js:2431
[  873245ms] [LOG] [Fast Refresh] rebuilding @ http://localhost:3030/_next/static/chunks/04m2_next_dist_01d_w1-._.js:2431
[  873541ms] [LOG] [Fast Refresh] done in 408ms @ http://localhost:3030/_next/static/chunks/04m2_next_dist_01d_w1-._.js:2431
[  892466ms] [LOG] [Fast Refresh] rebuilding @ http://localhost:3030/_next/static/chunks/04m2_next_dist_01d_w1-._.js:2431
[  892801ms] [LOG] [Fast Refresh] done in 449ms @ http://localhost:3030/_next/static/chunks/04m2_next_dist_01d_w1-._.js:2431
[  894746ms] [LOG] [Fast Refresh] rebuilding @ http://localhost:3030/_next/static/chunks/04m2_next_dist_01d_w1-._.js:2431
[  895061ms] [LOG] [Fast Refresh] done in 429ms @ http://localhost:3030/_next/static/chunks/04m2_next_dist_01d_w1-._.js:2431
[  896460ms] [LOG] [Fast Refresh] rebuilding @ http://localhost:3030/_next/static/chunks/04m2_next_dist_01d_w1-._.js:2431
[  896603ms] [LOG] [Fast Refresh] done in 256ms @ http://localhost:3030/_next/static/chunks/04m2_next_dist_01d_w1-._.js:2431
[  900403ms] [LOG] [Fast Refresh] rebuilding @ http://localhost:3030/_next/static/chunks/04m2_next_dist_01d_w1-._.js:2431
[  900701ms] [LOG] [Fast Refresh] done in 400ms @ http://localhost:3030/_next/static/chunks/04m2_next_dist_01d_w1-._.js:2431
[  902465ms] [LOG] [Fast Refresh] rebuilding @ http://localhost:3030/_next/static/chunks/04m2_next_dist_01d_w1-._.js:2431
[  902651ms] [LOG] [Fast Refresh] done in 293ms @ http://localhost:3030/_next/static/chunks/04m2_next_dist_01d_w1-._.js:2431
[  953468ms] [LOG] [Fast Refresh] rebuilding @ http://localhost:3030/_next/static/chunks/04m2_next_dist_01d_w1-._.js:2431
[  953750ms] [LOG] [Fast Refresh] done in 394ms @ http://localhost:3030/_next/static/chunks/04m2_next_dist_01d_w1-._.js:2431
[  955888ms] [LOG] [Fast Refresh] rebuilding @ http://localhost:3030/_next/static/chunks/04m2_next_dist_01d_w1-._.js:2431
[  956076ms] [LOG] [Fast Refresh] done in 303ms @ http://localhost:3030/_next/static/chunks/04m2_next_dist_01d_w1-._.js:2431
[  962763ms] [LOG] [Fast Refresh] rebuilding @ http://localhost:3030/_next/static/chunks/04m2_next_dist_01d_w1-._.js:2431
[  962936ms] [LOG] [Fast Refresh] done in 288ms @ http://localhost:3030/_next/static/chunks/04m2_next_dist_01d_w1-._.js:2431
[  970921ms] [LOG] [Fast Refresh] rebuilding @ http://localhost:3030/_next/static/chunks/04m2_next_dist_01d_w1-._.js:2431
[  971201ms] [LOG] [Fast Refresh] done in 385ms @ http://localhost:3030/_next/static/chunks/04m2_next_dist_01d_w1-._.js:2431
[  974552ms] [LOG] [Fast Refresh] rebuilding @ http://localhost:3030/_next/static/chunks/04m2_next_dist_01d_w1-._.js:2431
[  974793ms] [LOG] [Fast Refresh] done in 347ms @ http://localhost:3030/_next/static/chunks/04m2_next_dist_01d_w1-._.js:2431
[  982024ms] [LOG] [Fast Refresh] rebuilding @ http://localhost:3030/_next/static/chunks/04m2_next_dist_01d_w1-._.js:2431
[  982211ms] [LOG] [Fast Refresh] done in 291ms @ http://localhost:3030/_next/static/chunks/04m2_next_dist_01d_w1-._.js:2431
[  983332ms] [LOG] [Fast Refresh] rebuilding @ http://localhost:3030/_next/static/chunks/04m2_next_dist_01d_w1-._.js:2431
[  988644ms] [LOG] [Fast Refresh] done in 5417ms @ http://localhost:3030/_next/static/chunks/04m2_next_dist_01d_w1-._.js:2431
[  990225ms] [LOG] [Fast Refresh] rebuilding @ http://localhost:3030/_next/static/chunks/04m2_next_dist_01d_w1-._.js:2431
[  990264ms] [LOG] [Fast Refresh] done in 141ms @ http://localhost:3030/_next/static/chunks/04m2_next_dist_01d_w1-._.js:2431
[  990380ms] [LOG] [Fast Refresh] rebuilding @ http://localhost:3030/_next/static/chunks/04m2_next_dist_01d_w1-._.js:2431
[  990586ms] [LOG] [Fast Refresh] done in 322ms @ http://localhost:3030/_next/static/chunks/04m2_next_dist_01d_w1-._.js:2431
[  998398ms] [LOG] [Fast Refresh] rebuilding @ http://localhost:3030/_next/static/chunks/04m2_next_dist_01d_w1-._.js:2431
[  998635ms] [LOG] [Fast Refresh] done in 349ms @ http://localhost:3030/_next/static/chunks/04m2_next_dist_01d_w1-._.js:2431
[ 1000308ms] [LOG] [Fast Refresh] rebuilding @ http://localhost:3030/_next/static/chunks/04m2_next_dist_01d_w1-._.js:2431
[ 1000513ms] [LOG] [Fast Refresh] done in 319ms @ http://localhost:3030/_next/static/chunks/04m2_next_dist_01d_w1-._.js:2431
[ 1024623ms] [LOG] [Fast Refresh] rebuilding @ http://localhost:3030/_next/static/chunks/04m2_next_dist_01d_w1-._.js:2431
[ 1024951ms] [LOG] [Fast Refresh] done in 444ms @ http://localhost:3030/_next/static/chunks/04m2_next_dist_01d_w1-._.js:2431
[ 1031857ms] [LOG] [Fast Refresh] rebuilding @ http://localhost:3030/_next/static/chunks/04m2_next_dist_01d_w1-._.js:2431
[ 1032076ms] [LOG] [Fast Refresh] done in 332ms @ http://localhost:3030/_next/static/chunks/04m2_next_dist_01d_w1-._.js:2431
[ 1103275ms] [LOG] [Fast Refresh] rebuilding @ http://localhost:3030/_next/static/chunks/04m2_next_dist_01d_w1-._.js:2431
[ 1103545ms] [LOG] [Fast Refresh] done in 379ms @ http://localhost:3030/_next/static/chunks/04m2_next_dist_01d_w1-._.js:2431
[ 1112927ms] [LOG] [Fast Refresh] rebuilding @ http://localhost:3030/_next/static/chunks/04m2_next_dist_01d_w1-._.js:2431
[ 1113100ms] [LOG] [Fast Refresh] done in 287ms @ http://localhost:3030/_next/static/chunks/04m2_next_dist_01d_w1-._.js:2431
[ 1114428ms] [LOG] [Fast Refresh] rebuilding @ http://localhost:3030/_next/static/chunks/04m2_next_dist_01d_w1-._.js:2431
[ 1114602ms] [LOG] [Fast Refresh] done in 286ms @ http://localhost:3030/_next/static/chunks/04m2_next_dist_01d_w1-._.js:2431
[ 1124463ms] [ERROR] WebSocket connection to 'ws://localhost:3030/_next/webpack-hmr?id=Y2m4DgJsxkfAn0EzJ_M6y' failed: Error in connection establishment: net::ERR_CONNECTION_REFUSED @ http://localhost:3030/_next/static/chunks/04m2_next_dist_client_0-mnb_3._.js:13299
[ 1127806ms] [ERROR] WebSocket connection to 'ws://localhost:3030/_next/webpack-hmr?id=Y2m4DgJsxkfAn0EzJ_M6y' failed: Error in connection establishment: net::ERR_CONNECTION_REFUSED @ http://localhost:3030/_next/static/chunks/04m2_next_dist_client_0-mnb_3._.js:13299
[ 1131179ms] [ERROR] WebSocket connection to 'ws://localhost:3030/_next/webpack-hmr?id=Y2m4DgJsxkfAn0EzJ_M6y' failed: Error in connection establishment: net::ERR_CONNECTION_REFUSED @ http://localhost:3030/_next/static/chunks/04m2_next_dist_client_0-mnb_3._.js:13299
[ 1134549ms] [ERROR] WebSocket connection to 'ws://localhost:3030/_next/webpack-hmr?id=Y2m4DgJsxkfAn0EzJ_M6y' failed: Error in connection establishment: net::ERR_CONNECTION_REFUSED @ http://localhost:3030/_next/static/chunks/04m2_next_dist_client_0-mnb_3._.js:13299
[ 1137932ms] [ERROR] WebSocket connection to 'ws://localhost:3030/_next/webpack-hmr?id=Y2m4DgJsxkfAn0EzJ_M6y' failed: Error in connection establishment: net::ERR_CONNECTION_REFUSED @ http://localhost:3030/_next/static/chunks/04m2_next_dist_client_0-mnb_3._.js:13299
[ 1145289ms] [ERROR] WebSocket connection to 'ws://localhost:3030/_next/webpack-hmr?id=Y2m4DgJsxkfAn0EzJ_M6y' failed: Error in connection establishment: net::ERR_CONNECTION_REFUSED @ http://localhost:3030/_next/static/chunks/04m2_next_dist_client_0-mnb_3._.js:13299
[ 1152658ms] [ERROR] WebSocket connection to 'ws://localhost:3030/_next/webpack-hmr?id=Y2m4DgJsxkfAn0EzJ_M6y' failed: Error in connection establishment: net::ERR_CONNECTION_REFUSED @ http://localhost:3030/_next/static/chunks/04m2_next_dist_client_0-mnb_3._.js:13299
[ 1160036ms] [ERROR] WebSocket connection to 'ws://localhost:3030/_next/webpack-hmr?id=Y2m4DgJsxkfAn0EzJ_M6y' failed: Error in connection establishment: net::ERR_CONNECTION_REFUSED @ http://localhost:3030/_next/static/chunks/04m2_next_dist_client_0-mnb_3._.js:13299
[ 1167409ms] [ERROR] WebSocket connection to 'ws://localhost:3030/_next/webpack-hmr?id=Y2m4DgJsxkfAn0EzJ_M6y' failed: Error in connection establishment: net::ERR_CONNECTION_REFUSED @ http://localhost:3030/_next/static/chunks/04m2_next_dist_client_0-mnb_3._.js:13299
[ 1174778ms] [ERROR] WebSocket connection to 'ws://localhost:3030/_next/webpack-hmr?id=Y2m4DgJsxkfAn0EzJ_M6y' failed: Error in connection establishment: net::ERR_CONNECTION_REFUSED @ http://localhost:3030/_next/static/chunks/04m2_next_dist_client_0-mnb_3._.js:13299
[ 1182206ms] [ERROR] WebSocket connection to 'ws://localhost:3030/_next/webpack-hmr?id=Y2m4DgJsxkfAn0EzJ_M6y' failed: Error in connection establishment: net::ERR_CONNECTION_REFUSED @ http://localhost:3030/_next/static/chunks/04m2_next_dist_client_0-mnb_3._.js:13299
[ 1189677ms] [ERROR] WebSocket connection to 'ws://localhost:3030/_next/webpack-hmr?id=Y2m4DgJsxkfAn0EzJ_M6y' failed: Error in connection establishment: net::ERR_CONNECTION_REFUSED @ http://localhost:3030/_next/static/chunks/04m2_next_dist_client_0-mnb_3._.js:13299
[ 1599362ms] [ERROR] Failed to load resource: the server responded with a status of 500 (Internal Server Error) @ http://localhost:3030/positions/cmrvw8om1000xoyr8hblrkte5?tab=history:0
[ 1599546ms] [INFO] %cDownload the React DevTools for a better development experience: https://react.dev/link/react-devtools font-weight:bold @ http://localhost:3030/_next/static/chunks/04m2_next_dist_01d_w1-._.js:2431
[ 1599672ms] [LOG] [HMR] connected @ http://localhost:3030/_next/static/chunks/04m2_next_dist_01d_w1-._.js:2431
[ 1599693ms] [LOG] %c%s%c prisma:error background: #e6e6e6;background: light-dark(rgba(0,0,0,0.1), rgba(255,255,255,0.25));color: #000000;color: light-dark(#000000, #ffffff);border-radius: 2px  Server   
Invalid `prisma.appUser.findUnique()` invocation:


Prisma Client could not locate the Query Engine for runtime "windows".

This is likely caused by tooling that has not copied "query_engine-windows.dll.node" to the deployment folder.
Ensure that you ran `prisma generate` and that "query_engine-windows.dll.node" has been copied to "node_modules\.prisma\client".

We would appreciate if you could take the time to share some information with us.
Please help us by answering a few questions: https://pris.ly/engine-not-found-tooling-investigation

The following locations have been searched:
  C:\Users\Administrator\Desktop\first-unit-next\vahedyek\apps\dastranj-panel\node_modules\.prisma\client
  C:\ROOT\Desktop\first-unit-next\vahedyek\apps\dastranj-panel\node_modules\.prisma\client
  /tmp/prisma-engines
  C:\Users\Administrator\Desktop\first-unit-next\vahedyek\apps\dastranj-panel\prisma @ http://localhost:3030/_next/static/chunks/04m2_next_dist_01d_w1-._.js:2431
[ 1599697ms] [LOG] %c%s%c prisma:error background: #e6e6e6;background: light-dark(rgba(0,0,0,0.1), rgba(255,255,255,0.25));color: #000000;color: light-dark(#000000, #ffffff);border-radius: 2px  Server   
Invalid `prisma.appUser.findUnique()` invocation:


Prisma Client could not locate the Query Engine for runtime "windows".

This is likely caused by tooling that has not copied "query_engine-windows.dll.node" to the deployment folder.
Ensure that you ran `prisma generate` and that "query_engine-windows.dll.node" has been copied to "node_modules\.prisma\client".

We would appreciate if you could take the time to share some information with us.
Please help us by answering a few questions: https://pris.ly/engine-not-found-tooling-investigation

The following locations have been searched:
  C:\Users\Administrator\Desktop\first-unit-next\vahedyek\apps\dastranj-panel\node_modules\.prisma\client
  C:\ROOT\Desktop\first-unit-next\vahedyek\apps\dastranj-panel\node_modules\.prisma\client
  /tmp/prisma-engines
  C:\Users\Administrator\Desktop\first-unit-next\vahedyek\apps\dastranj-panel\prisma @ http://localhost:3030/_next/static/chunks/04m2_next_dist_01d_w1-._.js:2431
[ 1599821ms] PrismaClientInitializationError: 
Invalid `prisma.appUser.findUnique()` invocation:


Prisma Client could not locate the Query Engine for runtime "windows".

This is likely caused by tooling that has not copied "query_engine-windows.dll.node" to the deployment folder.
Ensure that you ran `prisma generate` and that "query_engine-windows.dll.node" has been copied to "node_modules\.prisma\client".

We would appreciate if you could take the time to share some information with us.
Please help us by answering a few questions: https://pris.ly/engine-not-found-tooling-investigation

The following locations have been searched:
  C:\Users\Administrator\Desktop\first-unit-next\vahedyek\apps\dastranj-panel\node_modules\.prisma\client
  C:\ROOT\Desktop\first-unit-next\vahedyek\apps\dastranj-panel\node_modules\.prisma\client
  /tmp/prisma-engines
  C:\Users\Administrator\Desktop\first-unit-next\vahedyek\apps\dastranj-panel\prisma
    at  getAuthContextFromPayload (about://React/Server/C:%5CUsers%5CAdministrator%5CDesktop%5Cfirst-unit-next%5Cvahedyek%5Capps%5Cdastranj-panel%5C.next%5Cdev%5Cserver%5Cchunks%5Cssr%5C%5Broot-of-the-server%5D__0yhe2wo._.js?0:465:18)
    at  PanelLayout (about://React/Server/C:%5CUsers%5CAdministrator%5CDesktop%5Cfirst-unit-next%5Cvahedyek%5Capps%5Cdastranj-panel%5C.next%5Cdev%5Cserver%5Cchunks%5Cssr%5C%5Broot-of-the-server%5D__0yhe2wo._.js?1:1080:21)
    at resolveErrorDev (http://localhost:3030/_next/static/chunks/04m2_next_dist_compiled_react-server-dom-turbopack_0m1uz4p._.js:1919:105)
    at processFullStringRow (http://localhost:3030/_next/static/chunks/04m2_next_dist_compiled_react-server-dom-turbopack_0m1uz4p._.js:2434:29)
    at processFullBinaryRow (http://localhost:3030/_next/static/chunks/04m2_next_dist_compiled_react-server-dom-turbopack_0m1uz4p._.js:2393:9)
    at processBinaryChunk (http://localhost:3030/_next/static/chunks/04m2_next_dist_compiled_react-server-dom-turbopack_0m1uz4p._.js:2502:221)
    at progress (http://localhost:3030/_next/static/chunks/04m2_next_dist_compiled_react-server-dom-turbopack_0m1uz4p._.js:2689:13)
[ 1602929ms] [WARNING] The resource https://cdnjs.cloudflare.com/ajax/libs/font-awesome/6.4.0/css/all.min.css was preloaded using link preload but not used within a few seconds from the window's load event. Please make sure it has an appropriate `as` value and it is preloaded intentionally. @ http://localhost:3030/positions/cmrvw8om1000xoyr8hblrkte5?tab=history:0
[ 1646868ms] [LOG] [Fast Refresh] rebuilding @ http://localhost:3030/_next/static/chunks/04m2_next_dist_01d_w1-._.js:2431
[ 1647260ms] [LOG] [Fast Refresh] done in 497ms @ http://localhost:3030/_next/static/chunks/04m2_next_dist_01d_w1-._.js:2431
[ 1675940ms] [LOG] [Fast Refresh] rebuilding @ http://localhost:3030/_next/static/chunks/04m2_next_dist_01d_w1-._.js:2431
[ 1679253ms] [ERROR] WebSocket connection to 'ws://localhost:3030/_next/webpack-hmr?id=UKZ2MtwBdR8accAL1uL1P' failed: Error in connection establishment: net::ERR_CONNECTION_REFUSED @ http://localhost:3030/_next/static/chunks/04m2_next_dist_client_0-mnb_3._.js:13299
[ 1682607ms] [ERROR] WebSocket connection to 'ws://localhost:3030/_next/webpack-hmr?id=UKZ2MtwBdR8accAL1uL1P' failed: Error in connection establishment: net::ERR_CONNECTION_REFUSED @ http://localhost:3030/_next/static/chunks/04m2_next_dist_client_0-mnb_3._.js:13299
[ 1684005ms] [LOG] [HMR] connected @ http://localhost:3030/_next/static/chunks/04m2_next_dist_01d_w1-._.js:2431
[ 1687020ms] [WARNING] The resource https://cdnjs.cloudflare.com/ajax/libs/font-awesome/6.4.0/css/all.min.css was preloaded using link preload but not used within a few seconds from the window's load event. Please make sure it has an appropriate `as` value and it is preloaded intentionally. @ http://localhost:3030/positions/cmrvw8om1000xoyr8hblrkte5?tab=history:0
[ 1688148ms] [INFO] %cDownload the React DevTools for a better development experience: https://react.dev/link/react-devtools font-weight:bold @ http://localhost:3030/_next/static/chunks/04m2_next_dist_01d_w1-._.js:2431
[ 1688188ms] [LOG] [HMR] connected @ http://localhost:3030/_next/static/chunks/04m2_next_dist_01d_w1-._.js:2431
[ 1688212ms] [INFO] %c%s%c [setup-health] background: #e6e6e6;background: light-dark(rgba(0,0,0,0.1), rgba(255,255,255,0.25));color: #000000;color: light-dark(#000000, #ffffff);border-radius: 2px  Server   panel-layout hidden because permission=false {tenantId: cmrvvipw70000oyyo6123270j, userId: cmrvvipyc000aoyyodcu4tftb, roleKeys: Array(1)} @ http://localhost:3030/_next/static/chunks/04m2_next_dist_01d_w1-._.js:2431
[ 1688485ms] [LOG] [Fast Refresh] rebuilding @ http://localhost:3030/_next/static/chunks/04m2_next_dist_01d_w1-._.js:2431
[ 1688516ms] [LOG] [Fast Refresh] done in 142ms @ http://localhost:3030/_next/static/chunks/04m2_next_dist_01d_w1-._.js:2431
[ 1688618ms] [LOG] [Fast Refresh] rebuilding @ http://localhost:3030/_next/static/chunks/04m2_next_dist_01d_w1-._.js:2431
[ 1688986ms] [LOG] [Fast Refresh] done in 469ms @ http://localhost:3030/_next/static/chunks/04m2_next_dist_01d_w1-._.js:2431
[ 1690960ms] [LOG] [Fast Refresh] rebuilding @ http://localhost:3030/_next/static/chunks/04m2_next_dist_01d_w1-._.js:2431
[ 1691865ms] [LOG] [Fast Refresh] done in 1017ms @ http://localhost:3030/_next/static/chunks/04m2_next_dist_01d_w1-._.js:2431
[ 1699262ms] [LOG] [Fast Refresh] rebuilding @ http://localhost:3030/_next/static/chunks/04m2_next_dist_01d_w1-._.js:2431
[ 1699511ms] [LOG] [Fast Refresh] done in 365ms @ http://localhost:3030/_next/static/chunks/04m2_next_dist_01d_w1-._.js:2431
[ 1701169ms] [LOG] [Fast Refresh] rebuilding @ http://localhost:3030/_next/static/chunks/04m2_next_dist_01d_w1-._.js:2431
[ 1701355ms] [LOG] [Fast Refresh] done in 289ms @ http://localhost:3030/_next/static/chunks/04m2_next_dist_01d_w1-._.js:2431
[ 1721274ms] [LOG] [Fast Refresh] rebuilding @ http://localhost:3030/_next/static/chunks/04m2_next_dist_01d_w1-._.js:2431
[ 1721509ms] [LOG] [Fast Refresh] done in 351ms @ http://localhost:3030/_next/static/chunks/04m2_next_dist_01d_w1-._.js:2431
[ 1723351ms] [LOG] [Fast Refresh] rebuilding @ http://localhost:3030/_next/static/chunks/04m2_next_dist_01d_w1-._.js:2431
[ 1723537ms] [LOG] [Fast Refresh] done in 298ms @ http://localhost:3030/_next/static/chunks/04m2_next_dist_01d_w1-._.js:2431
[ 1772539ms] [LOG] [Fast Refresh] rebuilding @ http://localhost:3030/_next/static/chunks/04m2_next_dist_01d_w1-._.js:2431
[ 1772797ms] [LOG] [Fast Refresh] done in 362ms @ http://localhost:3030/_next/static/chunks/04m2_next_dist_01d_w1-._.js:2431
[ 1799564ms] [LOG] [Fast Refresh] rebuilding @ http://localhost:3030/_next/static/chunks/04m2_next_dist_01d_w1-._.js:2431
[ 1799757ms] [LOG] [Fast Refresh] done in 297ms @ http://localhost:3030/_next/static/chunks/04m2_next_dist_01d_w1-._.js:2431
[ 1813131ms] [LOG] [Fast Refresh] rebuilding @ http://localhost:3030/_next/static/chunks/04m2_next_dist_01d_w1-._.js:2431
[ 1813426ms] [LOG] [Fast Refresh] done in 413ms @ http://localhost:3030/_next/static/chunks/04m2_next_dist_01d_w1-._.js:2431
[ 1816051ms] [LOG] [Fast Refresh] rebuilding @ http://localhost:3030/_next/static/chunks/04m2_next_dist_01d_w1-._.js:2431
[ 1816271ms] [LOG] [Fast Refresh] done in 322ms @ http://localhost:3030/_next/static/chunks/04m2_next_dist_01d_w1-._.js:2431
[ 1846853ms] [LOG] [Fast Refresh] rebuilding @ http://localhost:3030/_next/static/chunks/04m2_next_dist_01d_w1-._.js:2431
[ 1847073ms] [LOG] [Fast Refresh] done in 320ms @ http://localhost:3030/_next/static/chunks/04m2_next_dist_01d_w1-._.js:2431
[ 1848689ms] [LOG] [Fast Refresh] rebuilding @ http://localhost:3030/_next/static/chunks/04m2_next_dist_01d_w1-._.js:2431
[ 1848861ms] [LOG] [Fast Refresh] done in 272ms @ http://localhost:3030/_next/static/chunks/04m2_next_dist_01d_w1-._.js:2431
[ 1862561ms] [ERROR] WebSocket connection to 'ws://localhost:3030/_next/webpack-hmr?id=pimjgtv0r9Jeuc0qZekd9' failed: Error in connection establishment: net::ERR_CONNECTION_REFUSED @ http://localhost:3030/_next/static/chunks/04m2_next_dist_client_0-mnb_3._.js:13299
[ 1865915ms] [ERROR] WebSocket connection to 'ws://localhost:3030/_next/webpack-hmr?id=pimjgtv0r9Jeuc0qZekd9' failed: Error in connection establishment: net::ERR_CONNECTION_REFUSED @ http://localhost:3030/_next/static/chunks/04m2_next_dist_client_0-mnb_3._.js:13299
[ 1869264ms] [ERROR] WebSocket connection to 'ws://localhost:3030/_next/webpack-hmr?id=pimjgtv0r9Jeuc0qZekd9' failed: Error in connection establishment: net::ERR_CONNECTION_REFUSED @ http://localhost:3030/_next/static/chunks/04m2_next_dist_client_0-mnb_3._.js:13299
[ 1872637ms] [ERROR] WebSocket connection to 'ws://localhost:3030/_next/webpack-hmr?id=pimjgtv0r9Jeuc0qZekd9' failed: Error in connection establishment: net::ERR_CONNECTION_REFUSED @ http://localhost:3030/_next/static/chunks/04m2_next_dist_client_0-mnb_3._.js:13299
[ 1876008ms] [ERROR] WebSocket connection to 'ws://localhost:3030/_next/webpack-hmr?id=pimjgtv0r9Jeuc0qZekd9' failed: Error in connection establishment: net::ERR_CONNECTION_REFUSED @ http://localhost:3030/_next/static/chunks/04m2_next_dist_client_0-mnb_3._.js:13299
[ 1883389ms] [ERROR] WebSocket connection to 'ws://localhost:3030/_next/webpack-hmr?id=pimjgtv0r9Jeuc0qZekd9' failed: Error in connection establishment: net::ERR_CONNECTION_REFUSED @ http://localhost:3030/_next/static/chunks/04m2_next_dist_client_0-mnb_3._.js:13299
[ 1890749ms] [ERROR] WebSocket connection to 'ws://localhost:3030/_next/webpack-hmr?id=pimjgtv0r9Jeuc0qZekd9' failed: Error in connection establishment: net::ERR_CONNECTION_REFUSED @ http://localhost:3030/_next/static/chunks/04m2_next_dist_client_0-mnb_3._.js:13299
[ 1898135ms] [ERROR] WebSocket connection to 'ws://localhost:3030/_next/webpack-hmr?id=pimjgtv0r9Jeuc0qZekd9' failed: Error in connection establishment: net::ERR_CONNECTION_REFUSED @ http://localhost:3030/_next/static/chunks/04m2_next_dist_client_0-mnb_3._.js:13299
[ 1905535ms] [ERROR] WebSocket connection to 'ws://localhost:3030/_next/webpack-hmr?id=pimjgtv0r9Jeuc0qZekd9' failed: Error in connection establishment: net::ERR_CONNECTION_REFUSED @ http://localhost:3030/_next/static/chunks/04m2_next_dist_client_0-mnb_3._.js:13299
[ 1912917ms] [ERROR] WebSocket connection to 'ws://localhost:3030/_next/webpack-hmr?id=pimjgtv0r9Jeuc0qZekd9' failed: Error in connection establishment: net::ERR_CONNECTION_REFUSED @ http://localhost:3030/_next/static/chunks/04m2_next_dist_client_0-mnb_3._.js:13299
[ 1920321ms] [ERROR] WebSocket connection to 'ws://localhost:3030/_next/webpack-hmr?id=pimjgtv0r9Jeuc0qZekd9' failed: Error in connection establishment: net::ERR_CONNECTION_REFUSED @ http://localhost:3030/_next/static/chunks/04m2_next_dist_client_0-mnb_3._.js:13299
[ 1927761ms] [ERROR] WebSocket connection to 'ws://localhost:3030/_next/webpack-hmr?id=pimjgtv0r9Jeuc0qZekd9' failed: Error in connection establishment: net::ERR_CONNECTION_REFUSED @ http://localhost:3030/_next/static/chunks/04m2_next_dist_client_0-mnb_3._.js:13299
[ 6545094ms] [INFO] %cDownload the React DevTools for a better development experience: https://react.dev/link/react-devtools font-weight:bold @ http://localhost:3030/_next/static/chunks/04m2_next_dist_01d_w1-._.js:2431
[ 6545184ms] [LOG] [HMR] connected @ http://localhost:3030/_next/static/chunks/04m2_next_dist_01d_w1-._.js:2431
[ 6545192ms] [INFO] %c%s%c [setup-health] background: #e6e6e6;background: light-dark(rgba(0,0,0,0.1), rgba(255,255,255,0.25));color: #000000;color: light-dark(#000000, #ffffff);border-radius: 2px  Server   panel-layout hidden because permission=false {tenantId: cmrvvipw70000oyyo6123270j, userId: cmrvvipyc000aoyyodcu4tftb, roleKeys: Array(1)} @ http://localhost:3030/_next/static/chunks/04m2_next_dist_01d_w1-._.js:2431
[ 6632729ms] [LOG] [Fast Refresh] rebuilding @ http://localhost:3030/_next/static/chunks/04m2_next_dist_01d_w1-._.js:2431
[ 6632921ms] [LOG] [Fast Refresh] done in 308ms @ http://localhost:3030/_next/static/chunks/04m2_next_dist_01d_w1-._.js:2431
[ 6639374ms] [LOG] [Fast Refresh] rebuilding @ http://localhost:3030/_next/static/chunks/04m2_next_dist_01d_w1-._.js:2431
[ 6639556ms] [LOG] [Fast Refresh] done in 285ms @ http://localhost:3030/_next/static/chunks/04m2_next_dist_01d_w1-._.js:2431
[ 6664207ms] [LOG] [Fast Refresh] rebuilding @ http://localhost:3030/_next/static/chunks/04m2_next_dist_01d_w1-._.js:2431
[ 6664445ms] [LOG] [Fast Refresh] done in 354ms @ http://localhost:3030/_next/static/chunks/04m2_next_dist_01d_w1-._.js:2431
[ 6686551ms] [LOG] [Fast Refresh] rebuilding @ http://localhost:3030/_next/static/chunks/04m2_next_dist_01d_w1-._.js:2431
[ 6686771ms] [LOG] [Fast Refresh] done in 330ms @ http://localhost:3030/_next/static/chunks/04m2_next_dist_01d_w1-._.js:2431
[ 6780473ms] [LOG] [Fast Refresh] rebuilding @ http://localhost:3030/_next/static/chunks/04m2_next_dist_01d_w1-._.js:2431
[ 6780882ms] [LOG] [Fast Refresh] done in 522ms @ http://localhost:3030/_next/static/chunks/04m2_next_dist_01d_w1-._.js:2431
[ 6797572ms] [LOG] [Fast Refresh] rebuilding @ http://localhost:3030/_next/static/chunks/04m2_next_dist_01d_w1-._.js:2431
[ 6797836ms] [LOG] [Fast Refresh] done in 365ms @ http://localhost:3030/_next/static/chunks/04m2_next_dist_01d_w1-._.js:2431
[ 6807926ms] [LOG] [Fast Refresh] rebuilding @ http://localhost:3030/_next/static/chunks/04m2_next_dist_01d_w1-._.js:2431
[ 6810249ms] [LOG] [Fast Refresh] done in 2088ms @ http://localhost:3030/_next/static/chunks/04m2_next_dist_01d_w1-._.js:2431
[ 6811464ms] [LOG] [Fast Refresh] rebuilding @ http://localhost:3030/_next/static/chunks/04m2_next_dist_01d_w1-._.js:2431
[ 6811652ms] [LOG] [Fast Refresh] done in 292ms @ http://localhost:3030/_next/static/chunks/04m2_next_dist_01d_w1-._.js:2431
[ 6811889ms] [LOG] [Fast Refresh] rebuilding @ http://localhost:3030/_next/static/chunks/04m2_next_dist_01d_w1-._.js:2431
[ 6811948ms] [LOG] [Fast Refresh] done in 159ms @ http://localhost:3030/_next/static/chunks/04m2_next_dist_01d_w1-._.js:2431
[ 6812129ms] [LOG] [Fast Refresh] rebuilding @ http://localhost:3030/_next/static/chunks/04m2_next_dist_01d_w1-._.js:2431
[ 6812185ms] [LOG] [Fast Refresh] done in 158ms @ http://localhost:3030/_next/static/chunks/04m2_next_dist_01d_w1-._.js:2431
[ 6812254ms] [INFO] %c%s%c [setup-health] background: #e6e6e6;background: light-dark(rgba(0,0,0,0.1), rgba(255,255,255,0.25));color: #000000;color: light-dark(#000000, #ffffff);border-radius: 2px  Server   panel-layout hidden because permission=false {tenantId: cmrvvipw70000oyyo6123270j, userId: cmrvvipyc000aoyyodcu4tftb, roleKeys: Array(1)} @ http://localhost:3030/_next/static/chunks/04m2_next_dist_01d_w1-._.js:2431
[ 6812287ms] [LOG] [Fast Refresh] rebuilding @ http://localhost:3030/_next/static/chunks/04m2_next_dist_01d_w1-._.js:2431
[ 6812611ms] [LOG] [Fast Refresh] done in 424ms @ http://localhost:3030/_next/static/chunks/04m2_next_dist_01d_w1-._.js:2431
[ 6812715ms] [LOG] [Fast Refresh] rebuilding @ http://localhost:3030/_next/static/chunks/04m2_next_dist_01d_w1-._.js:2431
[ 6812880ms] [LOG] [Fast Refresh] done in 268ms @ http://localhost:3030/_next/static/chunks/04m2_next_dist_01d_w1-._.js:2431
[ 6813355ms] [LOG] [Fast Refresh] rebuilding @ http://localhost:3030/_next/static/chunks/04m2_next_dist_01d_w1-._.js:2431
[ 6813387ms] [LOG] [Fast Refresh] done in 136ms @ http://localhost:3030/_next/static/chunks/04m2_next_dist_01d_w1-._.js:2431
[ 6813663ms] [INFO] %c%s%c [setup-health] background: #e6e6e6;background: light-dark(rgba(0,0,0,0.1), rgba(255,255,255,0.25));color: #000000;color: light-dark(#000000, #ffffff);border-radius: 2px  Server   panel-layout hidden because permission=false {tenantId: cmrvvipw70000oyyo6123270j, userId: cmrvvipyc000aoyyodcu4tftb, roleKeys: Array(1)} @ http://localhost:3030/_next/static/chunks/04m2_next_dist_01d_w1-._.js:2431
[ 6813715ms] [LOG] [Fast Refresh] rebuilding @ http://localhost:3030/_next/static/chunks/04m2_next_dist_01d_w1-._.js:2431
[ 6813787ms] [LOG] [Fast Refresh] done in 173ms @ http://localhost:3030/_next/static/chunks/04m2_next_dist_01d_w1-._.js:2431
[ 6813994ms] [LOG] [Fast Refresh] rebuilding @ http://localhost:3030/_next/static/chunks/04m2_next_dist_01d_w1-._.js:2431
[ 6814014ms] [LOG] [Fast Refresh] done in 131ms @ http://localhost:3030/_next/static/chunks/04m2_next_dist_01d_w1-._.js:2431
[ 6814117ms] [LOG] [Fast Refresh] rebuilding @ http://localhost:3030/_next/static/chunks/04m2_next_dist_01d_w1-._.js:2431
[ 6814333ms] [LOG] [Fast Refresh] done in 317ms @ http://localhost:3030/_next/static/chunks/04m2_next_dist_01d_w1-._.js:2431
[ 6814436ms] [LOG] [Fast Refresh] rebuilding @ http://localhost:3030/_next/static/chunks/04m2_next_dist_01d_w1-._.js:2431
[ 6814452ms] [LOG] [Fast Refresh] done in 118ms @ http://localhost:3030/_next/static/chunks/04m2_next_dist_01d_w1-._.js:2431
[ 6814786ms] [LOG] [Fast Refresh] rebuilding @ http://localhost:3030/_next/static/chunks/04m2_next_dist_01d_w1-._.js:2431
[ 6814998ms] [INFO] %c%s%c [setup-health] background: #e6e6e6;background: light-dark(rgba(0,0,0,0.1), rgba(255,255,255,0.25));color: #000000;color: light-dark(#000000, #ffffff);border-radius: 2px  Server   panel-layout hidden because permission=false {tenantId: cmrvvipw70000oyyo6123270j, userId: cmrvvipyc000aoyyodcu4tftb, roleKeys: Array(1)} @ http://localhost:3030/_next/static/chunks/04m2_next_dist_01d_w1-._.js:2431
[ 6815141ms] [LOG] [Fast Refresh] done in 462ms @ http://localhost:3030/_next/static/chunks/04m2_next_dist_01d_w1-._.js:2431
[ 6815386ms] [LOG] [Fast Refresh] rebuilding @ http://localhost:3030/_next/static/chunks/04m2_next_dist_01d_w1-._.js:2431
[ 6815550ms] [LOG] [Fast Refresh] done in 271ms @ http://localhost:3030/_next/static/chunks/04m2_next_dist_01d_w1-._.js:2431
[ 6815812ms] [LOG] [Fast Refresh] rebuilding @ http://localhost:3030/_next/static/chunks/04m2_next_dist_01d_w1-._.js:2431
[ 6815961ms] [LOG] [Fast Refresh] done in 257ms @ http://localhost:3030/_next/static/chunks/04m2_next_dist_01d_w1-._.js:2431
[ 6816155ms] [LOG] [Fast Refresh] rebuilding @ http://localhost:3030/_next/static/chunks/04m2_next_dist_01d_w1-._.js:2431
[ 6816172ms] [LOG] [Fast Refresh] done in 121ms @ http://localhost:3030/_next/static/chunks/04m2_next_dist_01d_w1-._.js:2431
[ 6816229ms] [INFO] %c%s%c [setup-health] background: #e6e6e6;background: light-dark(rgba(0,0,0,0.1), rgba(255,255,255,0.25));color: #000000;color: light-dark(#000000, #ffffff);border-radius: 2px  Server   panel-layout hidden because permission=false {tenantId: cmrvvipw70000oyyo6123270j, userId: cmrvvipyc000aoyyodcu4tftb, roleKeys: Array(1)} @ http://localhost:3030/_next/static/chunks/04m2_next_dist_01d_w1-._.js:2431
[ 6816275ms] [LOG] [Fast Refresh] rebuilding @ http://localhost:3030/_next/static/chunks/04m2_next_dist_01d_w1-._.js:2431
[ 6816356ms] [LOG] [Fast Refresh] done in 183ms @ http://localhost:3030/_next/static/chunks/04m2_next_dist_01d_w1-._.js:2431
[ 6816627ms] [LOG] [Fast Refresh] rebuilding @ http://localhost:3030/_next/static/chunks/04m2_next_dist_01d_w1-._.js:2431
[ 6816778ms] [LOG] [Fast Refresh] done in 255ms @ http://localhost:3030/_next/static/chunks/04m2_next_dist_01d_w1-._.js:2431
[ 6817386ms] [LOG] [Fast Refresh] rebuilding @ http://localhost:3030/_next/static/chunks/04m2_next_dist_01d_w1-._.js:2431
[ 6817469ms] [LOG] [Fast Refresh] done in 189ms @ http://localhost:3030/_next/static/chunks/04m2_next_dist_01d_w1-._.js:2431
[ 6817653ms] [INFO] %c%s%c [setup-health] background: #e6e6e6;background: light-dark(rgba(0,0,0,0.1), rgba(255,255,255,0.25));color: #000000;color: light-dark(#000000, #ffffff);border-radius: 2px  Server   panel-layout hidden because permission=false {tenantId: cmrvvipw70000oyyo6123270j, userId: cmrvvipyc000aoyyodcu4tftb, roleKeys: Array(1)} @ http://localhost:3030/_next/static/chunks/04m2_next_dist_01d_w1-._.js:2431
[ 6817784ms] [LOG] [Fast Refresh] rebuilding @ http://localhost:3030/_next/static/chunks/04m2_next_dist_01d_w1-._.js:2431
[ 6817882ms] [LOG] [Fast Refresh] done in 201ms @ http://localhost:3030/_next/static/chunks/04m2_next_dist_01d_w1-._.js:2431
[ 6818364ms] [LOG] [Fast Refresh] rebuilding @ http://localhost:3030/_next/static/chunks/04m2_next_dist_01d_w1-._.js:2431
[ 6818522ms] [LOG] [Fast Refresh] done in 272ms @ http://localhost:3030/_next/static/chunks/04m2_next_dist_01d_w1-._.js:2431
[ 6818901ms] [INFO] %c%s%c [setup-health] background: #e6e6e6;background: light-dark(rgba(0,0,0,0.1), rgba(255,255,255,0.25));color: #000000;color: light-dark(#000000, #ffffff);border-radius: 2px  Server   panel-layout hidden because permission=false {tenantId: cmrvvipw70000oyyo6123270j, userId: cmrvvipyc000aoyyodcu4tftb, roleKeys: Array(1)} @ http://localhost:3030/_next/static/chunks/04m2_next_dist_01d_w1-._.js:2431
[ 6819201ms] [LOG] [Fast Refresh] rebuilding @ http://localhost:3030/_next/static/chunks/04m2_next_dist_01d_w1-._.js:2431
[ 6819299ms] [LOG] [Fast Refresh] done in 206ms @ http://localhost:3030/_next/static/chunks/04m2_next_dist_01d_w1-._.js:2431
[ 6819643ms] [LOG] [Fast Refresh] rebuilding @ http://localhost:3030/_next/static/chunks/04m2_next_dist_01d_w1-._.js:2431
[ 6819738ms] [LOG] [Fast Refresh] done in 205ms @ http://localhost:3030/_next/static/chunks/04m2_next_dist_01d_w1-._.js:2431
[ 6819848ms] [LOG] [Fast Refresh] rebuilding @ http://localhost:3030/_next/static/chunks/04m2_next_dist_01d_w1-._.js:2431
[ 6819871ms] [LOG] [Fast Refresh] done in 125ms @ http://localhost:3030/_next/static/chunks/04m2_next_dist_01d_w1-._.js:2431
[ 6820003ms] [LOG] [Fast Refresh] rebuilding @ http://localhost:3030/_next/static/chunks/04m2_next_dist_01d_w1-._.js:2431
[ 6820031ms] [LOG] [Fast Refresh] done in 134ms @ http://localhost:3030/_next/static/chunks/04m2_next_dist_01d_w1-._.js:2431
[ 6820096ms] [INFO] %c%s%c [setup-health] background: #e6e6e6;background: light-dark(rgba(0,0,0,0.1), rgba(255,255,255,0.25));color: #000000;color: light-dark(#000000, #ffffff);border-radius: 2px  Server   panel-layout hidden because permission=false {tenantId: cmrvvipw70000oyyo6123270j, userId: cmrvvipyc000aoyyodcu4tftb, roleKeys: Array(1)} @ http://localhost:3030/_next/static/chunks/04m2_next_dist_01d_w1-._.js:2431
[ 6820143ms] [LOG] [Fast Refresh] rebuilding @ http://localhost:3030/_next/static/chunks/04m2_next_dist_01d_w1-._.js:2431
[ 6820267ms] [LOG] [Fast Refresh] done in 236ms @ http://localhost:3030/_next/static/chunks/04m2_next_dist_01d_w1-._.js:2431
[ 6820370ms] [LOG] [Fast Refresh] rebuilding @ http://localhost:3030/_next/static/chunks/04m2_next_dist_01d_w1-._.js:2431
[ 6820444ms] [LOG] [Fast Refresh] done in 175ms @ http://localhost:3030/_next/static/chunks/04m2_next_dist_01d_w1-._.js:2431
[ 6820549ms] [LOG] [Fast Refresh] rebuilding @ http://localhost:3030/_next/static/chunks/04m2_next_dist_01d_w1-._.js:2431
[ 6820632ms] [LOG] [Fast Refresh] done in 186ms @ http://localhost:3030/_next/static/chunks/04m2_next_dist_01d_w1-._.js:2431
[ 6820738ms] [LOG] [Fast Refresh] rebuilding @ http://localhost:3030/_next/static/chunks/04m2_next_dist_01d_w1-._.js:2431
[ 6820779ms] [LOG] [Fast Refresh] done in 144ms @ http://localhost:3030/_next/static/chunks/04m2_next_dist_01d_w1-._.js:2431
[ 6820894ms] [LOG] [Fast Refresh] rebuilding @ http://localhost:3030/_next/static/chunks/04m2_next_dist_01d_w1-._.js:2431
[ 6821094ms] [LOG] [Fast Refresh] done in 302ms @ http://localhost:3030/_next/static/chunks/04m2_next_dist_01d_w1-._.js:2431
[ 6821364ms] [INFO] %c%s%c [setup-health] background: #e6e6e6;background: light-dark(rgba(0,0,0,0.1), rgba(255,255,255,0.25));color: #000000;color: light-dark(#000000, #ffffff);border-radius: 2px  Server   panel-layout hidden because permission=false {tenantId: cmrvvipw70000oyyo6123270j, userId: cmrvvipyc000aoyyodcu4tftb, roleKeys: Array(1)} @ http://localhost:3030/_next/static/chunks/04m2_next_dist_01d_w1-._.js:2431
[ 6821508ms] [LOG] [Fast Refresh] rebuilding @ http://localhost:3030/_next/static/chunks/04m2_next_dist_01d_w1-._.js:2431
[ 6821604ms] [LOG] [Fast Refresh] done in 199ms @ http://localhost:3030/_next/static/chunks/04m2_next_dist_01d_w1-._.js:2431
[ 6821909ms] [LOG] [Fast Refresh] rebuilding @ http://localhost:3030/_next/static/chunks/04m2_next_dist_01d_w1-._.js:2431
[ 6822151ms] [LOG] [Fast Refresh] done in 352ms @ http://localhost:3030/_next/static/chunks/04m2_next_dist_01d_w1-._.js:2431
[ 6822643ms] [INFO] %c%s%c [setup-health] background: #e6e6e6;background: light-dark(rgba(0,0,0,0.1), rgba(255,255,255,0.25));color: #000000;color: light-dark(#000000, #ffffff);border-radius: 2px  Server   panel-layout hidden because permission=false {tenantId: cmrvvipw70000oyyo6123270j, userId: cmrvvipyc000aoyyodcu4tftb, roleKeys: Array(1)} @ http://localhost:3030/_next/static/chunks/04m2_next_dist_01d_w1-._.js:2431
[ 6822707ms] [LOG] [Fast Refresh] rebuilding @ http://localhost:3030/_next/static/chunks/04m2_next_dist_01d_w1-._.js:2431
[ 6822882ms] [LOG] [Fast Refresh] done in 277ms @ http://localhost:3030/_next/static/chunks/04m2_next_dist_01d_w1-._.js:2431
[ 6823027ms] [LOG] [Fast Refresh] rebuilding @ http://localhost:3030/_next/static/chunks/04m2_next_dist_01d_w1-._.js:2431
[ 6823271ms] [LOG] [Fast Refresh] done in 346ms @ http://localhost:3030/_next/static/chunks/04m2_next_dist_01d_w1-._.js:2431
[ 6823498ms] [LOG] [Fast Refresh] rebuilding @ http://localhost:3030/_next/static/chunks/04m2_next_dist_01d_w1-._.js:2431
[ 6823563ms] [LOG] [Fast Refresh] done in 166ms @ http://localhost:3030/_next/static/chunks/04m2_next_dist_01d_w1-._.js:2431
[ 6823852ms] [INFO] %c%s%c [setup-health] background: #e6e6e6;background: light-dark(rgba(0,0,0,0.1), rgba(255,255,255,0.25));color: #000000;color: light-dark(#000000, #ffffff);border-radius: 2px  Server   panel-layout hidden because permission=false {tenantId: cmrvvipw70000oyyo6123270j, userId: cmrvvipyc000aoyyodcu4tftb, roleKeys: Array(1)} @ http://localhost:3030/_next/static/chunks/04m2_next_dist_01d_w1-._.js:2431
[ 6824135ms] [LOG] [Fast Refresh] rebuilding @ http://localhost:3030/_next/static/chunks/04m2_next_dist_01d_w1-._.js:2431
[ 6824231ms] [LOG] [Fast Refresh] done in 199ms @ http://localhost:3030/_next/static/chunks/04m2_next_dist_01d_w1-._.js:2431
[ 6824603ms] [LOG] [Fast Refresh] rebuilding @ http://localhost:3030/_next/static/chunks/04m2_next_dist_01d_w1-._.js:2431
[ 6824860ms] [LOG] [Fast Refresh] done in 362ms @ http://localhost:3030/_next/static/chunks/04m2_next_dist_01d_w1-._.js:2431
[ 6825198ms] [INFO] %c%s%c [setup-health] background: #e6e6e6;background: light-dark(rgba(0,0,0,0.1), rgba(255,255,255,0.25));color: #000000;color: light-dark(#000000, #ffffff);border-radius: 2px  Server   panel-layout hidden because permission=false {tenantId: cmrvvipw70000oyyo6123270j, userId: cmrvvipyc000aoyyodcu4tftb, roleKeys: Array(1)} @ http://localhost:3030/_next/static/chunks/04m2_next_dist_01d_w1-._.js:2431
[ 6825335ms] [LOG] [Fast Refresh] rebuilding @ http://localhost:3030/_next/static/chunks/04m2_next_dist_01d_w1-._.js:2431
[ 6825487ms] [LOG] [Fast Refresh] done in 260ms @ http://localhost:3030/_next/static/chunks/04m2_next_dist_01d_w1-._.js:2431
[ 6825803ms] [LOG] [Fast Refresh] rebuilding @ http://localhost:3030/_next/static/chunks/04m2_next_dist_01d_w1-._.js:2431
[ 6825992ms] [LOG] [Fast Refresh] done in 292ms @ http://localhost:3030/_next/static/chunks/04m2_next_dist_01d_w1-._.js:2431
[ 6826498ms] [INFO] %c%s%c [setup-health] background: #e6e6e6;background: light-dark(rgba(0,0,0,0.1), rgba(255,255,255,0.25));color: #000000;color: light-dark(#000000, #ffffff);border-radius: 2px  Server   panel-layout hidden because permission=false {tenantId: cmrvvipw70000oyyo6123270j, userId: cmrvvipyc000aoyyodcu4tftb, roleKeys: Array(1)} @ http://localhost:3030/_next/static/chunks/04m2_next_dist_01d_w1-._.js:2431
[ 6826561ms] [LOG] [Fast Refresh] rebuilding @ http://localhost:3030/_next/static/chunks/04m2_next_dist_01d_w1-._.js:2431
[ 6826660ms] [LOG] [Fast Refresh] done in 202ms @ http://localhost:3030/_next/static/chunks/04m2_next_dist_01d_w1-._.js:2431
[ 6826830ms] [LOG] [Fast Refresh] rebuilding @ http://localhost:3030/_next/static/chunks/04m2_next_dist_01d_w1-._.js:2431
[ 6827069ms] [LOG] [Fast Refresh] done in 342ms @ http://localhost:3030/_next/static/chunks/04m2_next_dist_01d_w1-._.js:2431
[ 6827310ms] [LOG] [Fast Refresh] rebuilding @ http://localhost:3030/_next/static/chunks/04m2_next_dist_01d_w1-._.js:2431
[ 6827408ms] [LOG] [Fast Refresh] done in 200ms @ http://localhost:3030/_next/static/chunks/04m2_next_dist_01d_w1-._.js:2431
[ 6827514ms] [LOG] [Fast Refresh] rebuilding @ http://localhost:3030/_next/static/chunks/04m2_next_dist_01d_w1-._.js:2431
[ 6827540ms] [LOG] [Fast Refresh] done in 132ms @ http://localhost:3030/_next/static/chunks/04m2_next_dist_01d_w1-._.js:2431
[ 6827651ms] [LOG] [Fast Refresh] rebuilding @ http://localhost:3030/_next/static/chunks/04m2_next_dist_01d_w1-._.js:2431
[ 6827655ms] [LOG] [Fast Refresh] done in 113ms @ http://localhost:3030/_next/static/chunks/04m2_next_dist_01d_w1-._.js:2431
[ 6827741ms] [INFO] %c%s%c [setup-health] background: #e6e6e6;background: light-dark(rgba(0,0,0,0.1), rgba(255,255,255,0.25));color: #000000;color: light-dark(#000000, #ffffff);border-radius: 2px  Server   panel-layout hidden because permission=false {tenantId: cmrvvipw70000oyyo6123270j, userId: cmrvvipyc000aoyyodcu4tftb, roleKeys: Array(1)} @ http://localhost:3030/_next/static/chunks/04m2_next_dist_01d_w1-._.js:2431
[ 6827758ms] [LOG] [Fast Refresh] rebuilding @ http://localhost:3030/_next/static/chunks/04m2_next_dist_01d_w1-._.js:2431
[ 6827873ms] [LOG] [Fast Refresh] done in 217ms @ http://localhost:3030/_next/static/chunks/04m2_next_dist_01d_w1-._.js:2431
[ 6828282ms] [LOG] [Fast Refresh] rebuilding @ http://localhost:3030/_next/static/chunks/04m2_next_dist_01d_w1-._.js:2431
[ 6828582ms] [LOG] [Fast Refresh] done in 404ms @ http://localhost:3030/_next/static/chunks/04m2_next_dist_01d_w1-._.js:2431
[ 6829045ms] [INFO] %c%s%c [setup-health] background: #e6e6e6;background: light-dark(rgba(0,0,0,0.1), rgba(255,255,255,0.25));color: #000000;color: light-dark(#000000, #ffffff);border-radius: 2px  Server   panel-layout hidden because permission=false {tenantId: cmrvvipw70000oyyo6123270j, userId: cmrvvipyc000aoyyodcu4tftb, roleKeys: Array(1)} @ http://localhost:3030/_next/static/chunks/04m2_next_dist_01d_w1-._.js:2431
[ 6829173ms] [LOG] [Fast Refresh] rebuilding @ http://localhost:3030/_next/static/chunks/04m2_next_dist_01d_w1-._.js:2431
[ 6829272ms] [LOG] [Fast Refresh] done in 201ms @ http://localhost:3030/_next/static/chunks/04m2_next_dist_01d_w1-._.js:2431
[ 6829818ms] [LOG] [Fast Refresh] rebuilding @ http://localhost:3030/_next/static/chunks/04m2_next_dist_01d_w1-._.js:2431
[ 6829980ms] [LOG] [Fast Refresh] done in 264ms @ http://localhost:3030/_next/static/chunks/04m2_next_dist_01d_w1-._.js:2431
[ 6830093ms] [LOG] [Fast Refresh] rebuilding @ http://localhost:3030/_next/static/chunks/04m2_next_dist_01d_w1-._.js:2431
[ 6830112ms] [LOG] [Fast Refresh] done in 130ms @ http://localhost:3030/_next/static/chunks/04m2_next_dist_01d_w1-._.js:2431
[ 6830213ms] [LOG] [Fast Refresh] rebuilding @ http://localhost:3030/_next/static/chunks/04m2_next_dist_01d_w1-._.js:2431
[ 6830246ms] [LOG] [Fast Refresh] done in 133ms @ http://localhost:3030/_next/static/chunks/04m2_next_dist_01d_w1-._.js:2431
[ 6830324ms] [INFO] %c%s%c [setup-health] background: #e6e6e6;background: light-dark(rgba(0,0,0,0.1), rgba(255,255,255,0.25));color: #000000;color: light-dark(#000000, #ffffff);border-radius: 2px  Server   panel-layout hidden because permission=false {tenantId: cmrvvipw70000oyyo6123270j, userId: cmrvvipyc000aoyyodcu4tftb, roleKeys: Array(1)} @ http://localhost:3030/_next/static/chunks/04m2_next_dist_01d_w1-._.js:2431
[ 6830348ms] [LOG] [Fast Refresh] rebuilding @ http://localhost:3030/_next/static/chunks/04m2_next_dist_01d_w1-._.js:2431
[ 6830487ms] [LOG] [Fast Refresh] done in 240ms @ http://localhost:3030/_next/static/chunks/04m2_next_dist_01d_w1-._.js:2431
[ 6830711ms] [LOG] [Fast Refresh] rebuilding @ http://localhost:3030/_next/static/chunks/04m2_next_dist_01d_w1-._.js:2431
[ 6830900ms] [LOG] [Fast Refresh] done in 293ms @ http://localhost:3030/_next/static/chunks/04m2_next_dist_01d_w1-._.js:2431
[ 6831165ms] [LOG] [Fast Refresh] rebuilding @ http://localhost:3030/_next/static/chunks/04m2_next_dist_01d_w1-._.js:2431
[ 6831247ms] [LOG] [Fast Refresh] done in 186ms @ http://localhost:3030/_next/static/chunks/04m2_next_dist_01d_w1-._.js:2431
[ 6831566ms] [INFO] %c%s%c [setup-health] background: #e6e6e6;background: light-dark(rgba(0,0,0,0.1), rgba(255,255,255,0.25));color: #000000;color: light-dark(#000000, #ffffff);border-radius: 2px  Server   panel-layout hidden because permission=false {tenantId: cmrvvipw70000oyyo6123270j, userId: cmrvvipyc000aoyyodcu4tftb, roleKeys: Array(1)} @ http://localhost:3030/_next/static/chunks/04m2_next_dist_01d_w1-._.js:2431
[ 6831617ms] [LOG] [Fast Refresh] rebuilding @ http://localhost:3030/_next/static/chunks/04m2_next_dist_01d_w1-._.js:2431
[ 6831701ms] [LOG] [Fast Refresh] done in 189ms @ http://localhost:3030/_next/static/chunks/04m2_next_dist_01d_w1-._.js:2431
[ 6831910ms] [LOG] [Fast Refresh] rebuilding @ http://localhost:3030/_next/static/chunks/04m2_next_dist_01d_w1-._.js:2431
[ 6832222ms] [LOG] [Fast Refresh] done in 414ms @ http://localhost:3030/_next/static/chunks/04m2_next_dist_01d_w1-._.js:2431
[ 6832834ms] [INFO] %c%s%c [setup-health] background: #e6e6e6;background: light-dark(rgba(0,0,0,0.1), rgba(255,255,255,0.25));color: #000000;color: light-dark(#000000, #ffffff);border-radius: 2px  Server   panel-layout hidden because permission=false {tenantId: cmrvvipw70000oyyo6123270j, userId: cmrvvipyc000aoyyodcu4tftb, roleKeys: Array(1)} @ http://localhost:3030/_next/static/chunks/04m2_next_dist_01d_w1-._.js:2431
[ 6832964ms] [LOG] [Fast Refresh] rebuilding @ http://localhost:3030/_next/static/chunks/04m2_next_dist_01d_w1-._.js:2431
[ 6833125ms] [LOG] [Fast Refresh] done in 266ms @ http://localhost:3030/_next/static/chunks/04m2_next_dist_01d_w1-._.js:2431
[ 6833632ms] [LOG] [Fast Refresh] rebuilding @ http://localhost:3030/_next/static/chunks/04m2_next_dist_01d_w1-._.js:2431
[ 6833754ms] [LOG] [Fast Refresh] done in 231ms @ http://localhost:3030/_next/static/chunks/04m2_next_dist_01d_w1-._.js:2431
[ 6833856ms] [LOG] [Fast Refresh] rebuilding @ http://localhost:3030/_next/static/chunks/04m2_next_dist_01d_w1-._.js:2431
[ 6833891ms] [LOG] [Fast Refresh] done in 135ms @ http://localhost:3030/_next/static/chunks/04m2_next_dist_01d_w1-._.js:2431
[ 6834075ms] [INFO] %c%s%c [setup-health] background: #e6e6e6;background: light-dark(rgba(0,0,0,0.1), rgba(255,255,255,0.25));color: #000000;color: light-dark(#000000, #ffffff);border-radius: 2px  Server   panel-layout hidden because permission=false {tenantId: cmrvvipw70000oyyo6123270j, userId: cmrvvipyc000aoyyodcu4tftb, roleKeys: Array(1)} @ http://localhost:3030/_next/static/chunks/04m2_next_dist_01d_w1-._.js:2431
[ 6834148ms] [LOG] [Fast Refresh] rebuilding @ http://localhost:3030/_next/static/chunks/04m2_next_dist_01d_w1-._.js:2431
[ 6834287ms] [LOG] [Fast Refresh] done in 241ms @ http://localhost:3030/_next/static/chunks/04m2_next_dist_01d_w1-._.js:2431
[ 6834501ms] [LOG] [Fast Refresh] rebuilding @ http://localhost:3030/_next/static/chunks/04m2_next_dist_01d_w1-._.js:2431
[ 6834688ms] [LOG] [Fast Refresh] done in 295ms @ http://localhost:3030/_next/static/chunks/04m2_next_dist_01d_w1-._.js:2431
[ 6834888ms] [LOG] [Fast Refresh] rebuilding @ http://localhost:3030/_next/static/chunks/04m2_next_dist_01d_w1-._.js:2431
[ 6835044ms] [LOG] [Fast Refresh] done in 260ms @ http://localhost:3030/_next/static/chunks/04m2_next_dist_01d_w1-._.js:2431
[ 6835340ms] [INFO] %c%s%c [setup-health] background: #e6e6e6;background: light-dark(rgba(0,0,0,0.1), rgba(255,255,255,0.25));color: #000000;color: light-dark(#000000, #ffffff);border-radius: 2px  Server   panel-layout hidden because permission=false {tenantId: cmrvvipw70000oyyo6123270j, userId: cmrvvipyc000aoyyodcu4tftb, roleKeys: Array(1)} @ http://localhost:3030/_next/static/chunks/04m2_next_dist_01d_w1-._.js:2431
[ 6835392ms] [LOG] [Fast Refresh] rebuilding @ http://localhost:3030/_next/static/chunks/04m2_next_dist_01d_w1-._.js:2431
[ 6835474ms] [LOG] [Fast Refresh] done in 184ms @ http://localhost:3030/_next/static/chunks/04m2_next_dist_01d_w1-._.js:2431
[ 6835777ms] [LOG] [Fast Refresh] rebuilding @ http://localhost:3030/_next/static/chunks/04m2_next_dist_01d_w1-._.js:2431
[ 6835969ms] [LOG] [Fast Refresh] done in 296ms @ http://localhost:3030/_next/static/chunks/04m2_next_dist_01d_w1-._.js:2431
[ 6836590ms] [LOG] [Fast Refresh] rebuilding @ http://localhost:3030/_next/static/chunks/04m2_next_dist_01d_w1-._.js:2431
[ 6836611ms] [LOG] [Fast Refresh] done in 121ms @ http://localhost:3030/_next/static/chunks/04m2_next_dist_01d_w1-._.js:2431
[ 6836728ms] [INFO] %c%s%c [setup-health] background: #e6e6e6;background: light-dark(rgba(0,0,0,0.1), rgba(255,255,255,0.25));color: #000000;color: light-dark(#000000, #ffffff);border-radius: 2px  Server   panel-layout hidden because permission=false {tenantId: cmrvvipw70000oyyo6123270j, userId: cmrvvipyc000aoyyodcu4tftb, roleKeys: Array(1)} @ http://localhost:3030/_next/static/chunks/04m2_next_dist_01d_w1-._.js:2431
[ 6837073ms] [LOG] [Fast Refresh] rebuilding @ http://localhost:3030/_next/static/chunks/04m2_next_dist_01d_w1-._.js:2431
[ 6837149ms] [LOG] [Fast Refresh] done in 179ms @ http://localhost:3030/_next/static/chunks/04m2_next_dist_01d_w1-._.js:2431
[ 6837257ms] [LOG] [Fast Refresh] rebuilding @ http://localhost:3030/_next/static/chunks/04m2_next_dist_01d_w1-._.js:2431
[ 6837342ms] [LOG] [Fast Refresh] done in 189ms @ http://localhost:3030/_next/static/chunks/04m2_next_dist_01d_w1-._.js:2431
[ 6837443ms] [LOG] [Fast Refresh] rebuilding @ http://localhost:3030/_next/static/chunks/04m2_next_dist_01d_w1-._.js:2431
[ 6837622ms] [LOG] [Fast Refresh] done in 279ms @ http://localhost:3030/_next/static/chunks/04m2_next_dist_01d_w1-._.js:2431
[ 6838431ms] [LOG] [Fast Refresh] rebuilding @ http://localhost:3030/_next/static/chunks/04m2_next_dist_01d_w1-._.js:2431
[ 6838451ms] [LOG] [Fast Refresh] done in 120ms @ http://localhost:3030/_next/static/chunks/04m2_next_dist_01d_w1-._.js:2431
[ 6838581ms] [INFO] %c%s%c [setup-health] background: #e6e6e6;background: light-dark(rgba(0,0,0,0.1), rgba(255,255,255,0.25));color: #000000;color: light-dark(#000000, #ffffff);border-radius: 2px  Server   panel-layout hidden because permission=false {tenantId: cmrvvipw70000oyyo6123270j, userId: cmrvvipyc000aoyyodcu4tftb, roleKeys: Array(1)} @ http://localhost:3030/_next/static/chunks/04m2_next_dist_01d_w1-._.js:2431
[ 6838619ms] [LOG] [Fast Refresh] rebuilding @ http://localhost:3030/_next/static/chunks/04m2_next_dist_01d_w1-._.js:2431
[ 6838730ms] [LOG] [Fast Refresh] done in 211ms @ http://localhost:3030/_next/static/chunks/04m2_next_dist_01d_w1-._.js:2431
[ 6838914ms] [LOG] [Fast Refresh] rebuilding @ http://localhost:3030/_next/static/chunks/04m2_next_dist_01d_w1-._.js:2431
[ 6838956ms] [LOG] [Fast Refresh] done in 143ms @ http://localhost:3030/_next/static/chunks/04m2_next_dist_01d_w1-._.js:2431
[ 6839057ms] [LOG] [Fast Refresh] rebuilding @ http://localhost:3030/_next/static/chunks/04m2_next_dist_01d_w1-._.js:2431
[ 6839210ms] [LOG] [Fast Refresh] done in 254ms @ http://localhost:3030/_next/static/chunks/04m2_next_dist_01d_w1-._.js:2431
[ 6839314ms] [LOG] [Fast Refresh] rebuilding @ http://localhost:3030/_next/static/chunks/04m2_next_dist_01d_w1-._.js:2431
[ 6839438ms] [LOG] [Fast Refresh] done in 226ms @ http://localhost:3030/_next/static/chunks/04m2_next_dist_01d_w1-._.js:2431
[ 6839701ms] [LOG] [Fast Refresh] rebuilding @ http://localhost:3030/_next/static/chunks/04m2_next_dist_01d_w1-._.js:2431
[ 6839730ms] [LOG] [Fast Refresh] done in 143ms @ http://localhost:3030/_next/static/chunks/04m2_next_dist_01d_w1-._.js:2431
[ 6839837ms] [INFO] %c%s%c [setup-health] background: #e6e6e6;background: light-dark(rgba(0,0,0,0.1), rgba(255,255,255,0.25));color: #000000;color: light-dark(#000000, #ffffff);border-radius: 2px  Server   panel-layout hidden because permission=false {tenantId: cmrvvipw70000oyyo6123270j, userId: cmrvvipyc000aoyyodcu4tftb, roleKeys: Array(1)} @ http://localhost:3030/_next/static/chunks/04m2_next_dist_01d_w1-._.js:2431
[ 6839928ms] [LOG] [Fast Refresh] rebuilding @ http://localhost:3030/_next/static/chunks/04m2_next_dist_01d_w1-._.js:2431
[ 6840155ms] [LOG] [Fast Refresh] done in 331ms @ http://localhost:3030/_next/static/chunks/04m2_next_dist_01d_w1-._.js:2431
[ 6840754ms] [LOG] [Fast Refresh] rebuilding @ http://localhost:3030/_next/static/chunks/04m2_next_dist_01d_w1-._.js:2431
[ 6840930ms] [LOG] [Fast Refresh] done in 277ms @ http://localhost:3030/_next/static/chunks/04m2_next_dist_01d_w1-._.js:2431
[ 6841299ms] [INFO] %c%s%c [setup-health] background: #e6e6e6;background: light-dark(rgba(0,0,0,0.1), rgba(255,255,255,0.25));color: #000000;color: light-dark(#000000, #ffffff);border-radius: 2px  Server   panel-layout hidden because permission=false {tenantId: cmrvvipw70000oyyo6123270j, userId: cmrvvipyc000aoyyodcu4tftb, roleKeys: Array(1)} @ http://localhost:3030/_next/static/chunks/04m2_next_dist_01d_w1-._.js:2431
[ 6841431ms] [LOG] [Fast Refresh] rebuilding @ http://localhost:3030/_next/static/chunks/04m2_next_dist_01d_w1-._.js:2431
[ 6841543ms] [LOG] [Fast Refresh] done in 212ms @ http://localhost:3030/_next/static/chunks/04m2_next_dist_01d_w1-._.js:2431
[ 6842023ms] [LOG] [Fast Refresh] rebuilding @ http://localhost:3030/_next/static/chunks/04m2_next_dist_01d_w1-._.js:2431
[ 6842187ms] [LOG] [Fast Refresh] done in 269ms @ http://localhost:3030/_next/static/chunks/04m2_next_dist_01d_w1-._.js:2431
[ 6842476ms] [INFO] %c%s%c [setup-health] background: #e6e6e6;background: light-dark(rgba(0,0,0,0.1), rgba(255,255,255,0.25));color: #000000;color: light-dark(#000000, #ffffff);border-radius: 2px  Server   panel-layout hidden because permission=false {tenantId: cmrvvipw70000oyyo6123270j, userId: cmrvvipyc000aoyyodcu4tftb, roleKeys: Array(1)} @ http://localhost:3030/_next/static/chunks/04m2_next_dist_01d_w1-._.js:2431
[ 6842515ms] [LOG] [Fast Refresh] rebuilding @ http://localhost:3030/_next/static/chunks/04m2_next_dist_01d_w1-._.js:2431
[ 6842651ms] [LOG] [Fast Refresh] done in 237ms @ http://localhost:3030/_next/static/chunks/04m2_next_dist_01d_w1-._.js:2431
[ 6842836ms] [LOG] [Fast Refresh] rebuilding @ http://localhost:3030/_next/static/chunks/04m2_next_dist_01d_w1-._.js:2431
[ 6843025ms] [LOG] [Fast Refresh] done in 299ms @ http://localhost:3030/_next/static/chunks/04m2_next_dist_01d_w1-._.js:2431
[ 6843316ms] [LOG] [Fast Refresh] rebuilding @ http://localhost:3030/_next/static/chunks/04m2_next_dist_01d_w1-._.js:2431
[ 6843399ms] [LOG] [Fast Refresh] done in 193ms @ http://localhost:3030/_next/static/chunks/04m2_next_dist_01d_w1-._.js:2431
[ 6843504ms] [LOG] [Fast Refresh] rebuilding @ http://localhost:3030/_next/static/chunks/04m2_next_dist_01d_w1-._.js:2431
[ 6843573ms] [LOG] [Fast Refresh] done in 173ms @ http://localhost:3030/_next/static/chunks/04m2_next_dist_01d_w1-._.js:2431
[ 6843675ms] [LOG] [Fast Refresh] rebuilding @ http://localhost:3030/_next/static/chunks/04m2_next_dist_01d_w1-._.js:2431
[ 6843794ms] [INFO] %c%s%c [setup-health] background: #e6e6e6;background: light-dark(rgba(0,0,0,0.1), rgba(255,255,255,0.25));color: #000000;color: light-dark(#000000, #ffffff);border-radius: 2px  Server   panel-layout hidden because permission=false {tenantId: cmrvvipw70000oyyo6123270j, userId: cmrvvipyc000aoyyodcu4tftb, roleKeys: Array(1)} @ http://localhost:3030/_next/static/chunks/04m2_next_dist_01d_w1-._.js:2431
[ 6843928ms] [LOG] [Fast Refresh] done in 354ms @ http://localhost:3030/_next/static/chunks/04m2_next_dist_01d_w1-._.js:2431
[ 6844555ms] [LOG] [Fast Refresh] rebuilding @ http://localhost:3030/_next/static/chunks/04m2_next_dist_01d_w1-._.js:2431
[ 6844693ms] [LOG] [Fast Refresh] done in 241ms @ http://localhost:3030/_next/static/chunks/04m2_next_dist_01d_w1-._.js:2431
[ 6844929ms] [LOG] [Fast Refresh] rebuilding @ http://localhost:3030/_next/static/chunks/04m2_next_dist_01d_w1-._.js:2431
[ 6844971ms] [LOG] [Fast Refresh] done in 147ms @ http://localhost:3030/_next/static/chunks/04m2_next_dist_01d_w1-._.js:2431
[ 6845074ms] [LOG] [Fast Refresh] rebuilding @ http://localhost:3030/_next/static/chunks/04m2_next_dist_01d_w1-._.js:2431
[ 6845094ms] [LOG] [Fast Refresh] done in 123ms @ http://localhost:3030/_next/static/chunks/04m2_next_dist_01d_w1-._.js:2431
[ 6845118ms] [INFO] %c%s%c [setup-health] background: #e6e6e6;background: light-dark(rgba(0,0,0,0.1), rgba(255,255,255,0.25));color: #000000;color: light-dark(#000000, #ffffff);border-radius: 2px  Server   panel-layout hidden because permission=false {tenantId: cmrvvipw70000oyyo6123270j, userId: cmrvvipyc000aoyyodcu4tftb, roleKeys: Array(1)} @ http://localhost:3030/_next/static/chunks/04m2_next_dist_01d_w1-._.js:2431
[ 6845554ms] [LOG] [Fast Refresh] rebuilding @ http://localhost:3030/_next/static/chunks/04m2_next_dist_01d_w1-._.js:2431
[ 6845709ms] [LOG] [Fast Refresh] done in 257ms @ http://localhost:3030/_next/static/chunks/04m2_next_dist_01d_w1-._.js:2431
[ 6845823ms] [LOG] [Fast Refresh] rebuilding @ http://localhost:3030/_next/static/chunks/04m2_next_dist_01d_w1-._.js:2431
[ 6846054ms] [LOG] [Fast Refresh] done in 332ms @ http://localhost:3030/_next/static/chunks/04m2_next_dist_01d_w1-._.js:2431
[ 6846162ms] [LOG] [Fast Refresh] rebuilding @ http://localhost:3030/_next/static/chunks/04m2_next_dist_01d_w1-._.js:2431
[ 6846224ms] [LOG] [Fast Refresh] done in 169ms @ http://localhost:3030/_next/static/chunks/04m2_next_dist_01d_w1-._.js:2431
[ 6846342ms] [INFO] %c%s%c [setup-health] background: #e6e6e6;background: light-dark(rgba(0,0,0,0.1), rgba(255,255,255,0.25));color: #000000;color: light-dark(#000000, #ffffff);border-radius: 2px  Server   panel-layout hidden because permission=false {tenantId: cmrvvipw70000oyyo6123270j, userId: cmrvvipyc000aoyyodcu4tftb, roleKeys: Array(1)} @ http://localhost:3030/_next/static/chunks/04m2_next_dist_01d_w1-._.js:2431
[ 6846380ms] [LOG] [Fast Refresh] rebuilding @ http://localhost:3030/_next/static/chunks/04m2_next_dist_01d_w1-._.js:2431
[ 6846494ms] [LOG] [Fast Refresh] done in 215ms @ http://localhost:3030/_next/static/chunks/04m2_next_dist_01d_w1-._.js:2431
[ 6846705ms] [LOG] [Fast Refresh] rebuilding @ http://localhost:3030/_next/static/chunks/04m2_next_dist_01d_w1-._.js:2431
[ 6846922ms] [LOG] [Fast Refresh] done in 325ms @ http://localhost:3030/_next/static/chunks/04m2_next_dist_01d_w1-._.js:2431
[ 6847175ms] [LOG] [Fast Refresh] rebuilding @ http://localhost:3030/_next/static/chunks/04m2_next_dist_01d_w1-._.js:2431
[ 6847293ms] [LOG] [Fast Refresh] done in 220ms @ http://localhost:3030/_next/static/chunks/04m2_next_dist_01d_w1-._.js:2431
[ 6847408ms] [LOG] [Fast Refresh] rebuilding @ http://localhost:3030/_next/static/chunks/04m2_next_dist_01d_w1-._.js:2431
[ 6847413ms] [LOG] [Fast Refresh] done in 119ms @ http://localhost:3030/_next/static/chunks/04m2_next_dist_01d_w1-._.js:2431
[ 6847514ms] [LOG] [Fast Refresh] rebuilding @ http://localhost:3030/_next/static/chunks/04m2_next_dist_01d_w1-._.js:2431
[ 6847570ms] [LOG] [Fast Refresh] done in 158ms @ http://localhost:3030/_next/static/chunks/04m2_next_dist_01d_w1-._.js:2431
[ 6847674ms] [LOG] [Fast Refresh] rebuilding @ http://localhost:3030/_next/static/chunks/04m2_next_dist_01d_w1-._.js:2431
[ 6847701ms] [LOG] [Fast Refresh] done in 131ms @ http://localhost:3030/_next/static/chunks/04m2_next_dist_01d_w1-._.js:2431
[ 6847704ms] [INFO] %c%s%c [setup-health] background: #e6e6e6;background: light-dark(rgba(0,0,0,0.1), rgba(255,255,255,0.25));color: #000000;color: light-dark(#000000, #ffffff);border-radius: 2px  Server   panel-layout hidden because permission=false {tenantId: cmrvvipw70000oyyo6123270j, userId: cmrvvipyc000aoyyodcu4tftb, roleKeys: Array(1)} @ http://localhost:3030/_next/static/chunks/04m2_next_dist_01d_w1-._.js:2431
[ 6847806ms] [LOG] [Fast Refresh] rebuilding @ http://localhost:3030/_next/static/chunks/04m2_next_dist_01d_w1-._.js:2431
[ 6847880ms] [LOG] [Fast Refresh] done in 178ms @ http://localhost:3030/_next/static/chunks/04m2_next_dist_01d_w1-._.js:2431
[ 6848436ms] [LOG] [Fast Refresh] rebuilding @ http://localhost:3030/_next/static/chunks/04m2_next_dist_01d_w1-._.js:2431
[ 6848628ms] [LOG] [Fast Refresh] done in 294ms @ http://localhost:3030/_next/static/chunks/04m2_next_dist_01d_w1-._.js:2431
[ 6848877ms] [LOG] [Fast Refresh] rebuilding @ http://localhost:3030/_next/static/chunks/04m2_next_dist_01d_w1-._.js:2431
[ 6848931ms] [LOG] [Fast Refresh] done in 155ms @ http://localhost:3030/_next/static/chunks/04m2_next_dist_01d_w1-._.js:2431
[ 6849012ms] [INFO] %c%s%c [setup-health] background: #e6e6e6;background: light-dark(rgba(0,0,0,0.1), rgba(255,255,255,0.25));color: #000000;color: light-dark(#000000, #ffffff);border-radius: 2px  Server   panel-layout hidden because permission=false {tenantId: cmrvvipw70000oyyo6123270j, userId: cmrvvipyc000aoyyodcu4tftb, roleKeys: Array(1)} @ http://localhost:3030/_next/static/chunks/04m2_next_dist_01d_w1-._.js:2431
[ 6849237ms] [LOG] [Fast Refresh] rebuilding @ http://localhost:3030/_next/static/chunks/04m2_next_dist_01d_w1-._.js:2431
[ 6849334ms] [LOG] [Fast Refresh] done in 201ms @ http://localhost:3030/_next/static/chunks/04m2_next_dist_01d_w1-._.js:2431
[ 6849440ms] [LOG] [Fast Refresh] rebuilding @ http://localhost:3030/_next/static/chunks/04m2_next_dist_01d_w1-._.js:2431
[ 6849494ms] [LOG] [Fast Refresh] done in 160ms @ http://localhost:3030/_next/static/chunks/04m2_next_dist_01d_w1-._.js:2431
[ 6849598ms] [LOG] [Fast Refresh] rebuilding @ http://localhost:3030/_next/static/chunks/04m2_next_dist_01d_w1-._.js:2431
[ 6849682ms] [LOG] [Fast Refresh] done in 187ms @ http://localhost:3030/_next/static/chunks/04m2_next_dist_01d_w1-._.js:2431
[ 6849784ms] [LOG] [Fast Refresh] rebuilding @ http://localhost:3030/_next/static/chunks/04m2_next_dist_01d_w1-._.js:2431
[ 6849816ms] [LOG] [Fast Refresh] done in 133ms @ http://localhost:3030/_next/static/chunks/04m2_next_dist_01d_w1-._.js:2431
[ 6850039ms] [LOG] [Fast Refresh] rebuilding @ http://localhost:3030/_next/static/chunks/04m2_next_dist_01d_w1-._.js:2431
[ 6850041ms] [LOG] [Fast Refresh] done in 110ms @ http://localhost:3030/_next/static/chunks/04m2_next_dist_01d_w1-._.js:2431
[ 6850137ms] [INFO] %c%s%c [setup-health] background: #e6e6e6;background: light-dark(rgba(0,0,0,0.1), rgba(255,255,255,0.25));color: #000000;color: light-dark(#000000, #ffffff);border-radius: 2px  Server   panel-layout hidden because permission=false {tenantId: cmrvvipw70000oyyo6123270j, userId: cmrvvipyc000aoyyodcu4tftb, roleKeys: Array(1)} @ http://localhost:3030/_next/static/chunks/04m2_next_dist_01d_w1-._.js:2431
[ 6850212ms] [LOG] [Fast Refresh] rebuilding @ http://localhost:3030/_next/static/chunks/04m2_next_dist_01d_w1-._.js:2431
[ 6850284ms] [LOG] [Fast Refresh] done in 176ms @ http://localhost:3030/_next/static/chunks/04m2_next_dist_01d_w1-._.js:2431
[ 6850519ms] [LOG] [Fast Refresh] rebuilding @ http://localhost:3030/_next/static/chunks/04m2_next_dist_01d_w1-._.js:2431
[ 6850789ms] [LOG] [Fast Refresh] done in 373ms @ http://localhost:3030/_next/static/chunks/04m2_next_dist_01d_w1-._.js:2431
[ 6851029ms] [LOG] [Fast Refresh] rebuilding @ http://localhost:3030/_next/static/chunks/04m2_next_dist_01d_w1-._.js:2431
[ 6851175ms] [LOG] [Fast Refresh] done in 255ms @ http://localhost:3030/_next/static/chunks/04m2_next_dist_01d_w1-._.js:2431
[ 6851278ms] [LOG] [Fast Refresh] rebuilding @ http://localhost:3030/_next/static/chunks/04m2_next_dist_01d_w1-._.js:2431
[ 6851336ms] [LOG] [Fast Refresh] done in 160ms @ http://localhost:3030/_next/static/chunks/04m2_next_dist_01d_w1-._.js:2431
[ 6851535ms] [INFO] %c%s%c [setup-health] background: #e6e6e6;background: light-dark(rgba(0,0,0,0.1), rgba(255,255,255,0.25));color: #000000;color: light-dark(#000000, #ffffff);border-radius: 2px  Server   panel-layout hidden because permission=false {tenantId: cmrvvipw70000oyyo6123270j, userId: cmrvvipyc000aoyyodcu4tftb, roleKeys: Array(1)} @ http://localhost:3030/_next/static/chunks/04m2_next_dist_01d_w1-._.js:2431
[ 6851665ms] [LOG] [Fast Refresh] rebuilding @ http://localhost:3030/_next/static/chunks/04m2_next_dist_01d_w1-._.js:2431
[ 6851749ms] [LOG] [Fast Refresh] done in 187ms @ http://localhost:3030/_next/static/chunks/04m2_next_dist_01d_w1-._.js:2431
[ 6851850ms] [LOG] [Fast Refresh] rebuilding @ http://localhost:3030/_next/static/chunks/04m2_next_dist_01d_w1-._.js:2431
[ 6851946ms] [LOG] [Fast Refresh] done in 196ms @ http://localhost:3030/_next/static/chunks/04m2_next_dist_01d_w1-._.js:2431
[ 6852049ms] [LOG] [Fast Refresh] rebuilding @ http://localhost:3030/_next/static/chunks/04m2_next_dist_01d_w1-._.js:2431
[ 6852137ms] [LOG] [Fast Refresh] done in 190ms @ http://localhost:3030/_next/static/chunks/04m2_next_dist_01d_w1-._.js:2431
[ 6852400ms] [LOG] [Fast Refresh] rebuilding @ http://localhost:3030/_next/static/chunks/04m2_next_dist_01d_w1-._.js:2431
[ 6852549ms] [LOG] [Fast Refresh] done in 252ms @ http://localhost:3030/_next/static/chunks/04m2_next_dist_01d_w1-._.js:2431
[ 6852662ms] [LOG] [Fast Refresh] rebuilding @ http://localhost:3030/_next/static/chunks/04m2_next_dist_01d_w1-._.js:2431
[ 6852669ms] [LOG] [Fast Refresh] done in 119ms @ http://localhost:3030/_next/static/chunks/04m2_next_dist_01d_w1-._.js:2431
[ 6852781ms] [LOG] [Fast Refresh] rebuilding @ http://localhost:3030/_next/static/chunks/04m2_next_dist_01d_w1-._.js:2431
[ 6852827ms] [LOG] [Fast Refresh] done in 156ms @ http://localhost:3030/_next/static/chunks/04m2_next_dist_01d_w1-._.js:2431
[ 6852864ms] [INFO] %c%s%c [setup-health] background: #e6e6e6;background: light-dark(rgba(0,0,0,0.1), rgba(255,255,255,0.25));color: #000000;color: light-dark(#000000, #ffffff);border-radius: 2px  Server   panel-layout hidden because permission=false {tenantId: cmrvvipw70000oyyo6123270j, userId: cmrvvipyc000aoyyodcu4tftb, roleKeys: Array(1)} @ http://localhost:3030/_next/static/chunks/04m2_next_dist_01d_w1-._.js:2431
[ 6852928ms] [LOG] [Fast Refresh] rebuilding @ http://localhost:3030/_next/static/chunks/04m2_next_dist_01d_w1-._.js:2431
[ 6853002ms] [LOG] [Fast Refresh] done in 175ms @ http://localhost:3030/_next/static/chunks/04m2_next_dist_01d_w1-._.js:2431
[ 6853108ms] [LOG] [Fast Refresh] rebuilding @ http://localhost:3030/_next/static/chunks/04m2_next_dist_01d_w1-._.js:2431
[ 6853148ms] [LOG] [Fast Refresh] done in 145ms @ http://localhost:3030/_next/static/chunks/04m2_next_dist_01d_w1-._.js:2431
[ 6853264ms] [LOG] [Fast Refresh] rebuilding @ http://localhost:3030/_next/static/chunks/04m2_next_dist_01d_w1-._.js:2431
[ 6853376ms] [LOG] [Fast Refresh] done in 224ms @ http://localhost:3030/_next/static/chunks/04m2_next_dist_01d_w1-._.js:2431
[ 6853818ms] [LOG] [Fast Refresh] rebuilding @ http://localhost:3030/_next/static/chunks/04m2_next_dist_01d_w1-._.js:2431
[ 6853857ms] [LOG] [Fast Refresh] done in 141ms @ http://localhost:3030/_next/static/chunks/04m2_next_dist_01d_w1-._.js:2431
[ 6853975ms] [INFO] %c%s%c [setup-health] background: #e6e6e6;background: light-dark(rgba(0,0,0,0.1), rgba(255,255,255,0.25));color: #000000;color: light-dark(#000000, #ffffff);border-radius: 2px  Server   panel-layout hidden because permission=false {tenantId: cmrvvipw70000oyyo6123270j, userId: cmrvvipyc000aoyyodcu4tftb, roleKeys: Array(1)} @ http://localhost:3030/_next/static/chunks/04m2_next_dist_01d_w1-._.js:2431
[ 6854037ms] [LOG] [Fast Refresh] rebuilding @ http://localhost:3030/_next/static/chunks/04m2_next_dist_01d_w1-._.js:2431
[ 6854122ms] [LOG] [Fast Refresh] done in 186ms @ http://localhost:3030/_next/static/chunks/04m2_next_dist_01d_w1-._.js:2431
[ 6854401ms] [LOG] [Fast Refresh] rebuilding @ http://localhost:3030/_next/static/chunks/04m2_next_dist_01d_w1-._.js:2431
[ 6854640ms] [LOG] [Fast Refresh] done in 342ms @ http://localhost:3030/_next/static/chunks/04m2_next_dist_01d_w1-._.js:2431
[ 6854897ms] [LOG] [Fast Refresh] rebuilding @ http://localhost:3030/_next/static/chunks/04m2_next_dist_01d_w1-._.js:2431
[ 6854992ms] [LOG] [Fast Refresh] done in 200ms @ http://localhost:3030/_next/static/chunks/04m2_next_dist_01d_w1-._.js:2431
[ 6855103ms] [LOG] [Fast Refresh] rebuilding @ http://localhost:3030/_next/static/chunks/04m2_next_dist_01d_w1-._.js:2431
[ 6855257ms] [LOG] [Fast Refresh] done in 256ms @ http://localhost:3030/_next/static/chunks/04m2_next_dist_01d_w1-._.js:2431
[ 6855458ms] [INFO] %c%s%c [setup-health] background: #e6e6e6;background: light-dark(rgba(0,0,0,0.1), rgba(255,255,255,0.25));color: #000000;color: light-dark(#000000, #ffffff);border-radius: 2px  Server   panel-layout hidden because permission=false {tenantId: cmrvvipw70000oyyo6123270j, userId: cmrvvipyc000aoyyodcu4tftb, roleKeys: Array(1)} @ http://localhost:3030/_next/static/chunks/04m2_next_dist_01d_w1-._.js:2431
[ 6855466ms] [LOG] [Fast Refresh] rebuilding @ http://localhost:3030/_next/static/chunks/04m2_next_dist_01d_w1-._.js:2431
[ 6855536ms] [LOG] [Fast Refresh] done in 171ms @ http://localhost:3030/_next/static/chunks/04m2_next_dist_01d_w1-._.js:2431
[ 6855949ms] [LOG] [Fast Refresh] rebuilding @ http://localhost:3030/_next/static/chunks/04m2_next_dist_01d_w1-._.js:2431
[ 6856056ms] [LOG] [Fast Refresh] done in 207ms @ http://localhost:3030/_next/static/chunks/04m2_next_dist_01d_w1-._.js:2431
[ 6856706ms] [INFO] %c%s%c [setup-health] background: #e6e6e6;background: light-dark(rgba(0,0,0,0.1), rgba(255,255,255,0.25));color: #000000;color: light-dark(#000000, #ffffff);border-radius: 2px  Server   panel-layout hidden because permission=false {tenantId: cmrvvipw70000oyyo6123270j, userId: cmrvvipyc000aoyyodcu4tftb, roleKeys: Array(1)} @ http://localhost:3030/_next/static/chunks/04m2_next_dist_01d_w1-._.js:2431
[ 6856852ms] [LOG] [Fast Refresh] rebuilding @ http://localhost:3030/_next/static/chunks/04m2_next_dist_01d_w1-._.js:2431
[ 6856963ms] [LOG] [Fast Refresh] done in 218ms @ http://localhost:3030/_next/static/chunks/04m2_next_dist_01d_w1-._.js:2431
[ 6857068ms] [LOG] [Fast Refresh] rebuilding @ http://localhost:3030/_next/static/chunks/04m2_next_dist_01d_w1-._.js:2431
[ 6857111ms] [LOG] [Fast Refresh] done in 146ms @ http://localhost:3030/_next/static/chunks/04m2_next_dist_01d_w1-._.js:2431
[ 6857214ms] [LOG] [Fast Refresh] rebuilding @ http://localhost:3030/_next/static/chunks/04m2_next_dist_01d_w1-._.js:2431
[ 6857359ms] [LOG] [Fast Refresh] done in 248ms @ http://localhost:3030/_next/static/chunks/04m2_next_dist_01d_w1-._.js:2431
[ 6857465ms] [LOG] [Fast Refresh] rebuilding @ http://localhost:3030/_next/static/chunks/04m2_next_dist_01d_w1-._.js:2431
[ 6857564ms] [LOG] [Fast Refresh] done in 202ms @ http://localhost:3030/_next/static/chunks/04m2_next_dist_01d_w1-._.js:2431
[ 6857996ms] [INFO] %c%s%c [setup-health] background: #e6e6e6;background: light-dark(rgba(0,0,0,0.1), rgba(255,255,255,0.25));color: #000000;color: light-dark(#000000, #ffffff);border-radius: 2px  Server   panel-layout hidden because permission=false {tenantId: cmrvvipw70000oyyo6123270j, userId: cmrvvipyc000aoyyodcu4tftb, roleKeys: Array(1)} @ http://localhost:3030/_next/static/chunks/04m2_next_dist_01d_w1-._.js:2431
[ 6858374ms] [LOG] [Fast Refresh] rebuilding @ http://localhost:3030/_next/static/chunks/04m2_next_dist_01d_w1-._.js:2431
[ 6858416ms] [LOG] [Fast Refresh] done in 149ms @ http://localhost:3030/_next/static/chunks/04m2_next_dist_01d_w1-._.js:2431
[ 6858518ms] [LOG] [Fast Refresh] rebuilding @ http://localhost:3030/_next/static/chunks/04m2_next_dist_01d_w1-._.js:2431
[ 6858653ms] [LOG] [Fast Refresh] done in 235ms @ http://localhost:3030/_next/static/chunks/04m2_next_dist_01d_w1-._.js:2431
[ 6858950ms] [LOG] [Fast Refresh] rebuilding @ http://localhost:3030/_next/static/chunks/04m2_next_dist_01d_w1-._.js:2431
[ 6859125ms] [LOG] [Fast Refresh] done in 282ms @ http://localhost:3030/_next/static/chunks/04m2_next_dist_01d_w1-._.js:2431
[ 6859550ms] [INFO] %c%s%c [setup-health] background: #e6e6e6;background: light-dark(rgba(0,0,0,0.1), rgba(255,255,255,0.25));color: #000000;color: light-dark(#000000, #ffffff);border-radius: 2px  Server   panel-layout hidden because permission=false {tenantId: cmrvvipw70000oyyo6123270j, userId: cmrvvipyc000aoyyodcu4tftb, roleKeys: Array(1)} @ http://localhost:3030/_next/static/chunks/04m2_next_dist_01d_w1-._.js:2431
[ 6859561ms] [LOG] [Fast Refresh] rebuilding @ http://localhost:3030/_next/static/chunks/04m2_next_dist_01d_w1-._.js:2431
[ 6859737ms] [LOG] [Fast Refresh] done in 282ms @ http://localhost:3030/_next/static/chunks/04m2_next_dist_01d_w1-._.js:2431
[ 6860258ms] [LOG] [Fast Refresh] rebuilding @ http://localhost:3030/_next/static/chunks/04m2_next_dist_01d_w1-._.js:2431
[ 6860497ms] [LOG] [Fast Refresh] done in 349ms @ http://localhost:3030/_next/static/chunks/04m2_next_dist_01d_w1-._.js:2431
[ 6860602ms] [LOG] [Fast Refresh] rebuilding @ http://localhost:3030/_next/static/chunks/04m2_next_dist_01d_w1-._.js:2431
[ 6860811ms] [LOG] [Fast Refresh] done in 312ms @ http://localhost:3030/_next/static/chunks/04m2_next_dist_01d_w1-._.js:2431
[ 6861027ms] [LOG] [Fast Refresh] rebuilding @ http://localhost:3030/_next/static/chunks/04m2_next_dist_01d_w1-._.js:2431
[ 6861070ms] [LOG] [Fast Refresh] done in 144ms @ http://localhost:3030/_next/static/chunks/04m2_next_dist_01d_w1-._.js:2431
[ 6861138ms] [INFO] %c%s%c [setup-health] background: #e6e6e6;background: light-dark(rgba(0,0,0,0.1), rgba(255,255,255,0.25));color: #000000;color: light-dark(#000000, #ffffff);border-radius: 2px  Server   panel-layout hidden because permission=false {tenantId: cmrvvipw70000oyyo6123270j, userId: cmrvvipyc000aoyyodcu4tftb, roleKeys: Array(1)} @ http://localhost:3030/_next/static/chunks/04m2_next_dist_01d_w1-._.js:2431
[ 6861546ms] [LOG] [Fast Refresh] rebuilding @ http://localhost:3030/_next/static/chunks/04m2_next_dist_01d_w1-._.js:2431
[ 6861686ms] [LOG] [Fast Refresh] done in 240ms @ http://localhost:3030/_next/static/chunks/04m2_next_dist_01d_w1-._.js:2431
[ 6862087ms] [LOG] [Fast Refresh] rebuilding @ http://localhost:3030/_next/static/chunks/04m2_next_dist_01d_w1-._.js:2431
[ 6862106ms] [LOG] [Fast Refresh] done in 142ms @ http://localhost:3030/_next/static/chunks/04m2_next_dist_01d_w1-._.js:2431
[ 6862414ms] [LOG] [Fast Refresh] rebuilding @ http://localhost:3030/_next/static/chunks/04m2_next_dist_01d_w1-._.js:2431
[ 6862427ms] [INFO] %c%s%c [setup-health] background: #e6e6e6;background: light-dark(rgba(0,0,0,0.1), rgba(255,255,255,0.25));color: #000000;color: light-dark(#000000, #ffffff);border-radius: 2px  Server   panel-layout hidden because permission=false {tenantId: cmrvvipw70000oyyo6123270j, userId: cmrvvipyc000aoyyodcu4tftb, roleKeys: Array(1)} @ http://localhost:3030/_next/static/chunks/04m2_next_dist_01d_w1-._.js:2431
[ 6862566ms] [LOG] [Fast Refresh] done in 259ms @ http://localhost:3030/_next/static/chunks/04m2_next_dist_01d_w1-._.js:2431
[ 6862964ms] [LOG] [Fast Refresh] rebuilding @ http://localhost:3030/_next/static/chunks/04m2_next_dist_01d_w1-._.js:2431
[ 6863277ms] [LOG] [Fast Refresh] done in 417ms @ http://localhost:3030/_next/static/chunks/04m2_next_dist_01d_w1-._.js:2431
[ 6863835ms] [INFO] %c%s%c [setup-health] background: #e6e6e6;background: light-dark(rgba(0,0,0,0.1), rgba(255,255,255,0.25));color: #000000;color: light-dark(#000000, #ffffff);border-radius: 2px  Server   panel-layout hidden because permission=false {tenantId: cmrvvipw70000oyyo6123270j, userId: cmrvvipyc000aoyyodcu4tftb, roleKeys: Array(1)} @ http://localhost:3030/_next/static/chunks/04m2_next_dist_01d_w1-._.js:2431
[ 6863855ms] [LOG] [Fast Refresh] rebuilding @ http://localhost:3030/_next/static/chunks/04m2_next_dist_01d_w1-._.js:2431
[ 6863950ms] [LOG] [Fast Refresh] done in 197ms @ http://localhost:3030/_next/static/chunks/04m2_next_dist_01d_w1-._.js:2431
[ 6864229ms] [LOG] [Fast Refresh] rebuilding @ http://localhost:3030/_next/static/chunks/04m2_next_dist_01d_w1-._.js:2431
[ 6864443ms] [LOG] [Fast Refresh] done in 323ms @ http://localhost:3030/_next/static/chunks/04m2_next_dist_01d_w1-._.js:2431
[ 6864778ms] [LOG] [Fast Refresh] rebuilding @ http://localhost:3030/_next/static/chunks/04m2_next_dist_01d_w1-._.js:2431
[ 6864939ms] [LOG] [Fast Refresh] done in 267ms @ http://localhost:3030/_next/static/chunks/04m2_next_dist_01d_w1-._.js:2431
[ 6865148ms] [LOG] [Fast Refresh] rebuilding @ http://localhost:3030/_next/static/chunks/04m2_next_dist_01d_w1-._.js:2431
[ 6865205ms] [LOG] [Fast Refresh] done in 156ms @ http://localhost:3030/_next/static/chunks/04m2_next_dist_01d_w1-._.js:2431
[ 6865319ms] [LOG] [Fast Refresh] rebuilding @ http://localhost:3030/_next/static/chunks/04m2_next_dist_01d_w1-._.js:2431
[ 6865338ms] [LOG] [Fast Refresh] done in 131ms @ http://localhost:3030/_next/static/chunks/04m2_next_dist_01d_w1-._.js:2431
[ 6865340ms] [INFO] %c%s%c [setup-health] background: #e6e6e6;background: light-dark(rgba(0,0,0,0.1), rgba(255,255,255,0.25));color: #000000;color: light-dark(#000000, #ffffff);border-radius: 2px  Server   panel-layout hidden because permission=false {tenantId: cmrvvipw70000oyyo6123270j, userId: cmrvvipyc000aoyyodcu4tftb, roleKeys: Array(1)} @ http://localhost:3030/_next/static/chunks/04m2_next_dist_01d_w1-._.js:2431
[ 6865604ms] [LOG] [Fast Refresh] rebuilding @ http://localhost:3030/_next/static/chunks/04m2_next_dist_01d_w1-._.js:2431
[ 6865686ms] [LOG] [Fast Refresh] done in 196ms @ http://localhost:3030/_next/static/chunks/04m2_next_dist_01d_w1-._.js:2431
[ 6865787ms] [LOG] [Fast Refresh] rebuilding @ http://localhost:3030/_next/static/chunks/04m2_next_dist_01d_w1-._.js:2431
[ 6865825ms] [LOG] [Fast Refresh] done in 138ms @ http://localhost:3030/_next/static/chunks/04m2_next_dist_01d_w1-._.js:2431
[ 6865934ms] [LOG] [Fast Refresh] rebuilding @ http://localhost:3030/_next/static/chunks/04m2_next_dist_01d_w1-._.js:2431
[ 6866099ms] [LOG] [Fast Refresh] done in 272ms @ http://localhost:3030/_next/static/chunks/04m2_next_dist_01d_w1-._.js:2431
[ 6866496ms] [LOG] [Fast Refresh] rebuilding @ http://localhost:3030/_next/static/chunks/04m2_next_dist_01d_w1-._.js:2431
[ 6866553ms] [LOG] [Fast Refresh] done in 164ms @ http://localhost:3030/_next/static/chunks/04m2_next_dist_01d_w1-._.js:2431
[ 6866643ms] [INFO] %c%s%c [setup-health] background: #e6e6e6;background: light-dark(rgba(0,0,0,0.1), rgba(255,255,255,0.25));color: #000000;color: light-dark(#000000, #ffffff);border-radius: 2px  Server   panel-layout hidden because permission=false {tenantId: cmrvvipw70000oyyo6123270j, userId: cmrvvipyc000aoyyodcu4tftb, roleKeys: Array(1)} @ http://localhost:3030/_next/static/chunks/04m2_next_dist_01d_w1-._.js:2431
[ 6866924ms] [LOG] [Fast Refresh] rebuilding @ http://localhost:3030/_next/static/chunks/04m2_next_dist_01d_w1-._.js:2431
[ 6867022ms] [LOG] [Fast Refresh] done in 199ms @ http://localhost:3030/_next/static/chunks/04m2_next_dist_01d_w1-._.js:2431
[ 6867551ms] [LOG] [Fast Refresh] rebuilding @ http://localhost:3030/_next/static/chunks/04m2_next_dist_01d_w1-._.js:2431
[ 6867608ms] [LOG] [Fast Refresh] done in 169ms @ http://localhost:3030/_next/static/chunks/04m2_next_dist_01d_w1-._.js:2431
[ 6867721ms] [LOG] [Fast Refresh] rebuilding @ http://localhost:3030/_next/static/chunks/04m2_next_dist_01d_w1-._.js:2431
[ 6867803ms] [LOG] [Fast Refresh] done in 194ms @ http://localhost:3030/_next/static/chunks/04m2_next_dist_01d_w1-._.js:2431
[ 6868109ms] [INFO] %c%s%c [setup-health] background: #e6e6e6;background: light-dark(rgba(0,0,0,0.1), rgba(255,255,255,0.25));color: #000000;color: light-dark(#000000, #ffffff);border-radius: 2px  Server   panel-layout hidden because permission=false {tenantId: cmrvvipw70000oyyo6123270j, userId: cmrvvipyc000aoyyodcu4tftb, roleKeys: Array(1)} @ http://localhost:3030/_next/static/chunks/04m2_next_dist_01d_w1-._.js:2431
[ 6868242ms] [LOG] [Fast Refresh] rebuilding @ http://localhost:3030/_next/static/chunks/04m2_next_dist_01d_w1-._.js:2431
[ 6868316ms] [LOG] [Fast Refresh] done in 185ms @ http://localhost:3030/_next/static/chunks/04m2_next_dist_01d_w1-._.js:2431
[ 6868420ms] [LOG] [Fast Refresh] rebuilding @ http://localhost:3030/_next/static/chunks/04m2_next_dist_01d_w1-._.js:2431
[ 6868514ms] [LOG] [Fast Refresh] done in 198ms @ http://localhost:3030/_next/static/chunks/04m2_next_dist_01d_w1-._.js:2431
[ 6868617ms] [LOG] [Fast Refresh] rebuilding @ http://localhost:3030/_next/static/chunks/04m2_next_dist_01d_w1-._.js:2431
[ 6868770ms] [LOG] [Fast Refresh] done in 255ms @ http://localhost:3030/_next/static/chunks/04m2_next_dist_01d_w1-._.js:2431
[ 6869020ms] [LOG] [Fast Refresh] rebuilding @ http://localhost:3030/_next/static/chunks/04m2_next_dist_01d_w1-._.js:2431
[ 6869126ms] [LOG] [Fast Refresh] done in 213ms @ http://localhost:3030/_next/static/chunks/04m2_next_dist_01d_w1-._.js:2431
[ 6869327ms] [LOG] [Fast Refresh] rebuilding @ http://localhost:3030/_next/static/chunks/04m2_next_dist_01d_w1-._.js:2431
[ 6869364ms] [LOG] [Fast Refresh] done in 142ms @ http://localhost:3030/_next/static/chunks/04m2_next_dist_01d_w1-._.js:2431
[ 6869421ms] [INFO] %c%s%c [setup-health] background: #e6e6e6;background: light-dark(rgba(0,0,0,0.1), rgba(255,255,255,0.25));color: #000000;color: light-dark(#000000, #ffffff);border-radius: 2px  Server   panel-layout hidden because permission=false {tenantId: cmrvvipw70000oyyo6123270j, userId: cmrvvipyc000aoyyodcu4tftb, roleKeys: Array(1)} @ http://localhost:3030/_next/static/chunks/04m2_next_dist_01d_w1-._.js:2431
[ 6869468ms] [LOG] [Fast Refresh] rebuilding @ http://localhost:3030/_next/static/chunks/04m2_next_dist_01d_w1-._.js:2431
[ 6869574ms] [LOG] [Fast Refresh] done in 210ms @ http://localhost:3030/_next/static/chunks/04m2_next_dist_01d_w1-._.js:2431
[ 6869681ms] [LOG] [Fast Refresh] rebuilding @ http://localhost:3030/_next/static/chunks/04m2_next_dist_01d_w1-._.js:2431
[ 6869769ms] [LOG] [Fast Refresh] done in 192ms @ http://localhost:3030/_next/static/chunks/04m2_next_dist_01d_w1-._.js:2431
[ 6870273ms] [LOG] [Fast Refresh] rebuilding @ http://localhost:3030/_next/static/chunks/04m2_next_dist_01d_w1-._.js:2431
[ 6870325ms] [LOG] [Fast Refresh] done in 156ms @ http://localhost:3030/_next/static/chunks/04m2_next_dist_01d_w1-._.js:2431
[ 6870673ms] [INFO] %c%s%c [setup-health] background: #e6e6e6;background: light-dark(rgba(0,0,0,0.1), rgba(255,255,255,0.25));color: #000000;color: light-dark(#000000, #ffffff);border-radius: 2px  Server   panel-layout hidden because permission=false {tenantId: cmrvvipw70000oyyo6123270j, userId: cmrvvipyc000aoyyodcu4tftb, roleKeys: Array(1)} @ http://localhost:3030/_next/static/chunks/04m2_next_dist_01d_w1-._.js:2431
[ 6870737ms] [LOG] [Fast Refresh] rebuilding @ http://localhost:3030/_next/static/chunks/04m2_next_dist_01d_w1-._.js:2431
[ 6870876ms] [LOG] [Fast Refresh] done in 247ms @ http://localhost:3030/_next/static/chunks/04m2_next_dist_01d_w1-._.js:2431
[ 6871056ms] [LOG] [Fast Refresh] rebuilding @ http://localhost:3030/_next/static/chunks/04m2_next_dist_01d_w1-._.js:2431
[ 6871141ms] [LOG] [Fast Refresh] done in 189ms @ http://localhost:3030/_next/static/chunks/04m2_next_dist_01d_w1-._.js:2431
[ 6871246ms] [LOG] [Fast Refresh] rebuilding @ http://localhost:3030/_next/static/chunks/04m2_next_dist_01d_w1-._.js:2431
[ 6871424ms] [LOG] [Fast Refresh] done in 281ms @ http://localhost:3030/_next/static/chunks/04m2_next_dist_01d_w1-._.js:2431
[ 6871712ms] [LOG] [Fast Refresh] rebuilding @ http://localhost:3030/_next/static/chunks/04m2_next_dist_01d_w1-._.js:2431
[ 6871811ms] [LOG] [Fast Refresh] done in 202ms @ http://localhost:3030/_next/static/chunks/04m2_next_dist_01d_w1-._.js:2431
[ 6872231ms] [LOG] [Fast Refresh] rebuilding @ http://localhost:3030/_next/static/chunks/04m2_next_dist_01d_w1-._.js:2431
[ 6872261ms] [INFO] %c%s%c [setup-health] background: #e6e6e6;background: light-dark(rgba(0,0,0,0.1), rgba(255,255,255,0.25));color: #000000;color: light-dark(#000000, #ffffff);border-radius: 2px  Server   panel-layout hidden because permission=false {tenantId: cmrvvipw70000oyyo6123270j, userId: cmrvvipyc000aoyyodcu4tftb, roleKeys: Array(1)} @ http://localhost:3030/_next/static/chunks/04m2_next_dist_01d_w1-._.js:2431
[ 6872397ms] [LOG] [Fast Refresh] done in 271ms @ http://localhost:3030/_next/static/chunks/04m2_next_dist_01d_w1-._.js:2431
[ 6872900ms] [LOG] [Fast Refresh] rebuilding @ http://localhost:3030/_next/static/chunks/04m2_next_dist_01d_w1-._.js:2431
[ 6873037ms] [LOG] [Fast Refresh] done in 245ms @ http://localhost:3030/_next/static/chunks/04m2_next_dist_01d_w1-._.js:2431
[ 6873150ms] [LOG] [Fast Refresh] rebuilding @ http://localhost:3030/_next/static/chunks/04m2_next_dist_01d_w1-._.js:2431
[ 6873271ms] [LOG] [Fast Refresh] done in 232ms @ http://localhost:3030/_next/static/chunks/04m2_next_dist_01d_w1-._.js:2431
[ 6873541ms] [INFO] %c%s%c [setup-health] background: #e6e6e6;background: light-dark(rgba(0,0,0,0.1), rgba(255,255,255,0.25));color: #000000;color: light-dark(#000000, #ffffff);border-radius: 2px  Server   panel-layout hidden because permission=false {tenantId: cmrvvipw70000oyyo6123270j, userId: cmrvvipyc000aoyyodcu4tftb, roleKeys: Array(1)} @ http://localhost:3030/_next/static/chunks/04m2_next_dist_01d_w1-._.js:2431
[ 6873659ms] [LOG] [Fast Refresh] rebuilding @ http://localhost:3030/_next/static/chunks/04m2_next_dist_01d_w1-._.js:2431
[ 6873781ms] [LOG] [Fast Refresh] done in 225ms @ http://localhost:3030/_next/static/chunks/04m2_next_dist_01d_w1-._.js:2431
[ 6874047ms] [LOG] [Fast Refresh] rebuilding @ http://localhost:3030/_next/static/chunks/04m2_next_dist_01d_w1-._.js:2431
[ 6874198ms] [LOG] [Fast Refresh] done in 253ms @ http://localhost:3030/_next/static/chunks/04m2_next_dist_01d_w1-._.js:2431
[ 6874305ms] [LOG] [Fast Refresh] rebuilding @ http://localhost:3030/_next/static/chunks/04m2_next_dist_01d_w1-._.js:2431
[ 6874386ms] [LOG] [Fast Refresh] done in 182ms @ http://localhost:3030/_next/static/chunks/04m2_next_dist_01d_w1-._.js:2431
[ 6874518ms] [LOG] [Fast Refresh] rebuilding @ http://localhost:3030/_next/static/chunks/04m2_next_dist_01d_w1-._.js:2431
[ 6874594ms] [LOG] [Fast Refresh] done in 175ms @ http://localhost:3030/_next/static/chunks/04m2_next_dist_01d_w1-._.js:2431
[ 6874727ms] [INFO] %c%s%c [setup-health] background: #e6e6e6;background: light-dark(rgba(0,0,0,0.1), rgba(255,255,255,0.25));color: #000000;color: light-dark(#000000, #ffffff);border-radius: 2px  Server   panel-layout hidden because permission=false {tenantId: cmrvvipw70000oyyo6123270j, userId: cmrvvipyc000aoyyodcu4tftb, roleKeys: Array(1)} @ http://localhost:3030/_next/static/chunks/04m2_next_dist_01d_w1-._.js:2431
[ 6874778ms] [LOG] [Fast Refresh] rebuilding @ http://localhost:3030/_next/static/chunks/04m2_next_dist_01d_w1-._.js:2431
[ 6874845ms] [LOG] [Fast Refresh] done in 166ms @ http://localhost:3030/_next/static/chunks/04m2_next_dist_01d_w1-._.js:2431
[ 6874950ms] [LOG] [Fast Refresh] rebuilding @ http://localhost:3030/_next/static/chunks/04m2_next_dist_01d_w1-._.js:2431
[ 6874968ms] [LOG] [Fast Refresh] done in 123ms @ http://localhost:3030/_next/static/chunks/04m2_next_dist_01d_w1-._.js:2431
[ 6875219ms] [LOG] [Fast Refresh] rebuilding @ http://localhost:3030/_next/static/chunks/04m2_next_dist_01d_w1-._.js:2431
[ 6875398ms] [LOG] [Fast Refresh] done in 281ms @ http://localhost:3030/_next/static/chunks/04m2_next_dist_01d_w1-._.js:2431
[ 6875500ms] [LOG] [Fast Refresh] rebuilding @ http://localhost:3030/_next/static/chunks/04m2_next_dist_01d_w1-._.js:2431
[ 6875546ms] [LOG] [Fast Refresh] done in 147ms @ http://localhost:3030/_next/static/chunks/04m2_next_dist_01d_w1-._.js:2431
[ 6875656ms] [LOG] [Fast Refresh] rebuilding @ http://localhost:3030/_next/static/chunks/04m2_next_dist_01d_w1-._.js:2431
[ 6875719ms] [LOG] [Fast Refresh] done in 166ms @ http://localhost:3030/_next/static/chunks/04m2_next_dist_01d_w1-._.js:2431
[ 6875887ms] [INFO] %c%s%c [setup-health] background: #e6e6e6;background: light-dark(rgba(0,0,0,0.1), rgba(255,255,255,0.25));color: #000000;color: light-dark(#000000, #ffffff);border-radius: 2px  Server   panel-layout hidden because permission=false {tenantId: cmrvvipw70000oyyo6123270j, userId: cmrvvipyc000aoyyodcu4tftb, roleKeys: Array(1)} @ http://localhost:3030/_next/static/chunks/04m2_next_dist_01d_w1-._.js:2431
[ 6875897ms] [LOG] [Fast Refresh] rebuilding @ http://localhost:3030/_next/static/chunks/04m2_next_dist_01d_w1-._.js:2431
[ 6875979ms] [LOG] [Fast Refresh] done in 185ms @ http://localhost:3030/_next/static/chunks/04m2_next_dist_01d_w1-._.js:2431
[ 6876246ms] [LOG] [Fast Refresh] rebuilding @ http://localhost:3030/_next/static/chunks/04m2_next_dist_01d_w1-._.js:2431
[ 6876451ms] [LOG] [Fast Refresh] done in 306ms @ http://localhost:3030/_next/static/chunks/04m2_next_dist_01d_w1-._.js:2431
[ 6876714ms] [LOG] [Fast Refresh] rebuilding @ http://localhost:3030/_next/static/chunks/04m2_next_dist_01d_w1-._.js:2431
[ 6876875ms] [LOG] [Fast Refresh] done in 265ms @ http://localhost:3030/_next/static/chunks/04m2_next_dist_01d_w1-._.js:2431
[ 6876978ms] [LOG] [Fast Refresh] rebuilding @ http://localhost:3030/_next/static/chunks/04m2_next_dist_01d_w1-._.js:2431
[ 6876984ms] [LOG] [Fast Refresh] done in 106ms @ http://localhost:3030/_next/static/chunks/04m2_next_dist_01d_w1-._.js:2431
[ 6877086ms] [LOG] [Fast Refresh] rebuilding @ http://localhost:3030/_next/static/chunks/04m2_next_dist_01d_w1-._.js:2431
[ 6877139ms] [LOG] [Fast Refresh] done in 156ms @ http://localhost:3030/_next/static/chunks/04m2_next_dist_01d_w1-._.js:2431
[ 6877168ms] [INFO] %c%s%c [setup-health] background: #e6e6e6;background: light-dark(rgba(0,0,0,0.1), rgba(255,255,255,0.25));color: #000000;color: light-dark(#000000, #ffffff);border-radius: 2px  Server   panel-layout hidden because permission=false {tenantId: cmrvvipw70000oyyo6123270j, userId: cmrvvipyc000aoyyodcu4tftb, roleKeys: Array(1)} @ http://localhost:3030/_next/static/chunks/04m2_next_dist_01d_w1-._.js:2431
[ 6877244ms] [LOG] [Fast Refresh] rebuilding @ http://localhost:3030/_next/static/chunks/04m2_next_dist_01d_w1-._.js:2431
[ 6877330ms] [LOG] [Fast Refresh] done in 187ms @ http://localhost:3030/_next/static/chunks/04m2_next_dist_01d_w1-._.js:2431
[ 6877444ms] [LOG] [Fast Refresh] rebuilding @ http://localhost:3030/_next/static/chunks/04m2_next_dist_01d_w1-._.js:2431
[ 6877530ms] [LOG] [Fast Refresh] done in 198ms @ http://localhost:3030/_next/static/chunks/04m2_next_dist_01d_w1-._.js:2431
[ 6877639ms] [LOG] [Fast Refresh] rebuilding @ http://localhost:3030/_next/static/chunks/04m2_next_dist_01d_w1-._.js:2431
[ 6877746ms] [LOG] [Fast Refresh] done in 213ms @ http://localhost:3030/_next/static/chunks/04m2_next_dist_01d_w1-._.js:2431
[ 6878196ms] [LOG] [Fast Refresh] rebuilding @ http://localhost:3030/_next/static/chunks/04m2_next_dist_01d_w1-._.js:2431
[ 6878280ms] [LOG] [Fast Refresh] done in 189ms @ http://localhost:3030/_next/static/chunks/04m2_next_dist_01d_w1-._.js:2431
[ 6878399ms] [INFO] %c%s%c [setup-health] background: #e6e6e6;background: light-dark(rgba(0,0,0,0.1), rgba(255,255,255,0.25));color: #000000;color: light-dark(#000000, #ffffff);border-radius: 2px  Server   panel-layout hidden because permission=false {tenantId: cmrvvipw70000oyyo6123270j, userId: cmrvvipyc000aoyyodcu4tftb, roleKeys: Array(1)} @ http://localhost:3030/_next/static/chunks/04m2_next_dist_01d_w1-._.js:2431
[ 6878472ms] [LOG] [Fast Refresh] rebuilding @ http://localhost:3030/_next/static/chunks/04m2_next_dist_01d_w1-._.js:2431
[ 6878566ms] [LOG] [Fast Refresh] done in 199ms @ http://localhost:3030/_next/static/chunks/04m2_next_dist_01d_w1-._.js:2431
[ 6878784ms] [LOG] [Fast Refresh] rebuilding @ http://localhost:3030/_next/static/chunks/04m2_next_dist_01d_w1-._.js:2431
[ 6879024ms] [LOG] [Fast Refresh] done in 346ms @ http://localhost:3030/_next/static/chunks/04m2_next_dist_01d_w1-._.js:2431
[ 6879223ms] [LOG] [Fast Refresh] rebuilding @ http://localhost:3030/_next/static/chunks/04m2_next_dist_01d_w1-._.js:2431
[ 6879369ms] [LOG] [Fast Refresh] done in 249ms @ http://localhost:3030/_next/static/chunks/04m2_next_dist_01d_w1-._.js:2431
[ 6879620ms] [LOG] [Fast Refresh] rebuilding @ http://localhost:3030/_next/static/chunks/04m2_next_dist_01d_w1-._.js:2431
[ 6879634ms] [INFO] %c%s%c [setup-health] background: #e6e6e6;background: light-dark(rgba(0,0,0,0.1), rgba(255,255,255,0.25));color: #000000;color: light-dark(#000000, #ffffff);border-radius: 2px  Server   panel-layout hidden because permission=false {tenantId: cmrvvipw70000oyyo6123270j, userId: cmrvvipyc000aoyyodcu4tftb, roleKeys: Array(1)} @ http://localhost:3030/_next/static/chunks/04m2_next_dist_01d_w1-._.js:2431
[ 6879681ms] [LOG] [Fast Refresh] done in 165ms @ http://localhost:3030/_next/static/chunks/04m2_next_dist_01d_w1-._.js:2431
[ 6879792ms] [LOG] [Fast Refresh] rebuilding @ http://localhost:3030/_next/static/chunks/04m2_next_dist_01d_w1-._.js:2431
[ 6879921ms] [LOG] [Fast Refresh] done in 231ms @ http://localhost:3030/_next/static/chunks/04m2_next_dist_01d_w1-._.js:2431
[ 6880382ms] [LOG] [Fast Refresh] rebuilding @ http://localhost:3030/_next/static/chunks/04m2_next_dist_01d_w1-._.js:2431
[ 6880504ms] [LOG] [Fast Refresh] done in 224ms @ http://localhost:3030/_next/static/chunks/04m2_next_dist_01d_w1-._.js:2431
[ 6880641ms] [LOG] [Fast Refresh] rebuilding @ http://localhost:3030/_next/static/chunks/04m2_next_dist_01d_w1-._.js:2431
[ 6880663ms] [LOG] [Fast Refresh] done in 129ms @ http://localhost:3030/_next/static/chunks/04m2_next_dist_01d_w1-._.js:2431
[ 6880716ms] [INFO] %c%s%c [setup-health] background: #e6e6e6;background: light-dark(rgba(0,0,0,0.1), rgba(255,255,255,0.25));color: #000000;color: light-dark(#000000, #ffffff);border-radius: 2px  Server   panel-layout hidden because permission=false {tenantId: cmrvvipw70000oyyo6123270j, userId: cmrvvipyc000aoyyodcu4tftb, roleKeys: Array(1)} @ http://localhost:3030/_next/static/chunks/04m2_next_dist_01d_w1-._.js:2431
[ 6880767ms] [LOG] [Fast Refresh] rebuilding @ http://localhost:3030/_next/static/chunks/04m2_next_dist_01d_w1-._.js:2431
[ 6880871ms] [LOG] [Fast Refresh] done in 208ms @ http://localhost:3030/_next/static/chunks/04m2_next_dist_01d_w1-._.js:2431
[ 6880979ms] [LOG] [Fast Refresh] rebuilding @ http://localhost:3030/_next/static/chunks/04m2_next_dist_01d_w1-._.js:2431
[ 6881081ms] [LOG] [Fast Refresh] done in 208ms @ http://localhost:3030/_next/static/chunks/04m2_next_dist_01d_w1-._.js:2431
[ 6881451ms] [LOG] [Fast Refresh] rebuilding @ http://localhost:3030/_next/static/chunks/04m2_next_dist_01d_w1-._.js:2431
[ 6881585ms] [LOG] [Fast Refresh] done in 247ms @ http://localhost:3030/_next/static/chunks/04m2_next_dist_01d_w1-._.js:2431
[ 6881743ms] [LOG] [Fast Refresh] rebuilding @ http://localhost:3030/_next/static/chunks/04m2_next_dist_01d_w1-._.js:2431
[ 6881824ms] [LOG] [Fast Refresh] done in 186ms @ http://localhost:3030/_next/static/chunks/04m2_next_dist_01d_w1-._.js:2431
[ 6881948ms] [INFO] %c%s%c [setup-health] background: #e6e6e6;background: light-dark(rgba(0,0,0,0.1), rgba(255,255,255,0.25));color: #000000;color: light-dark(#000000, #ffffff);border-radius: 2px  Server   panel-layout hidden because permission=false {tenantId: cmrvvipw70000oyyo6123270j, userId: cmrvvipyc000aoyyodcu4tftb, roleKeys: Array(1)} @ http://localhost:3030/_next/static/chunks/04m2_next_dist_01d_w1-._.js:2431
[ 6881993ms] [LOG] [Fast Refresh] rebuilding @ http://localhost:3030/_next/static/chunks/04m2_next_dist_01d_w1-._.js:2431
[ 6882036ms] [LOG] [Fast Refresh] done in 143ms @ http://localhost:3030/_next/static/chunks/04m2_next_dist_01d_w1-._.js:2431
[ 6882139ms] [LOG] [Fast Refresh] rebuilding @ http://localhost:3030/_next/static/chunks/04m2_next_dist_01d_w1-._.js:2431
[ 6882157ms] [LOG] [Fast Refresh] done in 120ms @ http://localhost:3030/_next/static/chunks/04m2_next_dist_01d_w1-._.js:2431
[ 6882716ms] [LOG] [Fast Refresh] rebuilding @ http://localhost:3030/_next/static/chunks/04m2_next_dist_01d_w1-._.js:2431
[ 6882732ms] [LOG] [Fast Refresh] done in 117ms @ http://localhost:3030/_next/static/chunks/04m2_next_dist_01d_w1-._.js:2431
[ 6883090ms] [INFO] %c%s%c [setup-health] background: #e6e6e6;background: light-dark(rgba(0,0,0,0.1), rgba(255,255,255,0.25));color: #000000;color: light-dark(#000000, #ffffff);border-radius: 2px  Server   panel-layout hidden because permission=false {tenantId: cmrvvipw70000oyyo6123270j, userId: cmrvvipyc000aoyyodcu4tftb, roleKeys: Array(1)} @ http://localhost:3030/_next/static/chunks/04m2_next_dist_01d_w1-._.js:2431
[ 6883115ms] [LOG] [Fast Refresh] rebuilding @ http://localhost:3030/_next/static/chunks/04m2_next_dist_01d_w1-._.js:2431
[ 6883174ms] [LOG] [Fast Refresh] done in 163ms @ http://localhost:3030/_next/static/chunks/04m2_next_dist_01d_w1-._.js:2431
[ 6883369ms] [LOG] [Fast Refresh] rebuilding @ http://localhost:3030/_next/static/chunks/04m2_next_dist_01d_w1-._.js:2431
[ 6883520ms] [LOG] [Fast Refresh] done in 252ms @ http://localhost:3030/_next/static/chunks/04m2_next_dist_01d_w1-._.js:2431
[ 6883783ms] [LOG] [Fast Refresh] rebuilding @ http://localhost:3030/_next/static/chunks/04m2_next_dist_01d_w1-._.js:2431
[ 6884010ms] [LOG] [Fast Refresh] done in 334ms @ http://localhost:3030/_next/static/chunks/04m2_next_dist_01d_w1-._.js:2431
[ 6884225ms] [INFO] %c%s%c [setup-health] background: #e6e6e6;background: light-dark(rgba(0,0,0,0.1), rgba(255,255,255,0.25));color: #000000;color: light-dark(#000000, #ffffff);border-radius: 2px  Server   panel-layout hidden because permission=false {tenantId: cmrvvipw70000oyyo6123270j, userId: cmrvvipyc000aoyyodcu4tftb, roleKeys: Array(1)} @ http://localhost:3030/_next/static/chunks/04m2_next_dist_01d_w1-._.js:2431
[ 6884316ms] [LOG] [Fast Refresh] rebuilding @ http://localhost:3030/_next/static/chunks/04m2_next_dist_01d_w1-._.js:2431
[ 6884335ms] [LOG] [Fast Refresh] done in 124ms @ http://localhost:3030/_next/static/chunks/04m2_next_dist_01d_w1-._.js:2431
[ 6884691ms] [LOG] [Fast Refresh] rebuilding @ http://localhost:3030/_next/static/chunks/04m2_next_dist_01d_w1-._.js:2431
[ 6884843ms] [LOG] [Fast Refresh] done in 257ms @ http://localhost:3030/_next/static/chunks/04m2_next_dist_01d_w1-._.js:2431
[ 6885132ms] [LOG] [Fast Refresh] rebuilding @ http://localhost:3030/_next/static/chunks/04m2_next_dist_01d_w1-._.js:2431
[ 6885228ms] [LOG] [Fast Refresh] done in 199ms @ http://localhost:3030/_next/static/chunks/04m2_next_dist_01d_w1-._.js:2431
[ 6885372ms] [INFO] %c%s%c [setup-health] background: #e6e6e6;background: light-dark(rgba(0,0,0,0.1), rgba(255,255,255,0.25));color: #000000;color: light-dark(#000000, #ffffff);border-radius: 2px  Server   panel-layout hidden because permission=false {tenantId: cmrvvipw70000oyyo6123270j, userId: cmrvvipyc000aoyyodcu4tftb, roleKeys: Array(1)} @ http://localhost:3030/_next/static/chunks/04m2_next_dist_01d_w1-._.js:2431
[ 6885409ms] [LOG] [Fast Refresh] rebuilding @ http://localhost:3030/_next/static/chunks/04m2_next_dist_01d_w1-._.js:2431
[ 6885519ms] [LOG] [Fast Refresh] done in 212ms @ http://localhost:3030/_next/static/chunks/04m2_next_dist_01d_w1-._.js:2431
[ 6885733ms] [LOG] [Fast Refresh] rebuilding @ http://localhost:3030/_next/static/chunks/04m2_next_dist_01d_w1-._.js:2431
[ 6885915ms] [LOG] [Fast Refresh] done in 289ms @ http://localhost:3030/_next/static/chunks/04m2_next_dist_01d_w1-._.js:2431
[ 6886147ms] [LOG] [Fast Refresh] rebuilding @ http://localhost:3030/_next/static/chunks/04m2_next_dist_01d_w1-._.js:2431
[ 6886256ms] [LOG] [Fast Refresh] done in 214ms @ http://localhost:3030/_next/static/chunks/04m2_next_dist_01d_w1-._.js:2431
[ 6886361ms] [LOG] [Fast Refresh] rebuilding @ http://localhost:3030/_next/static/chunks/04m2_next_dist_01d_w1-._.js:2431
[ 6886373ms] [LOG] [Fast Refresh] done in 117ms @ http://localhost:3030/_next/static/chunks/04m2_next_dist_01d_w1-._.js:2431
[ 6886529ms] [LOG] [Fast Refresh] rebuilding @ http://localhost:3030/_next/static/chunks/04m2_next_dist_01d_w1-._.js:2431
[ 6886529ms] [LOG] [Fast Refresh] done in 101ms @ http://localhost:3030/_next/static/chunks/04m2_next_dist_01d_w1-._.js:2431
[ 6886545ms] [INFO] %c%s%c [setup-health] background: #e6e6e6;background: light-dark(rgba(0,0,0,0.1), rgba(255,255,255,0.25));color: #000000;color: light-dark(#000000, #ffffff);border-radius: 2px  Server   panel-layout hidden because permission=false {tenantId: cmrvvipw70000oyyo6123270j, userId: cmrvvipyc000aoyyodcu4tftb, roleKeys: Array(1)} @ http://localhost:3030/_next/static/chunks/04m2_next_dist_01d_w1-._.js:2431
[ 6886768ms] [LOG] [Fast Refresh] rebuilding @ http://localhost:3030/_next/static/chunks/04m2_next_dist_01d_w1-._.js:2431
[ 6886841ms] [LOG] [Fast Refresh] done in 174ms @ http://localhost:3030/_next/static/chunks/04m2_next_dist_01d_w1-._.js:2431
[ 6886947ms] [LOG] [Fast Refresh] rebuilding @ http://localhost:3030/_next/static/chunks/04m2_next_dist_01d_w1-._.js:2431
[ 6887030ms] [LOG] [Fast Refresh] done in 187ms @ http://localhost:3030/_next/static/chunks/04m2_next_dist_01d_w1-._.js:2431
[ 6887308ms] [LOG] [Fast Refresh] rebuilding @ http://localhost:3030/_next/static/chunks/04m2_next_dist_01d_w1-._.js:2431
[ 6887377ms] [LOG] [Fast Refresh] done in 177ms @ http://localhost:3030/_next/static/chunks/04m2_next_dist_01d_w1-._.js:2431
[ 6887488ms] [LOG] [Fast Refresh] rebuilding @ http://localhost:3030/_next/static/chunks/04m2_next_dist_01d_w1-._.js:2431
[ 6887495ms] [LOG] [Fast Refresh] done in 111ms @ http://localhost:3030/_next/static/chunks/04m2_next_dist_01d_w1-._.js:2431
[ 6887638ms] [INFO] %c%s%c [setup-health] background: #e6e6e6;background: light-dark(rgba(0,0,0,0.1), rgba(255,255,255,0.25));color: #000000;color: light-dark(#000000, #ffffff);border-radius: 2px  Server   panel-layout hidden because permission=false {tenantId: cmrvvipw70000oyyo6123270j, userId: cmrvvipyc000aoyyodcu4tftb, roleKeys: Array(1)} @ http://localhost:3030/_next/static/chunks/04m2_next_dist_01d_w1-._.js:2431
[ 6887702ms] [LOG] [Fast Refresh] rebuilding @ http://localhost:3030/_next/static/chunks/04m2_next_dist_01d_w1-._.js:2431
[ 6887737ms] [LOG] [Fast Refresh] done in 137ms @ http://localhost:3030/_next/static/chunks/04m2_next_dist_01d_w1-._.js:2431
[ 6887848ms] [LOG] [Fast Refresh] rebuilding @ http://localhost:3030/_next/static/chunks/04m2_next_dist_01d_w1-._.js:2431
[ 6887923ms] [LOG] [Fast Refresh] done in 184ms @ http://localhost:3030/_next/static/chunks/04m2_next_dist_01d_w1-._.js:2431
[ 6888038ms] [LOG] [Fast Refresh] rebuilding @ http://localhost:3030/_next/static/chunks/04m2_next_dist_01d_w1-._.js:2431
[ 6888108ms] [LOG] [Fast Refresh] done in 184ms @ http://localhost:3030/_next/static/chunks/04m2_next_dist_01d_w1-._.js:2431
[ 6888223ms] [LOG] [Fast Refresh] rebuilding @ http://localhost:3030/_next/static/chunks/04m2_next_dist_01d_w1-._.js:2431
[ 6888256ms] [LOG] [Fast Refresh] done in 147ms @ http://localhost:3030/_next/static/chunks/04m2_next_dist_01d_w1-._.js:2431
[ 6888364ms] [LOG] [Fast Refresh] rebuilding @ http://localhost:3030/_next/static/chunks/04m2_next_dist_01d_w1-._.js:2431
[ 6888468ms] [LOG] [Fast Refresh] done in 210ms @ http://localhost:3030/_next/static/chunks/04m2_next_dist_01d_w1-._.js:2431
[ 6888570ms] [LOG] [Fast Refresh] rebuilding @ http://localhost:3030/_next/static/chunks/04m2_next_dist_01d_w1-._.js:2431
[ 6888665ms] [LOG] [Fast Refresh] done in 197ms @ http://localhost:3030/_next/static/chunks/04m2_next_dist_01d_w1-._.js:2431
[ 6888795ms] [INFO] %c%s%c [setup-health] background: #e6e6e6;background: light-dark(rgba(0,0,0,0.1), rgba(255,255,255,0.25));color: #000000;color: light-dark(#000000, #ffffff);border-radius: 2px  Server   panel-layout hidden because permission=false {tenantId: cmrvvipw70000oyyo6123270j, userId: cmrvvipyc000aoyyodcu4tftb, roleKeys: Array(1)} @ http://localhost:3030/_next/static/chunks/04m2_next_dist_01d_w1-._.js:2431
[ 6888847ms] [LOG] [Fast Refresh] rebuilding @ http://localhost:3030/_next/static/chunks/04m2_next_dist_01d_w1-._.js:2431
[ 6888935ms] [LOG] [Fast Refresh] done in 194ms @ http://localhost:3030/_next/static/chunks/04m2_next_dist_01d_w1-._.js:2431
[ 6889160ms] [LOG] [Fast Refresh] rebuilding @ http://localhost:3030/_next/static/chunks/04m2_next_dist_01d_w1-._.js:2431
[ 6889372ms] [LOG] [Fast Refresh] done in 318ms @ http://localhost:3030/_next/static/chunks/04m2_next_dist_01d_w1-._.js:2431
[ 6890017ms] [INFO] %c%s%c [setup-health] background: #e6e6e6;background: light-dark(rgba(0,0,0,0.1), rgba(255,255,255,0.25));color: #000000;color: light-dark(#000000, #ffffff);border-radius: 2px  Server   panel-layout hidden because permission=false {tenantId: cmrvvipw70000oyyo6123270j, userId: cmrvvipyc000aoyyodcu4tftb, roleKeys: Array(1)} @ http://localhost:3030/_next/static/chunks/04m2_next_dist_01d_w1-._.js:2431
[ 6890052ms] [LOG] [Fast Refresh] rebuilding @ http://localhost:3030/_next/static/chunks/04m2_next_dist_01d_w1-._.js:2431
[ 6890108ms] [LOG] [Fast Refresh] done in 162ms @ http://localhost:3030/_next/static/chunks/04m2_next_dist_01d_w1-._.js:2431
[ 6890210ms] [LOG] [Fast Refresh] rebuilding @ http://localhost:3030/_next/static/chunks/04m2_next_dist_01d_w1-._.js:2431
[ 6890241ms] [LOG] [Fast Refresh] done in 132ms @ http://localhost:3030/_next/static/chunks/04m2_next_dist_01d_w1-._.js:2431
[ 6890343ms] [LOG] [Fast Refresh] rebuilding @ http://localhost:3030/_next/static/chunks/04m2_next_dist_01d_w1-._.js:2431
[ 6890508ms] [LOG] [Fast Refresh] done in 265ms @ http://localhost:3030/_next/static/chunks/04m2_next_dist_01d_w1-._.js:2431
[ 6891028ms] [LOG] [Fast Refresh] rebuilding @ http://localhost:3030/_next/static/chunks/04m2_next_dist_01d_w1-._.js:2431
[ 6891029ms] [LOG] [Fast Refresh] done in 108ms @ http://localhost:3030/_next/static/chunks/04m2_next_dist_01d_w1-._.js:2431
[ 6891137ms] [INFO] %c%s%c [setup-health] background: #e6e6e6;background: light-dark(rgba(0,0,0,0.1), rgba(255,255,255,0.25));color: #000000;color: light-dark(#000000, #ffffff);border-radius: 2px  Server   panel-layout hidden because permission=false {tenantId: cmrvvipw70000oyyo6123270j, userId: cmrvvipyc000aoyyodcu4tftb, roleKeys: Array(1)} @ http://localhost:3030/_next/static/chunks/04m2_next_dist_01d_w1-._.js:2431
[ 6891198ms] [LOG] [Fast Refresh] rebuilding @ http://localhost:3030/_next/static/chunks/04m2_next_dist_01d_w1-._.js:2431
[ 6891231ms] [LOG] [Fast Refresh] done in 133ms @ http://localhost:3030/_next/static/chunks/04m2_next_dist_01d_w1-._.js:2431
[ 6891338ms] [LOG] [Fast Refresh] rebuilding @ http://localhost:3030/_next/static/chunks/04m2_next_dist_01d_w1-._.js:2431
[ 6891444ms] [LOG] [Fast Refresh] done in 213ms @ http://localhost:3030/_next/static/chunks/04m2_next_dist_01d_w1-._.js:2431
[ 6891788ms] [LOG] [Fast Refresh] rebuilding @ http://localhost:3030/_next/static/chunks/04m2_next_dist_01d_w1-._.js:2431
[ 6891897ms] [LOG] [Fast Refresh] done in 212ms @ http://localhost:3030/_next/static/chunks/04m2_next_dist_01d_w1-._.js:2431
[ 6891998ms] [LOG] [Fast Refresh] rebuilding @ http://localhost:3030/_next/static/chunks/04m2_next_dist_01d_w1-._.js:2431
[ 6892002ms] [LOG] [Fast Refresh] done in 105ms @ http://localhost:3030/_next/static/chunks/04m2_next_dist_01d_w1-._.js:2431
[ 6892104ms] [LOG] [Fast Refresh] rebuilding @ http://localhost:3030/_next/static/chunks/04m2_next_dist_01d_w1-._.js:2431
[ 6892151ms] [LOG] [Fast Refresh] done in 149ms @ http://localhost:3030/_next/static/chunks/04m2_next_dist_01d_w1-._.js:2431
[ 6892259ms] [INFO] %c%s%c [setup-health] background: #e6e6e6;background: light-dark(rgba(0,0,0,0.1), rgba(255,255,255,0.25));color: #000000;color: light-dark(#000000, #ffffff);border-radius: 2px  Server   panel-layout hidden because permission=false {tenantId: cmrvvipw70000oyyo6123270j, userId: cmrvvipyc000aoyyodcu4tftb, roleKeys: Array(1)} @ http://localhost:3030/_next/static/chunks/04m2_next_dist_01d_w1-._.js:2431
[ 6892316ms] [LOG] [Fast Refresh] rebuilding @ http://localhost:3030/_next/static/chunks/04m2_next_dist_01d_w1-._.js:2431
[ 6892373ms] [LOG] [Fast Refresh] done in 157ms @ http://localhost:3030/_next/static/chunks/04m2_next_dist_01d_w1-._.js:2431
[ 6892476ms] [LOG] [Fast Refresh] rebuilding @ http://localhost:3030/_next/static/chunks/04m2_next_dist_01d_w1-._.js:2431
[ 6892483ms] [LOG] [Fast Refresh] done in 110ms @ http://localhost:3030/_next/static/chunks/04m2_next_dist_01d_w1-._.js:2431
[ 6892593ms] [LOG] [Fast Refresh] rebuilding @ http://localhost:3030/_next/static/chunks/04m2_next_dist_01d_w1-._.js:2431
[ 6892602ms] [LOG] [Fast Refresh] done in 117ms @ http://localhost:3030/_next/static/chunks/04m2_next_dist_01d_w1-._.js:2431
[ 6892949ms] [LOG] [Fast Refresh] rebuilding @ http://localhost:3030/_next/static/chunks/04m2_next_dist_01d_w1-._.js:2431
[ 6893019ms] [LOG] [Fast Refresh] done in 179ms @ http://localhost:3030/_next/static/chunks/04m2_next_dist_01d_w1-._.js:2431
[ 6893132ms] [LOG] [Fast Refresh] rebuilding @ http://localhost:3030/_next/static/chunks/04m2_next_dist_01d_w1-._.js:2431
[ 6893203ms] [LOG] [Fast Refresh] done in 177ms @ http://localhost:3030/_next/static/chunks/04m2_next_dist_01d_w1-._.js:2431
[ 6893363ms] [INFO] %c%s%c [setup-health] background: #e6e6e6;background: light-dark(rgba(0,0,0,0.1), rgba(255,255,255,0.25));color: #000000;color: light-dark(#000000, #ffffff);border-radius: 2px  Server   panel-layout hidden because permission=false {tenantId: cmrvvipw70000oyyo6123270j, userId: cmrvvipyc000aoyyodcu4tftb, roleKeys: Array(1)} @ http://localhost:3030/_next/static/chunks/04m2_next_dist_01d_w1-._.js:2431
[ 6893398ms] [LOG] [Fast Refresh] rebuilding @ http://localhost:3030/_next/static/chunks/04m2_next_dist_01d_w1-._.js:2431
[ 6893453ms] [LOG] [Fast Refresh] done in 157ms @ http://localhost:3030/_next/static/chunks/04m2_next_dist_01d_w1-._.js:2431
[ 6894018ms] [LOG] [Fast Refresh] rebuilding @ http://localhost:3030/_next/static/chunks/04m2_next_dist_01d_w1-._.js:2431
[ 6894112ms] [LOG] [Fast Refresh] done in 213ms @ http://localhost:3030/_next/static/chunks/04m2_next_dist_01d_w1-._.js:2431
[ 6894455ms] [INFO] %c%s%c [setup-health] background: #e6e6e6;background: light-dark(rgba(0,0,0,0.1), rgba(255,255,255,0.25));color: #000000;color: light-dark(#000000, #ffffff);border-radius: 2px  Server   panel-layout hidden because permission=false {tenantId: cmrvvipw70000oyyo6123270j, userId: cmrvvipyc000aoyyodcu4tftb, roleKeys: Array(1)} @ http://localhost:3030/_next/static/chunks/04m2_next_dist_01d_w1-._.js:2431
[ 6894546ms] [LOG] [Fast Refresh] rebuilding @ http://localhost:3030/_next/static/chunks/04m2_next_dist_01d_w1-._.js:2431
[ 6894603ms] [LOG] [Fast Refresh] done in 160ms @ http://localhost:3030/_next/static/chunks/04m2_next_dist_01d_w1-._.js:2431
[ 6894704ms] [LOG] [Fast Refresh] rebuilding @ http://localhost:3030/_next/static/chunks/04m2_next_dist_01d_w1-._.js:2431
[ 6894843ms] [LOG] [Fast Refresh] done in 239ms @ http://localhost:3030/_next/static/chunks/04m2_next_dist_01d_w1-._.js:2431
[ 6895216ms] [LOG] [Fast Refresh] rebuilding @ http://localhost:3030/_next/static/chunks/04m2_next_dist_01d_w1-._.js:2431
[ 6895311ms] [LOG] [Fast Refresh] done in 199ms @ http://localhost:3030/_next/static/chunks/04m2_next_dist_01d_w1-._.js:2431
[ 6895587ms] [LOG] [Fast Refresh] rebuilding @ http://localhost:3030/_next/static/chunks/04m2_next_dist_01d_w1-._.js:2431
[ 6895592ms] [LOG] [Fast Refresh] done in 112ms @ http://localhost:3030/_next/static/chunks/04m2_next_dist_01d_w1-._.js:2431
[ 6895684ms] [INFO] %c%s%c [setup-health] background: #e6e6e6;background: light-dark(rgba(0,0,0,0.1), rgba(255,255,255,0.25));color: #000000;color: light-dark(#000000, #ffffff);border-radius: 2px  Server   panel-layout hidden because permission=false {tenantId: cmrvvipw70000oyyo6123270j, userId: cmrvvipyc000aoyyodcu4tftb, roleKeys: Array(1)} @ http://localhost:3030/_next/static/chunks/04m2_next_dist_01d_w1-._.js:2431
[ 6895746ms] [LOG] [Fast Refresh] rebuilding @ http://localhost:3030/_next/static/chunks/04m2_next_dist_01d_w1-._.js:2431
[ 6895832ms] [LOG] [Fast Refresh] done in 186ms @ http://localhost:3030/_next/static/chunks/04m2_next_dist_01d_w1-._.js:2431
[ 6896057ms] [LOG] [Fast Refresh] rebuilding @ http://localhost:3030/_next/static/chunks/04m2_next_dist_01d_w1-._.js:2431
[ 6896282ms] [LOG] [Fast Refresh] done in 330ms @ http://localhost:3030/_next/static/chunks/04m2_next_dist_01d_w1-._.js:2431
[ 6896547ms] [LOG] [Fast Refresh] rebuilding @ http://localhost:3030/_next/static/chunks/04m2_next_dist_01d_w1-._.js:2431
[ 6896792ms] [LOG] [Fast Refresh] done in 346ms @ http://localhost:3030/_next/static/chunks/04m2_next_dist_01d_w1-._.js:2431
[ 6896896ms] [LOG] [Fast Refresh] rebuilding @ http://localhost:3030/_next/static/chunks/04m2_next_dist_01d_w1-._.js:2431
[ 6897254ms] [INFO] %c%s%c [setup-health] background: #e6e6e6;background: light-dark(rgba(0,0,0,0.1), rgba(255,255,255,0.25));color: #000000;color: light-dark(#000000, #ffffff);border-radius: 2px  Server   panel-layout hidden because permission=false {tenantId: cmrvvipw70000oyyo6123270j, userId: cmrvvipyc000aoyyodcu4tftb, roleKeys: Array(1)} @ http://localhost:3030/_next/static/chunks/04m2_next_dist_01d_w1-._.js:2431
[ 6898979ms] [LOG] [Fast Refresh] done in 1825ms @ http://localhost:3030/_next/static/chunks/04m2_next_dist_01d_w1-._.js:2431
[ 6899269ms] [LOG] [Fast Refresh] rebuilding @ http://localhost:3030/_next/static/chunks/04m2_next_dist_01d_w1-._.js:2431
[ 6899496ms] [LOG] [Fast Refresh] done in 330ms @ http://localhost:3030/_next/static/chunks/04m2_next_dist_01d_w1-._.js:2431
[ 6899860ms] [LOG] [Fast Refresh] rebuilding @ http://localhost:3030/_next/static/chunks/04m2_next_dist_01d_w1-._.js:2431
[ 6900062ms] [INFO] %c%s%c [setup-health] background: #e6e6e6;background: light-dark(rgba(0,0,0,0.1), rgba(255,255,255,0.25));color: #000000;color: light-dark(#000000, #ffffff);border-radius: 2px  Server   panel-layout hidden because permission=false {tenantId: cmrvvipw70000oyyo6123270j, userId: cmrvvipyc000aoyyodcu4tftb, roleKeys: Array(1)} @ http://localhost:3030/_next/static/chunks/04m2_next_dist_01d_w1-._.js:2431
[ 6901782ms] [LOG] [Fast Refresh] done in 2024ms @ http://localhost:3030/_next/static/chunks/04m2_next_dist_01d_w1-._.js:2431
[ 6906281ms] [LOG] [Fast Refresh] rebuilding @ http://localhost:3030/_next/static/chunks/04m2_next_dist_01d_w1-._.js:2431
[ 6906318ms] [LOG] [Fast Refresh] done in 140ms @ http://localhost:3030/_next/static/chunks/04m2_next_dist_01d_w1-._.js:2431
[ 6906329ms] [INFO] %c%s%c [setup-health] background: #e6e6e6;background: light-dark(rgba(0,0,0,0.1), rgba(255,255,255,0.25));color: #000000;color: light-dark(#000000, #ffffff);border-radius: 2px  Server   panel-layout hidden because permission=false {tenantId: cmrvvipw70000oyyo6123270j, userId: cmrvvipyc000aoyyodcu4tftb, roleKeys: Array(1)} @ http://localhost:3030/_next/static/chunks/04m2_next_dist_01d_w1-._.js:2431
[ 6906428ms] [LOG] [Fast Refresh] rebuilding @ http://localhost:3030/_next/static/chunks/04m2_next_dist_01d_w1-._.js:2431
[ 6906662ms] [LOG] [Fast Refresh] done in 334ms @ http://localhost:3030/_next/static/chunks/04m2_next_dist_01d_w1-._.js:2431
[ 6907101ms] [LOG] [Fast Refresh] rebuilding @ http://localhost:3030/_next/static/chunks/04m2_next_dist_01d_w1-._.js:2431
[ 6907171ms] [LOG] [Fast Refresh] done in 266ms @ http://localhost:3030/_next/static/chunks/04m2_next_dist_01d_w1-._.js:2431
[ 6907379ms] [INFO] %c%s%c [setup-health] background: #e6e6e6;background: light-dark(rgba(0,0,0,0.1), rgba(255,255,255,0.25));color: #000000;color: light-dark(#000000, #ffffff);border-radius: 2px  Server   panel-layout hidden because permission=false {tenantId: cmrvvipw70000oyyo6123270j, userId: cmrvvipyc000aoyyodcu4tftb, roleKeys: Array(1)} @ http://localhost:3030/_next/static/chunks/04m2_next_dist_01d_w1-._.js:2431
[ 6907485ms] [LOG] [Fast Refresh] rebuilding @ http://localhost:3030/_next/static/chunks/04m2_next_dist_01d_w1-._.js:2431
[ 6907660ms] [LOG] [Fast Refresh] done in 281ms @ http://localhost:3030/_next/static/chunks/04m2_next_dist_01d_w1-._.js:2431
[ 6908260ms] [LOG] [Fast Refresh] rebuilding @ http://localhost:3030/_next/static/chunks/04m2_next_dist_01d_w1-._.js:2431
[ 6908317ms] [LOG] [Fast Refresh] done in 159ms @ http://localhost:3030/_next/static/chunks/04m2_next_dist_01d_w1-._.js:2431
[ 6908329ms] [INFO] %c%s%c [setup-health] background: #e6e6e6;background: light-dark(rgba(0,0,0,0.1), rgba(255,255,255,0.25));color: #000000;color: light-dark(#000000, #ffffff);border-radius: 2px  Server   panel-layout hidden because permission=false {tenantId: cmrvvipw70000oyyo6123270j, userId: cmrvvipyc000aoyyodcu4tftb, roleKeys: Array(1)} @ http://localhost:3030/_next/static/chunks/04m2_next_dist_01d_w1-._.js:2431
[ 6908686ms] [LOG] [Fast Refresh] rebuilding @ http://localhost:3030/_next/static/chunks/04m2_next_dist_01d_w1-._.js:2431
[ 6908863ms] [LOG] [Fast Refresh] done in 279ms @ http://localhost:3030/_next/static/chunks/04m2_next_dist_01d_w1-._.js:2431
[ 6909047ms] [INFO] %c%s%c [setup-health] background: #e6e6e6;background: light-dark(rgba(0,0,0,0.1), rgba(255,255,255,0.25));color: #000000;color: light-dark(#000000, #ffffff);border-radius: 2px  Server   panel-layout hidden because permission=false {tenantId: cmrvvipw70000oyyo6123270j, userId: cmrvvipyc000aoyyodcu4tftb, roleKeys: Array(1)} @ http://localhost:3030/_next/static/chunks/04m2_next_dist_01d_w1-._.js:2431
[ 6909058ms] [LOG] [Fast Refresh] rebuilding @ http://localhost:3030/_next/static/chunks/04m2_next_dist_01d_w1-._.js:2431
[ 6909184ms] [LOG] [Fast Refresh] done in 231ms @ http://localhost:3030/_next/static/chunks/04m2_next_dist_01d_w1-._.js:2431
[ 6909287ms] [LOG] [Fast Refresh] rebuilding @ http://localhost:3030/_next/static/chunks/04m2_next_dist_01d_w1-._.js:2431
[ 6909331ms] [LOG] [Fast Refresh] done in 146ms @ http://localhost:3030/_next/static/chunks/04m2_next_dist_01d_w1-._.js:2431
[ 6909449ms] [LOG] [Fast Refresh] rebuilding @ http://localhost:3030/_next/static/chunks/04m2_next_dist_01d_w1-._.js:2431
[ 6909634ms] [LOG] [Fast Refresh] done in 289ms @ http://localhost:3030/_next/static/chunks/04m2_next_dist_01d_w1-._.js:2431
[ 6909738ms] [LOG] [Fast Refresh] rebuilding @ http://localhost:3030/_next/static/chunks/04m2_next_dist_01d_w1-._.js:2431
[ 6909785ms] [LOG] [Fast Refresh] done in 150ms @ http://localhost:3030/_next/static/chunks/04m2_next_dist_01d_w1-._.js:2431
[ 6909924ms] [LOG] [Fast Refresh] rebuilding @ http://localhost:3030/_next/static/chunks/04m2_next_dist_01d_w1-._.js:2431
[ 6910023ms] [LOG] [Fast Refresh] done in 202ms @ http://localhost:3030/_next/static/chunks/04m2_next_dist_01d_w1-._.js:2431
[ 6910124ms] [LOG] [Fast Refresh] rebuilding @ http://localhost:3030/_next/static/chunks/04m2_next_dist_01d_w1-._.js:2431
[ 6910179ms] [INFO] %c%s%c [setup-health] background: #e6e6e6;background: light-dark(rgba(0,0,0,0.1), rgba(255,255,255,0.25));color: #000000;color: light-dark(#000000, #ffffff);border-radius: 2px  Server   panel-layout hidden because permission=false {tenantId: cmrvvipw70000oyyo6123270j, userId: cmrvvipyc000aoyyodcu4tftb, roleKeys: Array(1)} @ http://localhost:3030/_next/static/chunks/04m2_next_dist_01d_w1-._.js:2431
[ 6910207ms] [LOG] [Fast Refresh] done in 184ms @ http://localhost:3030/_next/static/chunks/04m2_next_dist_01d_w1-._.js:2431
[ 6910310ms] [LOG] [Fast Refresh] rebuilding @ http://localhost:3030/_next/static/chunks/04m2_next_dist_01d_w1-._.js:2431
[ 6910408ms] [LOG] [Fast Refresh] done in 199ms @ http://localhost:3030/_next/static/chunks/04m2_next_dist_01d_w1-._.js:2431
[ 6910890ms] [LOG] [Fast Refresh] rebuilding @ http://localhost:3030/_next/static/chunks/04m2_next_dist_01d_w1-._.js:2431
[ 6910919ms] [LOG] [Fast Refresh] done in 133ms @ http://localhost:3030/_next/static/chunks/04m2_next_dist_01d_w1-._.js:2431
[ 6911030ms] [LOG] [Fast Refresh] rebuilding @ http://localhost:3030/_next/static/chunks/04m2_next_dist_01d_w1-._.js:2431
[ 6911114ms] [LOG] [Fast Refresh] done in 192ms @ http://localhost:3030/_next/static/chunks/04m2_next_dist_01d_w1-._.js:2431
[ 6911217ms] [LOG] [Fast Refresh] rebuilding @ http://localhost:3030/_next/static/chunks/04m2_next_dist_01d_w1-._.js:2431
[ 6911221ms] [LOG] [Fast Refresh] done in 104ms @ http://localhost:3030/_next/static/chunks/04m2_next_dist_01d_w1-._.js:2431
[ 6911236ms] [INFO] %c%s%c [setup-health] background: #e6e6e6;background: light-dark(rgba(0,0,0,0.1), rgba(255,255,255,0.25));color: #000000;color: light-dark(#000000, #ffffff);border-radius: 2px  Server   panel-layout hidden because permission=false {tenantId: cmrvvipw70000oyyo6123270j, userId: cmrvvipyc000aoyyodcu4tftb, roleKeys: Array(1)} @ http://localhost:3030/_next/static/chunks/04m2_next_dist_01d_w1-._.js:2431
[ 6911325ms] [LOG] [Fast Refresh] rebuilding @ http://localhost:3030/_next/static/chunks/04m2_next_dist_01d_w1-._.js:2431
[ 6911372ms] [LOG] [Fast Refresh] done in 150ms @ http://localhost:3030/_next/static/chunks/04m2_next_dist_01d_w1-._.js:2431
[ 6911485ms] [LOG] [Fast Refresh] rebuilding @ http://localhost:3030/_next/static/chunks/04m2_next_dist_01d_w1-._.js:2431
[ 6911505ms] [LOG] [Fast Refresh] done in 131ms @ http://localhost:3030/_next/static/chunks/04m2_next_dist_01d_w1-._.js:2431
[ 6911613ms] [LOG] [Fast Refresh] rebuilding @ http://localhost:3030/_next/static/chunks/04m2_next_dist_01d_w1-._.js:2431
[ 6911808ms] [LOG] [Fast Refresh] done in 302ms @ http://localhost:3030/_next/static/chunks/04m2_next_dist_01d_w1-._.js:2431
[ 6911911ms] [LOG] [Fast Refresh] rebuilding @ http://localhost:3030/_next/static/chunks/04m2_next_dist_01d_w1-._.js:2431
[ 6911972ms] [LOG] [Fast Refresh] done in 164ms @ http://localhost:3030/_next/static/chunks/04m2_next_dist_01d_w1-._.js:2431
[ 6912138ms] [LOG] [Fast Refresh] rebuilding @ http://localhost:3030/_next/static/chunks/04m2_next_dist_01d_w1-._.js:2431
[ 6912209ms] [LOG] [Fast Refresh] done in 171ms @ http://localhost:3030/_next/static/chunks/04m2_next_dist_01d_w1-._.js:2431
[ 6912314ms] [LOG] [Fast Refresh] rebuilding @ http://localhost:3030/_next/static/chunks/04m2_next_dist_01d_w1-._.js:2431
[ 6912329ms] [LOG] [Fast Refresh] done in 118ms @ http://localhost:3030/_next/static/chunks/04m2_next_dist_01d_w1-._.js:2431
[ 6912384ms] [INFO] %c%s%c [setup-health] background: #e6e6e6;background: light-dark(rgba(0,0,0,0.1), rgba(255,255,255,0.25));color: #000000;color: light-dark(#000000, #ffffff);border-radius: 2px  Server   panel-layout hidden because permission=false {tenantId: cmrvvipw70000oyyo6123270j, userId: cmrvvipyc000aoyyodcu4tftb, roleKeys: Array(1)} @ http://localhost:3030/_next/static/chunks/04m2_next_dist_01d_w1-._.js:2431
[ 6912756ms] [LOG] [Fast Refresh] rebuilding @ http://localhost:3030/_next/static/chunks/04m2_next_dist_01d_w1-._.js:2431
[ 6912889ms] [LOG] [Fast Refresh] done in 239ms @ http://localhost:3030/_next/static/chunks/04m2_next_dist_01d_w1-._.js:2431
[ 6912992ms] [LOG] [Fast Refresh] rebuilding @ http://localhost:3030/_next/static/chunks/04m2_next_dist_01d_w1-._.js:2431
[ 6913040ms] [LOG] [Fast Refresh] done in 151ms @ http://localhost:3030/_next/static/chunks/04m2_next_dist_01d_w1-._.js:2431
[ 6913152ms] [LOG] [Fast Refresh] rebuilding @ http://localhost:3030/_next/static/chunks/04m2_next_dist_01d_w1-._.js:2431
[ 6913263ms] [LOG] [Fast Refresh] done in 216ms @ http://localhost:3030/_next/static/chunks/04m2_next_dist_01d_w1-._.js:2431
[ 6913438ms] [INFO] %c%s%c [setup-health] background: #e6e6e6;background: light-dark(rgba(0,0,0,0.1), rgba(255,255,255,0.25));color: #000000;color: light-dark(#000000, #ffffff);border-radius: 2px  Server   panel-layout hidden because permission=false {tenantId: cmrvvipw70000oyyo6123270j, userId: cmrvvipyc000aoyyodcu4tftb, roleKeys: Array(1)} @ http://localhost:3030/_next/static/chunks/04m2_next_dist_01d_w1-._.js:2431
[ 6913474ms] [LOG] [Fast Refresh] rebuilding @ http://localhost:3030/_next/static/chunks/04m2_next_dist_01d_w1-._.js:2431
[ 6913586ms] [LOG] [Fast Refresh] done in 213ms @ http://localhost:3030/_next/static/chunks/04m2_next_dist_01d_w1-._.js:2431
[ 6913700ms] [LOG] [Fast Refresh] rebuilding @ http://localhost:3030/_next/static/chunks/04m2_next_dist_01d_w1-._.js:2431
[ 6913731ms] [LOG] [Fast Refresh] done in 134ms @ http://localhost:3030/_next/static/chunks/04m2_next_dist_01d_w1-._.js:2431
[ 6913833ms] [LOG] [Fast Refresh] rebuilding @ http://localhost:3030/_next/static/chunks/04m2_next_dist_01d_w1-._.js:2431
[ 6913981ms] [LOG] [Fast Refresh] done in 248ms @ http://localhost:3030/_next/static/chunks/04m2_next_dist_01d_w1-._.js:2431
[ 6914331ms] [LOG] [Fast Refresh] rebuilding @ http://localhost:3030/_next/static/chunks/04m2_next_dist_01d_w1-._.js:2431
[ 6914432ms] [LOG] [Fast Refresh] done in 209ms @ http://localhost:3030/_next/static/chunks/04m2_next_dist_01d_w1-._.js:2431
[ 6914538ms] [LOG] [Fast Refresh] rebuilding @ http://localhost:3030/_next/static/chunks/04m2_next_dist_01d_w1-._.js:2431
[ 6914540ms] [LOG] [Fast Refresh] done in 103ms @ http://localhost:3030/_next/static/chunks/04m2_next_dist_01d_w1-._.js:2431
[ 6914561ms] [INFO] %c%s%c [setup-health] background: #e6e6e6;background: light-dark(rgba(0,0,0,0.1), rgba(255,255,255,0.25));color: #000000;color: light-dark(#000000, #ffffff);border-radius: 2px  Server   panel-layout hidden because permission=false {tenantId: cmrvvipw70000oyyo6123270j, userId: cmrvvipyc000aoyyodcu4tftb, roleKeys: Array(1)} @ http://localhost:3030/_next/static/chunks/04m2_next_dist_01d_w1-._.js:2431
[ 6914646ms] [LOG] [Fast Refresh] rebuilding @ http://localhost:3030/_next/static/chunks/04m2_next_dist_01d_w1-._.js:2431
[ 6914954ms] [LOG] [Fast Refresh] done in 413ms @ http://localhost:3030/_next/static/chunks/04m2_next_dist_01d_w1-._.js:2431
[ 6915092ms] [LOG] [Fast Refresh] rebuilding @ http://localhost:3030/_next/static/chunks/04m2_next_dist_01d_w1-._.js:2431
[ 6915159ms] [LOG] [Fast Refresh] done in 180ms @ http://localhost:3030/_next/static/chunks/04m2_next_dist_01d_w1-._.js:2431
[ 6915260ms] [LOG] [Fast Refresh] rebuilding @ http://localhost:3030/_next/static/chunks/04m2_next_dist_01d_w1-._.js:2431
[ 6915662ms] [INFO] %c%s%c [setup-health] background: #e6e6e6;background: light-dark(rgba(0,0,0,0.1), rgba(255,255,255,0.25));color: #000000;color: light-dark(#000000, #ffffff);border-radius: 2px  Server   panel-layout hidden because permission=false {tenantId: cmrvvipw70000oyyo6123270j, userId: cmrvvipyc000aoyyodcu4tftb, roleKeys: Array(1)} @ http://localhost:3030/_next/static/chunks/04m2_next_dist_01d_w1-._.js:2431
[ 6917717ms] [LOG] [Fast Refresh] done in 2556ms @ http://localhost:3030/_next/static/chunks/04m2_next_dist_01d_w1-._.js:2431
[ 6917824ms] [LOG] [Fast Refresh] rebuilding @ http://localhost:3030/_next/static/chunks/04m2_next_dist_01d_w1-._.js:2431
[ 6917903ms] [INFO] %c%s%c [setup-health] background: #e6e6e6;background: light-dark(rgba(0,0,0,0.1), rgba(255,255,255,0.25));color: #000000;color: light-dark(#000000, #ffffff);border-radius: 2px  Server   panel-layout hidden because permission=false {tenantId: cmrvvipw70000oyyo6123270j, userId: cmrvvipyc000aoyyodcu4tftb, roleKeys: Array(1)} @ http://localhost:3030/_next/static/chunks/04m2_next_dist_01d_w1-._.js:2431
[ 6918144ms] [LOG] [Fast Refresh] done in 425ms @ http://localhost:3030/_next/static/chunks/04m2_next_dist_01d_w1-._.js:2431
[ 6918329ms] [LOG] [Fast Refresh] rebuilding @ http://localhost:3030/_next/static/chunks/04m2_next_dist_01d_w1-._.js:2431
[ 6918515ms] [LOG] [Fast Refresh] done in 288ms @ http://localhost:3030/_next/static/chunks/04m2_next_dist_01d_w1-._.js:2431
[ 6918797ms] [INFO] %c%s%c [setup-health] background: #e6e6e6;background: light-dark(rgba(0,0,0,0.1), rgba(255,255,255,0.25));color: #000000;color: light-dark(#000000, #ffffff);border-radius: 2px  Server   panel-layout hidden because permission=false {tenantId: cmrvvipw70000oyyo6123270j, userId: cmrvvipyc000aoyyodcu4tftb, roleKeys: Array(1)} @ http://localhost:3030/_next/static/chunks/04m2_next_dist_01d_w1-._.js:2431
[ 6918900ms] [LOG] [Fast Refresh] rebuilding @ http://localhost:3030/_next/static/chunks/04m2_next_dist_01d_w1-._.js:2431
[ 6919095ms] [LOG] [Fast Refresh] done in 297ms @ http://localhost:3030/_next/static/chunks/04m2_next_dist_01d_w1-._.js:2431
[ 6919200ms] [LOG] [Fast Refresh] rebuilding @ http://localhost:3030/_next/static/chunks/04m2_next_dist_01d_w1-._.js:2431
[ 6919265ms] [LOG] [Fast Refresh] done in 165ms @ http://localhost:3030/_next/static/chunks/04m2_next_dist_01d_w1-._.js:2431
[ 6919385ms] [LOG] [Fast Refresh] rebuilding @ http://localhost:3030/_next/static/chunks/04m2_next_dist_01d_w1-._.js:2431
[ 6919505ms] [LOG] [Fast Refresh] done in 225ms @ http://localhost:3030/_next/static/chunks/04m2_next_dist_01d_w1-._.js:2431
[ 6919932ms] [LOG] [Fast Refresh] rebuilding @ http://localhost:3030/_next/static/chunks/04m2_next_dist_01d_w1-._.js:2431
[ 6919997ms] [LOG] [Fast Refresh] done in 173ms @ http://localhost:3030/_next/static/chunks/04m2_next_dist_01d_w1-._.js:2431
[ 6919999ms] [INFO] %c%s%c [setup-health] background: #e6e6e6;background: light-dark(rgba(0,0,0,0.1), rgba(255,255,255,0.25));color: #000000;color: light-dark(#000000, #ffffff);border-radius: 2px  Server   panel-layout hidden because permission=false {tenantId: cmrvvipw70000oyyo6123270j, userId: cmrvvipyc000aoyyodcu4tftb, roleKeys: Array(1)} @ http://localhost:3030/_next/static/chunks/04m2_next_dist_01d_w1-._.js:2431
[ 6920099ms] [LOG] [Fast Refresh] rebuilding @ http://localhost:3030/_next/static/chunks/04m2_next_dist_01d_w1-._.js:2431
[ 6920187ms] [LOG] [Fast Refresh] done in 190ms @ http://localhost:3030/_next/static/chunks/04m2_next_dist_01d_w1-._.js:2431
[ 6920300ms] [LOG] [Fast Refresh] rebuilding @ http://localhost:3030/_next/static/chunks/04m2_next_dist_01d_w1-._.js:2431
[ 6920426ms] [LOG] [Fast Refresh] done in 235ms @ http://localhost:3030/_next/static/chunks/04m2_next_dist_01d_w1-._.js:2431
[ 6920770ms] [LOG] [Fast Refresh] rebuilding @ http://localhost:3030/_next/static/chunks/04m2_next_dist_01d_w1-._.js:2431
[ 6920879ms] [LOG] [Fast Refresh] done in 210ms @ http://localhost:3030/_next/static/chunks/04m2_next_dist_01d_w1-._.js:2431
[ 6921049ms] [LOG] [Fast Refresh] rebuilding @ http://localhost:3030/_next/static/chunks/04m2_next_dist_01d_w1-._.js:2431
[ 6921066ms] [LOG] [Fast Refresh] done in 119ms @ http://localhost:3030/_next/static/chunks/04m2_next_dist_01d_w1-._.js:2431
[ 6921210ms] [INFO] %c%s%c [setup-health] background: #e6e6e6;background: light-dark(rgba(0,0,0,0.1), rgba(255,255,255,0.25));color: #000000;color: light-dark(#000000, #ffffff);border-radius: 2px  Server   panel-layout hidden because permission=false {tenantId: cmrvvipw70000oyyo6123270j, userId: cmrvvipyc000aoyyodcu4tftb, roleKeys: Array(1)} @ http://localhost:3030/_next/static/chunks/04m2_next_dist_01d_w1-._.js:2431
[ 6921452ms] [LOG] [Fast Refresh] rebuilding @ http://localhost:3030/_next/static/chunks/04m2_next_dist_01d_w1-._.js:2431
[ 6921553ms] [LOG] [Fast Refresh] done in 205ms @ http://localhost:3030/_next/static/chunks/04m2_next_dist_01d_w1-._.js:2431
[ 6921663ms] [LOG] [Fast Refresh] rebuilding @ http://localhost:3030/_next/static/chunks/04m2_next_dist_01d_w1-._.js:2431
[ 6921708ms] [LOG] [Fast Refresh] done in 154ms @ http://localhost:3030/_next/static/chunks/04m2_next_dist_01d_w1-._.js:2431
[ 6921813ms] [LOG] [Fast Refresh] rebuilding @ http://localhost:3030/_next/static/chunks/04m2_next_dist_01d_w1-._.js:2431
[ 6921984ms] [LOG] [Fast Refresh] done in 275ms @ http://localhost:3030/_next/static/chunks/04m2_next_dist_01d_w1-._.js:2431
[ 6922146ms] [LOG] [Fast Refresh] rebuilding @ http://localhost:3030/_next/static/chunks/04m2_next_dist_01d_w1-._.js:2431
[ 6922190ms] [LOG] [Fast Refresh] done in 150ms @ http://localhost:3030/_next/static/chunks/04m2_next_dist_01d_w1-._.js:2431
[ 6922302ms] [LOG] [Fast Refresh] rebuilding @ http://localhost:3030/_next/static/chunks/04m2_next_dist_01d_w1-._.js:2431
[ 6922400ms] [LOG] [Fast Refresh] done in 202ms @ http://localhost:3030/_next/static/chunks/04m2_next_dist_01d_w1-._.js:2431
[ 6922403ms] [INFO] %c%s%c [setup-health] background: #e6e6e6;background: light-dark(rgba(0,0,0,0.1), rgba(255,255,255,0.25));color: #000000;color: light-dark(#000000, #ffffff);border-radius: 2px  Server   panel-layout hidden because permission=false {tenantId: cmrvvipw70000oyyo6123270j, userId: cmrvvipyc000aoyyodcu4tftb, roleKeys: Array(1)} @ http://localhost:3030/_next/static/chunks/04m2_next_dist_01d_w1-._.js:2431
[ 6922502ms] [LOG] [Fast Refresh] rebuilding @ http://localhost:3030/_next/static/chunks/04m2_next_dist_01d_w1-._.js:2431
[ 6922603ms] [LOG] [Fast Refresh] done in 201ms @ http://localhost:3030/_next/static/chunks/04m2_next_dist_01d_w1-._.js:2431
[ 6922715ms] [LOG] [Fast Refresh] rebuilding @ http://localhost:3030/_next/static/chunks/04m2_next_dist_01d_w1-._.js:2431
[ 6922762ms] [LOG] [Fast Refresh] done in 147ms @ http://localhost:3030/_next/static/chunks/04m2_next_dist_01d_w1-._.js:2431
[ 6922876ms] [LOG] [Fast Refresh] rebuilding @ http://localhost:3030/_next/static/chunks/04m2_next_dist_01d_w1-._.js:2431
[ 6922945ms] [LOG] [Fast Refresh] done in 183ms @ http://localhost:3030/_next/static/chunks/04m2_next_dist_01d_w1-._.js:2431
[ 6923062ms] [LOG] [Fast Refresh] rebuilding @ http://localhost:3030/_next/static/chunks/04m2_next_dist_01d_w1-._.js:2431
[ 6923240ms] [LOG] [Fast Refresh] done in 290ms @ http://localhost:3030/_next/static/chunks/04m2_next_dist_01d_w1-._.js:2431
[ 6923600ms] [LOG] [Fast Refresh] rebuilding @ http://localhost:3030/_next/static/chunks/04m2_next_dist_01d_w1-._.js:2431
[ 6923628ms] [INFO] %c%s%c [setup-health] background: #e6e6e6;background: light-dark(rgba(0,0,0,0.1), rgba(255,255,255,0.25));color: #000000;color: light-dark(#000000, #ffffff);border-radius: 2px  Server   panel-layout hidden because permission=false {tenantId: cmrvvipw70000oyyo6123270j, userId: cmrvvipyc000aoyyodcu4tftb, roleKeys: Array(1)} @ http://localhost:3030/_next/static/chunks/04m2_next_dist_01d_w1-._.js:2431
[ 6923867ms] [LOG] [Fast Refresh] done in 376ms @ http://localhost:3030/_next/static/chunks/04m2_next_dist_01d_w1-._.js:2431
[ 6924879ms] [LOG] [Fast Refresh] rebuilding @ http://localhost:3030/_next/static/chunks/04m2_next_dist_01d_w1-._.js:2431
[ 6924993ms] [LOG] [Fast Refresh] done in 232ms @ http://localhost:3030/_next/static/chunks/04m2_next_dist_01d_w1-._.js:2431
[ 6925174ms] [LOG] [Fast Refresh] rebuilding @ http://localhost:3030/_next/static/chunks/04m2_next_dist_01d_w1-._.js:2431
[ 6925187ms] [LOG] [Fast Refresh] done in 116ms @ http://localhost:3030/_next/static/chunks/04m2_next_dist_01d_w1-._.js:2431
[ 6925289ms] [LOG] [Fast Refresh] rebuilding @ http://localhost:3030/_next/static/chunks/04m2_next_dist_01d_w1-._.js:2431
[ 6925294ms] [INFO] %c%s%c [setup-health] background: #e6e6e6;background: light-dark(rgba(0,0,0,0.1), rgba(255,255,255,0.25));color: #000000;color: light-dark(#000000, #ffffff);border-radius: 2px  Server   panel-layout hidden because permission=false {tenantId: cmrvvipw70000oyyo6123270j, userId: cmrvvipyc000aoyyodcu4tftb, roleKeys: Array(1)} @ http://localhost:3030/_next/static/chunks/04m2_next_dist_01d_w1-._.js:2431
[ 6925309ms] [LOG] [Fast Refresh] done in 122ms @ http://localhost:3030/_next/static/chunks/04m2_next_dist_01d_w1-._.js:2431
[ 6925422ms] [LOG] [Fast Refresh] rebuilding @ http://localhost:3030/_next/static/chunks/04m2_next_dist_01d_w1-._.js:2431
[ 6925533ms] [LOG] [Fast Refresh] done in 222ms @ http://localhost:3030/_next/static/chunks/04m2_next_dist_01d_w1-._.js:2431
[ 6925869ms] [LOG] [Fast Refresh] rebuilding @ http://localhost:3030/_next/static/chunks/04m2_next_dist_01d_w1-._.js:2431
[ 6925950ms] [LOG] [Fast Refresh] done in 190ms @ http://localhost:3030/_next/static/chunks/04m2_next_dist_01d_w1-._.js:2431
[ 6926064ms] [LOG] [Fast Refresh] rebuilding @ http://localhost:3030/_next/static/chunks/04m2_next_dist_01d_w1-._.js:2431
[ 6926097ms] [LOG] [Fast Refresh] done in 146ms @ http://localhost:3030/_next/static/chunks/04m2_next_dist_01d_w1-._.js:2431
[ 6926200ms] [LOG] [Fast Refresh] rebuilding @ http://localhost:3030/_next/static/chunks/04m2_next_dist_01d_w1-._.js:2431
[ 6926306ms] [LOG] [Fast Refresh] done in 207ms @ http://localhost:3030/_next/static/chunks/04m2_next_dist_01d_w1-._.js:2431
[ 6926409ms] [LOG] [Fast Refresh] rebuilding @ http://localhost:3030/_next/static/chunks/04m2_next_dist_01d_w1-._.js:2431
[ 6926456ms] [LOG] [Fast Refresh] done in 149ms @ http://localhost:3030/_next/static/chunks/04m2_next_dist_01d_w1-._.js:2431
[ 6926460ms] [INFO] %c%s%c [setup-health] background: #e6e6e6;background: light-dark(rgba(0,0,0,0.1), rgba(255,255,255,0.25));color: #000000;color: light-dark(#000000, #ffffff);border-radius: 2px  Server   panel-layout hidden because permission=false {tenantId: cmrvvipw70000oyyo6123270j, userId: cmrvvipyc000aoyyodcu4tftb, roleKeys: Array(1)} @ http://localhost:3030/_next/static/chunks/04m2_next_dist_01d_w1-._.js:2431
[ 6926558ms] [LOG] [Fast Refresh] rebuilding @ http://localhost:3030/_next/static/chunks/04m2_next_dist_01d_w1-._.js:2431
[ 6926629ms] [LOG] [Fast Refresh] done in 172ms @ http://localhost:3030/_next/static/chunks/04m2_next_dist_01d_w1-._.js:2431
[ 6926743ms] [LOG] [Fast Refresh] rebuilding @ http://localhost:3030/_next/static/chunks/04m2_next_dist_01d_w1-._.js:2431
[ 6926893ms] [LOG] [Fast Refresh] done in 252ms @ http://localhost:3030/_next/static/chunks/04m2_next_dist_01d_w1-._.js:2431
[ 6927520ms] [LOG] [Fast Refresh] rebuilding @ http://localhost:3030/_next/static/chunks/04m2_next_dist_01d_w1-._.js:2431
[ 6927534ms] [LOG] [Fast Refresh] done in 160ms @ http://localhost:3030/_next/static/chunks/04m2_next_dist_01d_w1-._.js:2431
[ 6927576ms] [INFO] %c%s%c [setup-health] background: #e6e6e6;background: light-dark(rgba(0,0,0,0.1), rgba(255,255,255,0.25));color: #000000;color: light-dark(#000000, #ffffff);border-radius: 2px  Server   panel-layout hidden because permission=false {tenantId: cmrvvipw70000oyyo6123270j, userId: cmrvvipyc000aoyyodcu4tftb, roleKeys: Array(1)} @ http://localhost:3030/_next/static/chunks/04m2_next_dist_01d_w1-._.js:2431
[ 6927866ms] [LOG] [Fast Refresh] rebuilding @ http://localhost:3030/_next/static/chunks/04m2_next_dist_01d_w1-._.js:2431
[ 6927960ms] [LOG] [Fast Refresh] done in 195ms @ http://localhost:3030/_next/static/chunks/04m2_next_dist_01d_w1-._.js:2431
[ 6928064ms] [LOG] [Fast Refresh] rebuilding @ http://localhost:3030/_next/static/chunks/04m2_next_dist_01d_w1-._.js:2431
[ 6928072ms] [LOG] [Fast Refresh] done in 109ms @ http://localhost:3030/_next/static/chunks/04m2_next_dist_01d_w1-._.js:2431
[ 6928182ms] [LOG] [Fast Refresh] rebuilding @ http://localhost:3030/_next/static/chunks/04m2_next_dist_01d_w1-._.js:2431
[ 6928374ms] [LOG] [Fast Refresh] done in 294ms @ http://localhost:3030/_next/static/chunks/04m2_next_dist_01d_w1-._.js:2431
[ 6928576ms] [LOG] [Fast Refresh] rebuilding @ http://localhost:3030/_next/static/chunks/04m2_next_dist_01d_w1-._.js:2431
[ 6928605ms] [LOG] [Fast Refresh] done in 130ms @ http://localhost:3030/_next/static/chunks/04m2_next_dist_01d_w1-._.js:2431
[ 6928695ms] [INFO] %c%s%c [setup-health] background: #e6e6e6;background: light-dark(rgba(0,0,0,0.1), rgba(255,255,255,0.25));color: #000000;color: light-dark(#000000, #ffffff);border-radius: 2px  Server   panel-layout hidden because permission=false {tenantId: cmrvvipw70000oyyo6123270j, userId: cmrvvipyc000aoyyodcu4tftb, roleKeys: Array(1)} @ http://localhost:3030/_next/static/chunks/04m2_next_dist_01d_w1-._.js:2431
[ 6928719ms] [LOG] [Fast Refresh] rebuilding @ http://localhost:3030/_next/static/chunks/04m2_next_dist_01d_w1-._.js:2431
[ 6928776ms] [LOG] [Fast Refresh] done in 159ms @ http://localhost:3030/_next/static/chunks/04m2_next_dist_01d_w1-._.js:2431
[ 6928878ms] [LOG] [Fast Refresh] rebuilding @ http://localhost:3030/_next/static/chunks/04m2_next_dist_01d_w1-._.js:2431
[ 6928952ms] [LOG] [Fast Refresh] done in 175ms @ http://localhost:3030/_next/static/chunks/04m2_next_dist_01d_w1-._.js:2431
[ 6929064ms] [LOG] [Fast Refresh] rebuilding @ http://localhost:3030/_next/static/chunks/04m2_next_dist_01d_w1-._.js:2431
[ 6929081ms] [LOG] [Fast Refresh] done in 119ms @ http://localhost:3030/_next/static/chunks/04m2_next_dist_01d_w1-._.js:2431
[ 6929413ms] [LOG] [Fast Refresh] rebuilding @ http://localhost:3030/_next/static/chunks/04m2_next_dist_01d_w1-._.js:2431
[ 6929546ms] [LOG] [Fast Refresh] done in 240ms @ http://localhost:3030/_next/static/chunks/04m2_next_dist_01d_w1-._.js:2431
[ 6929652ms] [LOG] [Fast Refresh] rebuilding @ http://localhost:3030/_next/static/chunks/04m2_next_dist_01d_w1-._.js:2431
[ 6929885ms] [LOG] [Fast Refresh] done in 335ms @ http://localhost:3030/_next/static/chunks/04m2_next_dist_01d_w1-._.js:2431
[ 6929899ms] [INFO] %c%s%c [setup-health] background: #e6e6e6;background: light-dark(rgba(0,0,0,0.1), rgba(255,255,255,0.25));color: #000000;color: light-dark(#000000, #ffffff);border-radius: 2px  Server   panel-layout hidden because permission=false {tenantId: cmrvvipw70000oyyo6123270j, userId: cmrvvipyc000aoyyodcu4tftb, roleKeys: Array(1)} @ http://localhost:3030/_next/static/chunks/04m2_next_dist_01d_w1-._.js:2431
[ 6930058ms] [LOG] [Fast Refresh] rebuilding @ http://localhost:3030/_next/static/chunks/04m2_next_dist_01d_w1-._.js:2431
[ 6930271ms] [LOG] [Fast Refresh] done in 332ms @ http://localhost:3030/_next/static/chunks/04m2_next_dist_01d_w1-._.js:2431
[ 6930272ms] [LOG] [Fast Refresh] rebuilding @ http://localhost:3030/_next/static/chunks/04m2_next_dist_01d_w1-._.js:2431
[ 6931613ms] [LOG] [Fast Refresh] done in 1335ms @ http://localhost:3030/_next/static/chunks/04m2_next_dist_01d_w1-._.js:2431
[ 6931646ms] [INFO] %c%s%c [setup-health] background: #e6e6e6;background: light-dark(rgba(0,0,0,0.1), rgba(255,255,255,0.25));color: #000000;color: light-dark(#000000, #ffffff);border-radius: 2px  Server   panel-layout hidden because permission=false {tenantId: cmrvvipw70000oyyo6123270j, userId: cmrvvipyc000aoyyodcu4tftb, roleKeys: Array(1)} @ http://localhost:3030/_next/static/chunks/04m2_next_dist_01d_w1-._.js:2431
[ 6931746ms] [LOG] [Fast Refresh] rebuilding @ http://localhost:3030/_next/static/chunks/04m2_next_dist_01d_w1-._.js:2431
[ 6932052ms] [LOG] [Fast Refresh] done in 406ms @ http://localhost:3030/_next/static/chunks/04m2_next_dist_01d_w1-._.js:2431
[ 6932058ms] [INFO] %c%s%c [setup-health] background: #e6e6e6;background: light-dark(rgba(0,0,0,0.1), rgba(255,255,255,0.25));color: #000000;color: light-dark(#000000, #ffffff);border-radius: 2px  Server   panel-layout hidden because permission=false {tenantId: cmrvvipw70000oyyo6123270j, userId: cmrvvipyc000aoyyodcu4tftb, roleKeys: Array(1)} @ http://localhost:3030/_next/static/chunks/04m2_next_dist_01d_w1-._.js:2431
[ 6932390ms] [LOG] [Fast Refresh] rebuilding @ http://localhost:3030/_next/static/chunks/04m2_next_dist_01d_w1-._.js:2431
[ 6932394ms] [LOG] [Fast Refresh] done in 108ms @ http://localhost:3030/_next/static/chunks/04m2_next_dist_01d_w1-._.js:2431
[ 6932506ms] [LOG] [Fast Refresh] rebuilding @ http://localhost:3030/_next/static/chunks/04m2_next_dist_01d_w1-._.js:2431
[ 6932708ms] [LOG] [Fast Refresh] done in 307ms @ http://localhost:3030/_next/static/chunks/04m2_next_dist_01d_w1-._.js:2431
[ 6932815ms] [LOG] [Fast Refresh] rebuilding @ http://localhost:3030/_next/static/chunks/04m2_next_dist_01d_w1-._.js:2431
[ 6932869ms] [LOG] [Fast Refresh] done in 158ms @ http://localhost:3030/_next/static/chunks/04m2_next_dist_01d_w1-._.js:2431
[ 6932973ms] [LOG] [Fast Refresh] rebuilding @ http://localhost:3030/_next/static/chunks/04m2_next_dist_01d_w1-._.js:2431
[ 6933137ms] [LOG] [Fast Refresh] done in 267ms @ http://localhost:3030/_next/static/chunks/04m2_next_dist_01d_w1-._.js:2431
[ 6933240ms] [LOG] [Fast Refresh] rebuilding @ http://localhost:3030/_next/static/chunks/04m2_next_dist_01d_w1-._.js:2431
[ 6933384ms] [LOG] [Fast Refresh] done in 246ms @ http://localhost:3030/_next/static/chunks/04m2_next_dist_01d_w1-._.js:2431
[ 6933391ms] [INFO] %c%s%c [setup-health] background: #e6e6e6;background: light-dark(rgba(0,0,0,0.1), rgba(255,255,255,0.25));color: #000000;color: light-dark(#000000, #ffffff);border-radius: 2px  Server   panel-layout hidden because permission=false {tenantId: cmrvvipw70000oyyo6123270j, userId: cmrvvipyc000aoyyodcu4tftb, roleKeys: Array(1)} @ http://localhost:3030/_next/static/chunks/04m2_next_dist_01d_w1-._.js:2431
[ 6933683ms] [LOG] [Fast Refresh] rebuilding @ http://localhost:3030/_next/static/chunks/04m2_next_dist_01d_w1-._.js:2431
[ 6933765ms] [LOG] [Fast Refresh] done in 185ms @ http://localhost:3030/_next/static/chunks/04m2_next_dist_01d_w1-._.js:2431
[ 6933972ms] [LOG] [Fast Refresh] rebuilding @ http://localhost:3030/_next/static/chunks/04m2_next_dist_01d_w1-._.js:2431
[ 6934043ms] [LOG] [Fast Refresh] done in 175ms @ http://localhost:3030/_next/static/chunks/04m2_next_dist_01d_w1-._.js:2431
[ 6934146ms] [LOG] [Fast Refresh] rebuilding @ http://localhost:3030/_next/static/chunks/04m2_next_dist_01d_w1-._.js:2431
[ 6934295ms] [LOG] [Fast Refresh] done in 250ms @ http://localhost:3030/_next/static/chunks/04m2_next_dist_01d_w1-._.js:2431
[ 6934497ms] [LOG] [Fast Refresh] rebuilding @ http://localhost:3030/_next/static/chunks/04m2_next_dist_01d_w1-._.js:2431
[ 6934540ms] [INFO] %c%s%c [setup-health] background: #e6e6e6;background: light-dark(rgba(0,0,0,0.1), rgba(255,255,255,0.25));color: #000000;color: light-dark(#000000, #ffffff);border-radius: 2px  Server   panel-layout hidden because permission=false {tenantId: cmrvvipw70000oyyo6123270j, userId: cmrvvipyc000aoyyodcu4tftb, roleKeys: Array(1)} @ http://localhost:3030/_next/static/chunks/04m2_next_dist_01d_w1-._.js:2431
[ 6934576ms] [LOG] [Fast Refresh] done in 184ms @ http://localhost:3030/_next/static/chunks/04m2_next_dist_01d_w1-._.js:2431
[ 6934680ms] [LOG] [Fast Refresh] rebuilding @ http://localhost:3030/_next/static/chunks/04m2_next_dist_01d_w1-._.js:2431
[ 6934738ms] [LOG] [Fast Refresh] done in 159ms @ http://localhost:3030/_next/static/chunks/04m2_next_dist_01d_w1-._.js:2431
[ 6934840ms] [LOG] [Fast Refresh] rebuilding @ http://localhost:3030/_next/static/chunks/04m2_next_dist_01d_w1-._.js:2431
[ 6934926ms] [LOG] [Fast Refresh] done in 186ms @ http://localhost:3030/_next/static/chunks/04m2_next_dist_01d_w1-._.js:2431
[ 6935033ms] [LOG] [Fast Refresh] rebuilding @ http://localhost:3030/_next/static/chunks/04m2_next_dist_01d_w1-._.js:2431
[ 6935082ms] [LOG] [Fast Refresh] done in 147ms @ http://localhost:3030/_next/static/chunks/04m2_next_dist_01d_w1-._.js:2431
[ 6935282ms] [LOG] [Fast Refresh] rebuilding @ http://localhost:3030/_next/static/chunks/04m2_next_dist_01d_w1-._.js:2431
[ 6935471ms] [LOG] [Fast Refresh] done in 292ms @ http://localhost:3030/_next/static/chunks/04m2_next_dist_01d_w1-._.js:2431
[ 6935574ms] [LOG] [Fast Refresh] rebuilding @ http://localhost:3030/_next/static/chunks/04m2_next_dist_01d_w1-._.js:2431
[ 6935634ms] [LOG] [Fast Refresh] done in 162ms @ http://localhost:3030/_next/static/chunks/04m2_next_dist_01d_w1-._.js:2431
[ 6935641ms] [INFO] %c%s%c [setup-health] background: #e6e6e6;background: light-dark(rgba(0,0,0,0.1), rgba(255,255,255,0.25));color: #000000;color: light-dark(#000000, #ffffff);border-radius: 2px  Server   panel-layout hidden because permission=false {tenantId: cmrvvipw70000oyyo6123270j, userId: cmrvvipyc000aoyyodcu4tftb, roleKeys: Array(1)} @ http://localhost:3030/_next/static/chunks/04m2_next_dist_01d_w1-._.js:2431
[ 6935738ms] [LOG] [Fast Refresh] rebuilding @ http://localhost:3030/_next/static/chunks/04m2_next_dist_01d_w1-._.js:2431
[ 6935793ms] [LOG] [Fast Refresh] done in 158ms @ http://localhost:3030/_next/static/chunks/04m2_next_dist_01d_w1-._.js:2431
[ 6935906ms] [LOG] [Fast Refresh] rebuilding @ http://localhost:3030/_next/static/chunks/04m2_next_dist_01d_w1-._.js:2431
[ 6935939ms] [LOG] [Fast Refresh] done in 144ms @ http://localhost:3030/_next/static/chunks/04m2_next_dist_01d_w1-._.js:2431
[ 6936041ms] [LOG] [Fast Refresh] rebuilding @ http://localhost:3030/_next/static/chunks/04m2_next_dist_01d_w1-._.js:2431
[ 6936111ms] [LOG] [Fast Refresh] done in 172ms @ http://localhost:3030/_next/static/chunks/04m2_next_dist_01d_w1-._.js:2431
[ 6936415ms] [LOG] [Fast Refresh] rebuilding @ http://localhost:3030/_next/static/chunks/04m2_next_dist_01d_w1-._.js:2431
[ 6936551ms] [LOG] [Fast Refresh] done in 236ms @ http://localhost:3030/_next/static/chunks/04m2_next_dist_01d_w1-._.js:2431
[ 6936655ms] [LOG] [Fast Refresh] rebuilding @ http://localhost:3030/_next/static/chunks/04m2_next_dist_01d_w1-._.js:2431
[ 6936753ms] [LOG] [Fast Refresh] done in 201ms @ http://localhost:3030/_next/static/chunks/04m2_next_dist_01d_w1-._.js:2431
[ 6936760ms] [INFO] %c%s%c [setup-health] background: #e6e6e6;background: light-dark(rgba(0,0,0,0.1), rgba(255,255,255,0.25));color: #000000;color: light-dark(#000000, #ffffff);border-radius: 2px  Server   panel-layout hidden because permission=false {tenantId: cmrvvipw70000oyyo6123270j, userId: cmrvvipyc000aoyyodcu4tftb, roleKeys: Array(1)} @ http://localhost:3030/_next/static/chunks/04m2_next_dist_01d_w1-._.js:2431
[ 6936867ms] [LOG] [Fast Refresh] rebuilding @ http://localhost:3030/_next/static/chunks/04m2_next_dist_01d_w1-._.js:2431
[ 6936887ms] [LOG] [Fast Refresh] done in 127ms @ http://localhost:3030/_next/static/chunks/04m2_next_dist_01d_w1-._.js:2431
[ 6936991ms] [LOG] [Fast Refresh] rebuilding @ http://localhost:3030/_next/static/chunks/04m2_next_dist_01d_w1-._.js:2431
[ 6937138ms] [LOG] [Fast Refresh] done in 250ms @ http://localhost:3030/_next/static/chunks/04m2_next_dist_01d_w1-._.js:2431
[ 6937376ms] [LOG] [Fast Refresh] rebuilding @ http://localhost:3030/_next/static/chunks/04m2_next_dist_01d_w1-._.js:2431
[ 6937403ms] [LOG] [Fast Refresh] done in 131ms @ http://localhost:3030/_next/static/chunks/04m2_next_dist_01d_w1-._.js:2431
[ 6937508ms] [LOG] [Fast Refresh] rebuilding @ http://localhost:3030/_next/static/chunks/04m2_next_dist_01d_w1-._.js:2431
[ 6937620ms] [LOG] [Fast Refresh] done in 217ms @ http://localhost:3030/_next/static/chunks/04m2_next_dist_01d_w1-._.js:2431
[ 6937830ms] [LOG] [Fast Refresh] rebuilding @ http://localhost:3030/_next/static/chunks/04m2_next_dist_01d_w1-._.js:2431
[ 6937885ms] [INFO] %c%s%c [setup-health] background: #e6e6e6;background: light-dark(rgba(0,0,0,0.1), rgba(255,255,255,0.25));color: #000000;color: light-dark(#000000, #ffffff);border-radius: 2px  Server   panel-layout hidden because permission=false {tenantId: cmrvvipw70000oyyo6123270j, userId: cmrvvipyc000aoyyodcu4tftb, roleKeys: Array(1)} @ http://localhost:3030/_next/static/chunks/04m2_next_dist_01d_w1-._.js:2431
[ 6937914ms] [LOG] [Fast Refresh] done in 186ms @ http://localhost:3030/_next/static/chunks/04m2_next_dist_01d_w1-._.js:2431
[ 6938042ms] [LOG] [Fast Refresh] rebuilding @ http://localhost:3030/_next/static/chunks/04m2_next_dist_01d_w1-._.js:2431
[ 6938208ms] [LOG] [Fast Refresh] done in 270ms @ http://localhost:3030/_next/static/chunks/04m2_next_dist_01d_w1-._.js:2431
[ 6938448ms] [LOG] [Fast Refresh] rebuilding @ http://localhost:3030/_next/static/chunks/04m2_next_dist_01d_w1-._.js:2431
[ 6938534ms] [LOG] [Fast Refresh] done in 191ms @ http://localhost:3030/_next/static/chunks/04m2_next_dist_01d_w1-._.js:2431
[ 6938640ms] [LOG] [Fast Refresh] rebuilding @ http://localhost:3030/_next/static/chunks/04m2_next_dist_01d_w1-._.js:2431
[ 6938881ms] [LOG] [Fast Refresh] done in 344ms @ http://localhost:3030/_next/static/chunks/04m2_next_dist_01d_w1-._.js:2431
[ 6938994ms] [LOG] [Fast Refresh] rebuilding @ http://localhost:3030/_next/static/chunks/04m2_next_dist_01d_w1-._.js:2431
[ 6939033ms] [LOG] [Fast Refresh] done in 144ms @ http://localhost:3030/_next/static/chunks/04m2_next_dist_01d_w1-._.js:2431
[ 6939034ms] [INFO] %c%s%c [setup-health] background: #e6e6e6;background: light-dark(rgba(0,0,0,0.1), rgba(255,255,255,0.25));color: #000000;color: light-dark(#000000, #ffffff);border-radius: 2px  Server   panel-layout hidden because permission=false {tenantId: cmrvvipw70000oyyo6123270j, userId: cmrvvipyc000aoyyodcu4tftb, roleKeys: Array(1)} @ http://localhost:3030/_next/static/chunks/04m2_next_dist_01d_w1-._.js:2431
[ 6939135ms] [LOG] [Fast Refresh] rebuilding @ http://localhost:3030/_next/static/chunks/04m2_next_dist_01d_w1-._.js:2431
[ 6939205ms] [LOG] [Fast Refresh] done in 172ms @ http://localhost:3030/_next/static/chunks/04m2_next_dist_01d_w1-._.js:2431
[ 6939326ms] [LOG] [Fast Refresh] rebuilding @ http://localhost:3030/_next/static/chunks/04m2_next_dist_01d_w1-._.js:2431
[ 6939487ms] [LOG] [Fast Refresh] done in 264ms @ http://localhost:3030/_next/static/chunks/04m2_next_dist_01d_w1-._.js:2431
[ 6939816ms] [LOG] [Fast Refresh] rebuilding @ http://localhost:3030/_next/static/chunks/04m2_next_dist_01d_w1-._.js:2431
[ 6939862ms] [LOG] [Fast Refresh] done in 147ms @ http://localhost:3030/_next/static/chunks/04m2_next_dist_01d_w1-._.js:2431
[ 6940035ms] [LOG] [Fast Refresh] rebuilding @ http://localhost:3030/_next/static/chunks/04m2_next_dist_01d_w1-._.js:2431
[ 6940061ms] [LOG] [Fast Refresh] done in 198ms @ http://localhost:3030/_next/static/chunks/04m2_next_dist_01d_w1-._.js:2431
[ 6940140ms] [INFO] %c%s%c [setup-health] background: #e6e6e6;background: light-dark(rgba(0,0,0,0.1), rgba(255,255,255,0.25));color: #000000;color: light-dark(#000000, #ffffff);border-radius: 2px  Server   panel-layout hidden because permission=false {tenantId: cmrvvipw70000oyyo6123270j, userId: cmrvvipyc000aoyyodcu4tftb, roleKeys: Array(1)} @ http://localhost:3030/_next/static/chunks/04m2_next_dist_01d_w1-._.js:2431
[ 6940311ms] [LOG] [Fast Refresh] rebuilding @ http://localhost:3030/_next/static/chunks/04m2_next_dist_01d_w1-._.js:2431
[ 6940401ms] [LOG] [Fast Refresh] done in 196ms @ http://localhost:3030/_next/static/chunks/04m2_next_dist_01d_w1-._.js:2431
[ 6940508ms] [LOG] [Fast Refresh] rebuilding @ http://localhost:3030/_next/static/chunks/04m2_next_dist_01d_w1-._.js:2431
[ 6940569ms] [LOG] [Fast Refresh] done in 166ms @ http://localhost:3030/_next/static/chunks/04m2_next_dist_01d_w1-._.js:2431
[ 6940682ms] [LOG] [Fast Refresh] rebuilding @ http://localhost:3030/_next/static/chunks/04m2_next_dist_01d_w1-._.js:2431
[ 6940794ms] [LOG] [Fast Refresh] done in 225ms @ http://localhost:3030/_next/static/chunks/04m2_next_dist_01d_w1-._.js:2431
[ 6940992ms] [LOG] [Fast Refresh] rebuilding @ http://localhost:3030/_next/static/chunks/04m2_next_dist_01d_w1-._.js:2431
[ 6941114ms] [LOG] [Fast Refresh] done in 224ms @ http://localhost:3030/_next/static/chunks/04m2_next_dist_01d_w1-._.js:2431
[ 6941222ms] [LOG] [Fast Refresh] rebuilding @ http://localhost:3030/_next/static/chunks/04m2_next_dist_01d_w1-._.js:2431
[ 6941245ms] [INFO] %c%s%c [setup-health] background: #e6e6e6;background: light-dark(rgba(0,0,0,0.1), rgba(255,255,255,0.25));color: #000000;color: light-dark(#000000, #ffffff);border-radius: 2px  Server   panel-layout hidden because permission=false {tenantId: cmrvvipw70000oyyo6123270j, userId: cmrvvipyc000aoyyodcu4tftb, roleKeys: Array(1)} @ http://localhost:3030/_next/static/chunks/04m2_next_dist_01d_w1-._.js:2431
[ 6941410ms] [LOG] [Fast Refresh] done in 294ms @ http://localhost:3030/_next/static/chunks/04m2_next_dist_01d_w1-._.js:2431
[ 6941522ms] [LOG] [Fast Refresh] rebuilding @ http://localhost:3030/_next/static/chunks/04m2_next_dist_01d_w1-._.js:2431
[ 6941618ms] [LOG] [Fast Refresh] done in 201ms @ http://localhost:3030/_next/static/chunks/04m2_next_dist_01d_w1-._.js:2431
[ 6942020ms] [LOG] [Fast Refresh] rebuilding @ http://localhost:3030/_next/static/chunks/04m2_next_dist_01d_w1-._.js:2431
[ 6942170ms] [LOG] [Fast Refresh] done in 255ms @ http://localhost:3030/_next/static/chunks/04m2_next_dist_01d_w1-._.js:2431
[ 6942277ms] [LOG] [Fast Refresh] rebuilding @ http://localhost:3030/_next/static/chunks/04m2_next_dist_01d_w1-._.js:2431
[ 6942410ms] [INFO] %c%s%c [setup-health] background: #e6e6e6;background: light-dark(rgba(0,0,0,0.1), rgba(255,255,255,0.25));color: #000000;color: light-dark(#000000, #ffffff);border-radius: 2px  Server   panel-layout hidden because permission=false {tenantId: cmrvvipw70000oyyo6123270j, userId: cmrvvipyc000aoyyodcu4tftb, roleKeys: Array(1)} @ http://localhost:3030/_next/static/chunks/04m2_next_dist_01d_w1-._.js:2431
[ 6942433ms] [LOG] [Fast Refresh] done in 258ms @ http://localhost:3030/_next/static/chunks/04m2_next_dist_01d_w1-._.js:2431
[ 6942688ms] [LOG] [Fast Refresh] rebuilding @ http://localhost:3030/_next/static/chunks/04m2_next_dist_01d_w1-._.js:2431
[ 6942783ms] [LOG] [Fast Refresh] done in 202ms @ http://localhost:3030/_next/static/chunks/04m2_next_dist_01d_w1-._.js:2431
[ 6942925ms] [LOG] [Fast Refresh] rebuilding @ http://localhost:3030/_next/static/chunks/04m2_next_dist_01d_w1-._.js:2431
[ 6942951ms] [LOG] [Fast Refresh] done in 128ms @ http://localhost:3030/_next/static/chunks/04m2_next_dist_01d_w1-._.js:2431
[ 6943056ms] [LOG] [Fast Refresh] rebuilding @ http://localhost:3030/_next/static/chunks/04m2_next_dist_01d_w1-._.js:2431
[ 6943157ms] [LOG] [Fast Refresh] done in 203ms @ http://localhost:3030/_next/static/chunks/04m2_next_dist_01d_w1-._.js:2431
[ 6943268ms] [LOG] [Fast Refresh] rebuilding @ http://localhost:3030/_next/static/chunks/04m2_next_dist_01d_w1-._.js:2431
[ 6943304ms] [LOG] [Fast Refresh] done in 147ms @ http://localhost:3030/_next/static/chunks/04m2_next_dist_01d_w1-._.js:2431
[ 6943417ms] [LOG] [Fast Refresh] rebuilding @ http://localhost:3030/_next/static/chunks/04m2_next_dist_01d_w1-._.js:2431
[ 6943571ms] [LOG] [Fast Refresh] done in 259ms @ http://localhost:3030/_next/static/chunks/04m2_next_dist_01d_w1-._.js:2431
[ 6943581ms] [INFO] %c%s%c [setup-health] background: #e6e6e6;background: light-dark(rgba(0,0,0,0.1), rgba(255,255,255,0.25));color: #000000;color: light-dark(#000000, #ffffff);border-radius: 2px  Server   panel-layout hidden because permission=false {tenantId: cmrvvipw70000oyyo6123270j, userId: cmrvvipyc000aoyyodcu4tftb, roleKeys: Array(1)} @ http://localhost:3030/_next/static/chunks/04m2_next_dist_01d_w1-._.js:2431
[ 6943835ms] [LOG] [Fast Refresh] rebuilding @ http://localhost:3030/_next/static/chunks/04m2_next_dist_01d_w1-._.js:2431
[ 6943917ms] [LOG] [Fast Refresh] done in 184ms @ http://localhost:3030/_next/static/chunks/04m2_next_dist_01d_w1-._.js:2431
[ 6944022ms] [LOG] [Fast Refresh] rebuilding @ http://localhost:3030/_next/static/chunks/04m2_next_dist_01d_w1-._.js:2431
[ 6944024ms] [LOG] [Fast Refresh] done in 106ms @ http://localhost:3030/_next/static/chunks/04m2_next_dist_01d_w1-._.js:2431
[ 6944125ms] [LOG] [Fast Refresh] rebuilding @ http://localhost:3030/_next/static/chunks/04m2_next_dist_01d_w1-._.js:2431
[ 6944154ms] [LOG] [Fast Refresh] done in 130ms @ http://localhost:3030/_next/static/chunks/04m2_next_dist_01d_w1-._.js:2431
[ 6944432ms] [LOG] [Fast Refresh] rebuilding @ http://localhost:3030/_next/static/chunks/04m2_next_dist_01d_w1-._.js:2431
[ 6944554ms] [LOG] [Fast Refresh] done in 223ms @ http://localhost:3030/_next/static/chunks/04m2_next_dist_01d_w1-._.js:2431
[ 6944656ms] [LOG] [Fast Refresh] rebuilding @ http://localhost:3030/_next/static/chunks/04m2_next_dist_01d_w1-._.js:2431
[ 6944683ms] [LOG] [Fast Refresh] done in 128ms @ http://localhost:3030/_next/static/chunks/04m2_next_dist_01d_w1-._.js:2431
[ 6944713ms] [INFO] %c%s%c [setup-health] background: #e6e6e6;background: light-dark(rgba(0,0,0,0.1), rgba(255,255,255,0.25));color: #000000;color: light-dark(#000000, #ffffff);border-radius: 2px  Server   panel-layout hidden because permission=false {tenantId: cmrvvipw70000oyyo6123270j, userId: cmrvvipyc000aoyyodcu4tftb, roleKeys: Array(1)} @ http://localhost:3030/_next/static/chunks/04m2_next_dist_01d_w1-._.js:2431
[ 6944790ms] [LOG] [Fast Refresh] rebuilding @ http://localhost:3030/_next/static/chunks/04m2_next_dist_01d_w1-._.js:2431
[ 6944980ms] [LOG] [Fast Refresh] done in 295ms @ http://localhost:3030/_next/static/chunks/04m2_next_dist_01d_w1-._.js:2431
[ 6945259ms] [LOG] [Fast Refresh] rebuilding @ http://localhost:3030/_next/static/chunks/04m2_next_dist_01d_w1-._.js:2431
[ 6945272ms] [LOG] [Fast Refresh] done in 113ms @ http://localhost:3030/_next/static/chunks/04m2_next_dist_01d_w1-._.js:2431
[ 6945395ms] [LOG] [Fast Refresh] rebuilding @ http://localhost:3030/_next/static/chunks/04m2_next_dist_01d_w1-._.js:2431
[ 6945435ms] [LOG] [Fast Refresh] done in 161ms @ http://localhost:3030/_next/static/chunks/04m2_next_dist_01d_w1-._.js:2431
[ 6945545ms] [LOG] [Fast Refresh] rebuilding @ http://localhost:3030/_next/static/chunks/04m2_next_dist_01d_w1-._.js:2431
[ 6945716ms] [LOG] [Fast Refresh] done in 279ms @ http://localhost:3030/_next/static/chunks/04m2_next_dist_01d_w1-._.js:2431
[ 6945832ms] [LOG] [Fast Refresh] rebuilding @ http://localhost:3030/_next/static/chunks/04m2_next_dist_01d_w1-._.js:2431
[ 6945889ms] [LOG] [Fast Refresh] done in 165ms @ http://localhost:3030/_next/static/chunks/04m2_next_dist_01d_w1-._.js:2431
[ 6945891ms] [INFO] %c%s%c [setup-health] background: #e6e6e6;background: light-dark(rgba(0,0,0,0.1), rgba(255,255,255,0.25));color: #000000;color: light-dark(#000000, #ffffff);border-radius: 2px  Server   panel-layout hidden because permission=false {tenantId: cmrvvipw70000oyyo6123270j, userId: cmrvvipyc000aoyyodcu4tftb, roleKeys: Array(1)} @ http://localhost:3030/_next/static/chunks/04m2_next_dist_01d_w1-._.js:2431
[ 6945990ms] [LOG] [Fast Refresh] rebuilding @ http://localhost:3030/_next/static/chunks/04m2_next_dist_01d_w1-._.js:2431
[ 6945994ms] [LOG] [Fast Refresh] done in 105ms @ http://localhost:3030/_next/static/chunks/04m2_next_dist_01d_w1-._.js:2431
[ 6946096ms] [LOG] [Fast Refresh] rebuilding @ http://localhost:3030/_next/static/chunks/04m2_next_dist_01d_w1-._.js:2431
[ 6946114ms] [LOG] [Fast Refresh] done in 118ms @ http://localhost:3030/_next/static/chunks/04m2_next_dist_01d_w1-._.js:2431
[ 6946216ms] [LOG] [Fast Refresh] rebuilding @ http://localhost:3030/_next/static/chunks/04m2_next_dist_01d_w1-._.js:2431
[ 6946343ms] [LOG] [Fast Refresh] done in 229ms @ http://localhost:3030/_next/static/chunks/04m2_next_dist_01d_w1-._.js:2431
[ 6946581ms] [LOG] [Fast Refresh] rebuilding @ http://localhost:3030/_next/static/chunks/04m2_next_dist_01d_w1-._.js:2431
[ 6946623ms] [LOG] [Fast Refresh] done in 144ms @ http://localhost:3030/_next/static/chunks/04m2_next_dist_01d_w1-._.js:2431
[ 6946728ms] [LOG] [Fast Refresh] rebuilding @ http://localhost:3030/_next/static/chunks/04m2_next_dist_01d_w1-._.js:2431
[ 6946861ms] [LOG] [Fast Refresh] done in 237ms @ http://localhost:3030/_next/static/chunks/04m2_next_dist_01d_w1-._.js:2431
[ 6947039ms] [INFO] %c%s%c [setup-health] background: #e6e6e6;background: light-dark(rgba(0,0,0,0.1), rgba(255,255,255,0.25));color: #000000;color: light-dark(#000000, #ffffff);border-radius: 2px  Server   panel-layout hidden because permission=false {tenantId: cmrvvipw70000oyyo6123270j, userId: cmrvvipyc000aoyyodcu4tftb, roleKeys: Array(1)} @ http://localhost:3030/_next/static/chunks/04m2_next_dist_01d_w1-._.js:2431
[ 6947546ms] [LOG] [Fast Refresh] rebuilding @ http://localhost:3030/_next/static/chunks/04m2_next_dist_01d_w1-._.js:2431
[ 6947613ms] [LOG] [Fast Refresh] done in 173ms @ http://localhost:3030/_next/static/chunks/04m2_next_dist_01d_w1-._.js:2431
[ 6947725ms] [LOG] [Fast Refresh] rebuilding @ http://localhost:3030/_next/static/chunks/04m2_next_dist_01d_w1-._.js:2431
[ 6947755ms] [LOG] [Fast Refresh] done in 133ms @ http://localhost:3030/_next/static/chunks/04m2_next_dist_01d_w1-._.js:2431
[ 6947858ms] [LOG] [Fast Refresh] rebuilding @ http://localhost:3030/_next/static/chunks/04m2_next_dist_01d_w1-._.js:2431
[ 6947992ms] [LOG] [Fast Refresh] done in 234ms @ http://localhost:3030/_next/static/chunks/04m2_next_dist_01d_w1-._.js:2431
[ 6948099ms] [LOG] [Fast Refresh] rebuilding @ http://localhost:3030/_next/static/chunks/04m2_next_dist_01d_w1-._.js:2431
[ 6948155ms] [LOG] [Fast Refresh] done in 160ms @ http://localhost:3030/_next/static/chunks/04m2_next_dist_01d_w1-._.js:2431
[ 6948156ms] [INFO] %c%s%c [setup-health] background: #e6e6e6;background: light-dark(rgba(0,0,0,0.1), rgba(255,255,255,0.25));color: #000000;color: light-dark(#000000, #ffffff);border-radius: 2px  Server   panel-layout hidden because permission=false {tenantId: cmrvvipw70000oyyo6123270j, userId: cmrvvipyc000aoyyodcu4tftb, roleKeys: Array(1)} @ http://localhost:3030/_next/static/chunks/04m2_next_dist_01d_w1-._.js:2431
[ 6948258ms] [LOG] [Fast Refresh] rebuilding @ http://localhost:3030/_next/static/chunks/04m2_next_dist_01d_w1-._.js:2431
[ 6948398ms] [LOG] [Fast Refresh] done in 243ms @ http://localhost:3030/_next/static/chunks/04m2_next_dist_01d_w1-._.js:2431
[ 6948661ms] [LOG] [Fast Refresh] rebuilding @ http://localhost:3030/_next/static/chunks/04m2_next_dist_01d_w1-._.js:2431
[ 6948663ms] [LOG] [Fast Refresh] done in 111ms @ http://localhost:3030/_next/static/chunks/04m2_next_dist_01d_w1-._.js:2431
[ 6948765ms] [LOG] [Fast Refresh] rebuilding @ http://localhost:3030/_next/static/chunks/04m2_next_dist_01d_w1-._.js:2431
[ 6948837ms] [LOG] [Fast Refresh] done in 174ms @ http://localhost:3030/_next/static/chunks/04m2_next_dist_01d_w1-._.js:2431
[ 6948950ms] [LOG] [Fast Refresh] rebuilding @ http://localhost:3030/_next/static/chunks/04m2_next_dist_01d_w1-._.js:2431
[ 6949049ms] [LOG] [Fast Refresh] done in 212ms @ http://localhost:3030/_next/static/chunks/04m2_next_dist_01d_w1-._.js:2431
[ 6949152ms] [LOG] [Fast Refresh] rebuilding @ http://localhost:3030/_next/static/chunks/04m2_next_dist_01d_w1-._.js:2431
[ 6949210ms] [LOG] [Fast Refresh] done in 160ms @ http://localhost:3030/_next/static/chunks/04m2_next_dist_01d_w1-._.js:2431
[ 6949237ms] [INFO] %c%s%c [setup-health] background: #e6e6e6;background: light-dark(rgba(0,0,0,0.1), rgba(255,255,255,0.25));color: #000000;color: light-dark(#000000, #ffffff);border-radius: 2px  Server   panel-layout hidden because permission=false {tenantId: cmrvvipw70000oyyo6123270j, userId: cmrvvipyc000aoyyodcu4tftb, roleKeys: Array(1)} @ http://localhost:3030/_next/static/chunks/04m2_next_dist_01d_w1-._.js:2431
[ 6949313ms] [LOG] [Fast Refresh] rebuilding @ http://localhost:3030/_next/static/chunks/04m2_next_dist_01d_w1-._.js:2431
[ 6949400ms] [LOG] [Fast Refresh] done in 188ms @ http://localhost:3030/_next/static/chunks/04m2_next_dist_01d_w1-._.js:2431
[ 6949509ms] [LOG] [Fast Refresh] rebuilding @ http://localhost:3030/_next/static/chunks/04m2_next_dist_01d_w1-._.js:2431
[ 6949696ms] [LOG] [Fast Refresh] done in 291ms @ http://localhost:3030/_next/static/chunks/04m2_next_dist_01d_w1-._.js:2431
[ 6949944ms] [LOG] [Fast Refresh] rebuilding @ http://localhost:3030/_next/static/chunks/04m2_next_dist_01d_w1-._.js:2431
[ 6949945ms] [LOG] [Fast Refresh] done in 111ms @ http://localhost:3030/_next/static/chunks/04m2_next_dist_01d_w1-._.js:2431
[ 6950354ms] [INFO] %c%s%c [setup-health] background: #e6e6e6;background: light-dark(rgba(0,0,0,0.1), rgba(255,255,255,0.25));color: #000000;color: light-dark(#000000, #ffffff);border-radius: 2px  Server   panel-layout hidden because permission=false {tenantId: cmrvvipw70000oyyo6123270j, userId: cmrvvipyc000aoyyodcu4tftb, roleKeys: Array(1)} @ http://localhost:3030/_next/static/chunks/04m2_next_dist_01d_w1-._.js:2431
[ 6950598ms] [LOG] [Fast Refresh] rebuilding @ http://localhost:3030/_next/static/chunks/04m2_next_dist_01d_w1-._.js:2431
[ 6950694ms] [LOG] [Fast Refresh] done in 206ms @ http://localhost:3030/_next/static/chunks/04m2_next_dist_01d_w1-._.js:2431
[ 6950807ms] [LOG] [Fast Refresh] rebuilding @ http://localhost:3030/_next/static/chunks/04m2_next_dist_01d_w1-._.js:2431
[ 6950823ms] [LOG] [Fast Refresh] done in 122ms @ http://localhost:3030/_next/static/chunks/04m2_next_dist_01d_w1-._.js:2431
[ 6950928ms] [LOG] [Fast Refresh] rebuilding @ http://localhost:3030/_next/static/chunks/04m2_next_dist_01d_w1-._.js:2431
[ 6951067ms] [LOG] [Fast Refresh] done in 244ms @ http://localhost:3030/_next/static/chunks/04m2_next_dist_01d_w1-._.js:2431
[ 6951179ms] [LOG] [Fast Refresh] rebuilding @ http://localhost:3030/_next/static/chunks/04m2_next_dist_01d_w1-._.js:2431
[ 6951263ms] [LOG] [Fast Refresh] done in 186ms @ http://localhost:3030/_next/static/chunks/04m2_next_dist_01d_w1-._.js:2431
[ 6951453ms] [INFO] %c%s%c [setup-health] background: #e6e6e6;background: light-dark(rgba(0,0,0,0.1), rgba(255,255,255,0.25));color: #000000;color: light-dark(#000000, #ffffff);border-radius: 2px  Server   panel-layout hidden because permission=false {tenantId: cmrvvipw70000oyyo6123270j, userId: cmrvvipyc000aoyyodcu4tftb, roleKeys: Array(1)} @ http://localhost:3030/_next/static/chunks/04m2_next_dist_01d_w1-._.js:2431
[ 6951585ms] [LOG] [Fast Refresh] rebuilding @ http://localhost:3030/_next/static/chunks/04m2_next_dist_01d_w1-._.js:2431
[ 6951719ms] [LOG] [Fast Refresh] done in 241ms @ http://localhost:3030/_next/static/chunks/04m2_next_dist_01d_w1-._.js:2431
[ 6951819ms] [LOG] [Fast Refresh] rebuilding @ http://localhost:3030/_next/static/chunks/04m2_next_dist_01d_w1-._.js:2431
[ 6951849ms] [LOG] [Fast Refresh] done in 129ms @ http://localhost:3030/_next/static/chunks/04m2_next_dist_01d_w1-._.js:2431
[ 6952115ms] [LOG] [Fast Refresh] rebuilding @ http://localhost:3030/_next/static/chunks/04m2_next_dist_01d_w1-._.js:2431
[ 6952182ms] [LOG] [Fast Refresh] done in 170ms @ http://localhost:3030/_next/static/chunks/04m2_next_dist_01d_w1-._.js:2431
[ 6952325ms] [LOG] [Fast Refresh] rebuilding @ http://localhost:3030/_next/static/chunks/04m2_next_dist_01d_w1-._.js:2431
[ 6952515ms] [LOG] [Fast Refresh] done in 294ms @ http://localhost:3030/_next/static/chunks/04m2_next_dist_01d_w1-._.js:2431
[ 6952651ms] [INFO] %c%s%c [setup-health] background: #e6e6e6;background: light-dark(rgba(0,0,0,0.1), rgba(255,255,255,0.25));color: #000000;color: light-dark(#000000, #ffffff);border-radius: 2px  Server   panel-layout hidden because permission=false {tenantId: cmrvvipw70000oyyo6123270j, userId: cmrvvipyc000aoyyodcu4tftb, roleKeys: Array(1)} @ http://localhost:3030/_next/static/chunks/04m2_next_dist_01d_w1-._.js:2431
[ 6952713ms] [LOG] [Fast Refresh] rebuilding @ http://localhost:3030/_next/static/chunks/04m2_next_dist_01d_w1-._.js:2431
[ 6952773ms] [LOG] [Fast Refresh] done in 163ms @ http://localhost:3030/_next/static/chunks/04m2_next_dist_01d_w1-._.js:2431
[ 6953020ms] [LOG] [Fast Refresh] rebuilding @ http://localhost:3030/_next/static/chunks/04m2_next_dist_01d_w1-._.js:2431
[ 6953147ms] [LOG] [Fast Refresh] done in 229ms @ http://localhost:3030/_next/static/chunks/04m2_next_dist_01d_w1-._.js:2431
[ 6953251ms] [LOG] [Fast Refresh] rebuilding @ http://localhost:3030/_next/static/chunks/04m2_next_dist_01d_w1-._.js:2431
[ 6953292ms] [LOG] [Fast Refresh] done in 143ms @ http://localhost:3030/_next/static/chunks/04m2_next_dist_01d_w1-._.js:2431
[ 6953407ms] [LOG] [Fast Refresh] rebuilding @ http://localhost:3030/_next/static/chunks/04m2_next_dist_01d_w1-._.js:2431
[ 6953489ms] [LOG] [Fast Refresh] done in 195ms @ http://localhost:3030/_next/static/chunks/04m2_next_dist_01d_w1-._.js:2431
[ 6953636ms] [LOG] [Fast Refresh] rebuilding @ http://localhost:3030/_next/static/chunks/04m2_next_dist_01d_w1-._.js:2431
[ 6953641ms] [LOG] [Fast Refresh] done in 110ms @ http://localhost:3030/_next/static/chunks/04m2_next_dist_01d_w1-._.js:2431
[ 6953745ms] [INFO] %c%s%c [setup-health] background: #e6e6e6;background: light-dark(rgba(0,0,0,0.1), rgba(255,255,255,0.25));color: #000000;color: light-dark(#000000, #ffffff);border-radius: 2px  Server   panel-layout hidden because permission=false {tenantId: cmrvvipw70000oyyo6123270j, userId: cmrvvipyc000aoyyodcu4tftb, roleKeys: Array(1)} @ http://localhost:3030/_next/static/chunks/04m2_next_dist_01d_w1-._.js:2431
[ 6953753ms] [LOG] [Fast Refresh] rebuilding @ http://localhost:3030/_next/static/chunks/04m2_next_dist_01d_w1-._.js:2431
[ 6953855ms] [LOG] [Fast Refresh] done in 208ms @ http://localhost:3030/_next/static/chunks/04m2_next_dist_01d_w1-._.js:2431
[ 6954078ms] [LOG] [Fast Refresh] rebuilding @ http://localhost:3030/_next/static/chunks/04m2_next_dist_01d_w1-._.js:2431
[ 6954174ms] [LOG] [Fast Refresh] done in 200ms @ http://localhost:3030/_next/static/chunks/04m2_next_dist_01d_w1-._.js:2431
[ 6954286ms] [LOG] [Fast Refresh] rebuilding @ http://localhost:3030/_next/static/chunks/04m2_next_dist_01d_w1-._.js:2431
[ 6954482ms] [LOG] [Fast Refresh] done in 304ms @ http://localhost:3030/_next/static/chunks/04m2_next_dist_01d_w1-._.js:2431
[ 6954592ms] [LOG] [Fast Refresh] rebuilding @ http://localhost:3030/_next/static/chunks/04m2_next_dist_01d_w1-._.js:2431
[ 6954653ms] [LOG] [Fast Refresh] done in 166ms @ http://localhost:3030/_next/static/chunks/04m2_next_dist_01d_w1-._.js:2431
[ 6954916ms] [INFO] %c%s%c [setup-health] background: #e6e6e6;background: light-dark(rgba(0,0,0,0.1), rgba(255,255,255,0.25));color: #000000;color: light-dark(#000000, #ffffff);border-radius: 2px  Server   panel-layout hidden because permission=false {tenantId: cmrvvipw70000oyyo6123270j, userId: cmrvvipyc000aoyyodcu4tftb, roleKeys: Array(1)} @ http://localhost:3030/_next/static/chunks/04m2_next_dist_01d_w1-._.js:2431
[ 6955012ms] [LOG] [Fast Refresh] rebuilding @ http://localhost:3030/_next/static/chunks/04m2_next_dist_01d_w1-._.js:2431
[ 6955052ms] [LOG] [Fast Refresh] done in 144ms @ http://localhost:3030/_next/static/chunks/04m2_next_dist_01d_w1-._.js:2431
[ 6955154ms] [LOG] [Fast Refresh] rebuilding @ http://localhost:3030/_next/static/chunks/04m2_next_dist_01d_w1-._.js:2431
[ 6955251ms] [LOG] [Fast Refresh] done in 198ms @ http://localhost:3030/_next/static/chunks/04m2_next_dist_01d_w1-._.js:2431
[ 6955769ms] [LOG] [Fast Refresh] rebuilding @ http://localhost:3030/_next/static/chunks/04m2_next_dist_01d_w1-._.js:2431
[ 6956019ms] [LOG] [Fast Refresh] done in 348ms @ http://localhost:3030/_next/static/chunks/04m2_next_dist_01d_w1-._.js:2431
[ 6956163ms] [INFO] %c%s%c [setup-health] background: #e6e6e6;background: light-dark(rgba(0,0,0,0.1), rgba(255,255,255,0.25));color: #000000;color: light-dark(#000000, #ffffff);border-radius: 2px  Server   panel-layout hidden because permission=false {tenantId: cmrvvipw70000oyyo6123270j, userId: cmrvvipyc000aoyyodcu4tftb, roleKeys: Array(1)} @ http://localhost:3030/_next/static/chunks/04m2_next_dist_01d_w1-._.js:2431
[ 6956516ms] [LOG] [Fast Refresh] rebuilding @ http://localhost:3030/_next/static/chunks/04m2_next_dist_01d_w1-._.js:2431
[ 6956626ms] [LOG] [Fast Refresh] done in 210ms @ http://localhost:3030/_next/static/chunks/04m2_next_dist_01d_w1-._.js:2431
[ 6956959ms] [LOG] [Fast Refresh] rebuilding @ http://localhost:3030/_next/static/chunks/04m2_next_dist_01d_w1-._.js:2431
[ 6957013ms] [LOG] [Fast Refresh] done in 158ms @ http://localhost:3030/_next/static/chunks/04m2_next_dist_01d_w1-._.js:2431
[ 6957119ms] [LOG] [Fast Refresh] rebuilding @ http://localhost:3030/_next/static/chunks/04m2_next_dist_01d_w1-._.js:2431
[ 6957119ms] [LOG] [Fast Refresh] done in 103ms @ http://localhost:3030/_next/static/chunks/04m2_next_dist_01d_w1-._.js:2431
[ 6957222ms] [LOG] [Fast Refresh] rebuilding @ http://localhost:3030/_next/static/chunks/04m2_next_dist_01d_w1-._.js:2431
[ 6957280ms] [LOG] [Fast Refresh] done in 161ms @ http://localhost:3030/_next/static/chunks/04m2_next_dist_01d_w1-._.js:2431
[ 6957291ms] [INFO] %c%s%c [setup-health] background: #e6e6e6;background: light-dark(rgba(0,0,0,0.1), rgba(255,255,255,0.25));color: #000000;color: light-dark(#000000, #ffffff);border-radius: 2px  Server   panel-layout hidden because permission=false {tenantId: cmrvvipw70000oyyo6123270j, userId: cmrvvipyc000aoyyodcu4tftb, roleKeys: Array(1)} @ http://localhost:3030/_next/static/chunks/04m2_next_dist_01d_w1-._.js:2431
[ 6957394ms] [LOG] [Fast Refresh] rebuilding @ http://localhost:3030/_next/static/chunks/04m2_next_dist_01d_w1-._.js:2431
[ 6957428ms] [LOG] [Fast Refresh] done in 148ms @ http://localhost:3030/_next/static/chunks/04m2_next_dist_01d_w1-._.js:2431
[ 6957532ms] [LOG] [Fast Refresh] rebuilding @ http://localhost:3030/_next/static/chunks/04m2_next_dist_01d_w1-._.js:2431
[ 6957663ms] [LOG] [Fast Refresh] done in 233ms @ http://localhost:3030/_next/static/chunks/04m2_next_dist_01d_w1-._.js:2431
[ 6957839ms] [LOG] [Fast Refresh] rebuilding @ http://localhost:3030/_next/static/chunks/04m2_next_dist_01d_w1-._.js:2431
[ 6957959ms] [LOG] [Fast Refresh] done in 227ms @ http://localhost:3030/_next/static/chunks/04m2_next_dist_01d_w1-._.js:2431
[ 6958062ms] [LOG] [Fast Refresh] rebuilding @ http://localhost:3030/_next/static/chunks/04m2_next_dist_01d_w1-._.js:2431
[ 6958226ms] [LOG] [Fast Refresh] done in 266ms @ http://localhost:3030/_next/static/chunks/04m2_next_dist_01d_w1-._.js:2431
[ 6958333ms] [LOG] [Fast Refresh] rebuilding @ http://localhost:3030/_next/static/chunks/04m2_next_dist_01d_w1-._.js:2431
[ 6958357ms] [LOG] [Fast Refresh] done in 126ms @ http://localhost:3030/_next/static/chunks/04m2_next_dist_01d_w1-._.js:2431
[ 6958462ms] [LOG] [Fast Refresh] rebuilding @ http://localhost:3030/_next/static/chunks/04m2_next_dist_01d_w1-._.js:2431
[ 6958615ms] [LOG] [Fast Refresh] done in 257ms @ http://localhost:3030/_next/static/chunks/04m2_next_dist_01d_w1-._.js:2431
[ 6958626ms] [INFO] %c%s%c [setup-health] background: #e6e6e6;background: light-dark(rgba(0,0,0,0.1), rgba(255,255,255,0.25));color: #000000;color: light-dark(#000000, #ffffff);border-radius: 2px  Server   panel-layout hidden because permission=false {tenantId: cmrvvipw70000oyyo6123270j, userId: cmrvvipyc000aoyyodcu4tftb, roleKeys: Array(1)} @ http://localhost:3030/_next/static/chunks/04m2_next_dist_01d_w1-._.js:2431
[ 6959146ms] [LOG] [Fast Refresh] rebuilding @ http://localhost:3030/_next/static/chunks/04m2_next_dist_01d_w1-._.js:2431
[ 6959311ms] [LOG] [Fast Refresh] done in 272ms @ http://localhost:3030/_next/static/chunks/04m2_next_dist_01d_w1-._.js:2431
[ 6959653ms] [INFO] %c%s%c [setup-health] background: #e6e6e6;background: light-dark(rgba(0,0,0,0.1), rgba(255,255,255,0.25));color: #000000;color: light-dark(#000000, #ffffff);border-radius: 2px  Server   panel-layout hidden because permission=false {tenantId: cmrvvipw70000oyyo6123270j, userId: cmrvvipyc000aoyyodcu4tftb, roleKeys: Array(1)} @ http://localhost:3030/_next/static/chunks/04m2_next_dist_01d_w1-._.js:2431
[ 6959747ms] [LOG] [Fast Refresh] rebuilding @ http://localhost:3030/_next/static/chunks/04m2_next_dist_01d_w1-._.js:2431
[ 6959870ms] [LOG] [Fast Refresh] done in 230ms @ http://localhost:3030/_next/static/chunks/04m2_next_dist_01d_w1-._.js:2431
[ 6960347ms] [LOG] [Fast Refresh] rebuilding @ http://localhost:3030/_next/static/chunks/04m2_next_dist_01d_w1-._.js:2431
[ 6960442ms] [LOG] [Fast Refresh] done in 217ms @ http://localhost:3030/_next/static/chunks/04m2_next_dist_01d_w1-._.js:2431
[ 6960543ms] [LOG] [Fast Refresh] rebuilding @ http://localhost:3030/_next/static/chunks/04m2_next_dist_01d_w1-._.js:2431
[ 6960550ms] [LOG] [Fast Refresh] done in 108ms @ http://localhost:3030/_next/static/chunks/04m2_next_dist_01d_w1-._.js:2431
[ 6960652ms] [LOG] [Fast Refresh] rebuilding @ http://localhost:3030/_next/static/chunks/04m2_next_dist_01d_w1-._.js:2431
[ 6960760ms] [LOG] [Fast Refresh] done in 210ms @ http://localhost:3030/_next/static/chunks/04m2_next_dist_01d_w1-._.js:2431
[ 6960862ms] [LOG] [Fast Refresh] rebuilding @ http://localhost:3030/_next/static/chunks/04m2_next_dist_01d_w1-._.js:2431
[ 6960897ms] [LOG] [Fast Refresh] done in 136ms @ http://localhost:3030/_next/static/chunks/04m2_next_dist_01d_w1-._.js:2431
[ 6960910ms] [INFO] %c%s%c [setup-health] background: #e6e6e6;background: light-dark(rgba(0,0,0,0.1), rgba(255,255,255,0.25));color: #000000;color: light-dark(#000000, #ffffff);border-radius: 2px  Server   panel-layout hidden because permission=false {tenantId: cmrvvipw70000oyyo6123270j, userId: cmrvvipyc000aoyyodcu4tftb, roleKeys: Array(1)} @ http://localhost:3030/_next/static/chunks/04m2_next_dist_01d_w1-._.js:2431
[ 6961307ms] [LOG] [Fast Refresh] rebuilding @ http://localhost:3030/_next/static/chunks/04m2_next_dist_01d_w1-._.js:2431
[ 6961431ms] [LOG] [Fast Refresh] done in 232ms @ http://localhost:3030/_next/static/chunks/04m2_next_dist_01d_w1-._.js:2431
[ 6961812ms] [LOG] [Fast Refresh] rebuilding @ http://localhost:3030/_next/static/chunks/04m2_next_dist_01d_w1-._.js:2431
[ 6961854ms] [LOG] [Fast Refresh] done in 146ms @ http://localhost:3030/_next/static/chunks/04m2_next_dist_01d_w1-._.js:2431
[ 6961960ms] [LOG] [Fast Refresh] rebuilding @ http://localhost:3030/_next/static/chunks/04m2_next_dist_01d_w1-._.js:2431
[ 6962068ms] [INFO] %c%s%c [setup-health] background: #e6e6e6;background: light-dark(rgba(0,0,0,0.1), rgba(255,255,255,0.25));color: #000000;color: light-dark(#000000, #ffffff);border-radius: 2px  Server   panel-layout hidden because permission=false {tenantId: cmrvvipw70000oyyo6123270j, userId: cmrvvipyc000aoyyodcu4tftb, roleKeys: Array(1)} @ http://localhost:3030/_next/static/chunks/04m2_next_dist_01d_w1-._.js:2431
[ 6962120ms] [LOG] [Fast Refresh] done in 265ms @ http://localhost:3030/_next/static/chunks/04m2_next_dist_01d_w1-._.js:2431
[ 6962223ms] [LOG] [Fast Refresh] rebuilding @ http://localhost:3030/_next/static/chunks/04m2_next_dist_01d_w1-._.js:2431
[ 6962293ms] [LOG] [Fast Refresh] done in 172ms @ http://localhost:3030/_next/static/chunks/04m2_next_dist_01d_w1-._.js:2431
[ 6962571ms] [LOG] [Fast Refresh] rebuilding @ http://localhost:3030/_next/static/chunks/04m2_next_dist_01d_w1-._.js:2431
[ 6962789ms] [LOG] [Fast Refresh] done in 319ms @ http://localhost:3030/_next/static/chunks/04m2_next_dist_01d_w1-._.js:2431
[ 6963186ms] [INFO] %c%s%c [setup-health] background: #e6e6e6;background: light-dark(rgba(0,0,0,0.1), rgba(255,255,255,0.25));color: #000000;color: light-dark(#000000, #ffffff);border-radius: 2px  Server   panel-layout hidden because permission=false {tenantId: cmrvvipw70000oyyo6123270j, userId: cmrvvipyc000aoyyodcu4tftb, roleKeys: Array(1)} @ http://localhost:3030/_next/static/chunks/04m2_next_dist_01d_w1-._.js:2431
[ 6963231ms] [LOG] [Fast Refresh] rebuilding @ http://localhost:3030/_next/static/chunks/04m2_next_dist_01d_w1-._.js:2431
[ 6963294ms] [LOG] [Fast Refresh] done in 164ms @ http://localhost:3030/_next/static/chunks/04m2_next_dist_01d_w1-._.js:2431
[ 6963760ms] [LOG] [Fast Refresh] rebuilding @ http://localhost:3030/_next/static/chunks/04m2_next_dist_01d_w1-._.js:2431
[ 6963839ms] [LOG] [Fast Refresh] done in 185ms @ http://localhost:3030/_next/static/chunks/04m2_next_dist_01d_w1-._.js:2431
[ 6964201ms] [LOG] [Fast Refresh] rebuilding @ http://localhost:3030/_next/static/chunks/04m2_next_dist_01d_w1-._.js:2431
[ 6964298ms] [LOG] [Fast Refresh] done in 199ms @ http://localhost:3030/_next/static/chunks/04m2_next_dist_01d_w1-._.js:2431
[ 6964351ms] [INFO] %c%s%c [setup-health] background: #e6e6e6;background: light-dark(rgba(0,0,0,0.1), rgba(255,255,255,0.25));color: #000000;color: light-dark(#000000, #ffffff);border-radius: 2px  Server   panel-layout hidden because permission=false {tenantId: cmrvvipw70000oyyo6123270j, userId: cmrvvipyc000aoyyodcu4tftb, roleKeys: Array(1)} @ http://localhost:3030/_next/static/chunks/04m2_next_dist_01d_w1-._.js:2431
[ 6964441ms] [LOG] [Fast Refresh] rebuilding @ http://localhost:3030/_next/static/chunks/04m2_next_dist_01d_w1-._.js:2431
[ 6964476ms] [LOG] [Fast Refresh] done in 137ms @ http://localhost:3030/_next/static/chunks/04m2_next_dist_01d_w1-._.js:2431
[ 6964691ms] [LOG] [Fast Refresh] rebuilding @ http://localhost:3030/_next/static/chunks/04m2_next_dist_01d_w1-._.js:2431
[ 6964801ms] [LOG] [Fast Refresh] done in 216ms @ http://localhost:3030/_next/static/chunks/04m2_next_dist_01d_w1-._.js:2431
[ 6965308ms] [LOG] [Fast Refresh] rebuilding @ http://localhost:3030/_next/static/chunks/04m2_next_dist_01d_w1-._.js:2431
[ 6965428ms] [LOG] [Fast Refresh] done in 228ms @ http://localhost:3030/_next/static/chunks/04m2_next_dist_01d_w1-._.js:2431
[ 6965469ms] [INFO] %c%s%c [setup-health] background: #e6e6e6;background: light-dark(rgba(0,0,0,0.1), rgba(255,255,255,0.25));color: #000000;color: light-dark(#000000, #ffffff);border-radius: 2px  Server   panel-layout hidden because permission=false {tenantId: cmrvvipw70000oyyo6123270j, userId: cmrvvipyc000aoyyodcu4tftb, roleKeys: Array(1)} @ http://localhost:3030/_next/static/chunks/04m2_next_dist_01d_w1-._.js:2431
[ 6965695ms] [LOG] [Fast Refresh] rebuilding @ http://localhost:3030/_next/static/chunks/04m2_next_dist_01d_w1-._.js:2431
[ 6965738ms] [LOG] [Fast Refresh] done in 146ms @ http://localhost:3030/_next/static/chunks/04m2_next_dist_01d_w1-._.js:2431
[ 6965840ms] [LOG] [Fast Refresh] rebuilding @ http://localhost:3030/_next/static/chunks/04m2_next_dist_01d_w1-._.js:2431
[ 6965882ms] [LOG] [Fast Refresh] done in 144ms @ http://localhost:3030/_next/static/chunks/04m2_next_dist_01d_w1-._.js:2431
[ 6965984ms] [LOG] [Fast Refresh] rebuilding @ http://localhost:3030/_next/static/chunks/04m2_next_dist_01d_w1-._.js:2431
[ 6966280ms] [LOG] [Fast Refresh] done in 397ms @ http://localhost:3030/_next/static/chunks/04m2_next_dist_01d_w1-._.js:2431
[ 6966579ms] [INFO] %c%s%c [setup-health] background: #e6e6e6;background: light-dark(rgba(0,0,0,0.1), rgba(255,255,255,0.25));color: #000000;color: light-dark(#000000, #ffffff);border-radius: 2px  Server   panel-layout hidden because permission=false {tenantId: cmrvvipw70000oyyo6123270j, userId: cmrvvipyc000aoyyodcu4tftb, roleKeys: Array(1)} @ http://localhost:3030/_next/static/chunks/04m2_next_dist_01d_w1-._.js:2431
[ 6966683ms] [LOG] [Fast Refresh] rebuilding @ http://localhost:3030/_next/static/chunks/04m2_next_dist_01d_w1-._.js:2431
[ 6966699ms] [LOG] [Fast Refresh] done in 136ms @ http://localhost:3030/_next/static/chunks/04m2_next_dist_01d_w1-._.js:2431
[ 6966826ms] [LOG] [Fast Refresh] rebuilding @ http://localhost:3030/_next/static/chunks/04m2_next_dist_01d_w1-._.js:2431
[ 6966930ms] [LOG] [Fast Refresh] done in 209ms @ http://localhost:3030/_next/static/chunks/04m2_next_dist_01d_w1-._.js:2431
[ 6967131ms] [LOG] [Fast Refresh] rebuilding @ http://localhost:3030/_next/static/chunks/04m2_next_dist_01d_w1-._.js:2431
[ 6967139ms] [LOG] [Fast Refresh] done in 110ms @ http://localhost:3030/_next/static/chunks/04m2_next_dist_01d_w1-._.js:2431
[ 6967251ms] [LOG] [Fast Refresh] rebuilding @ http://localhost:3030/_next/static/chunks/04m2_next_dist_01d_w1-._.js:2431
[ 6967299ms] [LOG] [Fast Refresh] done in 156ms @ http://localhost:3030/_next/static/chunks/04m2_next_dist_01d_w1-._.js:2431
[ 6967559ms] [LOG] [Fast Refresh] rebuilding @ http://localhost:3030/_next/static/chunks/04m2_next_dist_01d_w1-._.js:2431
[ 6967629ms] [LOG] [Fast Refresh] done in 171ms @ http://localhost:3030/_next/static/chunks/04m2_next_dist_01d_w1-._.js:2431
[ 6967723ms] [INFO] %c%s%c [setup-health] background: #e6e6e6;background: light-dark(rgba(0,0,0,0.1), rgba(255,255,255,0.25));color: #000000;color: light-dark(#000000, #ffffff);border-radius: 2px  Server   panel-layout hidden because permission=false {tenantId: cmrvvipw70000oyyo6123270j, userId: cmrvvipyc000aoyyodcu4tftb, roleKeys: Array(1)} @ http://localhost:3030/_next/static/chunks/04m2_next_dist_01d_w1-._.js:2431
[ 6967811ms] [LOG] [Fast Refresh] rebuilding @ http://localhost:3030/_next/static/chunks/04m2_next_dist_01d_w1-._.js:2431
[ 6967878ms] [LOG] [Fast Refresh] done in 167ms @ http://localhost:3030/_next/static/chunks/04m2_next_dist_01d_w1-._.js:2431
[ 6968093ms] [LOG] [Fast Refresh] rebuilding @ http://localhost:3030/_next/static/chunks/04m2_next_dist_01d_w1-._.js:2431
[ 6968127ms] [LOG] [Fast Refresh] done in 146ms @ http://localhost:3030/_next/static/chunks/04m2_next_dist_01d_w1-._.js:2431
[ 6968266ms] [LOG] [Fast Refresh] rebuilding @ http://localhost:3030/_next/static/chunks/04m2_next_dist_01d_w1-._.js:2431
[ 6968790ms] [INFO] %c%s%c [setup-health] background: #e6e6e6;background: light-dark(rgba(0,0,0,0.1), rgba(255,255,255,0.25));color: #000000;color: light-dark(#000000, #ffffff);border-radius: 2px  Server   panel-layout hidden because permission=false {tenantId: cmrvvipw70000oyyo6123270j, userId: cmrvvipyc000aoyyodcu4tftb, roleKeys: Array(1)} @ http://localhost:3030/_next/static/chunks/04m2_next_dist_01d_w1-._.js:2431
[ 6971590ms] [LOG] [Fast Refresh] done in 3416ms @ http://localhost:3030/_next/static/chunks/04m2_next_dist_01d_w1-._.js:2431
[ 6971616ms] [INFO] %c%s%c [setup-health] background: #e6e6e6;background: light-dark(rgba(0,0,0,0.1), rgba(255,255,255,0.25));color: #000000;color: light-dark(#000000, #ffffff);border-radius: 2px  Server   panel-layout hidden because permission=false {tenantId: cmrvvipw70000oyyo6123270j, userId: cmrvvipyc000aoyyodcu4tftb, roleKeys: Array(1)} @ http://localhost:3030/_next/static/chunks/04m2_next_dist_01d_w1-._.js:2431
[ 6971645ms] [INFO] %c%s%c [setup-health] background: #e6e6e6;background: light-dark(rgba(0,0,0,0.1), rgba(255,255,255,0.25));color: #000000;color: light-dark(#000000, #ffffff);border-radius: 2px  Server   panel-layout hidden because permission=false {tenantId: cmrvvipw70000oyyo6123270j, userId: cmrvvipyc000aoyyodcu4tftb, roleKeys: Array(1)} @ http://localhost:3030/_next/static/chunks/04m2_next_dist_01d_w1-._.js:2431
[ 6971754ms] [LOG] [Fast Refresh] rebuilding @ http://localhost:3030/_next/static/chunks/04m2_next_dist_01d_w1-._.js:2431
[ 6971926ms] [LOG] [Fast Refresh] done in 281ms @ http://localhost:3030/_next/static/chunks/04m2_next_dist_01d_w1-._.js:2431
[ 6972083ms] [LOG] [Fast Refresh] rebuilding @ http://localhost:3030/_next/static/chunks/04m2_next_dist_01d_w1-._.js:2431
[ 6972151ms] [LOG] [Fast Refresh] done in 171ms @ http://localhost:3030/_next/static/chunks/04m2_next_dist_01d_w1-._.js:2431
[ 6972268ms] [LOG] [Fast Refresh] rebuilding @ http://localhost:3030/_next/static/chunks/04m2_next_dist_01d_w1-._.js:2431
[ 6972287ms] [LOG] [Fast Refresh] done in 119ms @ http://localhost:3030/_next/static/chunks/04m2_next_dist_01d_w1-._.js:2431
[ 6972399ms] [LOG] [Fast Refresh] rebuilding @ http://localhost:3030/_next/static/chunks/04m2_next_dist_01d_w1-._.js:2431
[ 6972552ms] [LOG] [Fast Refresh] done in 265ms @ http://localhost:3030/_next/static/chunks/04m2_next_dist_01d_w1-._.js:2431
[ 6972578ms] [INFO] %c%s%c [setup-health] background: #e6e6e6;background: light-dark(rgba(0,0,0,0.1), rgba(255,255,255,0.25));color: #000000;color: light-dark(#000000, #ffffff);border-radius: 2px  Server   panel-layout hidden because permission=false {tenantId: cmrvvipw70000oyyo6123270j, userId: cmrvvipyc000aoyyodcu4tftb, roleKeys: Array(1)} @ http://localhost:3030/_next/static/chunks/04m2_next_dist_01d_w1-._.js:2431
[ 6972844ms] [LOG] [Fast Refresh] rebuilding @ http://localhost:3030/_next/static/chunks/04m2_next_dist_01d_w1-._.js:2431
[ 6973031ms] [LOG] [Fast Refresh] done in 290ms @ http://localhost:3030/_next/static/chunks/04m2_next_dist_01d_w1-._.js:2431
[ 6973496ms] [LOG] [Fast Refresh] rebuilding @ http://localhost:3030/_next/static/chunks/04m2_next_dist_01d_w1-._.js:2431
[ 6973623ms] [LOG] [Fast Refresh] done in 237ms @ http://localhost:3030/_next/static/chunks/04m2_next_dist_01d_w1-._.js:2431
[ 6973768ms] [INFO] %c%s%c [setup-health] background: #e6e6e6;background: light-dark(rgba(0,0,0,0.1), rgba(255,255,255,0.25));color: #000000;color: light-dark(#000000, #ffffff);border-radius: 2px  Server   panel-layout hidden because permission=false {tenantId: cmrvvipw70000oyyo6123270j, userId: cmrvvipyc000aoyyodcu4tftb, roleKeys: Array(1)} @ http://localhost:3030/_next/static/chunks/04m2_next_dist_01d_w1-._.js:2431
[ 6973992ms] [LOG] [Fast Refresh] rebuilding @ http://localhost:3030/_next/static/chunks/04m2_next_dist_01d_w1-._.js:2431
[ 6974137ms] [LOG] [Fast Refresh] done in 245ms @ http://localhost:3030/_next/static/chunks/04m2_next_dist_01d_w1-._.js:2431
[ 6974726ms] [LOG] [Fast Refresh] rebuilding @ http://localhost:3030/_next/static/chunks/04m2_next_dist_01d_w1-._.js:2431
[ 6974849ms] [LOG] [Fast Refresh] done in 231ms @ http://localhost:3030/_next/static/chunks/04m2_next_dist_01d_w1-._.js:2431
[ 6974970ms] [INFO] %c%s%c [setup-health] background: #e6e6e6;background: light-dark(rgba(0,0,0,0.1), rgba(255,255,255,0.25));color: #000000;color: light-dark(#000000, #ffffff);border-radius: 2px  Server   panel-layout hidden because permission=false {tenantId: cmrvvipw70000oyyo6123270j, userId: cmrvvipyc000aoyyodcu4tftb, roleKeys: Array(1)} @ http://localhost:3030/_next/static/chunks/04m2_next_dist_01d_w1-._.js:2431
[ 6975071ms] [LOG] [Fast Refresh] rebuilding @ http://localhost:3030/_next/static/chunks/04m2_next_dist_01d_w1-._.js:2431
[ 6975141ms] [LOG] [Fast Refresh] done in 173ms @ http://localhost:3030/_next/static/chunks/04m2_next_dist_01d_w1-._.js:2431
[ 6975254ms] [LOG] [Fast Refresh] rebuilding @ http://localhost:3030/_next/static/chunks/04m2_next_dist_01d_w1-._.js:2431
[ 6975448ms] [LOG] [Fast Refresh] done in 305ms @ http://localhost:3030/_next/static/chunks/04m2_next_dist_01d_w1-._.js:2431
[ 6976034ms] [LOG] [Fast Refresh] rebuilding @ http://localhost:3030/_next/static/chunks/04m2_next_dist_01d_w1-._.js:2431
[ 6976384ms] [LOG] [Fast Refresh] done in 460ms @ http://localhost:3030/_next/static/chunks/04m2_next_dist_01d_w1-._.js:2431
[ 6976620ms] [INFO] %c%s%c [setup-health] background: #e6e6e6;background: light-dark(rgba(0,0,0,0.1), rgba(255,255,255,0.25));color: #000000;color: light-dark(#000000, #ffffff);border-radius: 2px  Server   panel-layout hidden because permission=false {tenantId: cmrvvipw70000oyyo6123270j, userId: cmrvvipyc000aoyyodcu4tftb, roleKeys: Array(1)} @ http://localhost:3030/_next/static/chunks/04m2_next_dist_01d_w1-._.js:2431
[ 6976633ms] [LOG] [Fast Refresh] rebuilding @ http://localhost:3030/_next/static/chunks/04m2_next_dist_01d_w1-._.js:2431
[ 6976702ms] [LOG] [Fast Refresh] done in 171ms @ http://localhost:3030/_next/static/chunks/04m2_next_dist_01d_w1-._.js:2431
[ 6976808ms] [LOG] [Fast Refresh] rebuilding @ http://localhost:3030/_next/static/chunks/04m2_next_dist_01d_w1-._.js:2431
[ 6976912ms] [LOG] [Fast Refresh] done in 209ms @ http://localhost:3030/_next/static/chunks/04m2_next_dist_01d_w1-._.js:2431
[ 6977017ms] [LOG] [Fast Refresh] rebuilding @ http://localhost:3030/_next/static/chunks/04m2_next_dist_01d_w1-._.js:2431
[ 6977171ms] [LOG] [Fast Refresh] done in 256ms @ http://localhost:3030/_next/static/chunks/04m2_next_dist_01d_w1-._.js:2431
[ 6977405ms] [LOG] [Fast Refresh] rebuilding @ http://localhost:3030/_next/static/chunks/04m2_next_dist_01d_w1-._.js:2431
[ 6977476ms] [LOG] [Fast Refresh] done in 173ms @ http://localhost:3030/_next/static/chunks/04m2_next_dist_01d_w1-._.js:2431
[ 6977609ms] [LOG] [Fast Refresh] rebuilding @ http://localhost:3030/_next/static/chunks/04m2_next_dist_01d_w1-._.js:2431
[ 6977807ms] [LOG] [Fast Refresh] done in 304ms @ http://localhost:3030/_next/static/chunks/04m2_next_dist_01d_w1-._.js:2431
[ 6977808ms] [INFO] %c%s%c [setup-health] background: #e6e6e6;background: light-dark(rgba(0,0,0,0.1), rgba(255,255,255,0.25));color: #000000;color: light-dark(#000000, #ffffff);border-radius: 2px  Server   panel-layout hidden because permission=false {tenantId: cmrvvipw70000oyyo6123270j, userId: cmrvvipyc000aoyyodcu4tftb, roleKeys: Array(1)} @ http://localhost:3030/_next/static/chunks/04m2_next_dist_01d_w1-._.js:2431
[ 6978058ms] [LOG] [Fast Refresh] rebuilding @ http://localhost:3030/_next/static/chunks/04m2_next_dist_01d_w1-._.js:2431
[ 6978183ms] [LOG] [Fast Refresh] done in 230ms @ http://localhost:3030/_next/static/chunks/04m2_next_dist_01d_w1-._.js:2431
[ 6978738ms] [LOG] [Fast Refresh] rebuilding @ http://localhost:3030/_next/static/chunks/04m2_next_dist_01d_w1-._.js:2431
[ 6978861ms] [LOG] [Fast Refresh] done in 228ms @ http://localhost:3030/_next/static/chunks/04m2_next_dist_01d_w1-._.js:2431
[ 6978955ms] [INFO] %c%s%c [setup-health] background: #e6e6e6;background: light-dark(rgba(0,0,0,0.1), rgba(255,255,255,0.25));color: #000000;color: light-dark(#000000, #ffffff);border-radius: 2px  Server   panel-layout hidden because permission=false {tenantId: cmrvvipw70000oyyo6123270j, userId: cmrvvipyc000aoyyodcu4tftb, roleKeys: Array(1)} @ http://localhost:3030/_next/static/chunks/04m2_next_dist_01d_w1-._.js:2431
[ 6979071ms] [LOG] [Fast Refresh] rebuilding @ http://localhost:3030/_next/static/chunks/04m2_next_dist_01d_w1-._.js:2431
[ 6979164ms] [LOG] [Fast Refresh] done in 199ms @ http://localhost:3030/_next/static/chunks/04m2_next_dist_01d_w1-._.js:2431
[ 6979909ms] [LOG] [Fast Refresh] rebuilding @ http://localhost:3030/_next/static/chunks/04m2_next_dist_01d_w1-._.js:2431
[ 6979950ms] [LOG] [Fast Refresh] done in 156ms @ http://localhost:3030/_next/static/chunks/04m2_next_dist_01d_w1-._.js:2431
[ 6980180ms] [LOG] [Fast Refresh] rebuilding @ http://localhost:3030/_next/static/chunks/04m2_next_dist_01d_w1-._.js:2431
[ 6980205ms] [INFO] %c%s%c [setup-health] background: #e6e6e6;background: light-dark(rgba(0,0,0,0.1), rgba(255,255,255,0.25));color: #000000;color: light-dark(#000000, #ffffff);border-radius: 2px  Server   panel-layout hidden because permission=false {tenantId: cmrvvipw70000oyyo6123270j, userId: cmrvvipyc000aoyyodcu4tftb, roleKeys: Array(1)} @ http://localhost:3030/_next/static/chunks/04m2_next_dist_01d_w1-._.js:2431
[ 6980309ms] [LOG] [Fast Refresh] done in 232ms @ http://localhost:3030/_next/static/chunks/04m2_next_dist_01d_w1-._.js:2431
[ 6980421ms] [LOG] [Fast Refresh] rebuilding @ http://localhost:3030/_next/static/chunks/04m2_next_dist_01d_w1-._.js:2431
[ 6980421ms] [LOG] [Fast Refresh] done in 103ms @ http://localhost:3030/_next/static/chunks/04m2_next_dist_01d_w1-._.js:2431
[ 6980917ms] [LOG] [Fast Refresh] rebuilding @ http://localhost:3030/_next/static/chunks/04m2_next_dist_01d_w1-._.js:2431
[ 6980995ms] [LOG] [Fast Refresh] done in 184ms @ http://localhost:3030/_next/static/chunks/04m2_next_dist_01d_w1-._.js:2431
[ 6981109ms] [LOG] [Fast Refresh] rebuilding @ http://localhost:3030/_next/static/chunks/04m2_next_dist_01d_w1-._.js:2431
[ 6981157ms] [LOG] [Fast Refresh] done in 152ms @ http://localhost:3030/_next/static/chunks/04m2_next_dist_01d_w1-._.js:2431
[ 6981270ms] [LOG] [Fast Refresh] rebuilding @ http://localhost:3030/_next/static/chunks/04m2_next_dist_01d_w1-._.js:2431
[ 6981330ms] [LOG] [Fast Refresh] done in 174ms @ http://localhost:3030/_next/static/chunks/04m2_next_dist_01d_w1-._.js:2431
[ 6981345ms] [INFO] %c%s%c [setup-health] background: #e6e6e6;background: light-dark(rgba(0,0,0,0.1), rgba(255,255,255,0.25));color: #000000;color: light-dark(#000000, #ffffff);border-radius: 2px  Server   panel-layout hidden because permission=false {tenantId: cmrvvipw70000oyyo6123270j, userId: cmrvvipyc000aoyyodcu4tftb, roleKeys: Array(1)} @ http://localhost:3030/_next/static/chunks/04m2_next_dist_01d_w1-._.js:2431
[ 6981438ms] [LOG] [Fast Refresh] rebuilding @ http://localhost:3030/_next/static/chunks/04m2_next_dist_01d_w1-._.js:2431
[ 6981445ms] [LOG] [Fast Refresh] done in 115ms @ http://localhost:3030/_next/static/chunks/04m2_next_dist_01d_w1-._.js:2431
[ 6981930ms] [LOG] [Fast Refresh] rebuilding @ http://localhost:3030/_next/static/chunks/04m2_next_dist_01d_w1-._.js:2431
[ 6982052ms] [LOG] [Fast Refresh] done in 224ms @ http://localhost:3030/_next/static/chunks/04m2_next_dist_01d_w1-._.js:2431
[ 6982310ms] [LOG] [Fast Refresh] rebuilding @ http://localhost:3030/_next/static/chunks/04m2_next_dist_01d_w1-._.js:2431
[ 6982481ms] [LOG] [Fast Refresh] done in 274ms @ http://localhost:3030/_next/static/chunks/04m2_next_dist_01d_w1-._.js:2431
[ 6982637ms] [INFO] %c%s%c [setup-health] background: #e6e6e6;background: light-dark(rgba(0,0,0,0.1), rgba(255,255,255,0.25));color: #000000;color: light-dark(#000000, #ffffff);border-radius: 2px  Server   panel-layout hidden because permission=false {tenantId: cmrvvipw70000oyyo6123270j, userId: cmrvvipyc000aoyyodcu4tftb, roleKeys: Array(1)} @ http://localhost:3030/_next/static/chunks/04m2_next_dist_01d_w1-._.js:2431
[ 6982793ms] [LOG] [Fast Refresh] rebuilding @ http://localhost:3030/_next/static/chunks/04m2_next_dist_01d_w1-._.js:2431
[ 6982890ms] [LOG] [Fast Refresh] done in 199ms @ http://localhost:3030/_next/static/chunks/04m2_next_dist_01d_w1-._.js:2431
[ 6982996ms] [LOG] [Fast Refresh] rebuilding @ http://localhost:3030/_next/static/chunks/04m2_next_dist_01d_w1-._.js:2431
[ 6983099ms] [LOG] [Fast Refresh] done in 207ms @ http://localhost:3030/_next/static/chunks/04m2_next_dist_01d_w1-._.js:2431
[ 6983447ms] [LOG] [Fast Refresh] rebuilding @ http://localhost:3030/_next/static/chunks/04m2_next_dist_01d_w1-._.js:2431
[ 6983513ms] [LOG] [Fast Refresh] done in 168ms @ http://localhost:3030/_next/static/chunks/04m2_next_dist_01d_w1-._.js:2431
[ 6983619ms] [LOG] [Fast Refresh] rebuilding @ http://localhost:3030/_next/static/chunks/04m2_next_dist_01d_w1-._.js:2431
[ 6983705ms] [LOG] [Fast Refresh] done in 192ms @ http://localhost:3030/_next/static/chunks/04m2_next_dist_01d_w1-._.js:2431
[ 6983730ms] [INFO] %c%s%c [setup-health] background: #e6e6e6;background: light-dark(rgba(0,0,0,0.1), rgba(255,255,255,0.25));color: #000000;color: light-dark(#000000, #ffffff);border-radius: 2px  Server   panel-layout hidden because permission=false {tenantId: cmrvvipw70000oyyo6123270j, userId: cmrvvipyc000aoyyodcu4tftb, roleKeys: Array(1)} @ http://localhost:3030/_next/static/chunks/04m2_next_dist_01d_w1-._.js:2431
[ 6983818ms] [LOG] [Fast Refresh] rebuilding @ http://localhost:3030/_next/static/chunks/04m2_next_dist_01d_w1-._.js:2431
[ 6983874ms] [LOG] [Fast Refresh] done in 163ms @ http://localhost:3030/_next/static/chunks/04m2_next_dist_01d_w1-._.js:2431
[ 6983977ms] [LOG] [Fast Refresh] rebuilding @ http://localhost:3030/_next/static/chunks/04m2_next_dist_01d_w1-._.js:2431
[ 6984100ms] [LOG] [Fast Refresh] done in 225ms @ http://localhost:3030/_next/static/chunks/04m2_next_dist_01d_w1-._.js:2431
[ 6984205ms] [LOG] [Fast Refresh] rebuilding @ http://localhost:3030/_next/static/chunks/04m2_next_dist_01d_w1-._.js:2431
[ 6984278ms] [LOG] [Fast Refresh] done in 175ms @ http://localhost:3030/_next/static/chunks/04m2_next_dist_01d_w1-._.js:2431
[ 6984391ms] [LOG] [Fast Refresh] rebuilding @ http://localhost:3030/_next/static/chunks/04m2_next_dist_01d_w1-._.js:2431
[ 6984408ms] [LOG] [Fast Refresh] done in 129ms @ http://localhost:3030/_next/static/chunks/04m2_next_dist_01d_w1-._.js:2431
[ 6984513ms] [LOG] [Fast Refresh] rebuilding @ http://localhost:3030/_next/static/chunks/04m2_next_dist_01d_w1-._.js:2431
[ 6984584ms] [LOG] [Fast Refresh] done in 173ms @ http://localhost:3030/_next/static/chunks/04m2_next_dist_01d_w1-._.js:2431
[ 6984685ms] [LOG] [Fast Refresh] rebuilding @ http://localhost:3030/_next/static/chunks/04m2_next_dist_01d_w1-._.js:2431
[ 6984771ms] [LOG] [Fast Refresh] done in 186ms @ http://localhost:3030/_next/static/chunks/04m2_next_dist_01d_w1-._.js:2431
[ 6984797ms] [INFO] %c%s%c [setup-health] background: #e6e6e6;background: light-dark(rgba(0,0,0,0.1), rgba(255,255,255,0.25));color: #000000;color: light-dark(#000000, #ffffff);border-radius: 2px  Server   panel-layout hidden because permission=false {tenantId: cmrvvipw70000oyyo6123270j, userId: cmrvvipyc000aoyyodcu4tftb, roleKeys: Array(1)} @ http://localhost:3030/_next/static/chunks/04m2_next_dist_01d_w1-._.js:2431
[ 6985155ms] [LOG] [Fast Refresh] rebuilding @ http://localhost:3030/_next/static/chunks/04m2_next_dist_01d_w1-._.js:2431
[ 6986160ms] [LOG] [Fast Refresh] done in 1107ms @ http://localhost:3030/_next/static/chunks/04m2_next_dist_01d_w1-._.js:2431
[ 6988193ms] [LOG] [Fast Refresh] rebuilding @ http://localhost:3030/_next/static/chunks/04m2_next_dist_01d_w1-._.js:2431
[ 6988331ms] [LOG] [Fast Refresh] done in 245ms @ http://localhost:3030/_next/static/chunks/04m2_next_dist_01d_w1-._.js:2431
[ 6988385ms] [INFO] %c%s%c [setup-health] background: #e6e6e6;background: light-dark(rgba(0,0,0,0.1), rgba(255,255,255,0.25));color: #000000;color: light-dark(#000000, #ffffff);border-radius: 2px  Server   panel-layout hidden because permission=false {tenantId: cmrvvipw70000oyyo6123270j, userId: cmrvvipyc000aoyyodcu4tftb, roleKeys: Array(1)} @ http://localhost:3030/_next/static/chunks/04m2_next_dist_01d_w1-._.js:2431
[ 6988491ms] [LOG] [Fast Refresh] rebuilding @ http://localhost:3030/_next/static/chunks/04m2_next_dist_01d_w1-._.js:2431
[ 6988532ms] [LOG] [Fast Refresh] done in 151ms @ http://localhost:3030/_next/static/chunks/04m2_next_dist_01d_w1-._.js:2431
[ 6988633ms] [LOG] [Fast Refresh] rebuilding @ http://localhost:3030/_next/static/chunks/04m2_next_dist_01d_w1-._.js:2431
[ 6988757ms] [LOG] [Fast Refresh] done in 224ms @ http://localhost:3030/_next/static/chunks/04m2_next_dist_01d_w1-._.js:2431
[ 6988860ms] [LOG] [Fast Refresh] rebuilding @ http://localhost:3030/_next/static/chunks/04m2_next_dist_01d_w1-._.js:2431
[ 6988988ms] [LOG] [Fast Refresh] done in 230ms @ http://localhost:3030/_next/static/chunks/04m2_next_dist_01d_w1-._.js:2431
[ 6989100ms] [LOG] [Fast Refresh] rebuilding @ http://localhost:3030/_next/static/chunks/04m2_next_dist_01d_w1-._.js:2431
[ 6989185ms] [LOG] [Fast Refresh] done in 192ms @ http://localhost:3030/_next/static/chunks/04m2_next_dist_01d_w1-._.js:2431
[ 6989287ms] [LOG] [Fast Refresh] rebuilding @ http://localhost:3030/_next/static/chunks/04m2_next_dist_01d_w1-._.js:2431
[ 6989478ms] [LOG] [Fast Refresh] done in 292ms @ http://localhost:3030/_next/static/chunks/04m2_next_dist_01d_w1-._.js:2431
[ 6989610ms] [INFO] %c%s%c [setup-health] background: #e6e6e6;background: light-dark(rgba(0,0,0,0.1), rgba(255,255,255,0.25));color: #000000;color: light-dark(#000000, #ffffff);border-radius: 2px  Server   panel-layout hidden because permission=false {tenantId: cmrvvipw70000oyyo6123270j, userId: cmrvvipyc000aoyyodcu4tftb, roleKeys: Array(1)} @ http://localhost:3030/_next/static/chunks/04m2_next_dist_01d_w1-._.js:2431
[ 6989725ms] [LOG] [Fast Refresh] rebuilding @ http://localhost:3030/_next/static/chunks/04m2_next_dist_01d_w1-._.js:2431
[ 6989915ms] [LOG] [Fast Refresh] done in 306ms @ http://localhost:3030/_next/static/chunks/04m2_next_dist_01d_w1-._.js:2431
[ 6990020ms] [LOG] [Fast Refresh] rebuilding @ http://localhost:3030/_next/static/chunks/04m2_next_dist_01d_w1-._.js:2431
[ 6990105ms] [LOG] [Fast Refresh] done in 191ms @ http://localhost:3030/_next/static/chunks/04m2_next_dist_01d_w1-._.js:2431
[ 6990527ms] [LOG] [Fast Refresh] rebuilding @ http://localhost:3030/_next/static/chunks/04m2_next_dist_01d_w1-._.js:2431
[ 6990560ms] [LOG] [Fast Refresh] done in 138ms @ http://localhost:3030/_next/static/chunks/04m2_next_dist_01d_w1-._.js:2431
[ 6990662ms] [LOG] [Fast Refresh] rebuilding @ http://localhost:3030/_next/static/chunks/04m2_next_dist_01d_w1-._.js:2431
[ 6990780ms] [LOG] [Fast Refresh] done in 218ms @ http://localhost:3030/_next/static/chunks/04m2_next_dist_01d_w1-._.js:2431
[ 6990808ms] [INFO] %c%s%c [setup-health] background: #e6e6e6;background: light-dark(rgba(0,0,0,0.1), rgba(255,255,255,0.25));color: #000000;color: light-dark(#000000, #ffffff);border-radius: 2px  Server   panel-layout hidden because permission=false {tenantId: cmrvvipw70000oyyo6123270j, userId: cmrvvipyc000aoyyodcu4tftb, roleKeys: Array(1)} @ http://localhost:3030/_next/static/chunks/04m2_next_dist_01d_w1-._.js:2431
[ 6991022ms] [LOG] [Fast Refresh] rebuilding @ http://localhost:3030/_next/static/chunks/04m2_next_dist_01d_w1-._.js:2431
[ 6991188ms] [LOG] [Fast Refresh] done in 271ms @ http://localhost:3030/_next/static/chunks/04m2_next_dist_01d_w1-._.js:2431
[ 6991529ms] [LOG] [Fast Refresh] rebuilding @ http://localhost:3030/_next/static/chunks/04m2_next_dist_01d_w1-._.js:2431
[ 6991587ms] [LOG] [Fast Refresh] done in 162ms @ http://localhost:3030/_next/static/chunks/04m2_next_dist_01d_w1-._.js:2431
[ 6991690ms] [LOG] [Fast Refresh] rebuilding @ http://localhost:3030/_next/static/chunks/04m2_next_dist_01d_w1-._.js:2431
[ 6991695ms] [LOG] [Fast Refresh] done in 107ms @ http://localhost:3030/_next/static/chunks/04m2_next_dist_01d_w1-._.js:2431
[ 6991802ms] [LOG] [Fast Refresh] rebuilding @ http://localhost:3030/_next/static/chunks/04m2_next_dist_01d_w1-._.js:2431
[ 6991917ms] [LOG] [Fast Refresh] done in 218ms @ http://localhost:3030/_next/static/chunks/04m2_next_dist_01d_w1-._.js:2431
[ 6992053ms] [INFO] %c%s%c [setup-health] background: #e6e6e6;background: light-dark(rgba(0,0,0,0.1), rgba(255,255,255,0.25));color: #000000;color: light-dark(#000000, #ffffff);border-radius: 2px  Server   panel-layout hidden because permission=false {tenantId: cmrvvipw70000oyyo6123270j, userId: cmrvvipyc000aoyyodcu4tftb, roleKeys: Array(1)} @ http://localhost:3030/_next/static/chunks/04m2_next_dist_01d_w1-._.js:2431
[ 6992290ms] [LOG] [Fast Refresh] rebuilding @ http://localhost:3030/_next/static/chunks/04m2_next_dist_01d_w1-._.js:2431
[ 6992368ms] [LOG] [Fast Refresh] done in 202ms @ http://localhost:3030/_next/static/chunks/04m2_next_dist_01d_w1-._.js:2431
[ 6992475ms] [LOG] [Fast Refresh] rebuilding @ http://localhost:3030/_next/static/chunks/04m2_next_dist_01d_w1-._.js:2431
[ 6992695ms] [LOG] [Fast Refresh] done in 326ms @ http://localhost:3030/_next/static/chunks/04m2_next_dist_01d_w1-._.js:2431
[ 6993082ms] [LOG] [Fast Refresh] rebuilding @ http://localhost:3030/_next/static/chunks/04m2_next_dist_01d_w1-._.js:2431
[ 6993171ms] [LOG] [Fast Refresh] done in 200ms @ http://localhost:3030/_next/static/chunks/04m2_next_dist_01d_w1-._.js:2431
[ 6993274ms] [LOG] [Fast Refresh] rebuilding @ http://localhost:3030/_next/static/chunks/04m2_next_dist_01d_w1-._.js:2431
[ 6993467ms] [LOG] [Fast Refresh] done in 295ms @ http://localhost:3030/_next/static/chunks/04m2_next_dist_01d_w1-._.js:2431
[ 6993493ms] [INFO] %c%s%c [setup-health] background: #e6e6e6;background: light-dark(rgba(0,0,0,0.1), rgba(255,255,255,0.25));color: #000000;color: light-dark(#000000, #ffffff);border-radius: 2px  Server   panel-layout hidden because permission=false {tenantId: cmrvvipw70000oyyo6123270j, userId: cmrvvipyc000aoyyodcu4tftb, roleKeys: Array(1)} @ http://localhost:3030/_next/static/chunks/04m2_next_dist_01d_w1-._.js:2431
[ 6993988ms] [LOG] [Fast Refresh] rebuilding @ http://localhost:3030/_next/static/chunks/04m2_next_dist_01d_w1-._.js:2431
[ 6994467ms] [LOG] [Fast Refresh] done in 580ms @ http://localhost:3030/_next/static/chunks/04m2_next_dist_01d_w1-._.js:2431
[ 6994662ms] [LOG] [Fast Refresh] rebuilding @ http://localhost:3030/_next/static/chunks/04m2_next_dist_01d_w1-._.js:2431
[ 6994761ms] [LOG] [Fast Refresh] done in 198ms @ http://localhost:3030/_next/static/chunks/04m2_next_dist_01d_w1-._.js:2431
[ 6994790ms] [INFO] %c%s%c [setup-health] background: #e6e6e6;background: light-dark(rgba(0,0,0,0.1), rgba(255,255,255,0.25));color: #000000;color: light-dark(#000000, #ffffff);border-radius: 2px  Server   panel-layout hidden because permission=false {tenantId: cmrvvipw70000oyyo6123270j, userId: cmrvvipyc000aoyyodcu4tftb, roleKeys: Array(1)} @ http://localhost:3030/_next/static/chunks/04m2_next_dist_01d_w1-._.js:2431
[ 6994864ms] [LOG] [Fast Refresh] rebuilding @ http://localhost:3030/_next/static/chunks/04m2_next_dist_01d_w1-._.js:2431
[ 6995075ms] [LOG] [Fast Refresh] done in 313ms @ http://localhost:3030/_next/static/chunks/04m2_next_dist_01d_w1-._.js:2431
[ 6995182ms] [LOG] [Fast Refresh] rebuilding @ http://localhost:3030/_next/static/chunks/04m2_next_dist_01d_w1-._.js:2431
[ 6995189ms] [LOG] [Fast Refresh] done in 108ms @ http://localhost:3030/_next/static/chunks/04m2_next_dist_01d_w1-._.js:2431
[ 6995424ms] [LOG] [Fast Refresh] rebuilding @ http://localhost:3030/_next/static/chunks/04m2_next_dist_01d_w1-._.js:2431
[ 6995577ms] [LOG] [Fast Refresh] done in 254ms @ http://localhost:3030/_next/static/chunks/04m2_next_dist_01d_w1-._.js:2431
[ 6995759ms] [LOG] [Fast Refresh] rebuilding @ http://localhost:3030/_next/static/chunks/04m2_next_dist_01d_w1-._.js:2431
[ 6996015ms] [LOG] [Fast Refresh] done in 357ms @ http://localhost:3030/_next/static/chunks/04m2_next_dist_01d_w1-._.js:2431
[ 6996054ms] [INFO] %c%s%c [setup-health] background: #e6e6e6;background: light-dark(rgba(0,0,0,0.1), rgba(255,255,255,0.25));color: #000000;color: light-dark(#000000, #ffffff);border-radius: 2px  Server   panel-layout hidden because permission=false {tenantId: cmrvvipw70000oyyo6123270j, userId: cmrvvipyc000aoyyodcu4tftb, roleKeys: Array(1)} @ http://localhost:3030/_next/static/chunks/04m2_next_dist_01d_w1-._.js:2431
[ 6996211ms] [LOG] [Fast Refresh] rebuilding @ http://localhost:3030/_next/static/chunks/04m2_next_dist_01d_w1-._.js:2431
[ 6996362ms] [LOG] [Fast Refresh] done in 255ms @ http://localhost:3030/_next/static/chunks/04m2_next_dist_01d_w1-._.js:2431
[ 6996467ms] [LOG] [Fast Refresh] rebuilding @ http://localhost:3030/_next/static/chunks/04m2_next_dist_01d_w1-._.js:2431
[ 6996908ms] [LOG] [Fast Refresh] done in 545ms @ http://localhost:3030/_next/static/chunks/04m2_next_dist_01d_w1-._.js:2431
[ 6997155ms] [LOG] [Fast Refresh] rebuilding @ http://localhost:3030/_next/static/chunks/04m2_next_dist_01d_w1-._.js:2431
[ 6997214ms] [LOG] [Fast Refresh] done in 164ms @ http://localhost:3030/_next/static/chunks/04m2_next_dist_01d_w1-._.js:2431
[ 6997296ms] [INFO] %c%s%c [setup-health] background: #e6e6e6;background: light-dark(rgba(0,0,0,0.1), rgba(255,255,255,0.25));color: #000000;color: light-dark(#000000, #ffffff);border-radius: 2px  Server   panel-layout hidden because permission=false {tenantId: cmrvvipw70000oyyo6123270j, userId: cmrvvipyc000aoyyodcu4tftb, roleKeys: Array(1)} @ http://localhost:3030/_next/static/chunks/04m2_next_dist_01d_w1-._.js:2431
[ 6997457ms] [LOG] [Fast Refresh] rebuilding @ http://localhost:3030/_next/static/chunks/04m2_next_dist_01d_w1-._.js:2431
[ 6997589ms] [LOG] [Fast Refresh] done in 234ms @ http://localhost:3030/_next/static/chunks/04m2_next_dist_01d_w1-._.js:2431
[ 6998189ms] [LOG] [Fast Refresh] rebuilding @ http://localhost:3030/_next/static/chunks/04m2_next_dist_01d_w1-._.js:2431
[ 6998321ms] [LOG] [Fast Refresh] done in 238ms @ http://localhost:3030/_next/static/chunks/04m2_next_dist_01d_w1-._.js:2431
[ 6998530ms] [INFO] %c%s%c [setup-health] background: #e6e6e6;background: light-dark(rgba(0,0,0,0.1), rgba(255,255,255,0.25));color: #000000;color: light-dark(#000000, #ffffff);border-radius: 2px  Server   panel-layout hidden because permission=false {tenantId: cmrvvipw70000oyyo6123270j, userId: cmrvvipyc000aoyyodcu4tftb, roleKeys: Array(1)} @ http://localhost:3030/_next/static/chunks/04m2_next_dist_01d_w1-._.js:2431
[ 6998758ms] [LOG] [Fast Refresh] rebuilding @ http://localhost:3030/_next/static/chunks/04m2_next_dist_01d_w1-._.js:2431
[ 6998760ms] [LOG] [Fast Refresh] done in 183ms @ http://localhost:3030/_next/static/chunks/04m2_next_dist_01d_w1-._.js:2431
[ 6998864ms] [LOG] [Fast Refresh] rebuilding @ http://localhost:3030/_next/static/chunks/04m2_next_dist_01d_w1-._.js:2431
[ 6998997ms] [LOG] [Fast Refresh] done in 236ms @ http://localhost:3030/_next/static/chunks/04m2_next_dist_01d_w1-._.js:2431
[ 6999104ms] [LOG] [Fast Refresh] rebuilding @ http://localhost:3030/_next/static/chunks/04m2_next_dist_01d_w1-._.js:2431
[ 6999158ms] [LOG] [Fast Refresh] done in 159ms @ http://localhost:3030/_next/static/chunks/04m2_next_dist_01d_w1-._.js:2431
[ 6999263ms] [LOG] [Fast Refresh] rebuilding @ http://localhost:3030/_next/static/chunks/04m2_next_dist_01d_w1-._.js:2431
[ 6999459ms] [LOG] [Fast Refresh] done in 298ms @ http://localhost:3030/_next/static/chunks/04m2_next_dist_01d_w1-._.js:2431
[ 6999717ms] [LOG] [Fast Refresh] rebuilding @ http://localhost:3030/_next/static/chunks/04m2_next_dist_01d_w1-._.js:2431
[ 7000010ms] [LOG] [Fast Refresh] done in 397ms @ http://localhost:3030/_next/static/chunks/04m2_next_dist_01d_w1-._.js:2431
[ 7000018ms] [INFO] %c%s%c [setup-health] background: #e6e6e6;background: light-dark(rgba(0,0,0,0.1), rgba(255,255,255,0.25));color: #000000;color: light-dark(#000000, #ffffff);border-radius: 2px  Server   panel-layout hidden because permission=false {tenantId: cmrvvipw70000oyyo6123270j, userId: cmrvvipyc000aoyyodcu4tftb, roleKeys: Array(1)} @ http://localhost:3030/_next/static/chunks/04m2_next_dist_01d_w1-._.js:2431
[ 7000402ms] [LOG] [Fast Refresh] rebuilding @ http://localhost:3030/_next/static/chunks/04m2_next_dist_01d_w1-._.js:2431
[ 7000872ms] [LOG] [Fast Refresh] done in 602ms @ http://localhost:3030/_next/static/chunks/04m2_next_dist_01d_w1-._.js:2431
[ 7002365ms] [LOG] [Fast Refresh] rebuilding @ http://localhost:3030/_next/static/chunks/04m2_next_dist_01d_w1-._.js:2431
[ 7002365ms] [LOG] [Fast Refresh] done in 107ms @ http://localhost:3030/_next/static/chunks/04m2_next_dist_01d_w1-._.js:2431
[ 7002467ms] [LOG] [Fast Refresh] rebuilding @ http://localhost:3030/_next/static/chunks/04m2_next_dist_01d_w1-._.js:2431
[ 7003032ms] [LOG] [Fast Refresh] done in 666ms @ http://localhost:3030/_next/static/chunks/04m2_next_dist_01d_w1-._.js:2431
[ 7003110ms] [INFO] %c%s%c [setup-health] background: #e6e6e6;background: light-dark(rgba(0,0,0,0.1), rgba(255,255,255,0.25));color: #000000;color: light-dark(#000000, #ffffff);border-radius: 2px  Server   panel-layout hidden because permission=false {tenantId: cmrvvipw70000oyyo6123270j, userId: cmrvvipyc000aoyyodcu4tftb, roleKeys: Array(1)} @ http://localhost:3030/_next/static/chunks/04m2_next_dist_01d_w1-._.js:2431
[ 7003213ms] [LOG] [Fast Refresh] rebuilding @ http://localhost:3030/_next/static/chunks/04m2_next_dist_01d_w1-._.js:2431
[ 7004137ms] [LOG] [Fast Refresh] done in 1029ms @ http://localhost:3030/_next/static/chunks/04m2_next_dist_01d_w1-._.js:2431
[ 7004447ms] [LOG] [Fast Refresh] rebuilding @ http://localhost:3030/_next/static/chunks/04m2_next_dist_01d_w1-._.js:2431
[ 7004525ms] [LOG] [Fast Refresh] done in 189ms @ http://localhost:3030/_next/static/chunks/04m2_next_dist_01d_w1-._.js:2431
[ 7004627ms] [LOG] [Fast Refresh] rebuilding @ http://localhost:3030/_next/static/chunks/04m2_next_dist_01d_w1-._.js:2431
[ 7004978ms] [LOG] [Fast Refresh] done in 452ms @ http://localhost:3030/_next/static/chunks/04m2_next_dist_01d_w1-._.js:2431
[ 7005607ms] [INFO] %c%s%c [setup-health] background: #e6e6e6;background: light-dark(rgba(0,0,0,0.1), rgba(255,255,255,0.25));color: #000000;color: light-dark(#000000, #ffffff);border-radius: 2px  Server   panel-layout hidden because permission=false {tenantId: cmrvvipw70000oyyo6123270j, userId: cmrvvipyc000aoyyodcu4tftb, roleKeys: Array(1)} @ http://localhost:3030/_next/static/chunks/04m2_next_dist_01d_w1-._.js:2431
[ 7005674ms] [LOG] [Fast Refresh] rebuilding @ http://localhost:3030/_next/static/chunks/04m2_next_dist_01d_w1-._.js:2431
[ 7005861ms] [LOG] [Fast Refresh] done in 288ms @ http://localhost:3030/_next/static/chunks/04m2_next_dist_01d_w1-._.js:2431
[ 7006070ms] [LOG] [Fast Refresh] rebuilding @ http://localhost:3030/_next/static/chunks/04m2_next_dist_01d_w1-._.js:2431
[ 7006179ms] [LOG] [Fast Refresh] done in 214ms @ http://localhost:3030/_next/static/chunks/04m2_next_dist_01d_w1-._.js:2431
[ 7006955ms] [LOG] [Fast Refresh] rebuilding @ http://localhost:3030/_next/static/chunks/04m2_next_dist_01d_w1-._.js:2431
[ 7007112ms] [LOG] [Fast Refresh] done in 268ms @ http://localhost:3030/_next/static/chunks/04m2_next_dist_01d_w1-._.js:2431
[ 7007137ms] [INFO] %c%s%c [setup-health] background: #e6e6e6;background: light-dark(rgba(0,0,0,0.1), rgba(255,255,255,0.25));color: #000000;color: light-dark(#000000, #ffffff);border-radius: 2px  Server   panel-layout hidden because permission=false {tenantId: cmrvvipw70000oyyo6123270j, userId: cmrvvipyc000aoyyodcu4tftb, roleKeys: Array(1)} @ http://localhost:3030/_next/static/chunks/04m2_next_dist_01d_w1-._.js:2431
[ 7007601ms] [LOG] [Fast Refresh] rebuilding @ http://localhost:3030/_next/static/chunks/04m2_next_dist_01d_w1-._.js:2431
[ 7007602ms] [LOG] [Fast Refresh] done in 116ms @ http://localhost:3030/_next/static/chunks/04m2_next_dist_01d_w1-._.js:2431
[ 7007710ms] [LOG] [Fast Refresh] rebuilding @ http://localhost:3030/_next/static/chunks/04m2_next_dist_01d_w1-._.js:2431
[ 7007794ms] [LOG] [Fast Refresh] done in 192ms @ http://localhost:3030/_next/static/chunks/04m2_next_dist_01d_w1-._.js:2431
[ 7007901ms] [LOG] [Fast Refresh] rebuilding @ http://localhost:3030/_next/static/chunks/04m2_next_dist_01d_w1-._.js:2431
[ 7008084ms] [LOG] [Fast Refresh] done in 289ms @ http://localhost:3030/_next/static/chunks/04m2_next_dist_01d_w1-._.js:2431
[ 7008421ms] [LOG] [Fast Refresh] rebuilding @ http://localhost:3030/_next/static/chunks/04m2_next_dist_01d_w1-._.js:2431
[ 7008582ms] [LOG] [Fast Refresh] done in 279ms @ http://localhost:3030/_next/static/chunks/04m2_next_dist_01d_w1-._.js:2431
[ 7008593ms] [INFO] %c%s%c [setup-health] background: #e6e6e6;background: light-dark(rgba(0,0,0,0.1), rgba(255,255,255,0.25));color: #000000;color: light-dark(#000000, #ffffff);border-radius: 2px  Server   panel-layout hidden because permission=false {tenantId: cmrvvipw70000oyyo6123270j, userId: cmrvvipyc000aoyyodcu4tftb, roleKeys: Array(1)} @ http://localhost:3030/_next/static/chunks/04m2_next_dist_01d_w1-._.js:2431
[ 7008691ms] [LOG] [Fast Refresh] rebuilding @ http://localhost:3030/_next/static/chunks/04m2_next_dist_01d_w1-._.js:2431
[ 7009014ms] [LOG] [Fast Refresh] done in 426ms @ http://localhost:3030/_next/static/chunks/04m2_next_dist_01d_w1-._.js:2431
[ 7009469ms] [LOG] [Fast Refresh] rebuilding @ http://localhost:3030/_next/static/chunks/04m2_next_dist_01d_w1-._.js:2431
[ 7009633ms] [LOG] [Fast Refresh] done in 270ms @ http://localhost:3030/_next/static/chunks/04m2_next_dist_01d_w1-._.js:2431
[ 7010112ms] [LOG] [Fast Refresh] rebuilding @ http://localhost:3030/_next/static/chunks/04m2_next_dist_01d_w1-._.js:2431
[ 7010141ms] [LOG] [Fast Refresh] done in 134ms @ http://localhost:3030/_next/static/chunks/04m2_next_dist_01d_w1-._.js:2431
[ 7010194ms] [INFO] %c%s%c [setup-health] background: #e6e6e6;background: light-dark(rgba(0,0,0,0.1), rgba(255,255,255,0.25));color: #000000;color: light-dark(#000000, #ffffff);border-radius: 2px  Server   panel-layout hidden because permission=false {tenantId: cmrvvipw70000oyyo6123270j, userId: cmrvvipyc000aoyyodcu4tftb, roleKeys: Array(1)} @ http://localhost:3030/_next/static/chunks/04m2_next_dist_01d_w1-._.js:2431
[ 7010242ms] [LOG] [Fast Refresh] rebuilding @ http://localhost:3030/_next/static/chunks/04m2_next_dist_01d_w1-._.js:2431
[ 7010421ms] [LOG] [Fast Refresh] done in 279ms @ http://localhost:3030/_next/static/chunks/04m2_next_dist_01d_w1-._.js:2431
[ 7010643ms] [LOG] [Fast Refresh] rebuilding @ http://localhost:3030/_next/static/chunks/04m2_next_dist_01d_w1-._.js:2431
[ 7010739ms] [LOG] [Fast Refresh] done in 198ms @ http://localhost:3030/_next/static/chunks/04m2_next_dist_01d_w1-._.js:2431
[ 7010841ms] [LOG] [Fast Refresh] rebuilding @ http://localhost:3030/_next/static/chunks/04m2_next_dist_01d_w1-._.js:2431
[ 7010886ms] [LOG] [Fast Refresh] done in 145ms @ http://localhost:3030/_next/static/chunks/04m2_next_dist_01d_w1-._.js:2431
[ 7011001ms] [LOG] [Fast Refresh] rebuilding @ http://localhost:3030/_next/static/chunks/04m2_next_dist_01d_w1-._.js:2431
[ 7011233ms] [LOG] [Fast Refresh] done in 344ms @ http://localhost:3030/_next/static/chunks/04m2_next_dist_01d_w1-._.js:2431
[ 7011417ms] [LOG] [Fast Refresh] rebuilding @ http://localhost:3030/_next/static/chunks/04m2_next_dist_01d_w1-._.js:2431
[ 7011541ms] [LOG] [Fast Refresh] done in 228ms @ http://localhost:3030/_next/static/chunks/04m2_next_dist_01d_w1-._.js:2431
[ 7011603ms] [INFO] %c%s%c [setup-health] background: #e6e6e6;background: light-dark(rgba(0,0,0,0.1), rgba(255,255,255,0.25));color: #000000;color: light-dark(#000000, #ffffff);border-radius: 2px  Server   panel-layout hidden because permission=false {tenantId: cmrvvipw70000oyyo6123270j, userId: cmrvvipyc000aoyyodcu4tftb, roleKeys: Array(1)} @ http://localhost:3030/_next/static/chunks/04m2_next_dist_01d_w1-._.js:2431
[ 7011648ms] [LOG] [Fast Refresh] rebuilding @ http://localhost:3030/_next/static/chunks/04m2_next_dist_01d_w1-._.js:2431
[ 7011773ms] [LOG] [Fast Refresh] done in 231ms @ http://localhost:3030/_next/static/chunks/04m2_next_dist_01d_w1-._.js:2431
[ 7011991ms] [LOG] [Fast Refresh] rebuilding @ http://localhost:3030/_next/static/chunks/04m2_next_dist_01d_w1-._.js:2431
[ 7012026ms] [LOG] [Fast Refresh] done in 134ms @ http://localhost:3030/_next/static/chunks/04m2_next_dist_01d_w1-._.js:2431
[ 7012135ms] [LOG] [Fast Refresh] rebuilding @ http://localhost:3030/_next/static/chunks/04m2_next_dist_01d_w1-._.js:2431
[ 7012444ms] [LOG] [Fast Refresh] done in 417ms @ http://localhost:3030/_next/static/chunks/04m2_next_dist_01d_w1-._.js:2431
[ 7012914ms] [INFO] %c%s%c [setup-health] background: #e6e6e6;background: light-dark(rgba(0,0,0,0.1), rgba(255,255,255,0.25));color: #000000;color: light-dark(#000000, #ffffff);border-radius: 2px  Server   panel-layout hidden because permission=false {tenantId: cmrvvipw70000oyyo6123270j, userId: cmrvvipyc000aoyyodcu4tftb, roleKeys: Array(1)} @ http://localhost:3030/_next/static/chunks/04m2_next_dist_01d_w1-._.js:2431
[ 7012982ms] [LOG] [Fast Refresh] rebuilding @ http://localhost:3030/_next/static/chunks/04m2_next_dist_01d_w1-._.js:2431
[ 7013170ms] [LOG] [Fast Refresh] done in 298ms @ http://localhost:3030/_next/static/chunks/04m2_next_dist_01d_w1-._.js:2431
[ 7013435ms] [LOG] [Fast Refresh] rebuilding @ http://localhost:3030/_next/static/chunks/04m2_next_dist_01d_w1-._.js:2431
[ 7013448ms] [LOG] [Fast Refresh] done in 120ms @ http://localhost:3030/_next/static/chunks/04m2_next_dist_01d_w1-._.js:2431
[ 7013579ms] [LOG] [Fast Refresh] rebuilding @ http://localhost:3030/_next/static/chunks/04m2_next_dist_01d_w1-._.js:2431
[ 7013608ms] [LOG] [Fast Refresh] done in 134ms @ http://localhost:3030/_next/static/chunks/04m2_next_dist_01d_w1-._.js:2431
[ 7013717ms] [LOG] [Fast Refresh] rebuilding @ http://localhost:3030/_next/static/chunks/04m2_next_dist_01d_w1-._.js:2431
[ 7013997ms] [LOG] [Fast Refresh] done in 386ms @ http://localhost:3030/_next/static/chunks/04m2_next_dist_01d_w1-._.js:2431
[ 7014487ms] [LOG] [Fast Refresh] rebuilding @ http://localhost:3030/_next/static/chunks/04m2_next_dist_01d_w1-._.js:2431
[ 7014490ms] [INFO] %c%s%c [setup-health] background: #e6e6e6;background: light-dark(rgba(0,0,0,0.1), rgba(255,255,255,0.25));color: #000000;color: light-dark(#000000, #ffffff);border-radius: 2px  Server   panel-layout hidden because permission=false {tenantId: cmrvvipw70000oyyo6123270j, userId: cmrvvipyc000aoyyodcu4tftb, roleKeys: Array(1)} @ http://localhost:3030/_next/static/chunks/04m2_next_dist_01d_w1-._.js:2431
[ 7014744ms] [LOG] [Fast Refresh] done in 357ms @ http://localhost:3030/_next/static/chunks/04m2_next_dist_01d_w1-._.js:2431
[ 7015352ms] [LOG] [Fast Refresh] rebuilding @ http://localhost:3030/_next/static/chunks/04m2_next_dist_01d_w1-._.js:2431
[ 7015596ms] [LOG] [Fast Refresh] done in 350ms @ http://localhost:3030/_next/static/chunks/04m2_next_dist_01d_w1-._.js:2431
[ 7016152ms] [INFO] %c%s%c [setup-health] background: #e6e6e6;background: light-dark(rgba(0,0,0,0.1), rgba(255,255,255,0.25));color: #000000;color: light-dark(#000000, #ffffff);border-radius: 2px  Server   panel-layout hidden because permission=false {tenantId: cmrvvipw70000oyyo6123270j, userId: cmrvvipyc000aoyyodcu4tftb, roleKeys: Array(1)} @ http://localhost:3030/_next/static/chunks/04m2_next_dist_01d_w1-._.js:2431
[ 7016221ms] [LOG] [Fast Refresh] rebuilding @ http://localhost:3030/_next/static/chunks/04m2_next_dist_01d_w1-._.js:2431
[ 7016371ms] [LOG] [Fast Refresh] done in 271ms @ http://localhost:3030/_next/static/chunks/04m2_next_dist_01d_w1-._.js:2431
[ 7016634ms] [LOG] [Fast Refresh] rebuilding @ http://localhost:3030/_next/static/chunks/04m2_next_dist_01d_w1-._.js:2431
[ 7016648ms] [LOG] [Fast Refresh] done in 119ms @ http://localhost:3030/_next/static/chunks/04m2_next_dist_01d_w1-._.js:2431
[ 7017206ms] [LOG] [Fast Refresh] rebuilding @ http://localhost:3030/_next/static/chunks/04m2_next_dist_01d_w1-._.js:2431
[ 7017302ms] [LOG] [Fast Refresh] done in 203ms @ http://localhost:3030/_next/static/chunks/04m2_next_dist_01d_w1-._.js:2431
[ 7017404ms] [LOG] [Fast Refresh] rebuilding @ http://localhost:3030/_next/static/chunks/04m2_next_dist_01d_w1-._.js:2431
[ 7017526ms] [LOG] [Fast Refresh] done in 223ms @ http://localhost:3030/_next/static/chunks/04m2_next_dist_01d_w1-._.js:2431
[ 7017637ms] [INFO] %c%s%c [setup-health] background: #e6e6e6;background: light-dark(rgba(0,0,0,0.1), rgba(255,255,255,0.25));color: #000000;color: light-dark(#000000, #ffffff);border-radius: 2px  Server   panel-layout hidden because permission=false {tenantId: cmrvvipw70000oyyo6123270j, userId: cmrvvipyc000aoyyodcu4tftb, roleKeys: Array(1)} @ http://localhost:3030/_next/static/chunks/04m2_next_dist_01d_w1-._.js:2431
[ 7018035ms] [LOG] [Fast Refresh] rebuilding @ http://localhost:3030/_next/static/chunks/04m2_next_dist_01d_w1-._.js:2431
[ 7018101ms] [LOG] [Fast Refresh] done in 169ms @ http://localhost:3030/_next/static/chunks/04m2_next_dist_01d_w1-._.js:2431
[ 7018204ms] [LOG] [Fast Refresh] rebuilding @ http://localhost:3030/_next/static/chunks/04m2_next_dist_01d_w1-._.js:2431
[ 7018221ms] [LOG] [Fast Refresh] done in 119ms @ http://localhost:3030/_next/static/chunks/04m2_next_dist_01d_w1-._.js:2431
[ 7018325ms] [LOG] [Fast Refresh] rebuilding @ http://localhost:3030/_next/static/chunks/04m2_next_dist_01d_w1-._.js:2431
[ 7018659ms] [LOG] [Fast Refresh] done in 436ms @ http://localhost:3030/_next/static/chunks/04m2_next_dist_01d_w1-._.js:2431
[ 7019091ms] [LOG] [Fast Refresh] rebuilding @ http://localhost:3030/_next/static/chunks/04m2_next_dist_01d_w1-._.js:2431
[ 7019158ms] [LOG] [Fast Refresh] done in 175ms @ http://localhost:3030/_next/static/chunks/04m2_next_dist_01d_w1-._.js:2431
[ 7019249ms] [INFO] %c%s%c [setup-health] background: #e6e6e6;background: light-dark(rgba(0,0,0,0.1), rgba(255,255,255,0.25));color: #000000;color: light-dark(#000000, #ffffff);border-radius: 2px  Server   panel-layout hidden because permission=false {tenantId: cmrvvipw70000oyyo6123270j, userId: cmrvvipyc000aoyyodcu4tftb, roleKeys: Array(1)} @ http://localhost:3030/_next/static/chunks/04m2_next_dist_01d_w1-._.js:2431
[ 7019270ms] [LOG] [Fast Refresh] rebuilding @ http://localhost:3030/_next/static/chunks/04m2_next_dist_01d_w1-._.js:2431
[ 7019531ms] [LOG] [Fast Refresh] done in 366ms @ http://localhost:3030/_next/static/chunks/04m2_next_dist_01d_w1-._.js:2431
[ 7019862ms] [LOG] [Fast Refresh] rebuilding @ http://localhost:3030/_next/static/chunks/04m2_next_dist_01d_w1-._.js:2431
[ 7019928ms] [LOG] [Fast Refresh] done in 172ms @ http://localhost:3030/_next/static/chunks/04m2_next_dist_01d_w1-._.js:2431
[ 7020032ms] [LOG] [Fast Refresh] rebuilding @ http://localhost:3030/_next/static/chunks/04m2_next_dist_01d_w1-._.js:2431
[ 7020252ms] [LOG] [Fast Refresh] done in 324ms @ http://localhost:3030/_next/static/chunks/04m2_next_dist_01d_w1-._.js:2431
[ 7020679ms] [INFO] %c%s%c [setup-health] background: #e6e6e6;background: light-dark(rgba(0,0,0,0.1), rgba(255,255,255,0.25));color: #000000;color: light-dark(#000000, #ffffff);border-radius: 2px  Server   panel-layout hidden because permission=false {tenantId: cmrvvipw70000oyyo6123270j, userId: cmrvvipyc000aoyyodcu4tftb, roleKeys: Array(1)} @ http://localhost:3030/_next/static/chunks/04m2_next_dist_01d_w1-._.js:2431
[ 7020778ms] [LOG] [Fast Refresh] rebuilding @ http://localhost:3030/_next/static/chunks/04m2_next_dist_01d_w1-._.js:2431
[ 7020930ms] [LOG] [Fast Refresh] done in 252ms @ http://localhost:3030/_next/static/chunks/04m2_next_dist_01d_w1-._.js:2431
[ 7021124ms] [LOG] [Fast Refresh] rebuilding @ http://localhost:3030/_next/static/chunks/04m2_next_dist_01d_w1-._.js:2431
[ 7021265ms] [LOG] [Fast Refresh] done in 247ms @ http://localhost:3030/_next/static/chunks/04m2_next_dist_01d_w1-._.js:2431
[ 7021373ms] [LOG] [Fast Refresh] rebuilding @ http://localhost:3030/_next/static/chunks/04m2_next_dist_01d_w1-._.js:2431
[ 7021554ms] [LOG] [Fast Refresh] done in 288ms @ http://localhost:3030/_next/static/chunks/04m2_next_dist_01d_w1-._.js:2431
[ 7022119ms] [INFO] %c%s%c [setup-health] background: #e6e6e6;background: light-dark(rgba(0,0,0,0.1), rgba(255,255,255,0.25));color: #000000;color: light-dark(#000000, #ffffff);border-radius: 2px  Server   panel-layout hidden because permission=false {tenantId: cmrvvipw70000oyyo6123270j, userId: cmrvvipyc000aoyyodcu4tftb, roleKeys: Array(1)} @ http://localhost:3030/_next/static/chunks/04m2_next_dist_01d_w1-._.js:2431
[ 7022220ms] [LOG] [Fast Refresh] rebuilding @ http://localhost:3030/_next/static/chunks/04m2_next_dist_01d_w1-._.js:2431
[ 7022346ms] [ERROR] Failed to load resource: net::ERR_INSUFFICIENT_RESOURCES @ http://localhost:3030/positions/cmrvw8om1000xoyr8hblrkte5?tab=history&_rsc=1p5zp:0
[ 7022356ms] [ERROR] Failed to fetch RSC payload for http://localhost:3030/positions/cmrvw8om1000xoyr8hblrkte5?tab=history. Falling back to browser navigation. TypeError: Failed to fetch
    at createFetch (http://localhost:3030/_next/static/chunks/04m2_next_dist_client_0-mnb_3._.js:8084:21)
    at fetchServerResponse (http://localhost:3030/_next/static/chunks/04m2_next_dist_client_0-mnb_3._.js:7928:27)
    at fetchMissingDynamicData (http://localhost:3030/_next/static/chunks/04m2_next_dist_client_0-mnb_3._.js:9341:75)
    at spawnDynamicRequests (http://localhost:3030/_next/static/chunks/04m2_next_dist_client_0-mnb_3._.js:9149:35)
    at navigateToKnownRoute (http://localhost:3030/_next/static/chunks/04m2_next_dist_client_0-mnb_3._.js:10033:54)
    at refreshDynamicData (http://localhost:3030/_next/static/chunks/04m2_next_dist_client_0-mnb_3._.js:10653:49)
    at hmrRefreshReducer (http://localhost:3030/_next/static/chunks/04m2_next_dist_client_0-mnb_3._.js:10802:51)
    at clientReducer (http://localhost:3030/_next/static/chunks/04m2_next_dist_client_0-mnb_3._.js:11398:65)
    at Object.action (http://localhost:3030/_next/static/chunks/04m2_next_dist_client_0-mnb_3._.js:11631:55)
    at runAction (http://localhost:3030/_next/static/chunks/04m2_next_dist_client_0-mnb_3._.js:11536:38)
    at dispatchAction (http://localhost:3030/_next/static/chunks/04m2_next_dist_client_0-mnb_3._.js:11599:9)
    at Object.dispatch (http://localhost:3030/_next/static/chunks/04m2_next_dist_client_0-mnb_3._.js:11629:40)
    at http://localhost:3030/_next/static/chunks/04m2_next_dist_client_0-mnb_3._.js:963:29
    at startTransition (http://localhost:3030/_next/static/chunks/04m2_next_dist_compiled_react-dom_03k2tun._.js:5469:31)
    at nextDispatch (http://localhost:3030/_next/static/chunks/04m2_next_dist_client_0-mnb_3._.js:962:13)
    at dispatchAppRouterAction (http://localhost:3030/_next/static/chunks/04m2_next_dist_client_0-mnb_3._.js:922:5)
    at http://localhost:3030/_next/static/chunks/04m2_next_dist_client_0-mnb_3._.js:11800:61
    at startTransition (http://localhost:3030/_next/static/chunks/04m2_next_dist_compiled_0g.v2rf._.js:1279:31)
    at Object.hmrRefresh (http://localhost:3030/_next/static/chunks/04m2_next_dist_client_0-mnb_3._.js:11799:40)
    at processMessage (http://localhost:3030/_next/static/chunks/04m2_next_dist_client_0-mnb_3._.js:13990:67)
    at WebSocket.handleMessage (http://localhost:3030/_next/static/chunks/04m2_next_dist_client_0-mnb_3._.js:13335:52) @ http://localhost:3030/_next/static/chunks/04m2_next_dist_01d_w1-._.js:3272
[ 7022436ms] [LOG] [Fast Refresh] done in 318ms @ http://localhost:3030/_next/static/chunks/04m2_next_dist_01d_w1-._.js:2431
[ 7022807ms] [LOG] [Fast Refresh] rebuilding @ http://localhost:3030/_next/static/chunks/04m2_next_dist_01d_w1-._.js:2431
[ 7023294ms] [LOG] [Fast Refresh] done in 595ms @ http://localhost:3030/_next/static/chunks/04m2_next_dist_01d_w1-._.js:2431
[ 7023721ms] [LOG] [Fast Refresh] rebuilding @ http://localhost:3030/_next/static/chunks/04m2_next_dist_01d_w1-._.js:2431
[ 7023826ms] [LOG] [Fast Refresh] done in 213ms @ http://localhost:3030/_next/static/chunks/04m2_next_dist_01d_w1-._.js:2431
[ 7023946ms] [LOG] [Fast Refresh] rebuilding @ http://localhost:3030/_next/static/chunks/04m2_next_dist_01d_w1-._.js:2431
[ 7028088ms] [LOG] [Fast Refresh] done in 4261ms @ http://localhost:3030/_next/static/chunks/04m2_next_dist_01d_w1-._.js:2431
[ 7028356ms] [LOG] [Fast Refresh] rebuilding @ http://localhost:3030/_next/static/chunks/04m2_next_dist_01d_w1-._.js:2431
[ 7028440ms] [LOG] [Fast Refresh] done in 185ms @ http://localhost:3030/_next/static/chunks/04m2_next_dist_01d_w1-._.js:2431
[ 7028544ms] [LOG] [Fast Refresh] rebuilding @ http://localhost:3030/_next/static/chunks/04m2_next_dist_01d_w1-._.js:2431
[ 7028571ms] [LOG] [Fast Refresh] done in 130ms @ http://localhost:3030/_next/static/chunks/04m2_next_dist_01d_w1-._.js:2431
[ 7028682ms] [LOG] [Fast Refresh] rebuilding @ http://localhost:3030/_next/static/chunks/04m2_next_dist_01d_w1-._.js:2431
[ 7028815ms] [LOG] [Fast Refresh] done in 241ms @ http://localhost:3030/_next/static/chunks/04m2_next_dist_01d_w1-._.js:2431
[ 7029184ms] [INFO] %c%s%c [setup-health] background: #e6e6e6;background: light-dark(rgba(0,0,0,0.1), rgba(255,255,255,0.25));color: #000000;color: light-dark(#000000, #ffffff);border-radius: 2px  Server   panel-layout hidden because permission=false {tenantId: cmrvvipw70000oyyo6123270j, userId: cmrvvipyc000aoyyodcu4tftb, roleKeys: Array(1)} @ http://localhost:3030/_next/static/chunks/04m2_next_dist_01d_w1-._.js:2431
[ 7029197ms] [LOG] [Fast Refresh] rebuilding @ http://localhost:3030/_next/static/chunks/04m2_next_dist_01d_w1-._.js:2431
[ 7029386ms] [LOG] [Fast Refresh] done in 290ms @ http://localhost:3030/_next/static/chunks/04m2_next_dist_01d_w1-._.js:2431
[ 7032093ms] [INFO] %cDownload the React DevTools for a better development experience: https://react.dev/link/react-devtools font-weight:bold @ http://localhost:3030/_next/static/chunks/04m2_next_dist_01d_w1-._.js:2431
[ 7032370ms] [LOG] [HMR] connected @ http://localhost:3030/_next/static/chunks/04m2_next_dist_01d_w1-._.js:2431
[ 7032390ms] [INFO] %c%s%c [setup-health] background: #e6e6e6;background: light-dark(rgba(0,0,0,0.1), rgba(255,255,255,0.25));color: #000000;color: light-dark(#000000, #ffffff);border-radius: 2px  Server   panel-layout hidden because permission=false {tenantId: cmrvvipw70000oyyo6123270j, userId: cmrvvipyc000aoyyodcu4tftb, roleKeys: Array(1)} @ http://localhost:3030/_next/static/chunks/04m2_next_dist_01d_w1-._.js:2431
[ 7032976ms] [LOG] [Fast Refresh] rebuilding @ http://localhost:3030/_next/static/chunks/04m2_next_dist_01d_w1-._.js:2431
[ 7033082ms] [LOG] [Fast Refresh] done in 209ms @ http://localhost:3030/_next/static/chunks/04m2_next_dist_01d_w1-._.js:2431
[ 7033264ms] [LOG] [Fast Refresh] rebuilding @ http://localhost:3030/_next/static/chunks/04m2_next_dist_01d_w1-._.js:2431
[ 7033336ms] [LOG] [Fast Refresh] done in 174ms @ http://localhost:3030/_next/static/chunks/04m2_next_dist_01d_w1-._.js:2431
[ 7033438ms] [LOG] [Fast Refresh] rebuilding @ http://localhost:3030/_next/static/chunks/04m2_next_dist_01d_w1-._.js:2431
[ 7033453ms] [LOG] [Fast Refresh] done in 115ms @ http://localhost:3030/_next/static/chunks/04m2_next_dist_01d_w1-._.js:2431
[ 7033643ms] [LOG] [Fast Refresh] rebuilding @ http://localhost:3030/_next/static/chunks/04m2_next_dist_01d_w1-._.js:2431
[ 7033656ms] [LOG] [Fast Refresh] done in 121ms @ http://localhost:3030/_next/static/chunks/04m2_next_dist_01d_w1-._.js:2431
[ 7033773ms] [LOG] [Fast Refresh] rebuilding @ http://localhost:3030/_next/static/chunks/04m2_next_dist_01d_w1-._.js:2431
[ 7033892ms] [LOG] [Fast Refresh] done in 220ms @ http://localhost:3030/_next/static/chunks/04m2_next_dist_01d_w1-._.js:2431
[ 7034277ms] [LOG] [Fast Refresh] rebuilding @ http://localhost:3030/_next/static/chunks/04m2_next_dist_01d_w1-._.js:2431
[ 7034371ms] [LOG] [Fast Refresh] done in 225ms @ http://localhost:3030/_next/static/chunks/04m2_next_dist_01d_w1-._.js:2431
[ 7034497ms] [LOG] [Fast Refresh] rebuilding @ http://localhost:3030/_next/static/chunks/04m2_next_dist_01d_w1-._.js:2431
[ 7034561ms] [LOG] [Fast Refresh] done in 174ms @ http://localhost:3030/_next/static/chunks/04m2_next_dist_01d_w1-._.js:2431
[ 7034668ms] [LOG] [Fast Refresh] rebuilding @ http://localhost:3030/_next/static/chunks/04m2_next_dist_01d_w1-._.js:2431
[ 7034724ms] [LOG] [Fast Refresh] done in 160ms @ http://localhost:3030/_next/static/chunks/04m2_next_dist_01d_w1-._.js:2431
[ 7034859ms] [LOG] [Fast Refresh] rebuilding @ http://localhost:3030/_next/static/chunks/04m2_next_dist_01d_w1-._.js:2431
[ 7034912ms] [LOG] [Fast Refresh] done in 179ms @ http://localhost:3030/_next/static/chunks/04m2_next_dist_01d_w1-._.js:2431
[ 7035084ms] Error: Switched to client rendering because the server rendering errored:

Module [project]/Desktop/first-unit-next/vahedyek/node_modules/next/dist/esm/client/components/layout-router.js [app-ssr] (ecmascript) was instantiated because it was required from module [project]/Desktop/first-unit-next/vahedyek/node_modules/next/dist/esm/build/templates/app-page.js?page=/(panel)/job-classifications/page { MODULE_0 => "[project]/Desktop/first-unit-next/vahedyek/apps/dastranj-panel/app/layout.tsx [app-rsc] (ecmascript, Next.js Server Component)", MODULE_1 => "[project]/Desktop/first-unit-next/vahedyek/node_modules/next/dist/client/components/builtin/not-found.js [app-rsc] (ecmascript, Next.js Server Component)", MODULE_2 => "[project]/Desktop/first-unit-next/vahedyek/node_modules/next/dist/client/components/builtin/forbidden.js [app-rsc] (ecmascript, Next.js Server Component)", MODULE_3 => "[project]/Desktop/first-unit-next/vahedyek/node_modules/next/dist/client/components/builtin/unauthorized.js [app-rsc] (ecmascript, Next.js Server Component)", MODULE_4 => "[project]/Desktop/first-unit-next/vahedyek/node_modules/next/dist/client/components/builtin/global-error.js [app-rsc] (ecmascript, Next.js Server Component)", MODULE_5 => "[project]/Desktop/first-unit-next/vahedyek/apps/dastranj-panel/app/(panel)/layout.tsx [app-rsc] (ecmascript, Next.js Server Component)", MODULE_6 => "[project]/Desktop/first-unit-next/vahedyek/node_modules/next/dist/client/components/builtin/not-found.js [app-rsc] (ecmascript, Next.js Server Component)", MODULE_7 => "[project]/Desktop/first-unit-next/vahedyek/node_modules/next/dist/client/components/builtin/forbidden.js [app-rsc] (ecmascript, Next.js Server Component)", MODULE_8 => "[project]/Desktop/first-unit-next/vahedyek/node_modules/next/dist/client/components/builtin/unauthorized.js [app-rsc] (ecmascript, Next.js Server Component)", MODULE_9 => "[project]/Desktop/first-unit-next/vahedyek/apps/dastranj-panel/app/(panel)/job-classifications/error.tsx [app-rsc] (ecmascript, Next.js Server Component)", MODULE_10 => "[project]/Desktop/first-unit-next/vahedyek/apps/dastranj-panel/app/(panel)/job-classifications/loading.tsx [app-rsc] (ecmascript, Next.js Server Component)", MODULE_11 => "[project]/Desktop/first-unit-next/vahedyek/apps/dastranj-panel/app/(panel)/job-classifications/page.tsx [app-rsc] (ecmascript, Next.js Server Component)" } [app-rsc] (ecmascript) <locals>, but the module factory is not available.
This is often caused by a stale browser cache, misconfigured Cache-Control headers, or a service worker serving outdated responses.
To fix this, make sure your Cache-Control headers allow revalidation of chunks and review your service worker configuration. As an immediate workaround, try hard-reloading the page, clearing the browser cache, or unregistering any service workers.
    at instantiateModuleShared (C:\Users\Administrator\Desktop\first-unit-next\vahedyek\apps\dastranj-panel\.next\dev\server\chunks\ssr\[turbopack]_runtime.js:1256:15)
    at instantiateModule (C:\Users\Administrator\Desktop\first-unit-next\vahedyek\apps\dastranj-panel\.next\dev\server\chunks\ssr\[turbopack]_runtime.js:1557:23)
    at getOrInstantiateModuleFromParent (C:\Users\Administrator\Desktop\first-unit-next\vahedyek\apps\dastranj-panel\.next\dev\server\chunks\ssr\[turbopack]_runtime.js:1593:23)
    at Context.commonJsRequire [as r] (C:\Users\Administrator\Desktop\first-unit-next\vahedyek\apps\dastranj-panel\.next\dev\server\chunks\ssr\[turbopack]_runtime.js:302:12)
    at Object.require (C:\Users\Administrator\Desktop\first-unit-next\vahedyek\node_modules\next\dist\compiled\next-server\app-page-turbo.runtime.dev.js:69:48242)
    at globalThis.__next_require__ (C:\Users\Administrator\Desktop\first-unit-next\vahedyek\node_modules\next\dist\compiled\next-server\app-page-turbo.runtime.dev.js:69:49109)
    at requireModule (C:\Users\Administrator\Desktop\first-unit-next\vahedyek\node_modules\next\dist\compiled\next-server\app-page-turbo.runtime.dev.js:2:340808)
    at initializeModuleChunk (C:\Users\Administrator\Desktop\first-unit-next\vahedyek\node_modules\next\dist\compiled\next-server\app-page-turbo.runtime.dev.js:2:381296)
    at readChunk (C:\Users\Administrator\Desktop\first-unit-next\vahedyek\node_modules\next\dist\compiled\next-server\app-page-turbo.runtime.dev.js:2:373365)
    at getComponentNameFromType (C:\Users\Administrator\Desktop\first-unit-next\vahedyek\node_modules\next\dist\compiled\next-server\app-page-turbo.runtime.dev.js:2:78452)
    at retryNode (C:\Users\Administrator\Desktop\first-unit-next\vahedyek\node_modules\next\dist\compiled\next-server\app-page-turbo.runtime.dev.js:2:201552)
    at renderNodeDestructive (C:\Users\Administrator\Desktop\first-unit-next\vahedyek\node_modules\next\dist\compiled\next-server\app-page-turbo.runtime.dev.js:2:201175)
    at renderElement (C:\Users\Administrator\Desktop\first-unit-next\vahedyek\node_modules\next\dist\compiled\next-server\app-page-turbo.runtime.dev.js:2:193338)
    at retryNode (C:\Users\Administrator\Desktop\first-unit-next\vahedyek\node_modules\next\dist\compiled\next-server\app-page-turbo.runtime.dev.js:2:201940)
    at renderNodeDestructive (C:\Users\Administrator\Desktop\first-unit-next\vahedyek\node_modules\next\dist\compiled\next-server\app-page-turbo.runtime.dev.js:2:201175)
    at renderElement (C:\Users\Administrator\Desktop\first-unit-next\vahedyek\node_modules\next\dist\compiled\next-server\app-page-turbo.runtime.dev.js:2:193338)
    at retryNode (C:\Users\Administrator\Desktop\first-unit-next\vahedyek\node_modules\next\dist\compiled\next-server\app-page-turbo.runtime.dev.js:2:201940)
    at renderNodeDestructive (C:\Users\Administrator\Desktop\first-unit-next\vahedyek\node_modules\next\dist\compiled\next-server\app-page-turbo.runtime.dev.js:2:201175)
    at finishFunctionComponent (C:\Users\Administrator\Desktop\first-unit-next\vahedyek\node_modules\next\dist\compiled\next-server\app-page-turbo.runtime.dev.js:2:119349)
    at renderElement (C:\Users\Administrator\Desktop\first-unit-next\vahedyek\node_modules\next\dist\compiled\next-server\app-page-turbo.runtime.dev.js:2:134520)
    at retryNode (C:\Users\Administrator\Desktop\first-unit-next\vahedyek\node_modules\next\dist\compiled\next-server\app-page-turbo.runtime.dev.js:2:201940)
    at renderNodeDestructive (C:\Users\Administrator\Desktop\first-unit-next\vahedyek\node_modules\next\dist\compiled\next-server\app-page-turbo.runtime.dev.js:2:201175)
    at renderNode (C:\Users\Administrator\Desktop\first-unit-next\vahedyek\node_modules\next\dist\compiled\next-server\app-page-turbo.runtime.dev.js:2:213093)
    at renderChildrenArray (C:\Users\Administrator\Desktop\first-unit-next\vahedyek\node_modules\next\dist\compiled\next-server\app-page-turbo.runtime.dev.js:2:207654)
    at retryNode (C:\Users\Administrator\Desktop\first-unit-next\vahedyek\node_modules\next\dist\compiled\next-server\app-page-turbo.runtime.dev.js:2:202417)
    at renderNodeDestructive (C:\Users\Administrator\Desktop\first-unit-next\vahedyek\node_modules\next\dist\compiled\next-server\app-page-turbo.runtime.dev.js:2:201175)
    at renderElement (C:\Users\Administrator\Desktop\first-unit-next\vahedyek\node_modules\next\dist\compiled\next-server\app-page-turbo.runtime.dev.js:2:132462)
    at retryNode (C:\Users\Administrator\Desktop\first-unit-next\vahedyek\node_modules\next\dist\compiled\next-server\app-page-turbo.runtime.dev.js:2:201940)
    at renderNodeDestructive (C:\Users\Administrator\Desktop\first-unit-next\vahedyek\node_modules\next\dist\compiled\next-server\app-page-turbo.runtime.dev.js:2:201175)
    at finishFunctionComponent (C:\Users\Administrator\Desktop\first-unit-next\vahedyek\node_modules\next\dist\compiled\next-server\app-page-turbo.runtime.dev.js:2:119349)
    at renderElement (C:\Users\Administrator\Desktop\first-unit-next\vahedyek\node_modules\next\dist\compiled\next-server\app-page-turbo.runtime.dev.js:2:134520)
    at retryNode (C:\Users\Administrator\Desktop\first-unit-next\vahedyek\node_modules\next\dist\compiled\next-server\app-page-turbo.runtime.dev.js:2:201940)
    at renderNodeDestructive (C:\Users\Administrator\Desktop\first-unit-next\vahedyek\node_modules\next\dist\compiled\next-server\app-page-turbo.runtime.dev.js:2:201175)
    at renderElement (C:\Users\Administrator\Desktop\first-unit-next\vahedyek\node_modules\next\dist\compiled\next-server\app-page-turbo.runtime.dev.js:2:182673)
    at retryNode (C:\Users\Administrator\Desktop\first-unit-next\vahedyek\node_modules\next\dist\compiled\next-server\app-page-turbo.runtime.dev.js:2:201940)
    at renderNodeDestructive (C:\Users\Administrator\Desktop\first-unit-next\vahedyek\node_modules\next\dist\compiled\next-server\app-page-turbo.runtime.dev.js:2:201175)
    at finishFunctionComponent (C:\Users\Administrator\Desktop\first-unit-next\vahedyek\node_modules\next\dist\compiled\next-server\app-page-turbo.runtime.dev.js:2:119349)
    at renderElement (C:\Users\Administrator\Desktop\first-unit-next\vahedyek\node_modules\next\dist\compiled\next-server\app-page-turbo.runtime.dev.js:2:134520)
    at retryNode (C:\Users\Administrator\Desktop\first-unit-next\vahedyek\node_modules\next\dist\compiled\next-server\app-page-turbo.runtime.dev.js:2:201940)
    at renderNodeDestructive (C:\Users\Administrator\Desktop\first-unit-next\vahedyek\node_modules\next\dist\compiled\next-server\app-page-turbo.runtime.dev.js:2:201175)
    at renderElement (C:\Users\Administrator\Desktop\first-unit-next\vahedyek\node_modules\next\dist\compiled\next-server\app-page-turbo.runtime.dev.js:2:182673)
    at retryNode (C:\Users\Administrator\Desktop\first-unit-next\vahedyek\node_modules\next\dist\compiled\next-server\app-page-turbo.runtime.dev.js:2:201940)
    at renderNodeDestructive (C:\Users\Administrator\Desktop\first-unit-next\vahedyek\node_modules\next\dist\compiled\next-server\app-page-turbo.runtime.dev.js:2:201175)
    at finishFunctionComponent (C:\Users\Administrator\Desktop\first-unit-next\vahedyek\node_modules\next\dist\compiled\next-server\app-page-turbo.runtime.dev.js:2:119349)
    at renderElement (C:\Users\Administrator\Desktop\first-unit-next\vahedyek\node_modules\next\dist\compiled\next-server\app-page-turbo.runtime.dev.js:2:134520)
    at retryNode (C:\Users\Administrator\Desktop\first-unit-next\vahedyek\node_modules\next\dist\compiled\next-server\app-page-turbo.runtime.dev.js:2:201940)
    at renderNodeDestructive (C:\Users\Administrator\Desktop\first-unit-next\vahedyek\node_modules\next\dist\compiled\next-server\app-page-turbo.runtime.dev.js:2:201175)
    at renderElement (C:\Users\Administrator\Desktop\first-unit-next\vahedyek\node_modules\next\dist\compiled\next-server\app-page-turbo.runtime.dev.js:2:182673)
    at retryNode (C:\Users\Administrator\Desktop\first-unit-next\vahedyek\node_modules\next\dist\compiled\next-server\app-page-turbo.runtime.dev.js:2:201940)
    at renderNodeDestructive (C:\Users\Administrator\Desktop\first-unit-next\vahedyek\node_modules\next\dist\compiled\next-server\app-page-turbo.runtime.dev.js:2:201175)
[ 7035165ms] [LOG] [Fast Refresh] rebuilding @ http://localhost:3030/_next/static/chunks/04m2_next_dist_01d_w1-._.js:2431
[ 7035518ms] [LOG] [Fast Refresh] done in 594ms @ http://localhost:3030/_next/static/chunks/04m2_next_dist_01d_w1-._.js:2431
[ 7035744ms] [LOG] [Fast Refresh] rebuilding @ http://localhost:3030/_next/static/chunks/04m2_next_dist_01d_w1-._.js:2431
[ 7036830ms] [LOG] [Fast Refresh] done in 1193ms @ http://localhost:3030/_next/static/chunks/04m2_next_dist_01d_w1-._.js:2431
[ 7036998ms] [LOG] [Fast Refresh] rebuilding @ http://localhost:3030/_next/static/chunks/04m2_next_dist_01d_w1-._.js:2431
[ 7037096ms] [LOG] [Fast Refresh] done in 205ms @ http://localhost:3030/_next/static/chunks/04m2_next_dist_01d_w1-._.js:2431
[ 7038725ms] [LOG] [Fast Refresh] rebuilding @ http://localhost:3030/_next/static/chunks/04m2_next_dist_01d_w1-._.js:2431
[ 7038764ms] [LOG] [Fast Refresh] done in 153ms @ http://localhost:3030/_next/static/chunks/04m2_next_dist_01d_w1-._.js:2431
[ 7038879ms] [LOG] [Fast Refresh] rebuilding @ http://localhost:3030/_next/static/chunks/04m2_next_dist_01d_w1-._.js:2431
[ 7038958ms] [LOG] [Fast Refresh] done in 192ms @ http://localhost:3030/_next/static/chunks/04m2_next_dist_01d_w1-._.js:2431
[ 7039067ms] [LOG] [Fast Refresh] rebuilding @ http://localhost:3030/_next/static/chunks/04m2_next_dist_01d_w1-._.js:2431
[ 7039072ms] [LOG] [Fast Refresh] done in 114ms @ http://localhost:3030/_next/static/chunks/04m2_next_dist_01d_w1-._.js:2431
[ 7039186ms] [LOG] [Fast Refresh] rebuilding @ http://localhost:3030/_next/static/chunks/04m2_next_dist_01d_w1-._.js:2431
[ 7039307ms] [LOG] [Fast Refresh] done in 224ms @ http://localhost:3030/_next/static/chunks/04m2_next_dist_01d_w1-._.js:2431
[ 7039485ms] [LOG] [Fast Refresh] rebuilding @ http://localhost:3030/_next/static/chunks/04m2_next_dist_01d_w1-._.js:2431
[ 7039559ms] [LOG] [Fast Refresh] done in 176ms @ http://localhost:3030/_next/static/chunks/04m2_next_dist_01d_w1-._.js:2431
[ 7040107ms] [LOG] [Fast Refresh] rebuilding @ http://localhost:3030/_next/static/chunks/04m2_next_dist_01d_w1-._.js:2431
[ 7040137ms] [LOG] [Fast Refresh] done in 133ms @ http://localhost:3030/_next/static/chunks/04m2_next_dist_01d_w1-._.js:2431
[ 7040665ms] [LOG] [Fast Refresh] rebuilding @ http://localhost:3030/_next/static/chunks/04m2_next_dist_01d_w1-._.js:2431
[ 7040785ms] [LOG] [Fast Refresh] done in 222ms @ http://localhost:3030/_next/static/chunks/04m2_next_dist_01d_w1-._.js:2431
[ 7040896ms] [LOG] [Fast Refresh] rebuilding @ http://localhost:3030/_next/static/chunks/04m2_next_dist_01d_w1-._.js:2431
[ 7040947ms] [LOG] [Fast Refresh] done in 161ms @ http://localhost:3030/_next/static/chunks/04m2_next_dist_01d_w1-._.js:2431
[ 7041123ms] [LOG] [Fast Refresh] rebuilding @ http://localhost:3030/_next/static/chunks/04m2_next_dist_01d_w1-._.js:2431
[ 7041137ms] [LOG] [Fast Refresh] done in 122ms @ http://localhost:3030/_next/static/chunks/04m2_next_dist_01d_w1-._.js:2431
[ 7041253ms] [LOG] [Fast Refresh] rebuilding @ http://localhost:3030/_next/static/chunks/04m2_next_dist_01d_w1-._.js:2431
[ 7041305ms] [LOG] [Fast Refresh] done in 166ms @ http://localhost:3030/_next/static/chunks/04m2_next_dist_01d_w1-._.js:2431
[ 7041410ms] [LOG] [Fast Refresh] rebuilding @ http://localhost:3030/_next/static/chunks/04m2_next_dist_01d_w1-._.js:2431
[ 7041467ms] [LOG] [Fast Refresh] done in 161ms @ http://localhost:3030/_next/static/chunks/04m2_next_dist_01d_w1-._.js:2431
[ 7041640ms] [LOG] [Fast Refresh] rebuilding @ http://localhost:3030/_next/static/chunks/04m2_next_dist_01d_w1-._.js:2431
[ 7041743ms] [LOG] [Fast Refresh] done in 207ms @ http://localhost:3030/_next/static/chunks/04m2_next_dist_01d_w1-._.js:2431
[ 7042179ms] [LOG] [Fast Refresh] rebuilding @ http://localhost:3030/_next/static/chunks/04m2_next_dist_01d_w1-._.js:2431
[ 7042260ms] [LOG] [Fast Refresh] done in 194ms @ http://localhost:3030/_next/static/chunks/04m2_next_dist_01d_w1-._.js:2431
[ 7042365ms] [LOG] [Fast Refresh] rebuilding @ http://localhost:3030/_next/static/chunks/04m2_next_dist_01d_w1-._.js:2431
[ 7042376ms] [LOG] [Fast Refresh] done in 116ms @ http://localhost:3030/_next/static/chunks/04m2_next_dist_01d_w1-._.js:2431
[ 7042768ms] [LOG] [Fast Refresh] rebuilding @ http://localhost:3030/_next/static/chunks/04m2_next_dist_01d_w1-._.js:2431
[ 7042855ms] [LOG] [Fast Refresh] done in 193ms @ http://localhost:3030/_next/static/chunks/04m2_next_dist_01d_w1-._.js:2431
[ 7043228ms] [LOG] [Fast Refresh] rebuilding @ http://localhost:3030/_next/static/chunks/04m2_next_dist_01d_w1-._.js:2431
[ 7043274ms] [LOG] [Fast Refresh] done in 161ms @ http://localhost:3030/_next/static/chunks/04m2_next_dist_01d_w1-._.js:2431
[ 7043453ms] [LOG] [Fast Refresh] rebuilding @ http://localhost:3030/_next/static/chunks/04m2_next_dist_01d_w1-._.js:2431
[ 7043469ms] [LOG] [Fast Refresh] done in 127ms @ http://localhost:3030/_next/static/chunks/04m2_next_dist_01d_w1-._.js:2431
[ 7043657ms] [LOG] [Fast Refresh] rebuilding @ http://localhost:3030/_next/static/chunks/04m2_next_dist_01d_w1-._.js:2431
[ 7043743ms] [LOG] [Fast Refresh] done in 203ms @ http://localhost:3030/_next/static/chunks/04m2_next_dist_01d_w1-._.js:2431
[ 7043963ms] [LOG] [Fast Refresh] rebuilding @ http://localhost:3030/_next/static/chunks/04m2_next_dist_01d_w1-._.js:2431
[ 7043978ms] [LOG] [Fast Refresh] done in 127ms @ http://localhost:3030/_next/static/chunks/04m2_next_dist_01d_w1-._.js:2431
[ 7044180ms] [LOG] [Fast Refresh] rebuilding @ http://localhost:3030/_next/static/chunks/04m2_next_dist_01d_w1-._.js:2431
[ 7044277ms] [LOG] [Fast Refresh] done in 202ms @ http://localhost:3030/_next/static/chunks/04m2_next_dist_01d_w1-._.js:2431
[ 7044454ms] [LOG] [Fast Refresh] rebuilding @ http://localhost:3030/_next/static/chunks/04m2_next_dist_01d_w1-._.js:2431
[ 7044457ms] [LOG] [Fast Refresh] done in 109ms @ http://localhost:3030/_next/static/chunks/04m2_next_dist_01d_w1-._.js:2431
[ 7044709ms] [LOG] [Fast Refresh] rebuilding @ http://localhost:3030/_next/static/chunks/04m2_next_dist_01d_w1-._.js:2431
[ 7044764ms] [LOG] [Fast Refresh] done in 156ms @ http://localhost:3030/_next/static/chunks/04m2_next_dist_01d_w1-._.js:2431
[ 7044945ms] [LOG] [Fast Refresh] rebuilding @ http://localhost:3030/_next/static/chunks/04m2_next_dist_01d_w1-._.js:2431
[ 7045019ms] [LOG] [Fast Refresh] done in 178ms @ http://localhost:3030/_next/static/chunks/04m2_next_dist_01d_w1-._.js:2431
[ 7045126ms] [LOG] [Fast Refresh] rebuilding @ http://localhost:3030/_next/static/chunks/04m2_next_dist_01d_w1-._.js:2431
[ 7045140ms] [LOG] [Fast Refresh] done in 120ms @ http://localhost:3030/_next/static/chunks/04m2_next_dist_01d_w1-._.js:2431
[ 7045341ms] [LOG] [Fast Refresh] rebuilding @ http://localhost:3030/_next/static/chunks/04m2_next_dist_01d_w1-._.js:2431
[ 7045341ms] [LOG] [Fast Refresh] done in 108ms @ http://localhost:3030/_next/static/chunks/04m2_next_dist_01d_w1-._.js:2431
[ 7045454ms] [LOG] [Fast Refresh] rebuilding @ http://localhost:3030/_next/static/chunks/04m2_next_dist_01d_w1-._.js:2431
[ 7045546ms] [LOG] [Fast Refresh] done in 205ms @ http://localhost:3030/_next/static/chunks/04m2_next_dist_01d_w1-._.js:2431
[ 7045764ms] [LOG] [Fast Refresh] rebuilding @ http://localhost:3030/_next/static/chunks/04m2_next_dist_01d_w1-._.js:2431
[ 7045849ms] [LOG] [Fast Refresh] done in 193ms @ http://localhost:3030/_next/static/chunks/04m2_next_dist_01d_w1-._.js:2431
[ 7046019ms] [LOG] [Fast Refresh] rebuilding @ http://localhost:3030/_next/static/chunks/04m2_next_dist_01d_w1-._.js:2431
[ 7046111ms] [LOG] [Fast Refresh] done in 210ms @ http://localhost:3030/_next/static/chunks/04m2_next_dist_01d_w1-._.js:2431
[ 7046752ms] [LOG] [Fast Refresh] rebuilding @ http://localhost:3030/_next/static/chunks/04m2_next_dist_01d_w1-._.js:2431
[ 7046834ms] [LOG] [Fast Refresh] done in 200ms @ http://localhost:3030/_next/static/chunks/04m2_next_dist_01d_w1-._.js:2431
[ 7046954ms] [LOG] [Fast Refresh] rebuilding @ http://localhost:3030/_next/static/chunks/04m2_next_dist_01d_w1-._.js:2431
[ 7046964ms] [LOG] [Fast Refresh] done in 126ms @ http://localhost:3030/_next/static/chunks/04m2_next_dist_01d_w1-._.js:2431
[ 7047256ms] [LOG] [Fast Refresh] rebuilding @ http://localhost:3030/_next/static/chunks/04m2_next_dist_01d_w1-._.js:2431
[ 7047329ms] [LOG] [Fast Refresh] done in 177ms @ http://localhost:3030/_next/static/chunks/04m2_next_dist_01d_w1-._.js:2431
[ 7047442ms] [LOG] [Fast Refresh] rebuilding @ http://localhost:3030/_next/static/chunks/04m2_next_dist_01d_w1-._.js:2431
[ 7047449ms] [LOG] [Fast Refresh] done in 117ms @ http://localhost:3030/_next/static/chunks/04m2_next_dist_01d_w1-._.js:2431
[ 7047673ms] [LOG] [Fast Refresh] rebuilding @ http://localhost:3030/_next/static/chunks/04m2_next_dist_01d_w1-._.js:2431
[ 7047689ms] [LOG] [Fast Refresh] done in 152ms @ http://localhost:3030/_next/static/chunks/04m2_next_dist_01d_w1-._.js:2431
[ 7047801ms] [LOG] [Fast Refresh] rebuilding @ http://localhost:3030/_next/static/chunks/04m2_next_dist_01d_w1-._.js:2431
[ 7047924ms] [LOG] [Fast Refresh] done in 227ms @ http://localhost:3030/_next/static/chunks/04m2_next_dist_01d_w1-._.js:2431
[ 7048229ms] [LOG] [Fast Refresh] rebuilding @ http://localhost:3030/_next/static/chunks/04m2_next_dist_01d_w1-._.js:2431
[ 7048338ms] [LOG] [Fast Refresh] done in 216ms @ http://localhost:3030/_next/static/chunks/04m2_next_dist_01d_w1-._.js:2431
[ 7048701ms] [LOG] [Fast Refresh] rebuilding @ http://localhost:3030/_next/static/chunks/04m2_next_dist_01d_w1-._.js:2431
[ 7048720ms] [LOG] [Fast Refresh] done in 124ms @ http://localhost:3030/_next/static/chunks/04m2_next_dist_01d_w1-._.js:2431
[ 7049127ms] [LOG] [Fast Refresh] rebuilding @ http://localhost:3030/_next/static/chunks/04m2_next_dist_01d_w1-._.js:2431
[ 7049177ms] [LOG] [Fast Refresh] done in 168ms @ http://localhost:3030/_next/static/chunks/04m2_next_dist_01d_w1-._.js:2431
[ 7049284ms] [LOG] [Fast Refresh] rebuilding @ http://localhost:3030/_next/static/chunks/04m2_next_dist_01d_w1-._.js:2431
[ 7049509ms] [LOG] [Fast Refresh] done in 330ms @ http://localhost:3030/_next/static/chunks/04m2_next_dist_01d_w1-._.js:2431
[ 7049778ms] [LOG] [Fast Refresh] rebuilding @ http://localhost:3030/_next/static/chunks/04m2_next_dist_01d_w1-._.js:2431
[ 7049889ms] [LOG] [Fast Refresh] done in 219ms @ http://localhost:3030/_next/static/chunks/04m2_next_dist_01d_w1-._.js:2431
[ 7051257ms] [LOG] [Fast Refresh] rebuilding @ http://localhost:3030/_next/static/chunks/04m2_next_dist_01d_w1-._.js:2431
[ 7051353ms] [LOG] [Fast Refresh] done in 204ms @ http://localhost:3030/_next/static/chunks/04m2_next_dist_01d_w1-._.js:2431
[ 7051550ms] [LOG] [Fast Refresh] rebuilding @ http://localhost:3030/_next/static/chunks/04m2_next_dist_01d_w1-._.js:2431
[ 7051566ms] [LOG] [Fast Refresh] done in 125ms @ http://localhost:3030/_next/static/chunks/04m2_next_dist_01d_w1-._.js:2431
[ 7051747ms] [LOG] [Fast Refresh] rebuilding @ http://localhost:3030/_next/static/chunks/04m2_next_dist_01d_w1-._.js:2431
[ 7051915ms] [LOG] [Fast Refresh] done in 272ms @ http://localhost:3030/_next/static/chunks/04m2_next_dist_01d_w1-._.js:2431
[ 7052257ms] [LOG] [Fast Refresh] rebuilding @ http://localhost:3030/_next/static/chunks/04m2_next_dist_01d_w1-._.js:2431
[ 7052260ms] [LOG] [Fast Refresh] done in 109ms @ http://localhost:3030/_next/static/chunks/04m2_next_dist_01d_w1-._.js:2431
[ 7052365ms] [LOG] [Fast Refresh] rebuilding @ http://localhost:3030/_next/static/chunks/04m2_next_dist_01d_w1-._.js:2431
[ 7052392ms] [LOG] [Fast Refresh] done in 131ms @ http://localhost:3030/_next/static/chunks/04m2_next_dist_01d_w1-._.js:2431
[ 7052502ms] [LOG] [Fast Refresh] rebuilding @ http://localhost:3030/_next/static/chunks/04m2_next_dist_01d_w1-._.js:2431
[ 7052554ms] [LOG] [Fast Refresh] done in 162ms @ http://localhost:3030/_next/static/chunks/04m2_next_dist_01d_w1-._.js:2431
[ 7052658ms] [LOG] [Fast Refresh] rebuilding @ http://localhost:3030/_next/static/chunks/04m2_next_dist_01d_w1-._.js:2431
[ 7052741ms] [LOG] [Fast Refresh] done in 187ms @ http://localhost:3030/_next/static/chunks/04m2_next_dist_01d_w1-._.js:2431
[ 7052846ms] [LOG] [Fast Refresh] rebuilding @ http://localhost:3030/_next/static/chunks/04m2_next_dist_01d_w1-._.js:2431
[ 7053144ms] [LOG] [Fast Refresh] done in 402ms @ http://localhost:3030/_next/static/chunks/04m2_next_dist_01d_w1-._.js:2431
[ 7056952ms] [ERROR] WebSocket connection to 'ws://localhost:3030/_next/webpack-hmr?id=Hb2ZAzE_sHYQNoHPeDaDd' failed: Error in connection establishment: net::ERR_CONNECTION_REFUSED @ http://localhost:3030/_next/static/chunks/04m2_next_dist_client_0-mnb_3._.js:13299
[ 7060314ms] [ERROR] WebSocket connection to 'ws://localhost:3030/_next/webpack-hmr?id=Hb2ZAzE_sHYQNoHPeDaDd' failed: Error in connection establishment: net::ERR_CONNECTION_REFUSED @ http://localhost:3030/_next/static/chunks/04m2_next_dist_client_0-mnb_3._.js:13299
[ 7063662ms] [ERROR] WebSocket connection to 'ws://localhost:3030/_next/webpack-hmr?id=Hb2ZAzE_sHYQNoHPeDaDd' failed: Error in connection establishment: net::ERR_CONNECTION_REFUSED @ http://localhost:3030/_next/static/chunks/04m2_next_dist_client_0-mnb_3._.js:13299
[ 7067017ms] [ERROR] WebSocket connection to 'ws://localhost:3030/_next/webpack-hmr?id=Hb2ZAzE_sHYQNoHPeDaDd' failed: Error in connection establishment: net::ERR_CONNECTION_REFUSED @ http://localhost:3030/_next/static/chunks/04m2_next_dist_client_0-mnb_3._.js:13299
[ 7070366ms] [ERROR] WebSocket connection to 'ws://localhost:3030/_next/webpack-hmr?id=Hb2ZAzE_sHYQNoHPeDaDd' failed: Error in connection establishment: net::ERR_CONNECTION_REFUSED @ http://localhost:3030/_next/static/chunks/04m2_next_dist_client_0-mnb_3._.js:13299
[ 7077683ms] [ERROR] WebSocket connection to 'ws://localhost:3030/_next/webpack-hmr?id=Hb2ZAzE_sHYQNoHPeDaDd' failed: Error in connection establishment: net::ERR_CONNECTION_REFUSED @ http://localhost:3030/_next/static/chunks/04m2_next_dist_client_0-mnb_3._.js:13299
[ 7085028ms] [ERROR] WebSocket connection to 'ws://localhost:3030/_next/webpack-hmr?id=Hb2ZAzE_sHYQNoHPeDaDd' failed: Error in connection establishment: net::ERR_CONNECTION_REFUSED @ http://localhost:3030/_next/static/chunks/04m2_next_dist_client_0-mnb_3._.js:13299
[ 7092370ms] [ERROR] WebSocket connection to 'ws://localhost:3030/_next/webpack-hmr?id=Hb2ZAzE_sHYQNoHPeDaDd' failed: Error in connection establishment: net::ERR_CONNECTION_REFUSED @ http://localhost:3030/_next/static/chunks/04m2_next_dist_client_0-mnb_3._.js:13299
[ 7099721ms] [ERROR] WebSocket connection to 'ws://localhost:3030/_next/webpack-hmr?id=Hb2ZAzE_sHYQNoHPeDaDd' failed: Error in connection establishment: net::ERR_CONNECTION_REFUSED @ http://localhost:3030/_next/static/chunks/04m2_next_dist_client_0-mnb_3._.js:13299
[ 7107068ms] [ERROR] WebSocket connection to 'ws://localhost:3030/_next/webpack-hmr?id=Hb2ZAzE_sHYQNoHPeDaDd' failed: Error in connection establishment: net::ERR_CONNECTION_REFUSED @ http://localhost:3030/_next/static/chunks/04m2_next_dist_client_0-mnb_3._.js:13299
[ 7114405ms] [ERROR] WebSocket connection to 'ws://localhost:3030/_next/webpack-hmr?id=Hb2ZAzE_sHYQNoHPeDaDd' failed: Error in connection establishment: net::ERR_CONNECTION_REFUSED @ http://localhost:3030/_next/static/chunks/04m2_next_dist_client_0-mnb_3._.js:13299
[ 7121754ms] [ERROR] WebSocket connection to 'ws://localhost:3030/_next/webpack-hmr?id=Hb2ZAzE_sHYQNoHPeDaDd' failed: Error in connection establishment: net::ERR_CONNECTION_REFUSED @ http://localhost:3030/_next/static/chunks/04m2_next_dist_client_0-mnb_3._.js:13299
[ 7165893ms] [INFO] %cDownload the React DevTools for a better development experience: https://react.dev/link/react-devtools font-weight:bold @ http://localhost:3030/_next/static/chunks/04m2_next_dist_01d_w1-._.js:2431
[ 7165998ms] [LOG] [HMR] connected @ http://localhost:3030/_next/static/chunks/04m2_next_dist_01d_w1-._.js:2431
[ 7166023ms] [INFO] %c%s%c [setup-health] background: #e6e6e6;background: light-dark(rgba(0,0,0,0.1), rgba(255,255,255,0.25));color: #000000;color: light-dark(#000000, #ffffff);border-radius: 2px  Server   panel-layout hidden because permission=false {tenantId: cmrvvipw70000oyyo6123270j, userId: cmrvvipyc000aoyyodcu4tftb, roleKeys: Array(1)} @ http://localhost:3030/_next/static/chunks/04m2_next_dist_01d_w1-._.js:2431
[ 7191426ms] [LOG] [Fast Refresh] rebuilding @ http://localhost:3030/_next/static/chunks/04m2_next_dist_01d_w1-._.js:2431
[ 7191678ms] [LOG] [Fast Refresh] done in 361ms @ http://localhost:3030/_next/static/chunks/04m2_next_dist_01d_w1-._.js:2431
[ 7203681ms] [LOG] [Fast Refresh] rebuilding @ http://localhost:3030/_next/static/chunks/04m2_next_dist_01d_w1-._.js:2431
[ 7203858ms] [LOG] [Fast Refresh] done in 293ms @ http://localhost:3030/_next/static/chunks/04m2_next_dist_01d_w1-._.js:2431
[ 7243596ms] [LOG] [Fast Refresh] rebuilding @ http://localhost:3030/_next/static/chunks/04m2_next_dist_01d_w1-._.js:2431
[ 7244347ms] [LOG] [Fast Refresh] done in 866ms @ http://localhost:3030/_next/static/chunks/04m2_next_dist_01d_w1-._.js:2431
[ 7245359ms] [LOG] [Fast Refresh] rebuilding @ http://localhost:3030/_next/static/chunks/04m2_next_dist_01d_w1-._.js:2431
[ 7245594ms] [LOG] [Fast Refresh] done in 346ms @ http://localhost:3030/_next/static/chunks/04m2_next_dist_01d_w1-._.js:2431
[ 7256075ms] [LOG] [Fast Refresh] rebuilding @ http://localhost:3030/_next/static/chunks/04m2_next_dist_01d_w1-._.js:2431
[ 7256281ms] [LOG] [Fast Refresh] done in 320ms @ http://localhost:3030/_next/static/chunks/04m2_next_dist_01d_w1-._.js:2431
[ 7270684ms] [LOG] [Fast Refresh] rebuilding @ http://localhost:3030/_next/static/chunks/04m2_next_dist_01d_w1-._.js:2431
[ 7270918ms] [LOG] [Fast Refresh] done in 335ms @ http://localhost:3030/_next/static/chunks/04m2_next_dist_01d_w1-._.js:2431
[ 7325911ms] [LOG] [Fast Refresh] rebuilding @ http://localhost:3030/_next/static/chunks/04m2_next_dist_01d_w1-._.js:2431
[ 7326203ms] [LOG] [Fast Refresh] done in 386ms @ http://localhost:3030/_next/static/chunks/04m2_next_dist_01d_w1-._.js:2431
[ 7326307ms] [LOG] [Fast Refresh] rebuilding @ http://localhost:3030/_next/static/chunks/04m2_next_dist_01d_w1-._.js:2431
[ 7326334ms] [LOG] [Fast Refresh] done in 127ms @ http://localhost:3030/_next/static/chunks/04m2_next_dist_01d_w1-._.js:2431
[ 7326439ms] [LOG] [Fast Refresh] rebuilding @ http://localhost:3030/_next/static/chunks/04m2_next_dist_01d_w1-._.js:2431
[ 7326699ms] [LOG] [Fast Refresh] done in 362ms @ http://localhost:3030/_next/static/chunks/04m2_next_dist_01d_w1-._.js:2431
[ 7326811ms] [LOG] [Fast Refresh] rebuilding @ http://localhost:3030/_next/static/chunks/04m2_next_dist_01d_w1-._.js:2431
[ 7326863ms] [LOG] [Fast Refresh] done in 158ms @ http://localhost:3030/_next/static/chunks/04m2_next_dist_01d_w1-._.js:2431
[ 7326972ms] [LOG] [Fast Refresh] rebuilding @ http://localhost:3030/_next/static/chunks/04m2_next_dist_01d_w1-._.js:2431
[ 7327123ms] [LOG] [Fast Refresh] done in 253ms @ http://localhost:3030/_next/static/chunks/04m2_next_dist_01d_w1-._.js:2431
[ 7327361ms] [LOG] [Fast Refresh] rebuilding @ http://localhost:3030/_next/static/chunks/04m2_next_dist_01d_w1-._.js:2431
[ 7327364ms] [LOG] [Fast Refresh] done in 119ms @ http://localhost:3030/_next/static/chunks/04m2_next_dist_01d_w1-._.js:2431
[ 7327575ms] [LOG] [Fast Refresh] rebuilding @ http://localhost:3030/_next/static/chunks/04m2_next_dist_01d_w1-._.js:2431
[ 7327659ms] [LOG] [Fast Refresh] done in 216ms @ http://localhost:3030/_next/static/chunks/04m2_next_dist_01d_w1-._.js:2431
[ 7327666ms] [INFO] %c%s%c [setup-health] background: #e6e6e6;background: light-dark(rgba(0,0,0,0.1), rgba(255,255,255,0.25));color: #000000;color: light-dark(#000000, #ffffff);border-radius: 2px  Server   panel-layout hidden because permission=false {tenantId: cmrvvipw70000oyyo6123270j, userId: cmrvvipyc000aoyyodcu4tftb, roleKeys: Array(1)} @ http://localhost:3030/_next/static/chunks/04m2_next_dist_01d_w1-._.js:2431
[ 7328165ms] [LOG] [Fast Refresh] rebuilding @ http://localhost:3030/_next/static/chunks/04m2_next_dist_01d_w1-._.js:2431
[ 7328193ms] [LOG] [Fast Refresh] done in 148ms @ http://localhost:3030/_next/static/chunks/04m2_next_dist_01d_w1-._.js:2431
[ 7333972ms] [LOG] [Fast Refresh] rebuilding @ http://localhost:3030/_next/static/chunks/04m2_next_dist_01d_w1-._.js:2431
[ 7334125ms] [LOG] [Fast Refresh] done in 267ms @ http://localhost:3030/_next/static/chunks/04m2_next_dist_01d_w1-._.js:2431
[ 7334659ms] [LOG] [Fast Refresh] rebuilding @ http://localhost:3030/_next/static/chunks/04m2_next_dist_01d_w1-._.js:2431
[ 7334867ms] [LOG] [Fast Refresh] done in 308ms @ http://localhost:3030/_next/static/chunks/04m2_next_dist_01d_w1-._.js:2431
[ 7355657ms] [LOG] [Fast Refresh] rebuilding @ http://localhost:3030/_next/static/chunks/04m2_next_dist_01d_w1-._.js:2431
[ 7355878ms] [LOG] [Fast Refresh] done in 322ms @ http://localhost:3030/_next/static/chunks/04m2_next_dist_01d_w1-._.js:2431
[ 7368662ms] [ERROR] WebSocket connection to 'ws://localhost:3030/_next/webpack-hmr?id=bJEs7RC8Ck_iVAN5h7u_e' failed: Error in connection establishment: net::ERR_CONNECTION_REFUSED @ http://localhost:3030/_next/static/chunks/04m2_next_dist_client_0-mnb_3._.js:13299
[ 7372009ms] [ERROR] WebSocket connection to 'ws://localhost:3030/_next/webpack-hmr?id=bJEs7RC8Ck_iVAN5h7u_e' failed: Error in connection establishment: net::ERR_CONNECTION_REFUSED @ http://localhost:3030/_next/static/chunks/04m2_next_dist_client_0-mnb_3._.js:13299
[ 7375354ms] [ERROR] WebSocket connection to 'ws://localhost:3030/_next/webpack-hmr?id=bJEs7RC8Ck_iVAN5h7u_e' failed: Error in connection establishment: net::ERR_CONNECTION_REFUSED @ http://localhost:3030/_next/static/chunks/04m2_next_dist_client_0-mnb_3._.js:13299
[ 7378721ms] [ERROR] WebSocket connection to 'ws://localhost:3030/_next/webpack-hmr?id=bJEs7RC8Ck_iVAN5h7u_e' failed: Error in connection establishment: net::ERR_CONNECTION_REFUSED @ http://localhost:3030/_next/static/chunks/04m2_next_dist_client_0-mnb_3._.js:13299
[ 7382065ms] [ERROR] WebSocket connection to 'ws://localhost:3030/_next/webpack-hmr?id=bJEs7RC8Ck_iVAN5h7u_e' failed: Error in connection establishment: net::ERR_CONNECTION_REFUSED @ http://localhost:3030/_next/static/chunks/04m2_next_dist_client_0-mnb_3._.js:13299
[ 7389407ms] [ERROR] WebSocket connection to 'ws://localhost:3030/_next/webpack-hmr?id=bJEs7RC8Ck_iVAN5h7u_e' failed: Error in connection establishment: net::ERR_CONNECTION_REFUSED @ http://localhost:3030/_next/static/chunks/04m2_next_dist_client_0-mnb_3._.js:13299
[ 7634412ms] [ERROR] WebSocket connection to 'ws://localhost:3030/_next/webpack-hmr?id=bJEs7RC8Ck_iVAN5h7u_e' failed: WebSocket opening handshake timed out @ http://localhost:3030/_next/static/chunks/04m2_next_dist_client_0-mnb_3._.js:13299
[ 7754291ms] [ERROR] WebSocket connection to 'ws://localhost:3030/_next/webpack-hmr?id=bJEs7RC8Ck_iVAN5h7u_e' failed: Error during WebSocket handshake: net::ERR_CONNECTION_RESET @ http://localhost:3030/_next/static/chunks/04m2_next_dist_client_0-mnb_3._.js:13299
[ 7761623ms] [ERROR] WebSocket connection to 'ws://localhost:3030/_next/webpack-hmr?id=bJEs7RC8Ck_iVAN5h7u_e' failed: Error in connection establishment: net::ERR_CONNECTION_REFUSED @ http://localhost:3030/_next/static/chunks/04m2_next_dist_client_0-mnb_3._.js:13299
[ 7768972ms] [ERROR] WebSocket connection to 'ws://localhost:3030/_next/webpack-hmr?id=bJEs7RC8Ck_iVAN5h7u_e' failed: Error in connection establishment: net::ERR_CONNECTION_REFUSED @ http://localhost:3030/_next/static/chunks/04m2_next_dist_client_0-mnb_3._.js:13299
[ 7776322ms] [ERROR] WebSocket connection to 'ws://localhost:3030/_next/webpack-hmr?id=bJEs7RC8Ck_iVAN5h7u_e' failed: Error in connection establishment: net::ERR_CONNECTION_REFUSED @ http://localhost:3030/_next/static/chunks/04m2_next_dist_client_0-mnb_3._.js:13299
[ 7783661ms] [ERROR] WebSocket connection to 'ws://localhost:3030/_next/webpack-hmr?id=bJEs7RC8Ck_iVAN5h7u_e' failed: Error in connection establishment: net::ERR_CONNECTION_REFUSED @ http://localhost:3030/_next/static/chunks/04m2_next_dist_client_0-mnb_3._.js:13299
