[     236ms] [INFO] %cDownload the React DevTools for a better development experience: https://react.dev/link/react-devtools font-weight:bold @ http://localhost:3030/_next/static/chunks/04m2_next_dist_01d_w1-._.js:2431
[     281ms] [LOG] [HMR] connected @ http://localhost:3030/_next/static/chunks/04m2_next_dist_01d_w1-._.js:2431
[     290ms] [INFO] %c%s%c [setup-health] background: #e6e6e6;background: light-dark(rgba(0,0,0,0.1), rgba(255,255,255,0.25));color: #000000;color: light-dark(#000000, #ffffff);border-radius: 2px  Server   panel-layout {tenantId: cmrvvipw70000oyyo6123270j, userId: cmrvvipyc000aoyyodcu4tftb, score: 40, completedCount: 2, totalCriticalCount: 5} @ http://localhost:3030/_next/static/chunks/04m2_next_dist_01d_w1-._.js:2431
[     408ms] [LOG] [Fast Refresh] rebuilding @ http://localhost:3030/_next/static/chunks/04m2_next_dist_01d_w1-._.js:2431
[     678ms] [LOG] [Fast Refresh] done in 374ms @ http://localhost:3030/_next/static/chunks/04m2_next_dist_01d_w1-._.js:2431
[  314463ms] [LOG] [Fast Refresh] rebuilding @ http://localhost:3030/_next/static/chunks/04m2_next_dist_01d_w1-._.js:2431
[  314832ms] [LOG] [Fast Refresh] done in 467ms @ http://localhost:3030/_next/static/chunks/04m2_next_dist_01d_w1-._.js:2431
[  314977ms] [LOG] [Fast Refresh] rebuilding @ http://localhost:3030/_next/static/chunks/04m2_next_dist_01d_w1-._.js:2431
[  314987ms] [LOG] [Fast Refresh] done in 112ms @ http://localhost:3030/_next/static/chunks/04m2_next_dist_01d_w1-._.js:2431
[  315095ms] [LOG] [Fast Refresh] rebuilding @ http://localhost:3030/_next/static/chunks/04m2_next_dist_01d_w1-._.js:2431
[  315156ms] [LOG] [Fast Refresh] done in 162ms @ http://localhost:3030/_next/static/chunks/04m2_next_dist_01d_w1-._.js:2431
[  315488ms] [INFO] %c%s%c [setup-health] background: #e6e6e6;background: light-dark(rgba(0,0,0,0.1), rgba(255,255,255,0.25));color: #000000;color: light-dark(#000000, #ffffff);border-radius: 2px  Server   panel-layout {tenantId: cmrvvipw70000oyyo6123270j, userId: cmrvvipyc000aoyyodcu4tftb, score: 40, completedCount: 2, totalCriticalCount: 5} @ http://localhost:3030/_next/static/chunks/04m2_next_dist_01d_w1-._.js:2431
[  315502ms] [INFO] %c%s%c [setup-health] background: #e6e6e6;background: light-dark(rgba(0,0,0,0.1), rgba(255,255,255,0.25));color: #000000;color: light-dark(#000000, #ffffff);border-radius: 2px  Server   panel-layout {tenantId: cmrvvipw70000oyyo6123270j, userId: cmrvvipyc000aoyyodcu4tftb, score: 40, completedCount: 2, totalCriticalCount: 5} @ http://localhost:3030/_next/static/chunks/04m2_next_dist_01d_w1-._.js:2431
[  321081ms] [LOG] [Fast Refresh] rebuilding @ http://localhost:3030/_next/static/chunks/04m2_next_dist_01d_w1-._.js:2431
[  326345ms] [LOG] [Fast Refresh] done in 5187ms @ http://localhost:3030/_next/static/chunks/04m2_next_dist_01d_w1-._.js:2431
[  326448ms] [LOG] [Fast Refresh] rebuilding @ http://localhost:3030/_next/static/chunks/04m2_next_dist_01d_w1-._.js:2431
[  326639ms] [LOG] [Fast Refresh] done in 294ms @ http://localhost:3030/_next/static/chunks/04m2_next_dist_01d_w1-._.js:2431
[  326924ms] [LOG] [Fast Refresh] rebuilding @ http://localhost:3030/_next/static/chunks/04m2_next_dist_01d_w1-._.js:2431
[  326941ms] [LOG] [Fast Refresh] done in 119ms @ http://localhost:3030/_next/static/chunks/04m2_next_dist_01d_w1-._.js:2431
[  326970ms] [INFO] %c%s%c [setup-health] background: #e6e6e6;background: light-dark(rgba(0,0,0,0.1), rgba(255,255,255,0.25));color: #000000;color: light-dark(#000000, #ffffff);border-radius: 2px  Server   panel-layout {tenantId: cmrvvipw70000oyyo6123270j, userId: cmrvvipyc000aoyyodcu4tftb, score: 40, completedCount: 2, totalCriticalCount: 5} @ http://localhost:3030/_next/static/chunks/04m2_next_dist_01d_w1-._.js:2431
[  327190ms] [LOG] [Fast Refresh] rebuilding @ http://localhost:3030/_next/static/chunks/04m2_next_dist_01d_w1-._.js:2431
[  327191ms] [LOG] [Fast Refresh] done in 105ms @ http://localhost:3030/_next/static/chunks/04m2_next_dist_01d_w1-._.js:2431
[  327206ms] [INFO] %c%s%c [setup-health] background: #e6e6e6;background: light-dark(rgba(0,0,0,0.1), rgba(255,255,255,0.25));color: #000000;color: light-dark(#000000, #ffffff);border-radius: 2px  Server   panel-layout {tenantId: cmrvvipw70000oyyo6123270j, userId: cmrvvipyc000aoyyodcu4tftb, score: 40, completedCount: 2, totalCriticalCount: 5} @ http://localhost:3030/_next/static/chunks/04m2_next_dist_01d_w1-._.js:2431
[  327500ms] [LOG] [Fast Refresh] rebuilding @ http://localhost:3030/_next/static/chunks/04m2_next_dist_01d_w1-._.js:2431
[  327530ms] [LOG] [Fast Refresh] done in 131ms @ http://localhost:3030/_next/static/chunks/04m2_next_dist_01d_w1-._.js:2431
[  327539ms] [INFO] %c%s%c [setup-health] background: #e6e6e6;background: light-dark(rgba(0,0,0,0.1), rgba(255,255,255,0.25));color: #000000;color: light-dark(#000000, #ffffff);border-radius: 2px  Server   panel-layout {tenantId: cmrvvipw70000oyyo6123270j, userId: cmrvvipyc000aoyyodcu4tftb, score: 40, completedCount: 2, totalCriticalCount: 5} @ http://localhost:3030/_next/static/chunks/04m2_next_dist_01d_w1-._.js:2431
[  327804ms] [LOG] [Fast Refresh] rebuilding @ http://localhost:3030/_next/static/chunks/04m2_next_dist_01d_w1-._.js:2431
[  327814ms] [LOG] [Fast Refresh] done in 114ms @ http://localhost:3030/_next/static/chunks/04m2_next_dist_01d_w1-._.js:2431
[  327833ms] [INFO] %c%s%c [setup-health] background: #e6e6e6;background: light-dark(rgba(0,0,0,0.1), rgba(255,255,255,0.25));color: #000000;color: light-dark(#000000, #ffffff);border-radius: 2px  Server   panel-layout {tenantId: cmrvvipw70000oyyo6123270j, userId: cmrvvipyc000aoyyodcu4tftb, score: 40, completedCount: 2, totalCriticalCount: 5} @ http://localhost:3030/_next/static/chunks/04m2_next_dist_01d_w1-._.js:2431
[  328086ms] [INFO] %c%s%c [setup-health] background: #e6e6e6;background: light-dark(rgba(0,0,0,0.1), rgba(255,255,255,0.25));color: #000000;color: light-dark(#000000, #ffffff);border-radius: 2px  Server   panel-layout {tenantId: cmrvvipw70000oyyo6123270j, userId: cmrvvipyc000aoyyodcu4tftb, score: 40, completedCount: 2, totalCriticalCount: 5} @ http://localhost:3030/_next/static/chunks/04m2_next_dist_01d_w1-._.js:2431
[  328351ms] [LOG] [Fast Refresh] rebuilding @ http://localhost:3030/_next/static/chunks/04m2_next_dist_01d_w1-._.js:2431
[  328371ms] [LOG] [Fast Refresh] done in 130ms @ http://localhost:3030/_next/static/chunks/04m2_next_dist_01d_w1-._.js:2431
[  328384ms] [INFO] %c%s%c [setup-health] background: #e6e6e6;background: light-dark(rgba(0,0,0,0.1), rgba(255,255,255,0.25));color: #000000;color: light-dark(#000000, #ffffff);border-radius: 2px  Server   panel-layout {tenantId: cmrvvipw70000oyyo6123270j, userId: cmrvvipyc000aoyyodcu4tftb, score: 40, completedCount: 2, totalCriticalCount: 5} @ http://localhost:3030/_next/static/chunks/04m2_next_dist_01d_w1-._.js:2431
[  328636ms] [LOG] [Fast Refresh] rebuilding @ http://localhost:3030/_next/static/chunks/04m2_next_dist_01d_w1-._.js:2431
[  328650ms] [LOG] [Fast Refresh] done in 115ms @ http://localhost:3030/_next/static/chunks/04m2_next_dist_01d_w1-._.js:2431
[  328652ms] [INFO] %c%s%c [setup-health] background: #e6e6e6;background: light-dark(rgba(0,0,0,0.1), rgba(255,255,255,0.25));color: #000000;color: light-dark(#000000, #ffffff);border-radius: 2px  Server   panel-layout {tenantId: cmrvvipw70000oyyo6123270j, userId: cmrvvipyc000aoyyodcu4tftb, score: 40, completedCount: 2, totalCriticalCount: 5} @ http://localhost:3030/_next/static/chunks/04m2_next_dist_01d_w1-._.js:2431
[  328927ms] [INFO] %c%s%c [setup-health] background: #e6e6e6;background: light-dark(rgba(0,0,0,0.1), rgba(255,255,255,0.25));color: #000000;color: light-dark(#000000, #ffffff);border-radius: 2px  Server   panel-layout {tenantId: cmrvvipw70000oyyo6123270j, userId: cmrvvipyc000aoyyodcu4tftb, score: 40, completedCount: 2, totalCriticalCount: 5} @ http://localhost:3030/_next/static/chunks/04m2_next_dist_01d_w1-._.js:2431
[  329086ms] [LOG] [Fast Refresh] rebuilding @ http://localhost:3030/_next/static/chunks/04m2_next_dist_01d_w1-._.js:2431
[  329228ms] [INFO] %c%s%c [setup-health] background: #e6e6e6;background: light-dark(rgba(0,0,0,0.1), rgba(255,255,255,0.25));color: #000000;color: light-dark(#000000, #ffffff);border-radius: 2px  Server   panel-layout {tenantId: cmrvvipw70000oyyo6123270j, userId: cmrvvipyc000aoyyodcu4tftb, score: 40, completedCount: 2, totalCriticalCount: 5} @ http://localhost:3030/_next/static/chunks/04m2_next_dist_01d_w1-._.js:2431
[  333927ms] [LOG] [Fast Refresh] done in 4824ms @ http://localhost:3030/_next/static/chunks/04m2_next_dist_01d_w1-._.js:2431
[  334227ms] [LOG] [Fast Refresh] rebuilding @ http://localhost:3030/_next/static/chunks/04m2_next_dist_01d_w1-._.js:2431
[  334366ms] [LOG] [Fast Refresh] done in 245ms @ http://localhost:3030/_next/static/chunks/04m2_next_dist_01d_w1-._.js:2431
[  334427ms] [INFO] %c%s%c [setup-health] background: #e6e6e6;background: light-dark(rgba(0,0,0,0.1), rgba(255,255,255,0.25));color: #000000;color: light-dark(#000000, #ffffff);border-radius: 2px  Server   panel-layout {tenantId: cmrvvipw70000oyyo6123270j, userId: cmrvvipyc000aoyyodcu4tftb, score: 40, completedCount: 2, totalCriticalCount: 5} @ http://localhost:3030/_next/static/chunks/04m2_next_dist_01d_w1-._.js:2431
[  334643ms] [INFO] %c%s%c [setup-health] background: #e6e6e6;background: light-dark(rgba(0,0,0,0.1), rgba(255,255,255,0.25));color: #000000;color: light-dark(#000000, #ffffff);border-radius: 2px  Server   panel-layout {tenantId: cmrvvipw70000oyyo6123270j, userId: cmrvvipyc000aoyyodcu4tftb, score: 40, completedCount: 2, totalCriticalCount: 5} @ http://localhost:3030/_next/static/chunks/04m2_next_dist_01d_w1-._.js:2431
[  334897ms] [LOG] [Fast Refresh] rebuilding @ http://localhost:3030/_next/static/chunks/04m2_next_dist_01d_w1-._.js:2431
[  334898ms] [LOG] [Fast Refresh] done in 109ms @ http://localhost:3030/_next/static/chunks/04m2_next_dist_01d_w1-._.js:2431
[  334899ms] [INFO] %c%s%c [setup-health] background: #e6e6e6;background: light-dark(rgba(0,0,0,0.1), rgba(255,255,255,0.25));color: #000000;color: light-dark(#000000, #ffffff);border-radius: 2px  Server   panel-layout {tenantId: cmrvvipw70000oyyo6123270j, userId: cmrvvipyc000aoyyodcu4tftb, score: 40, completedCount: 2, totalCriticalCount: 5} @ http://localhost:3030/_next/static/chunks/04m2_next_dist_01d_w1-._.js:2431
[  335142ms] [INFO] %c%s%c [setup-health] background: #e6e6e6;background: light-dark(rgba(0,0,0,0.1), rgba(255,255,255,0.25));color: #000000;color: light-dark(#000000, #ffffff);border-radius: 2px  Server   panel-layout {tenantId: cmrvvipw70000oyyo6123270j, userId: cmrvvipyc000aoyyodcu4tftb, score: 40, completedCount: 2, totalCriticalCount: 5} @ http://localhost:3030/_next/static/chunks/04m2_next_dist_01d_w1-._.js:2431
[  335390ms] [INFO] %c%s%c [setup-health] background: #e6e6e6;background: light-dark(rgba(0,0,0,0.1), rgba(255,255,255,0.25));color: #000000;color: light-dark(#000000, #ffffff);border-radius: 2px  Server   panel-layout {tenantId: cmrvvipw70000oyyo6123270j, userId: cmrvvipyc000aoyyodcu4tftb, score: 40, completedCount: 2, totalCriticalCount: 5} @ http://localhost:3030/_next/static/chunks/04m2_next_dist_01d_w1-._.js:2431
[  335622ms] [INFO] %c%s%c [setup-health] background: #e6e6e6;background: light-dark(rgba(0,0,0,0.1), rgba(255,255,255,0.25));color: #000000;color: light-dark(#000000, #ffffff);border-radius: 2px  Server   panel-layout {tenantId: cmrvvipw70000oyyo6123270j, userId: cmrvvipyc000aoyyodcu4tftb, score: 40, completedCount: 2, totalCriticalCount: 5} @ http://localhost:3030/_next/static/chunks/04m2_next_dist_01d_w1-._.js:2431
[  335886ms] [INFO] %c%s%c [setup-health] background: #e6e6e6;background: light-dark(rgba(0,0,0,0.1), rgba(255,255,255,0.25));color: #000000;color: light-dark(#000000, #ffffff);border-radius: 2px  Server   panel-layout {tenantId: cmrvvipw70000oyyo6123270j, userId: cmrvvipyc000aoyyodcu4tftb, score: 40, completedCount: 2, totalCriticalCount: 5} @ http://localhost:3030/_next/static/chunks/04m2_next_dist_01d_w1-._.js:2431
[  336160ms] [INFO] %c%s%c [setup-health] background: #e6e6e6;background: light-dark(rgba(0,0,0,0.1), rgba(255,255,255,0.25));color: #000000;color: light-dark(#000000, #ffffff);border-radius: 2px  Server   panel-layout {tenantId: cmrvvipw70000oyyo6123270j, userId: cmrvvipyc000aoyyodcu4tftb, score: 40, completedCount: 2, totalCriticalCount: 5} @ http://localhost:3030/_next/static/chunks/04m2_next_dist_01d_w1-._.js:2431
[  336166ms] [LOG] [Fast Refresh] rebuilding @ http://localhost:3030/_next/static/chunks/04m2_next_dist_01d_w1-._.js:2431
[  336190ms] [LOG] [Fast Refresh] done in 125ms @ http://localhost:3030/_next/static/chunks/04m2_next_dist_01d_w1-._.js:2431
[  336300ms] [LOG] [Fast Refresh] rebuilding @ http://localhost:3030/_next/static/chunks/04m2_next_dist_01d_w1-._.js:2431
[  336413ms] [INFO] %c%s%c [setup-health] background: #e6e6e6;background: light-dark(rgba(0,0,0,0.1), rgba(255,255,255,0.25));color: #000000;color: light-dark(#000000, #ffffff);border-radius: 2px  Server   panel-layout {tenantId: cmrvvipw70000oyyo6123270j, userId: cmrvvipyc000aoyyodcu4tftb, score: 40, completedCount: 2, totalCriticalCount: 5} @ http://localhost:3030/_next/static/chunks/04m2_next_dist_01d_w1-._.js:2431
[  338505ms] [LOG] [Fast Refresh] done in 2260ms @ http://localhost:3030/_next/static/chunks/04m2_next_dist_01d_w1-._.js:2431
[  338673ms] [LOG] [Fast Refresh] rebuilding @ http://localhost:3030/_next/static/chunks/04m2_next_dist_01d_w1-._.js:2431
[  338720ms] [LOG] [Fast Refresh] done in 149ms @ http://localhost:3030/_next/static/chunks/04m2_next_dist_01d_w1-._.js:2431
[  338748ms] [INFO] %c%s%c [setup-health] background: #e6e6e6;background: light-dark(rgba(0,0,0,0.1), rgba(255,255,255,0.25));color: #000000;color: light-dark(#000000, #ffffff);border-radius: 2px  Server   panel-layout {tenantId: cmrvvipw70000oyyo6123270j, userId: cmrvvipyc000aoyyodcu4tftb, score: 40, completedCount: 2, totalCriticalCount: 5} @ http://localhost:3030/_next/static/chunks/04m2_next_dist_01d_w1-._.js:2431
[  338995ms] [LOG] [Fast Refresh] rebuilding @ http://localhost:3030/_next/static/chunks/04m2_next_dist_01d_w1-._.js:2431
[  339003ms] [LOG] [Fast Refresh] done in 115ms @ http://localhost:3030/_next/static/chunks/04m2_next_dist_01d_w1-._.js:2431
[  339011ms] [INFO] %c%s%c [setup-health] background: #e6e6e6;background: light-dark(rgba(0,0,0,0.1), rgba(255,255,255,0.25));color: #000000;color: light-dark(#000000, #ffffff);border-radius: 2px  Server   panel-layout {tenantId: cmrvvipw70000oyyo6123270j, userId: cmrvvipyc000aoyyodcu4tftb, score: 40, completedCount: 2, totalCriticalCount: 5} @ http://localhost:3030/_next/static/chunks/04m2_next_dist_01d_w1-._.js:2431
[  339277ms] [INFO] %c%s%c [setup-health] background: #e6e6e6;background: light-dark(rgba(0,0,0,0.1), rgba(255,255,255,0.25));color: #000000;color: light-dark(#000000, #ffffff);border-radius: 2px  Server   panel-layout {tenantId: cmrvvipw70000oyyo6123270j, userId: cmrvvipyc000aoyyodcu4tftb, score: 40, completedCount: 2, totalCriticalCount: 5} @ http://localhost:3030/_next/static/chunks/04m2_next_dist_01d_w1-._.js:2431
[  339529ms] [INFO] %c%s%c [setup-health] background: #e6e6e6;background: light-dark(rgba(0,0,0,0.1), rgba(255,255,255,0.25));color: #000000;color: light-dark(#000000, #ffffff);border-radius: 2px  Server   panel-layout {tenantId: cmrvvipw70000oyyo6123270j, userId: cmrvvipyc000aoyyodcu4tftb, score: 40, completedCount: 2, totalCriticalCount: 5} @ http://localhost:3030/_next/static/chunks/04m2_next_dist_01d_w1-._.js:2431
[  339849ms] [LOG] [Fast Refresh] rebuilding @ http://localhost:3030/_next/static/chunks/04m2_next_dist_01d_w1-._.js:2431
[  339850ms] [LOG] [Fast Refresh] done in 112ms @ http://localhost:3030/_next/static/chunks/04m2_next_dist_01d_w1-._.js:2431
[  339864ms] [INFO] %c%s%c [setup-health] background: #e6e6e6;background: light-dark(rgba(0,0,0,0.1), rgba(255,255,255,0.25));color: #000000;color: light-dark(#000000, #ffffff);border-radius: 2px  Server   panel-layout {tenantId: cmrvvipw70000oyyo6123270j, userId: cmrvvipyc000aoyyodcu4tftb, score: 40, completedCount: 2, totalCriticalCount: 5} @ http://localhost:3030/_next/static/chunks/04m2_next_dist_01d_w1-._.js:2431
[  340066ms] [INFO] %c%s%c [setup-health] background: #e6e6e6;background: light-dark(rgba(0,0,0,0.1), rgba(255,255,255,0.25));color: #000000;color: light-dark(#000000, #ffffff);border-radius: 2px  Server   panel-layout {tenantId: cmrvvipw70000oyyo6123270j, userId: cmrvvipyc000aoyyodcu4tftb, score: 40, completedCount: 2, totalCriticalCount: 5} @ http://localhost:3030/_next/static/chunks/04m2_next_dist_01d_w1-._.js:2431
[  340344ms] [LOG] [Fast Refresh] rebuilding @ http://localhost:3030/_next/static/chunks/04m2_next_dist_01d_w1-._.js:2431
[  340344ms] [LOG] [Fast Refresh] done in 102ms @ http://localhost:3030/_next/static/chunks/04m2_next_dist_01d_w1-._.js:2431
[  340359ms] [INFO] %c%s%c [setup-health] background: #e6e6e6;background: light-dark(rgba(0,0,0,0.1), rgba(255,255,255,0.25));color: #000000;color: light-dark(#000000, #ffffff);border-radius: 2px  Server   panel-layout {tenantId: cmrvvipw70000oyyo6123270j, userId: cmrvvipyc000aoyyodcu4tftb, score: 40, completedCount: 2, totalCriticalCount: 5} @ http://localhost:3030/_next/static/chunks/04m2_next_dist_01d_w1-._.js:2431
[  340599ms] [INFO] %c%s%c [setup-health] background: #e6e6e6;background: light-dark(rgba(0,0,0,0.1), rgba(255,255,255,0.25));color: #000000;color: light-dark(#000000, #ffffff);border-radius: 2px  Server   panel-layout {tenantId: cmrvvipw70000oyyo6123270j, userId: cmrvvipyc000aoyyodcu4tftb, score: 40, completedCount: 2, totalCriticalCount: 5} @ http://localhost:3030/_next/static/chunks/04m2_next_dist_01d_w1-._.js:2431
[  340835ms] [LOG] [Fast Refresh] rebuilding @ http://localhost:3030/_next/static/chunks/04m2_next_dist_01d_w1-._.js:2431
[  340841ms] [LOG] [Fast Refresh] done in 108ms @ http://localhost:3030/_next/static/chunks/04m2_next_dist_01d_w1-._.js:2431
[  340855ms] [INFO] %c%s%c [setup-health] background: #e6e6e6;background: light-dark(rgba(0,0,0,0.1), rgba(255,255,255,0.25));color: #000000;color: light-dark(#000000, #ffffff);border-radius: 2px  Server   panel-layout {tenantId: cmrvvipw70000oyyo6123270j, userId: cmrvvipyc000aoyyodcu4tftb, score: 40, completedCount: 2, totalCriticalCount: 5} @ http://localhost:3030/_next/static/chunks/04m2_next_dist_01d_w1-._.js:2431
[  341117ms] [LOG] [Fast Refresh] rebuilding @ http://localhost:3030/_next/static/chunks/04m2_next_dist_01d_w1-._.js:2431
[  341118ms] [LOG] [Fast Refresh] done in 101ms @ http://localhost:3030/_next/static/chunks/04m2_next_dist_01d_w1-._.js:2431
[  341123ms] [INFO] %c%s%c [setup-health] background: #e6e6e6;background: light-dark(rgba(0,0,0,0.1), rgba(255,255,255,0.25));color: #000000;color: light-dark(#000000, #ffffff);border-radius: 2px  Server   panel-layout {tenantId: cmrvvipw70000oyyo6123270j, userId: cmrvvipyc000aoyyodcu4tftb, score: 40, completedCount: 2, totalCriticalCount: 5} @ http://localhost:3030/_next/static/chunks/04m2_next_dist_01d_w1-._.js:2431
[  341335ms] [INFO] %c%s%c [setup-health] background: #e6e6e6;background: light-dark(rgba(0,0,0,0.1), rgba(255,255,255,0.25));color: #000000;color: light-dark(#000000, #ffffff);border-radius: 2px  Server   panel-layout {tenantId: cmrvvipw70000oyyo6123270j, userId: cmrvvipyc000aoyyodcu4tftb, score: 40, completedCount: 2, totalCriticalCount: 5} @ http://localhost:3030/_next/static/chunks/04m2_next_dist_01d_w1-._.js:2431
[  341374ms] [LOG] [Fast Refresh] rebuilding @ http://localhost:3030/_next/static/chunks/04m2_next_dist_01d_w1-._.js:2431
[  341375ms] [LOG] [Fast Refresh] done in 106ms @ http://localhost:3030/_next/static/chunks/04m2_next_dist_01d_w1-._.js:2431
[  341620ms] [INFO] %c%s%c [setup-health] background: #e6e6e6;background: light-dark(rgba(0,0,0,0.1), rgba(255,255,255,0.25));color: #000000;color: light-dark(#000000, #ffffff);border-radius: 2px  Server   panel-layout {tenantId: cmrvvipw70000oyyo6123270j, userId: cmrvvipyc000aoyyodcu4tftb, score: 40, completedCount: 2, totalCriticalCount: 5} @ http://localhost:3030/_next/static/chunks/04m2_next_dist_01d_w1-._.js:2431
[  341636ms] [LOG] [Fast Refresh] rebuilding @ http://localhost:3030/_next/static/chunks/04m2_next_dist_01d_w1-._.js:2431
[  341691ms] [LOG] [Fast Refresh] done in 156ms @ http://localhost:3030/_next/static/chunks/04m2_next_dist_01d_w1-._.js:2431
[  341983ms] [LOG] [Fast Refresh] rebuilding @ http://localhost:3030/_next/static/chunks/04m2_next_dist_01d_w1-._.js:2431
[  342010ms] [LOG] [Fast Refresh] done in 138ms @ http://localhost:3030/_next/static/chunks/04m2_next_dist_01d_w1-._.js:2431
[  342029ms] [INFO] %c%s%c [setup-health] background: #e6e6e6;background: light-dark(rgba(0,0,0,0.1), rgba(255,255,255,0.25));color: #000000;color: light-dark(#000000, #ffffff);border-radius: 2px  Server   panel-layout {tenantId: cmrvvipw70000oyyo6123270j, userId: cmrvvipyc000aoyyodcu4tftb, score: 40, completedCount: 2, totalCriticalCount: 5} @ http://localhost:3030/_next/static/chunks/04m2_next_dist_01d_w1-._.js:2431
[  342115ms] [LOG] [Fast Refresh] rebuilding @ http://localhost:3030/_next/static/chunks/04m2_next_dist_01d_w1-._.js:2431
[  342123ms] [LOG] [Fast Refresh] done in 112ms @ http://localhost:3030/_next/static/chunks/04m2_next_dist_01d_w1-._.js:2431
[  342211ms] [INFO] %c%s%c [setup-health] background: #e6e6e6;background: light-dark(rgba(0,0,0,0.1), rgba(255,255,255,0.25));color: #000000;color: light-dark(#000000, #ffffff);border-radius: 2px  Server   panel-layout {tenantId: cmrvvipw70000oyyo6123270j, userId: cmrvvipyc000aoyyodcu4tftb, score: 40, completedCount: 2, totalCriticalCount: 5} @ http://localhost:3030/_next/static/chunks/04m2_next_dist_01d_w1-._.js:2431
[  342263ms] [LOG] [Fast Refresh] rebuilding @ http://localhost:3030/_next/static/chunks/04m2_next_dist_01d_w1-._.js:2431
[  342270ms] [LOG] [Fast Refresh] done in 107ms @ http://localhost:3030/_next/static/chunks/04m2_next_dist_01d_w1-._.js:2431
[  342540ms] [INFO] %c%s%c [setup-health] background: #e6e6e6;background: light-dark(rgba(0,0,0,0.1), rgba(255,255,255,0.25));color: #000000;color: light-dark(#000000, #ffffff);border-radius: 2px  Server   panel-layout {tenantId: cmrvvipw70000oyyo6123270j, userId: cmrvvipyc000aoyyodcu4tftb, score: 40, completedCount: 2, totalCriticalCount: 5} @ http://localhost:3030/_next/static/chunks/04m2_next_dist_01d_w1-._.js:2431
[  342733ms] [INFO] %c%s%c [setup-health] background: #e6e6e6;background: light-dark(rgba(0,0,0,0.1), rgba(255,255,255,0.25));color: #000000;color: light-dark(#000000, #ffffff);border-radius: 2px  Server   panel-layout {tenantId: cmrvvipw70000oyyo6123270j, userId: cmrvvipyc000aoyyodcu4tftb, score: 40, completedCount: 2, totalCriticalCount: 5} @ http://localhost:3030/_next/static/chunks/04m2_next_dist_01d_w1-._.js:2431
[  343006ms] [INFO] %c%s%c [setup-health] background: #e6e6e6;background: light-dark(rgba(0,0,0,0.1), rgba(255,255,255,0.25));color: #000000;color: light-dark(#000000, #ffffff);border-radius: 2px  Server   panel-layout {tenantId: cmrvvipw70000oyyo6123270j, userId: cmrvvipyc000aoyyodcu4tftb, score: 40, completedCount: 2, totalCriticalCount: 5} @ http://localhost:3030/_next/static/chunks/04m2_next_dist_01d_w1-._.js:2431
[  343226ms] [INFO] %c%s%c [setup-health] background: #e6e6e6;background: light-dark(rgba(0,0,0,0.1), rgba(255,255,255,0.25));color: #000000;color: light-dark(#000000, #ffffff);border-radius: 2px  Server   panel-layout {tenantId: cmrvvipw70000oyyo6123270j, userId: cmrvvipyc000aoyyodcu4tftb, score: 40, completedCount: 2, totalCriticalCount: 5} @ http://localhost:3030/_next/static/chunks/04m2_next_dist_01d_w1-._.js:2431
[  343427ms] [INFO] %c%s%c [setup-health] background: #e6e6e6;background: light-dark(rgba(0,0,0,0.1), rgba(255,255,255,0.25));color: #000000;color: light-dark(#000000, #ffffff);border-radius: 2px  Server   panel-layout {tenantId: cmrvvipw70000oyyo6123270j, userId: cmrvvipyc000aoyyodcu4tftb, score: 40, completedCount: 2, totalCriticalCount: 5} @ http://localhost:3030/_next/static/chunks/04m2_next_dist_01d_w1-._.js:2431
[  343599ms] [INFO] %c%s%c [setup-health] background: #e6e6e6;background: light-dark(rgba(0,0,0,0.1), rgba(255,255,255,0.25));color: #000000;color: light-dark(#000000, #ffffff);border-radius: 2px  Server   panel-layout {tenantId: cmrvvipw70000oyyo6123270j, userId: cmrvvipyc000aoyyodcu4tftb, score: 40, completedCount: 2, totalCriticalCount: 5} @ http://localhost:3030/_next/static/chunks/04m2_next_dist_01d_w1-._.js:2431
[  343785ms] [INFO] %c%s%c [setup-health] background: #e6e6e6;background: light-dark(rgba(0,0,0,0.1), rgba(255,255,255,0.25));color: #000000;color: light-dark(#000000, #ffffff);border-radius: 2px  Server   panel-layout {tenantId: cmrvvipw70000oyyo6123270j, userId: cmrvvipyc000aoyyodcu4tftb, score: 40, completedCount: 2, totalCriticalCount: 5} @ http://localhost:3030/_next/static/chunks/04m2_next_dist_01d_w1-._.js:2431
[  343975ms] [INFO] %c%s%c [setup-health] background: #e6e6e6;background: light-dark(rgba(0,0,0,0.1), rgba(255,255,255,0.25));color: #000000;color: light-dark(#000000, #ffffff);border-radius: 2px  Server   panel-layout {tenantId: cmrvvipw70000oyyo6123270j, userId: cmrvvipyc000aoyyodcu4tftb, score: 40, completedCount: 2, totalCriticalCount: 5} @ http://localhost:3030/_next/static/chunks/04m2_next_dist_01d_w1-._.js:2431
[  344197ms] [LOG] [Fast Refresh] rebuilding @ http://localhost:3030/_next/static/chunks/04m2_next_dist_01d_w1-._.js:2431
[  344198ms] [LOG] [Fast Refresh] done in 104ms @ http://localhost:3030/_next/static/chunks/04m2_next_dist_01d_w1-._.js:2431
[  344200ms] [INFO] %c%s%c [setup-health] background: #e6e6e6;background: light-dark(rgba(0,0,0,0.1), rgba(255,255,255,0.25));color: #000000;color: light-dark(#000000, #ffffff);border-radius: 2px  Server   panel-layout {tenantId: cmrvvipw70000oyyo6123270j, userId: cmrvvipyc000aoyyodcu4tftb, score: 40, completedCount: 2, totalCriticalCount: 5} @ http://localhost:3030/_next/static/chunks/04m2_next_dist_01d_w1-._.js:2431
[  344344ms] [INFO] %c%s%c [setup-health] background: #e6e6e6;background: light-dark(rgba(0,0,0,0.1), rgba(255,255,255,0.25));color: #000000;color: light-dark(#000000, #ffffff);border-radius: 2px  Server   panel-layout {tenantId: cmrvvipw70000oyyo6123270j, userId: cmrvvipyc000aoyyodcu4tftb, score: 40, completedCount: 2, totalCriticalCount: 5} @ http://localhost:3030/_next/static/chunks/04m2_next_dist_01d_w1-._.js:2431
[  344527ms] [INFO] %c%s%c [setup-health] background: #e6e6e6;background: light-dark(rgba(0,0,0,0.1), rgba(255,255,255,0.25));color: #000000;color: light-dark(#000000, #ffffff);border-radius: 2px  Server   panel-layout {tenantId: cmrvvipw70000oyyo6123270j, userId: cmrvvipyc000aoyyodcu4tftb, score: 40, completedCount: 2, totalCriticalCount: 5} @ http://localhost:3030/_next/static/chunks/04m2_next_dist_01d_w1-._.js:2431
[  344714ms] [INFO] %c%s%c [setup-health] background: #e6e6e6;background: light-dark(rgba(0,0,0,0.1), rgba(255,255,255,0.25));color: #000000;color: light-dark(#000000, #ffffff);border-radius: 2px  Server   panel-layout {tenantId: cmrvvipw70000oyyo6123270j, userId: cmrvvipyc000aoyyodcu4tftb, score: 40, completedCount: 2, totalCriticalCount: 5} @ http://localhost:3030/_next/static/chunks/04m2_next_dist_01d_w1-._.js:2431
[  344891ms] [INFO] %c%s%c [setup-health] background: #e6e6e6;background: light-dark(rgba(0,0,0,0.1), rgba(255,255,255,0.25));color: #000000;color: light-dark(#000000, #ffffff);border-radius: 2px  Server   panel-layout {tenantId: cmrvvipw70000oyyo6123270j, userId: cmrvvipyc000aoyyodcu4tftb, score: 40, completedCount: 2, totalCriticalCount: 5} @ http://localhost:3030/_next/static/chunks/04m2_next_dist_01d_w1-._.js:2431
[  345127ms] [INFO] %c%s%c [setup-health] background: #e6e6e6;background: light-dark(rgba(0,0,0,0.1), rgba(255,255,255,0.25));color: #000000;color: light-dark(#000000, #ffffff);border-radius: 2px  Server   panel-layout {tenantId: cmrvvipw70000oyyo6123270j, userId: cmrvvipyc000aoyyodcu4tftb, score: 40, completedCount: 2, totalCriticalCount: 5} @ http://localhost:3030/_next/static/chunks/04m2_next_dist_01d_w1-._.js:2431
[  345285ms] [INFO] %c%s%c [setup-health] background: #e6e6e6;background: light-dark(rgba(0,0,0,0.1), rgba(255,255,255,0.25));color: #000000;color: light-dark(#000000, #ffffff);border-radius: 2px  Server   panel-layout {tenantId: cmrvvipw70000oyyo6123270j, userId: cmrvvipyc000aoyyodcu4tftb, score: 40, completedCount: 2, totalCriticalCount: 5} @ http://localhost:3030/_next/static/chunks/04m2_next_dist_01d_w1-._.js:2431
[  345512ms] [INFO] %c%s%c [setup-health] background: #e6e6e6;background: light-dark(rgba(0,0,0,0.1), rgba(255,255,255,0.25));color: #000000;color: light-dark(#000000, #ffffff);border-radius: 2px  Server   panel-layout {tenantId: cmrvvipw70000oyyo6123270j, userId: cmrvvipyc000aoyyodcu4tftb, score: 40, completedCount: 2, totalCriticalCount: 5} @ http://localhost:3030/_next/static/chunks/04m2_next_dist_01d_w1-._.js:2431
[  345707ms] [INFO] %c%s%c [setup-health] background: #e6e6e6;background: light-dark(rgba(0,0,0,0.1), rgba(255,255,255,0.25));color: #000000;color: light-dark(#000000, #ffffff);border-radius: 2px  Server   panel-layout {tenantId: cmrvvipw70000oyyo6123270j, userId: cmrvvipyc000aoyyodcu4tftb, score: 40, completedCount: 2, totalCriticalCount: 5} @ http://localhost:3030/_next/static/chunks/04m2_next_dist_01d_w1-._.js:2431
[  345909ms] [INFO] %c%s%c [setup-health] background: #e6e6e6;background: light-dark(rgba(0,0,0,0.1), rgba(255,255,255,0.25));color: #000000;color: light-dark(#000000, #ffffff);border-radius: 2px  Server   panel-layout {tenantId: cmrvvipw70000oyyo6123270j, userId: cmrvvipyc000aoyyodcu4tftb, score: 40, completedCount: 2, totalCriticalCount: 5} @ http://localhost:3030/_next/static/chunks/04m2_next_dist_01d_w1-._.js:2431
[  346078ms] [INFO] %c%s%c [setup-health] background: #e6e6e6;background: light-dark(rgba(0,0,0,0.1), rgba(255,255,255,0.25));color: #000000;color: light-dark(#000000, #ffffff);border-radius: 2px  Server   panel-layout {tenantId: cmrvvipw70000oyyo6123270j, userId: cmrvvipyc000aoyyodcu4tftb, score: 40, completedCount: 2, totalCriticalCount: 5} @ http://localhost:3030/_next/static/chunks/04m2_next_dist_01d_w1-._.js:2431
[  346118ms] [LOG] [Fast Refresh] rebuilding @ http://localhost:3030/_next/static/chunks/04m2_next_dist_01d_w1-._.js:2431
[  346147ms] [LOG] [Fast Refresh] done in 130ms @ http://localhost:3030/_next/static/chunks/04m2_next_dist_01d_w1-._.js:2431
[  346250ms] [LOG] [Fast Refresh] rebuilding @ http://localhost:3030/_next/static/chunks/04m2_next_dist_01d_w1-._.js:2431
[  346457ms] [LOG] [Fast Refresh] done in 309ms @ http://localhost:3030/_next/static/chunks/04m2_next_dist_01d_w1-._.js:2431
[  346588ms] [INFO] %c%s%c [setup-health] background: #e6e6e6;background: light-dark(rgba(0,0,0,0.1), rgba(255,255,255,0.25));color: #000000;color: light-dark(#000000, #ffffff);border-radius: 2px  Server   panel-layout {tenantId: cmrvvipw70000oyyo6123270j, userId: cmrvvipyc000aoyyodcu4tftb, score: 40, completedCount: 2, totalCriticalCount: 5} @ http://localhost:3030/_next/static/chunks/04m2_next_dist_01d_w1-._.js:2431
[  346816ms] [INFO] %c%s%c [setup-health] background: #e6e6e6;background: light-dark(rgba(0,0,0,0.1), rgba(255,255,255,0.25));color: #000000;color: light-dark(#000000, #ffffff);border-radius: 2px  Server   panel-layout {tenantId: cmrvvipw70000oyyo6123270j, userId: cmrvvipyc000aoyyodcu4tftb, score: 40, completedCount: 2, totalCriticalCount: 5} @ http://localhost:3030/_next/static/chunks/04m2_next_dist_01d_w1-._.js:2431
[  347053ms] [INFO] %c%s%c [setup-health] background: #e6e6e6;background: light-dark(rgba(0,0,0,0.1), rgba(255,255,255,0.25));color: #000000;color: light-dark(#000000, #ffffff);border-radius: 2px  Server   panel-layout {tenantId: cmrvvipw70000oyyo6123270j, userId: cmrvvipyc000aoyyodcu4tftb, score: 40, completedCount: 2, totalCriticalCount: 5} @ http://localhost:3030/_next/static/chunks/04m2_next_dist_01d_w1-._.js:2431
[  347215ms] [INFO] %c%s%c [setup-health] background: #e6e6e6;background: light-dark(rgba(0,0,0,0.1), rgba(255,255,255,0.25));color: #000000;color: light-dark(#000000, #ffffff);border-radius: 2px  Server   panel-layout {tenantId: cmrvvipw70000oyyo6123270j, userId: cmrvvipyc000aoyyodcu4tftb, score: 40, completedCount: 2, totalCriticalCount: 5} @ http://localhost:3030/_next/static/chunks/04m2_next_dist_01d_w1-._.js:2431
[  347463ms] [INFO] %c%s%c [setup-health] background: #e6e6e6;background: light-dark(rgba(0,0,0,0.1), rgba(255,255,255,0.25));color: #000000;color: light-dark(#000000, #ffffff);border-radius: 2px  Server   panel-layout {tenantId: cmrvvipw70000oyyo6123270j, userId: cmrvvipyc000aoyyodcu4tftb, score: 40, completedCount: 2, totalCriticalCount: 5} @ http://localhost:3030/_next/static/chunks/04m2_next_dist_01d_w1-._.js:2431
[  347656ms] [INFO] %c%s%c [setup-health] background: #e6e6e6;background: light-dark(rgba(0,0,0,0.1), rgba(255,255,255,0.25));color: #000000;color: light-dark(#000000, #ffffff);border-radius: 2px  Server   panel-layout {tenantId: cmrvvipw70000oyyo6123270j, userId: cmrvvipyc000aoyyodcu4tftb, score: 40, completedCount: 2, totalCriticalCount: 5} @ http://localhost:3030/_next/static/chunks/04m2_next_dist_01d_w1-._.js:2431
[  347845ms] [INFO] %c%s%c [setup-health] background: #e6e6e6;background: light-dark(rgba(0,0,0,0.1), rgba(255,255,255,0.25));color: #000000;color: light-dark(#000000, #ffffff);border-radius: 2px  Server   panel-layout {tenantId: cmrvvipw70000oyyo6123270j, userId: cmrvvipyc000aoyyodcu4tftb, score: 40, completedCount: 2, totalCriticalCount: 5} @ http://localhost:3030/_next/static/chunks/04m2_next_dist_01d_w1-._.js:2431
[  348030ms] [INFO] %c%s%c [setup-health] background: #e6e6e6;background: light-dark(rgba(0,0,0,0.1), rgba(255,255,255,0.25));color: #000000;color: light-dark(#000000, #ffffff);border-radius: 2px  Server   panel-layout {tenantId: cmrvvipw70000oyyo6123270j, userId: cmrvvipyc000aoyyodcu4tftb, score: 40, completedCount: 2, totalCriticalCount: 5} @ http://localhost:3030/_next/static/chunks/04m2_next_dist_01d_w1-._.js:2431
[  348231ms] [INFO] %c%s%c [setup-health] background: #e6e6e6;background: light-dark(rgba(0,0,0,0.1), rgba(255,255,255,0.25));color: #000000;color: light-dark(#000000, #ffffff);border-radius: 2px  Server   panel-layout {tenantId: cmrvvipw70000oyyo6123270j, userId: cmrvvipyc000aoyyodcu4tftb, score: 40, completedCount: 2, totalCriticalCount: 5} @ http://localhost:3030/_next/static/chunks/04m2_next_dist_01d_w1-._.js:2431
[  348349ms] [INFO] %c%s%c [setup-health] background: #e6e6e6;background: light-dark(rgba(0,0,0,0.1), rgba(255,255,255,0.25));color: #000000;color: light-dark(#000000, #ffffff);border-radius: 2px  Server   panel-layout {tenantId: cmrvvipw70000oyyo6123270j, userId: cmrvvipyc000aoyyodcu4tftb, score: 40, completedCount: 2, totalCriticalCount: 5} @ http://localhost:3030/_next/static/chunks/04m2_next_dist_01d_w1-._.js:2431
[  361245ms] [LOG] [Fast Refresh] rebuilding @ http://localhost:3030/_next/static/chunks/04m2_next_dist_01d_w1-._.js:2431
[  361667ms] [LOG] [Fast Refresh] done in 485ms @ http://localhost:3030/_next/static/chunks/04m2_next_dist_01d_w1-._.js:2431
[  361857ms] [LOG] [Fast Refresh] rebuilding @ http://localhost:3030/_next/static/chunks/04m2_next_dist_01d_w1-._.js:2431
[  362072ms] [LOG] [Fast Refresh] done in 316ms @ http://localhost:3030/_next/static/chunks/04m2_next_dist_01d_w1-._.js:2431
[  362301ms] [INFO] %c%s%c [setup-health] background: #e6e6e6;background: light-dark(rgba(0,0,0,0.1), rgba(255,255,255,0.25));color: #000000;color: light-dark(#000000, #ffffff);border-radius: 2px  Server   panel-layout {tenantId: cmrvvipw70000oyyo6123270j, userId: cmrvvipyc000aoyyodcu4tftb, score: 40, completedCount: 2, totalCriticalCount: 5} @ http://localhost:3030/_next/static/chunks/04m2_next_dist_01d_w1-._.js:2431
[  383484ms] [LOG] [Fast Refresh] rebuilding @ http://localhost:3030/_next/static/chunks/04m2_next_dist_01d_w1-._.js:2431
[  383743ms] [LOG] [Fast Refresh] done in 369ms @ http://localhost:3030/_next/static/chunks/04m2_next_dist_01d_w1-._.js:2431
[  383968ms] [LOG] [Fast Refresh] rebuilding @ http://localhost:3030/_next/static/chunks/04m2_next_dist_01d_w1-._.js:2431
[  384025ms] [LOG] [Fast Refresh] done in 159ms @ http://localhost:3030/_next/static/chunks/04m2_next_dist_01d_w1-._.js:2431
[  384173ms] [LOG] [Fast Refresh] rebuilding @ http://localhost:3030/_next/static/chunks/04m2_next_dist_01d_w1-._.js:2431
[  384178ms] [LOG] [Fast Refresh] done in 108ms @ http://localhost:3030/_next/static/chunks/04m2_next_dist_01d_w1-._.js:2431
[  384216ms] [INFO] %c%s%c [setup-health] background: #e6e6e6;background: light-dark(rgba(0,0,0,0.1), rgba(255,255,255,0.25));color: #000000;color: light-dark(#000000, #ffffff);border-radius: 2px  Server   panel-layout {tenantId: cmrvvipw70000oyyo6123270j, userId: cmrvvipyc000aoyyodcu4tftb, score: 40, completedCount: 2, totalCriticalCount: 5} @ http://localhost:3030/_next/static/chunks/04m2_next_dist_01d_w1-._.js:2431
[  398324ms] [LOG] [Fast Refresh] rebuilding @ http://localhost:3030/_next/static/chunks/04m2_next_dist_01d_w1-._.js:2431
[  398585ms] [LOG] [Fast Refresh] done in 360ms @ http://localhost:3030/_next/static/chunks/04m2_next_dist_01d_w1-._.js:2431
[  398804ms] [LOG] [Fast Refresh] rebuilding @ http://localhost:3030/_next/static/chunks/04m2_next_dist_01d_w1-._.js:2431
[  398865ms] [LOG] [Fast Refresh] done in 161ms @ http://localhost:3030/_next/static/chunks/04m2_next_dist_01d_w1-._.js:2431
[  399048ms] [INFO] %c%s%c [setup-health] background: #e6e6e6;background: light-dark(rgba(0,0,0,0.1), rgba(255,255,255,0.25));color: #000000;color: light-dark(#000000, #ffffff);border-radius: 2px  Server   panel-layout {tenantId: cmrvvipw70000oyyo6123270j, userId: cmrvvipyc000aoyyodcu4tftb, score: 40, completedCount: 2, totalCriticalCount: 5} @ http://localhost:3030/_next/static/chunks/04m2_next_dist_01d_w1-._.js:2431
[  405604ms] [LOG] [Fast Refresh] rebuilding @ http://localhost:3030/_next/static/chunks/04m2_next_dist_01d_w1-._.js:2431
[  405857ms] [LOG] [Fast Refresh] done in 357ms @ http://localhost:3030/_next/static/chunks/04m2_next_dist_01d_w1-._.js:2431
[  406087ms] [LOG] [Fast Refresh] rebuilding @ http://localhost:3030/_next/static/chunks/04m2_next_dist_01d_w1-._.js:2431
[  406160ms] [LOG] [Fast Refresh] done in 175ms @ http://localhost:3030/_next/static/chunks/04m2_next_dist_01d_w1-._.js:2431
[  406301ms] [LOG] [Fast Refresh] rebuilding @ http://localhost:3030/_next/static/chunks/04m2_next_dist_01d_w1-._.js:2431
[  406310ms] [LOG] [Fast Refresh] done in 110ms @ http://localhost:3030/_next/static/chunks/04m2_next_dist_01d_w1-._.js:2431
[  406331ms] [INFO] %c%s%c [setup-health] background: #e6e6e6;background: light-dark(rgba(0,0,0,0.1), rgba(255,255,255,0.25));color: #000000;color: light-dark(#000000, #ffffff);border-radius: 2px  Server   panel-layout {tenantId: cmrvvipw70000oyyo6123270j, userId: cmrvvipyc000aoyyodcu4tftb, score: 40, completedCount: 2, totalCriticalCount: 5} @ http://localhost:3030/_next/static/chunks/04m2_next_dist_01d_w1-._.js:2431
[  425557ms] [LOG] [Fast Refresh] rebuilding @ http://localhost:3030/_next/static/chunks/04m2_next_dist_01d_w1-._.js:2431
[  425891ms] [LOG] [Fast Refresh] done in 394ms @ http://localhost:3030/_next/static/chunks/04m2_next_dist_01d_w1-._.js:2431
[  426091ms] [LOG] [Fast Refresh] rebuilding @ http://localhost:3030/_next/static/chunks/04m2_next_dist_01d_w1-._.js:2431
[  426243ms] [LOG] [Fast Refresh] done in 259ms @ http://localhost:3030/_next/static/chunks/04m2_next_dist_01d_w1-._.js:2431
[  426388ms] [INFO] %c%s%c [setup-health] background: #e6e6e6;background: light-dark(rgba(0,0,0,0.1), rgba(255,255,255,0.25));color: #000000;color: light-dark(#000000, #ffffff);border-radius: 2px  Server   panel-layout {tenantId: cmrvvipw70000oyyo6123270j, userId: cmrvvipyc000aoyyodcu4tftb, score: 40, completedCount: 2, totalCriticalCount: 5} @ http://localhost:3030/_next/static/chunks/04m2_next_dist_01d_w1-._.js:2431
[  448666ms] [ERROR] WebSocket connection to 'ws://localhost:3030/_next/webpack-hmr?id=PnT_nfhYiBizDAlPC3XDr' failed: Error in connection establishment: net::ERR_CONNECTION_REFUSED @ http://localhost:3030/_next/static/chunks/04m2_next_dist_client_0-mnb_3._.js:13299
[  452018ms] [ERROR] WebSocket connection to 'ws://localhost:3030/_next/webpack-hmr?id=PnT_nfhYiBizDAlPC3XDr' failed: Error in connection establishment: net::ERR_CONNECTION_REFUSED @ http://localhost:3030/_next/static/chunks/04m2_next_dist_client_0-mnb_3._.js:13299
[  455375ms] [ERROR] WebSocket connection to 'ws://localhost:3030/_next/webpack-hmr?id=PnT_nfhYiBizDAlPC3XDr' failed: Error in connection establishment: net::ERR_CONNECTION_REFUSED @ http://localhost:3030/_next/static/chunks/04m2_next_dist_client_0-mnb_3._.js:13299
[  458721ms] [ERROR] WebSocket connection to 'ws://localhost:3030/_next/webpack-hmr?id=PnT_nfhYiBizDAlPC3XDr' failed: Error in connection establishment: net::ERR_CONNECTION_REFUSED @ http://localhost:3030/_next/static/chunks/04m2_next_dist_client_0-mnb_3._.js:13299
[  462072ms] [ERROR] WebSocket connection to 'ws://localhost:3030/_next/webpack-hmr?id=PnT_nfhYiBizDAlPC3XDr' failed: Error in connection establishment: net::ERR_CONNECTION_REFUSED @ http://localhost:3030/_next/static/chunks/04m2_next_dist_client_0-mnb_3._.js:13299
[  469406ms] [ERROR] WebSocket connection to 'ws://localhost:3030/_next/webpack-hmr?id=PnT_nfhYiBizDAlPC3XDr' failed: Error in connection establishment: net::ERR_CONNECTION_REFUSED @ http://localhost:3030/_next/static/chunks/04m2_next_dist_client_0-mnb_3._.js:13299
[  476789ms] [ERROR] WebSocket connection to 'ws://localhost:3030/_next/webpack-hmr?id=PnT_nfhYiBizDAlPC3XDr' failed: Error in connection establishment: net::ERR_CONNECTION_REFUSED @ http://localhost:3030/_next/static/chunks/04m2_next_dist_client_0-mnb_3._.js:13299
[  484157ms] [ERROR] WebSocket connection to 'ws://localhost:3030/_next/webpack-hmr?id=PnT_nfhYiBizDAlPC3XDr' failed: Error in connection establishment: net::ERR_CONNECTION_REFUSED @ http://localhost:3030/_next/static/chunks/04m2_next_dist_client_0-mnb_3._.js:13299
[  490434ms] [LOG] [HMR] connected @ http://localhost:3030/_next/static/chunks/04m2_next_dist_01d_w1-._.js:2431
[  493056ms] [INFO] %cDownload the React DevTools for a better development experience: https://react.dev/link/react-devtools font-weight:bold @ http://localhost:3030/_next/static/chunks/04m2_next_dist_01d_w1-._.js:2431
[  493119ms] [LOG] [HMR] connected @ http://localhost:3030/_next/static/chunks/04m2_next_dist_01d_w1-._.js:2431
[  493152ms] [INFO] %c%s%c [setup-health] background: #e6e6e6;background: light-dark(rgba(0,0,0,0.1), rgba(255,255,255,0.25));color: #000000;color: light-dark(#000000, #ffffff);border-radius: 2px  Server   panel-layout {tenantId: cmrvvipw70000oyyo6123270j, userId: cmrvvipyc000aoyyodcu4tftb, score: 40, completedCount: 2, totalCriticalCount: 5} @ http://localhost:3030/_next/static/chunks/04m2_next_dist_01d_w1-._.js:2431
[  493302ms] [LOG] [Fast Refresh] rebuilding @ http://localhost:3030/_next/static/chunks/04m2_next_dist_01d_w1-._.js:2431
[  493346ms] [LOG] [Fast Refresh] done in 152ms @ http://localhost:3030/_next/static/chunks/04m2_next_dist_01d_w1-._.js:2431
[  493453ms] [LOG] [Fast Refresh] rebuilding @ http://localhost:3030/_next/static/chunks/04m2_next_dist_01d_w1-._.js:2431
[  493484ms] [LOG] [Fast Refresh] done in 137ms @ http://localhost:3030/_next/static/chunks/04m2_next_dist_01d_w1-._.js:2431
[  900232ms] [LOG] [Fast Refresh] rebuilding @ http://localhost:3030/_next/static/chunks/04m2_next_dist_01d_w1-._.js:2431
[  901048ms] [LOG] [Fast Refresh] done in 918ms @ http://localhost:3030/_next/static/chunks/04m2_next_dist_01d_w1-._.js:2431
[  916449ms] [LOG] [Fast Refresh] rebuilding @ http://localhost:3030/_next/static/chunks/04m2_next_dist_01d_w1-._.js:2431
[  917920ms] [LOG] [Fast Refresh] done in 1568ms @ http://localhost:3030/_next/static/chunks/04m2_next_dist_01d_w1-._.js:2431
[  918077ms] [LOG] [Fast Refresh] rebuilding @ http://localhost:3030/_next/static/chunks/04m2_next_dist_01d_w1-._.js:2431
[  918083ms] [LOG] [Fast Refresh] done in 110ms @ http://localhost:3030/_next/static/chunks/04m2_next_dist_01d_w1-._.js:2431
[  918201ms] [LOG] [Fast Refresh] rebuilding @ http://localhost:3030/_next/static/chunks/04m2_next_dist_01d_w1-._.js:2431
[  918548ms] [LOG] [Fast Refresh] done in 449ms @ http://localhost:3030/_next/static/chunks/04m2_next_dist_01d_w1-._.js:2431
[  918912ms] [INFO] %c%s%c [setup-health] background: #e6e6e6;background: light-dark(rgba(0,0,0,0.1), rgba(255,255,255,0.25));color: #000000;color: light-dark(#000000, #ffffff);border-radius: 2px  Server   panel-layout {tenantId: cmrvvipw70000oyyo6123270j, userId: cmrvvipyc000aoyyodcu4tftb, score: 40, completedCount: 2, totalCriticalCount: 5} @ http://localhost:3030/_next/static/chunks/04m2_next_dist_01d_w1-._.js:2431
[  919057ms] [LOG] [Fast Refresh] rebuilding @ http://localhost:3030/_next/static/chunks/04m2_next_dist_01d_w1-._.js:2431
[  919102ms] [INFO] %c%s%c [setup-health] background: #e6e6e6;background: light-dark(rgba(0,0,0,0.1), rgba(255,255,255,0.25));color: #000000;color: light-dark(#000000, #ffffff);border-radius: 2px  Server   panel-layout {tenantId: cmrvvipw70000oyyo6123270j, userId: cmrvvipyc000aoyyodcu4tftb, score: 40, completedCount: 2, totalCriticalCount: 5} @ http://localhost:3030/_next/static/chunks/04m2_next_dist_01d_w1-._.js:2431
[  919125ms] [LOG] [Fast Refresh] done in 169ms @ http://localhost:3030/_next/static/chunks/04m2_next_dist_01d_w1-._.js:2431
[  919349ms] [INFO] %c%s%c [setup-health] background: #e6e6e6;background: light-dark(rgba(0,0,0,0.1), rgba(255,255,255,0.25));color: #000000;color: light-dark(#000000, #ffffff);border-radius: 2px  Server   panel-layout {tenantId: cmrvvipw70000oyyo6123270j, userId: cmrvvipyc000aoyyodcu4tftb, score: 40, completedCount: 2, totalCriticalCount: 5} @ http://localhost:3030/_next/static/chunks/04m2_next_dist_01d_w1-._.js:2431
[  919625ms] [INFO] %c%s%c [setup-health] background: #e6e6e6;background: light-dark(rgba(0,0,0,0.1), rgba(255,255,255,0.25));color: #000000;color: light-dark(#000000, #ffffff);border-radius: 2px  Server   panel-layout {tenantId: cmrvvipw70000oyyo6123270j, userId: cmrvvipyc000aoyyodcu4tftb, score: 40, completedCount: 2, totalCriticalCount: 5} @ http://localhost:3030/_next/static/chunks/04m2_next_dist_01d_w1-._.js:2431
[  919845ms] [INFO] %c%s%c [setup-health] background: #e6e6e6;background: light-dark(rgba(0,0,0,0.1), rgba(255,255,255,0.25));color: #000000;color: light-dark(#000000, #ffffff);border-radius: 2px  Server   panel-layout {tenantId: cmrvvipw70000oyyo6123270j, userId: cmrvvipyc000aoyyodcu4tftb, score: 40, completedCount: 2, totalCriticalCount: 5} @ http://localhost:3030/_next/static/chunks/04m2_next_dist_01d_w1-._.js:2431
[  920117ms] [LOG] [Fast Refresh] rebuilding @ http://localhost:3030/_next/static/chunks/04m2_next_dist_01d_w1-._.js:2431
[  920143ms] [LOG] [Fast Refresh] done in 127ms @ http://localhost:3030/_next/static/chunks/04m2_next_dist_01d_w1-._.js:2431
[  920145ms] [INFO] %c%s%c [setup-health] background: #e6e6e6;background: light-dark(rgba(0,0,0,0.1), rgba(255,255,255,0.25));color: #000000;color: light-dark(#000000, #ffffff);border-radius: 2px  Server   panel-layout {tenantId: cmrvvipw70000oyyo6123270j, userId: cmrvvipyc000aoyyodcu4tftb, score: 40, completedCount: 2, totalCriticalCount: 5} @ http://localhost:3030/_next/static/chunks/04m2_next_dist_01d_w1-._.js:2431
[  920396ms] [INFO] %c%s%c [setup-health] background: #e6e6e6;background: light-dark(rgba(0,0,0,0.1), rgba(255,255,255,0.25));color: #000000;color: light-dark(#000000, #ffffff);border-radius: 2px  Server   panel-layout {tenantId: cmrvvipw70000oyyo6123270j, userId: cmrvvipyc000aoyyodcu4tftb, score: 40, completedCount: 2, totalCriticalCount: 5} @ http://localhost:3030/_next/static/chunks/04m2_next_dist_01d_w1-._.js:2431
[  920662ms] [INFO] %c%s%c [setup-health] background: #e6e6e6;background: light-dark(rgba(0,0,0,0.1), rgba(255,255,255,0.25));color: #000000;color: light-dark(#000000, #ffffff);border-radius: 2px  Server   panel-layout {tenantId: cmrvvipw70000oyyo6123270j, userId: cmrvvipyc000aoyyodcu4tftb, score: 40, completedCount: 2, totalCriticalCount: 5} @ http://localhost:3030/_next/static/chunks/04m2_next_dist_01d_w1-._.js:2431
[  920909ms] [LOG] [Fast Refresh] rebuilding @ http://localhost:3030/_next/static/chunks/04m2_next_dist_01d_w1-._.js:2431
[  920918ms] [LOG] [Fast Refresh] done in 119ms @ http://localhost:3030/_next/static/chunks/04m2_next_dist_01d_w1-._.js:2431
[  920940ms] [INFO] %c%s%c [setup-health] background: #e6e6e6;background: light-dark(rgba(0,0,0,0.1), rgba(255,255,255,0.25));color: #000000;color: light-dark(#000000, #ffffff);border-radius: 2px  Server   panel-layout {tenantId: cmrvvipw70000oyyo6123270j, userId: cmrvvipyc000aoyyodcu4tftb, score: 40, completedCount: 2, totalCriticalCount: 5} @ http://localhost:3030/_next/static/chunks/04m2_next_dist_01d_w1-._.js:2431
[  921178ms] [INFO] %c%s%c [setup-health] background: #e6e6e6;background: light-dark(rgba(0,0,0,0.1), rgba(255,255,255,0.25));color: #000000;color: light-dark(#000000, #ffffff);border-radius: 2px  Server   panel-layout {tenantId: cmrvvipw70000oyyo6123270j, userId: cmrvvipyc000aoyyodcu4tftb, score: 40, completedCount: 2, totalCriticalCount: 5} @ http://localhost:3030/_next/static/chunks/04m2_next_dist_01d_w1-._.js:2431
[  921393ms] [INFO] %c%s%c [setup-health] background: #e6e6e6;background: light-dark(rgba(0,0,0,0.1), rgba(255,255,255,0.25));color: #000000;color: light-dark(#000000, #ffffff);border-radius: 2px  Server   panel-layout {tenantId: cmrvvipw70000oyyo6123270j, userId: cmrvvipyc000aoyyodcu4tftb, score: 40, completedCount: 2, totalCriticalCount: 5} @ http://localhost:3030/_next/static/chunks/04m2_next_dist_01d_w1-._.js:2431
[  921607ms] [INFO] %c%s%c [setup-health] background: #e6e6e6;background: light-dark(rgba(0,0,0,0.1), rgba(255,255,255,0.25));color: #000000;color: light-dark(#000000, #ffffff);border-radius: 2px  Server   panel-layout {tenantId: cmrvvipw70000oyyo6123270j, userId: cmrvvipyc000aoyyodcu4tftb, score: 40, completedCount: 2, totalCriticalCount: 5} @ http://localhost:3030/_next/static/chunks/04m2_next_dist_01d_w1-._.js:2431
[  921803ms] [INFO] %c%s%c [setup-health] background: #e6e6e6;background: light-dark(rgba(0,0,0,0.1), rgba(255,255,255,0.25));color: #000000;color: light-dark(#000000, #ffffff);border-radius: 2px  Server   panel-layout {tenantId: cmrvvipw70000oyyo6123270j, userId: cmrvvipyc000aoyyodcu4tftb, score: 40, completedCount: 2, totalCriticalCount: 5} @ http://localhost:3030/_next/static/chunks/04m2_next_dist_01d_w1-._.js:2431
[  922025ms] [INFO] %c%s%c [setup-health] background: #e6e6e6;background: light-dark(rgba(0,0,0,0.1), rgba(255,255,255,0.25));color: #000000;color: light-dark(#000000, #ffffff);border-radius: 2px  Server   panel-layout {tenantId: cmrvvipw70000oyyo6123270j, userId: cmrvvipyc000aoyyodcu4tftb, score: 40, completedCount: 2, totalCriticalCount: 5} @ http://localhost:3030/_next/static/chunks/04m2_next_dist_01d_w1-._.js:2431
[  922140ms] [INFO] %c%s%c [setup-health] background: #e6e6e6;background: light-dark(rgba(0,0,0,0.1), rgba(255,255,255,0.25));color: #000000;color: light-dark(#000000, #ffffff);border-radius: 2px  Server   panel-layout {tenantId: cmrvvipw70000oyyo6123270j, userId: cmrvvipyc000aoyyodcu4tftb, score: 40, completedCount: 2, totalCriticalCount: 5} @ http://localhost:3030/_next/static/chunks/04m2_next_dist_01d_w1-._.js:2431
[  931324ms] [LOG] [Fast Refresh] rebuilding @ http://localhost:3030/_next/static/chunks/04m2_next_dist_01d_w1-._.js:2431
[  931668ms] [LOG] [Fast Refresh] done in 460ms @ http://localhost:3030/_next/static/chunks/04m2_next_dist_01d_w1-._.js:2431
[  963182ms] [LOG] [Fast Refresh] rebuilding @ http://localhost:3030/_next/static/chunks/04m2_next_dist_01d_w1-._.js:2431
[  971408ms] [LOG] [Fast Refresh] done in 8163ms @ http://localhost:3030/_next/static/chunks/04m2_next_dist_01d_w1-._.js:2431
[  971657ms] [LOG] [Fast Refresh] rebuilding @ http://localhost:3030/_next/static/chunks/04m2_next_dist_01d_w1-._.js:2431
[  971881ms] [LOG] [Fast Refresh] done in 324ms @ http://localhost:3030/_next/static/chunks/04m2_next_dist_01d_w1-._.js:2431
[  972183ms] [LOG] [Fast Refresh] rebuilding @ http://localhost:3030/_next/static/chunks/04m2_next_dist_01d_w1-._.js:2431
[  972185ms] [LOG] [Fast Refresh] done in 107ms @ http://localhost:3030/_next/static/chunks/04m2_next_dist_01d_w1-._.js:2431
[  972211ms] [INFO] %c%s%c [setup-health] background: #e6e6e6;background: light-dark(rgba(0,0,0,0.1), rgba(255,255,255,0.25));color: #000000;color: light-dark(#000000, #ffffff);border-radius: 2px  Server   panel-layout {tenantId: cmrvvipw70000oyyo6123270j, userId: cmrvvipyc000aoyyodcu4tftb, score: 40, completedCount: 2, totalCriticalCount: 5} @ http://localhost:3030/_next/static/chunks/04m2_next_dist_01d_w1-._.js:2431
[  972542ms] [LOG] [Fast Refresh] rebuilding @ http://localhost:3030/_next/static/chunks/04m2_next_dist_01d_w1-._.js:2431
[  972588ms] [INFO] %c%s%c [setup-health] background: #e6e6e6;background: light-dark(rgba(0,0,0,0.1), rgba(255,255,255,0.25));color: #000000;color: light-dark(#000000, #ffffff);border-radius: 2px  Server   panel-layout {tenantId: cmrvvipw70000oyyo6123270j, userId: cmrvvipyc000aoyyodcu4tftb, score: 40, completedCount: 2, totalCriticalCount: 5} @ http://localhost:3030/_next/static/chunks/04m2_next_dist_01d_w1-._.js:2431
[  972602ms] [LOG] [Fast Refresh] done in 162ms @ http://localhost:3030/_next/static/chunks/04m2_next_dist_01d_w1-._.js:2431
[  973010ms] [LOG] [Fast Refresh] rebuilding @ http://localhost:3030/_next/static/chunks/04m2_next_dist_01d_w1-._.js:2431
[  973010ms] [LOG] [Fast Refresh] done in 113ms @ http://localhost:3030/_next/static/chunks/04m2_next_dist_01d_w1-._.js:2431
[  973015ms] [INFO] %c%s%c [setup-health] background: #e6e6e6;background: light-dark(rgba(0,0,0,0.1), rgba(255,255,255,0.25));color: #000000;color: light-dark(#000000, #ffffff);border-radius: 2px  Server   panel-layout {tenantId: cmrvvipw70000oyyo6123270j, userId: cmrvvipyc000aoyyodcu4tftb, score: 40, completedCount: 2, totalCriticalCount: 5} @ http://localhost:3030/_next/static/chunks/04m2_next_dist_01d_w1-._.js:2431
[  973277ms] [INFO] %c%s%c [setup-health] background: #e6e6e6;background: light-dark(rgba(0,0,0,0.1), rgba(255,255,255,0.25));color: #000000;color: light-dark(#000000, #ffffff);border-radius: 2px  Server   panel-layout {tenantId: cmrvvipw70000oyyo6123270j, userId: cmrvvipyc000aoyyodcu4tftb, score: 40, completedCount: 2, totalCriticalCount: 5} @ http://localhost:3030/_next/static/chunks/04m2_next_dist_01d_w1-._.js:2431
[  973557ms] [INFO] %c%s%c [setup-health] background: #e6e6e6;background: light-dark(rgba(0,0,0,0.1), rgba(255,255,255,0.25));color: #000000;color: light-dark(#000000, #ffffff);border-radius: 2px  Server   panel-layout {tenantId: cmrvvipw70000oyyo6123270j, userId: cmrvvipyc000aoyyodcu4tftb, score: 40, completedCount: 2, totalCriticalCount: 5} @ http://localhost:3030/_next/static/chunks/04m2_next_dist_01d_w1-._.js:2431
[  973860ms] [LOG] [Fast Refresh] rebuilding @ http://localhost:3030/_next/static/chunks/04m2_next_dist_01d_w1-._.js:2431
[  973876ms] [INFO] %c%s%c [setup-health] background: #e6e6e6;background: light-dark(rgba(0,0,0,0.1), rgba(255,255,255,0.25));color: #000000;color: light-dark(#000000, #ffffff);border-radius: 2px  Server   panel-layout {tenantId: cmrvvipw70000oyyo6123270j, userId: cmrvvipyc000aoyyodcu4tftb, score: 40, completedCount: 2, totalCriticalCount: 5} @ http://localhost:3030/_next/static/chunks/04m2_next_dist_01d_w1-._.js:2431
[  973892ms] [LOG] [Fast Refresh] done in 136ms @ http://localhost:3030/_next/static/chunks/04m2_next_dist_01d_w1-._.js:2431
[  973995ms] [LOG] [Fast Refresh] rebuilding @ http://localhost:3030/_next/static/chunks/04m2_next_dist_01d_w1-._.js:2431
[  973998ms] [LOG] [Fast Refresh] done in 106ms @ http://localhost:3030/_next/static/chunks/04m2_next_dist_01d_w1-._.js:2431
[  974116ms] [INFO] %c%s%c [setup-health] background: #e6e6e6;background: light-dark(rgba(0,0,0,0.1), rgba(255,255,255,0.25));color: #000000;color: light-dark(#000000, #ffffff);border-radius: 2px  Server   panel-layout {tenantId: cmrvvipw70000oyyo6123270j, userId: cmrvvipyc000aoyyodcu4tftb, score: 40, completedCount: 2, totalCriticalCount: 5} @ http://localhost:3030/_next/static/chunks/04m2_next_dist_01d_w1-._.js:2431
[  974415ms] [LOG] [Fast Refresh] rebuilding @ http://localhost:3030/_next/static/chunks/04m2_next_dist_01d_w1-._.js:2431
[  974428ms] [LOG] [Fast Refresh] done in 117ms @ http://localhost:3030/_next/static/chunks/04m2_next_dist_01d_w1-._.js:2431
[  974443ms] [INFO] %c%s%c [setup-health] background: #e6e6e6;background: light-dark(rgba(0,0,0,0.1), rgba(255,255,255,0.25));color: #000000;color: light-dark(#000000, #ffffff);border-radius: 2px  Server   panel-layout {tenantId: cmrvvipw70000oyyo6123270j, userId: cmrvvipyc000aoyyodcu4tftb, score: 40, completedCount: 2, totalCriticalCount: 5} @ http://localhost:3030/_next/static/chunks/04m2_next_dist_01d_w1-._.js:2431
[  974743ms] [INFO] %c%s%c [setup-health] background: #e6e6e6;background: light-dark(rgba(0,0,0,0.1), rgba(255,255,255,0.25));color: #000000;color: light-dark(#000000, #ffffff);border-radius: 2px  Server   panel-layout {tenantId: cmrvvipw70000oyyo6123270j, userId: cmrvvipyc000aoyyodcu4tftb, score: 40, completedCount: 2, totalCriticalCount: 5} @ http://localhost:3030/_next/static/chunks/04m2_next_dist_01d_w1-._.js:2431
[  974744ms] [LOG] [Fast Refresh] rebuilding @ http://localhost:3030/_next/static/chunks/04m2_next_dist_01d_w1-._.js:2431
[  974752ms] [LOG] [Fast Refresh] done in 107ms @ http://localhost:3030/_next/static/chunks/04m2_next_dist_01d_w1-._.js:2431
[  974912ms] [LOG] [Fast Refresh] rebuilding @ http://localhost:3030/_next/static/chunks/04m2_next_dist_01d_w1-._.js:2431
[  974928ms] [LOG] [Fast Refresh] done in 118ms @ http://localhost:3030/_next/static/chunks/04m2_next_dist_01d_w1-._.js:2431
[  975168ms] [LOG] [Fast Refresh] rebuilding @ http://localhost:3030/_next/static/chunks/04m2_next_dist_01d_w1-._.js:2431
[  975185ms] [LOG] [Fast Refresh] done in 119ms @ http://localhost:3030/_next/static/chunks/04m2_next_dist_01d_w1-._.js:2431
[  975187ms] [INFO] %c%s%c [setup-health] background: #e6e6e6;background: light-dark(rgba(0,0,0,0.1), rgba(255,255,255,0.25));color: #000000;color: light-dark(#000000, #ffffff);border-radius: 2px  Server   panel-layout {tenantId: cmrvvipw70000oyyo6123270j, userId: cmrvvipyc000aoyyodcu4tftb, score: 40, completedCount: 2, totalCriticalCount: 5} @ http://localhost:3030/_next/static/chunks/04m2_next_dist_01d_w1-._.js:2431
[  975315ms] [LOG] [Fast Refresh] rebuilding @ http://localhost:3030/_next/static/chunks/04m2_next_dist_01d_w1-._.js:2431
[  975337ms] [LOG] [Fast Refresh] done in 132ms @ http://localhost:3030/_next/static/chunks/04m2_next_dist_01d_w1-._.js:2431
[  975504ms] [INFO] %c%s%c [setup-health] background: #e6e6e6;background: light-dark(rgba(0,0,0,0.1), rgba(255,255,255,0.25));color: #000000;color: light-dark(#000000, #ffffff);border-radius: 2px  Server   panel-layout {tenantId: cmrvvipw70000oyyo6123270j, userId: cmrvvipyc000aoyyodcu4tftb, score: 40, completedCount: 2, totalCriticalCount: 5} @ http://localhost:3030/_next/static/chunks/04m2_next_dist_01d_w1-._.js:2431
[  975734ms] [INFO] %c%s%c [setup-health] background: #e6e6e6;background: light-dark(rgba(0,0,0,0.1), rgba(255,255,255,0.25));color: #000000;color: light-dark(#000000, #ffffff);border-radius: 2px  Server   panel-layout {tenantId: cmrvvipw70000oyyo6123270j, userId: cmrvvipyc000aoyyodcu4tftb, score: 40, completedCount: 2, totalCriticalCount: 5} @ http://localhost:3030/_next/static/chunks/04m2_next_dist_01d_w1-._.js:2431
[  975977ms] [INFO] %c%s%c [setup-health] background: #e6e6e6;background: light-dark(rgba(0,0,0,0.1), rgba(255,255,255,0.25));color: #000000;color: light-dark(#000000, #ffffff);border-radius: 2px  Server   panel-layout {tenantId: cmrvvipw70000oyyo6123270j, userId: cmrvvipyc000aoyyodcu4tftb, score: 40, completedCount: 2, totalCriticalCount: 5} @ http://localhost:3030/_next/static/chunks/04m2_next_dist_01d_w1-._.js:2431
[  976260ms] [INFO] %c%s%c [setup-health] background: #e6e6e6;background: light-dark(rgba(0,0,0,0.1), rgba(255,255,255,0.25));color: #000000;color: light-dark(#000000, #ffffff);border-radius: 2px  Server   panel-layout {tenantId: cmrvvipw70000oyyo6123270j, userId: cmrvvipyc000aoyyodcu4tftb, score: 40, completedCount: 2, totalCriticalCount: 5} @ http://localhost:3030/_next/static/chunks/04m2_next_dist_01d_w1-._.js:2431
[  976576ms] [INFO] %c%s%c [setup-health] background: #e6e6e6;background: light-dark(rgba(0,0,0,0.1), rgba(255,255,255,0.25));color: #000000;color: light-dark(#000000, #ffffff);border-radius: 2px  Server   panel-layout {tenantId: cmrvvipw70000oyyo6123270j, userId: cmrvvipyc000aoyyodcu4tftb, score: 40, completedCount: 2, totalCriticalCount: 5} @ http://localhost:3030/_next/static/chunks/04m2_next_dist_01d_w1-._.js:2431
[  976855ms] [INFO] %c%s%c [setup-health] background: #e6e6e6;background: light-dark(rgba(0,0,0,0.1), rgba(255,255,255,0.25));color: #000000;color: light-dark(#000000, #ffffff);border-radius: 2px  Server   panel-layout {tenantId: cmrvvipw70000oyyo6123270j, userId: cmrvvipyc000aoyyodcu4tftb, score: 40, completedCount: 2, totalCriticalCount: 5} @ http://localhost:3030/_next/static/chunks/04m2_next_dist_01d_w1-._.js:2431
[  976885ms] [LOG] [Fast Refresh] rebuilding @ http://localhost:3030/_next/static/chunks/04m2_next_dist_01d_w1-._.js:2431
[  976910ms] [LOG] [Fast Refresh] done in 131ms @ http://localhost:3030/_next/static/chunks/04m2_next_dist_01d_w1-._.js:2431
[  977252ms] [INFO] %c%s%c [setup-health] background: #e6e6e6;background: light-dark(rgba(0,0,0,0.1), rgba(255,255,255,0.25));color: #000000;color: light-dark(#000000, #ffffff);border-radius: 2px  Server   panel-layout {tenantId: cmrvvipw70000oyyo6123270j, userId: cmrvvipyc000aoyyodcu4tftb, score: 40, completedCount: 2, totalCriticalCount: 5} @ http://localhost:3030/_next/static/chunks/04m2_next_dist_01d_w1-._.js:2431
[  977600ms] [INFO] %c%s%c [setup-health] background: #e6e6e6;background: light-dark(rgba(0,0,0,0.1), rgba(255,255,255,0.25));color: #000000;color: light-dark(#000000, #ffffff);border-radius: 2px  Server   panel-layout {tenantId: cmrvvipw70000oyyo6123270j, userId: cmrvvipyc000aoyyodcu4tftb, score: 40, completedCount: 2, totalCriticalCount: 5} @ http://localhost:3030/_next/static/chunks/04m2_next_dist_01d_w1-._.js:2431
[  977623ms] [LOG] [Fast Refresh] rebuilding @ http://localhost:3030/_next/static/chunks/04m2_next_dist_01d_w1-._.js:2431
[  977638ms] [LOG] [Fast Refresh] done in 117ms @ http://localhost:3030/_next/static/chunks/04m2_next_dist_01d_w1-._.js:2431
[  977882ms] [INFO] %c%s%c [setup-health] background: #e6e6e6;background: light-dark(rgba(0,0,0,0.1), rgba(255,255,255,0.25));color: #000000;color: light-dark(#000000, #ffffff);border-radius: 2px  Server   panel-layout {tenantId: cmrvvipw70000oyyo6123270j, userId: cmrvvipyc000aoyyodcu4tftb, score: 40, completedCount: 2, totalCriticalCount: 5} @ http://localhost:3030/_next/static/chunks/04m2_next_dist_01d_w1-._.js:2431
[  978083ms] [LOG] [Fast Refresh] rebuilding @ http://localhost:3030/_next/static/chunks/04m2_next_dist_01d_w1-._.js:2431
[  978093ms] [LOG] [Fast Refresh] done in 116ms @ http://localhost:3030/_next/static/chunks/04m2_next_dist_01d_w1-._.js:2431
[  978146ms] [INFO] %c%s%c [setup-health] background: #e6e6e6;background: light-dark(rgba(0,0,0,0.1), rgba(255,255,255,0.25));color: #000000;color: light-dark(#000000, #ffffff);border-radius: 2px  Server   panel-layout {tenantId: cmrvvipw70000oyyo6123270j, userId: cmrvvipyc000aoyyodcu4tftb, score: 40, completedCount: 2, totalCriticalCount: 5} @ http://localhost:3030/_next/static/chunks/04m2_next_dist_01d_w1-._.js:2431
[  978427ms] [INFO] %c%s%c [setup-health] background: #e6e6e6;background: light-dark(rgba(0,0,0,0.1), rgba(255,255,255,0.25));color: #000000;color: light-dark(#000000, #ffffff);border-radius: 2px  Server   panel-layout {tenantId: cmrvvipw70000oyyo6123270j, userId: cmrvvipyc000aoyyodcu4tftb, score: 40, completedCount: 2, totalCriticalCount: 5} @ http://localhost:3030/_next/static/chunks/04m2_next_dist_01d_w1-._.js:2431
[  978597ms] [LOG] [Fast Refresh] rebuilding @ http://localhost:3030/_next/static/chunks/04m2_next_dist_01d_w1-._.js:2431
[  978606ms] [LOG] [Fast Refresh] done in 109ms @ http://localhost:3030/_next/static/chunks/04m2_next_dist_01d_w1-._.js:2431
[  978677ms] [INFO] %c%s%c [setup-health] background: #e6e6e6;background: light-dark(rgba(0,0,0,0.1), rgba(255,255,255,0.25));color: #000000;color: light-dark(#000000, #ffffff);border-radius: 2px  Server   panel-layout {tenantId: cmrvvipw70000oyyo6123270j, userId: cmrvvipyc000aoyyodcu4tftb, score: 40, completedCount: 2, totalCriticalCount: 5} @ http://localhost:3030/_next/static/chunks/04m2_next_dist_01d_w1-._.js:2431
[  978712ms] [LOG] [Fast Refresh] rebuilding @ http://localhost:3030/_next/static/chunks/04m2_next_dist_01d_w1-._.js:2431
[  978713ms] [LOG] [Fast Refresh] done in 105ms @ http://localhost:3030/_next/static/chunks/04m2_next_dist_01d_w1-._.js:2431
[  978944ms] [INFO] %c%s%c [setup-health] background: #e6e6e6;background: light-dark(rgba(0,0,0,0.1), rgba(255,255,255,0.25));color: #000000;color: light-dark(#000000, #ffffff);border-radius: 2px  Server   panel-layout {tenantId: cmrvvipw70000oyyo6123270j, userId: cmrvvipyc000aoyyodcu4tftb, score: 40, completedCount: 2, totalCriticalCount: 5} @ http://localhost:3030/_next/static/chunks/04m2_next_dist_01d_w1-._.js:2431
[  979180ms] [INFO] %c%s%c [setup-health] background: #e6e6e6;background: light-dark(rgba(0,0,0,0.1), rgba(255,255,255,0.25));color: #000000;color: light-dark(#000000, #ffffff);border-radius: 2px  Server   panel-layout {tenantId: cmrvvipw70000oyyo6123270j, userId: cmrvvipyc000aoyyodcu4tftb, score: 40, completedCount: 2, totalCriticalCount: 5} @ http://localhost:3030/_next/static/chunks/04m2_next_dist_01d_w1-._.js:2431
[  979186ms] [LOG] [Fast Refresh] rebuilding @ http://localhost:3030/_next/static/chunks/04m2_next_dist_01d_w1-._.js:2431
[  984622ms] [LOG] [Fast Refresh] done in 5249ms @ http://localhost:3030/_next/static/chunks/04m2_next_dist_01d_w1-._.js:2431
[  984709ms] [INFO] %c%s%c [setup-health] background: #e6e6e6;background: light-dark(rgba(0,0,0,0.1), rgba(255,255,255,0.25));color: #000000;color: light-dark(#000000, #ffffff);border-radius: 2px  Server   panel-layout {tenantId: cmrvvipw70000oyyo6123270j, userId: cmrvvipyc000aoyyodcu4tftb, score: 40, completedCount: 2, totalCriticalCount: 5} @ http://localhost:3030/_next/static/chunks/04m2_next_dist_01d_w1-._.js:2431
[  984932ms] [LOG] [Fast Refresh] rebuilding @ http://localhost:3030/_next/static/chunks/04m2_next_dist_01d_w1-._.js:2431
[  984953ms] [LOG] [Fast Refresh] done in 124ms @ http://localhost:3030/_next/static/chunks/04m2_next_dist_01d_w1-._.js:2431
[  984966ms] [INFO] %c%s%c [setup-health] background: #e6e6e6;background: light-dark(rgba(0,0,0,0.1), rgba(255,255,255,0.25));color: #000000;color: light-dark(#000000, #ffffff);border-radius: 2px  Server   panel-layout {tenantId: cmrvvipw70000oyyo6123270j, userId: cmrvvipyc000aoyyodcu4tftb, score: 40, completedCount: 2, totalCriticalCount: 5} @ http://localhost:3030/_next/static/chunks/04m2_next_dist_01d_w1-._.js:2431
[  985240ms] [LOG] [Fast Refresh] rebuilding @ http://localhost:3030/_next/static/chunks/04m2_next_dist_01d_w1-._.js:2431
[  985244ms] [LOG] [Fast Refresh] done in 108ms @ http://localhost:3030/_next/static/chunks/04m2_next_dist_01d_w1-._.js:2431
[  985257ms] [INFO] %c%s%c [setup-health] background: #e6e6e6;background: light-dark(rgba(0,0,0,0.1), rgba(255,255,255,0.25));color: #000000;color: light-dark(#000000, #ffffff);border-radius: 2px  Server   panel-layout {tenantId: cmrvvipw70000oyyo6123270j, userId: cmrvvipyc000aoyyodcu4tftb, score: 40, completedCount: 2, totalCriticalCount: 5} @ http://localhost:3030/_next/static/chunks/04m2_next_dist_01d_w1-._.js:2431
[  985489ms] [INFO] %c%s%c [setup-health] background: #e6e6e6;background: light-dark(rgba(0,0,0,0.1), rgba(255,255,255,0.25));color: #000000;color: light-dark(#000000, #ffffff);border-radius: 2px  Server   panel-layout {tenantId: cmrvvipw70000oyyo6123270j, userId: cmrvvipyc000aoyyodcu4tftb, score: 40, completedCount: 2, totalCriticalCount: 5} @ http://localhost:3030/_next/static/chunks/04m2_next_dist_01d_w1-._.js:2431
[  985743ms] [INFO] %c%s%c [setup-health] background: #e6e6e6;background: light-dark(rgba(0,0,0,0.1), rgba(255,255,255,0.25));color: #000000;color: light-dark(#000000, #ffffff);border-radius: 2px  Server   panel-layout {tenantId: cmrvvipw70000oyyo6123270j, userId: cmrvvipyc000aoyyodcu4tftb, score: 40, completedCount: 2, totalCriticalCount: 5} @ http://localhost:3030/_next/static/chunks/04m2_next_dist_01d_w1-._.js:2431
[  985982ms] [INFO] %c%s%c [setup-health] background: #e6e6e6;background: light-dark(rgba(0,0,0,0.1), rgba(255,255,255,0.25));color: #000000;color: light-dark(#000000, #ffffff);border-radius: 2px  Server   panel-layout {tenantId: cmrvvipw70000oyyo6123270j, userId: cmrvvipyc000aoyyodcu4tftb, score: 40, completedCount: 2, totalCriticalCount: 5} @ http://localhost:3030/_next/static/chunks/04m2_next_dist_01d_w1-._.js:2431
[  986221ms] [INFO] %c%s%c [setup-health] background: #e6e6e6;background: light-dark(rgba(0,0,0,0.1), rgba(255,255,255,0.25));color: #000000;color: light-dark(#000000, #ffffff);border-radius: 2px  Server   panel-layout {tenantId: cmrvvipw70000oyyo6123270j, userId: cmrvvipyc000aoyyodcu4tftb, score: 40, completedCount: 2, totalCriticalCount: 5} @ http://localhost:3030/_next/static/chunks/04m2_next_dist_01d_w1-._.js:2431
[  986457ms] [INFO] %c%s%c [setup-health] background: #e6e6e6;background: light-dark(rgba(0,0,0,0.1), rgba(255,255,255,0.25));color: #000000;color: light-dark(#000000, #ffffff);border-radius: 2px  Server   panel-layout {tenantId: cmrvvipw70000oyyo6123270j, userId: cmrvvipyc000aoyyodcu4tftb, score: 40, completedCount: 2, totalCriticalCount: 5} @ http://localhost:3030/_next/static/chunks/04m2_next_dist_01d_w1-._.js:2431
[  986686ms] [INFO] %c%s%c [setup-health] background: #e6e6e6;background: light-dark(rgba(0,0,0,0.1), rgba(255,255,255,0.25));color: #000000;color: light-dark(#000000, #ffffff);border-radius: 2px  Server   panel-layout {tenantId: cmrvvipw70000oyyo6123270j, userId: cmrvvipyc000aoyyodcu4tftb, score: 40, completedCount: 2, totalCriticalCount: 5} @ http://localhost:3030/_next/static/chunks/04m2_next_dist_01d_w1-._.js:2431
[  986939ms] [INFO] %c%s%c [setup-health] background: #e6e6e6;background: light-dark(rgba(0,0,0,0.1), rgba(255,255,255,0.25));color: #000000;color: light-dark(#000000, #ffffff);border-radius: 2px  Server   panel-layout {tenantId: cmrvvipw70000oyyo6123270j, userId: cmrvvipyc000aoyyodcu4tftb, score: 40, completedCount: 2, totalCriticalCount: 5} @ http://localhost:3030/_next/static/chunks/04m2_next_dist_01d_w1-._.js:2431
[  987165ms] [INFO] %c%s%c [setup-health] background: #e6e6e6;background: light-dark(rgba(0,0,0,0.1), rgba(255,255,255,0.25));color: #000000;color: light-dark(#000000, #ffffff);border-radius: 2px  Server   panel-layout {tenantId: cmrvvipw70000oyyo6123270j, userId: cmrvvipyc000aoyyodcu4tftb, score: 40, completedCount: 2, totalCriticalCount: 5} @ http://localhost:3030/_next/static/chunks/04m2_next_dist_01d_w1-._.js:2431
[  987394ms] [INFO] %c%s%c [setup-health] background: #e6e6e6;background: light-dark(rgba(0,0,0,0.1), rgba(255,255,255,0.25));color: #000000;color: light-dark(#000000, #ffffff);border-radius: 2px  Server   panel-layout {tenantId: cmrvvipw70000oyyo6123270j, userId: cmrvvipyc000aoyyodcu4tftb, score: 40, completedCount: 2, totalCriticalCount: 5} @ http://localhost:3030/_next/static/chunks/04m2_next_dist_01d_w1-._.js:2431
[  987673ms] [INFO] %c%s%c [setup-health] background: #e6e6e6;background: light-dark(rgba(0,0,0,0.1), rgba(255,255,255,0.25));color: #000000;color: light-dark(#000000, #ffffff);border-radius: 2px  Server   panel-layout {tenantId: cmrvvipw70000oyyo6123270j, userId: cmrvvipyc000aoyyodcu4tftb, score: 40, completedCount: 2, totalCriticalCount: 5} @ http://localhost:3030/_next/static/chunks/04m2_next_dist_01d_w1-._.js:2431
[  987899ms] [INFO] %c%s%c [setup-health] background: #e6e6e6;background: light-dark(rgba(0,0,0,0.1), rgba(255,255,255,0.25));color: #000000;color: light-dark(#000000, #ffffff);border-radius: 2px  Server   panel-layout {tenantId: cmrvvipw70000oyyo6123270j, userId: cmrvvipyc000aoyyodcu4tftb, score: 40, completedCount: 2, totalCriticalCount: 5} @ http://localhost:3030/_next/static/chunks/04m2_next_dist_01d_w1-._.js:2431
[  988190ms] [LOG] [Fast Refresh] rebuilding @ http://localhost:3030/_next/static/chunks/04m2_next_dist_01d_w1-._.js:2431
[  988192ms] [LOG] [Fast Refresh] done in 106ms @ http://localhost:3030/_next/static/chunks/04m2_next_dist_01d_w1-._.js:2431
[  988208ms] [INFO] %c%s%c [setup-health] background: #e6e6e6;background: light-dark(rgba(0,0,0,0.1), rgba(255,255,255,0.25));color: #000000;color: light-dark(#000000, #ffffff);border-radius: 2px  Server   panel-layout {tenantId: cmrvvipw70000oyyo6123270j, userId: cmrvvipyc000aoyyodcu4tftb, score: 40, completedCount: 2, totalCriticalCount: 5} @ http://localhost:3030/_next/static/chunks/04m2_next_dist_01d_w1-._.js:2431
[  988461ms] [INFO] %c%s%c [setup-health] background: #e6e6e6;background: light-dark(rgba(0,0,0,0.1), rgba(255,255,255,0.25));color: #000000;color: light-dark(#000000, #ffffff);border-radius: 2px  Server   panel-layout {tenantId: cmrvvipw70000oyyo6123270j, userId: cmrvvipyc000aoyyodcu4tftb, score: 40, completedCount: 2, totalCriticalCount: 5} @ http://localhost:3030/_next/static/chunks/04m2_next_dist_01d_w1-._.js:2431
[  988661ms] [LOG] [Fast Refresh] rebuilding @ http://localhost:3030/_next/static/chunks/04m2_next_dist_01d_w1-._.js:2431
[  988681ms] [LOG] [Fast Refresh] done in 121ms @ http://localhost:3030/_next/static/chunks/04m2_next_dist_01d_w1-._.js:2431
[  988688ms] [INFO] %c%s%c [setup-health] background: #e6e6e6;background: light-dark(rgba(0,0,0,0.1), rgba(255,255,255,0.25));color: #000000;color: light-dark(#000000, #ffffff);border-radius: 2px  Server   panel-layout {tenantId: cmrvvipw70000oyyo6123270j, userId: cmrvvipyc000aoyyodcu4tftb, score: 40, completedCount: 2, totalCriticalCount: 5} @ http://localhost:3030/_next/static/chunks/04m2_next_dist_01d_w1-._.js:2431
[  988925ms] [INFO] %c%s%c [setup-health] background: #e6e6e6;background: light-dark(rgba(0,0,0,0.1), rgba(255,255,255,0.25));color: #000000;color: light-dark(#000000, #ffffff);border-radius: 2px  Server   panel-layout {tenantId: cmrvvipw70000oyyo6123270j, userId: cmrvvipyc000aoyyodcu4tftb, score: 40, completedCount: 2, totalCriticalCount: 5} @ http://localhost:3030/_next/static/chunks/04m2_next_dist_01d_w1-._.js:2431
[  989152ms] [LOG] [Fast Refresh] rebuilding @ http://localhost:3030/_next/static/chunks/04m2_next_dist_01d_w1-._.js:2431
[  989153ms] [LOG] [Fast Refresh] done in 108ms @ http://localhost:3030/_next/static/chunks/04m2_next_dist_01d_w1-._.js:2431
[  989157ms] [INFO] %c%s%c [setup-health] background: #e6e6e6;background: light-dark(rgba(0,0,0,0.1), rgba(255,255,255,0.25));color: #000000;color: light-dark(#000000, #ffffff);border-radius: 2px  Server   panel-layout {tenantId: cmrvvipw70000oyyo6123270j, userId: cmrvvipyc000aoyyodcu4tftb, score: 40, completedCount: 2, totalCriticalCount: 5} @ http://localhost:3030/_next/static/chunks/04m2_next_dist_01d_w1-._.js:2431
[  989367ms] [INFO] %c%s%c [setup-health] background: #e6e6e6;background: light-dark(rgba(0,0,0,0.1), rgba(255,255,255,0.25));color: #000000;color: light-dark(#000000, #ffffff);border-radius: 2px  Server   panel-layout {tenantId: cmrvvipw70000oyyo6123270j, userId: cmrvvipyc000aoyyodcu4tftb, score: 40, completedCount: 2, totalCriticalCount: 5} @ http://localhost:3030/_next/static/chunks/04m2_next_dist_01d_w1-._.js:2431
[  989675ms] [INFO] %c%s%c [setup-health] background: #e6e6e6;background: light-dark(rgba(0,0,0,0.1), rgba(255,255,255,0.25));color: #000000;color: light-dark(#000000, #ffffff);border-radius: 2px  Server   panel-layout {tenantId: cmrvvipw70000oyyo6123270j, userId: cmrvvipyc000aoyyodcu4tftb, score: 40, completedCount: 2, totalCriticalCount: 5} @ http://localhost:3030/_next/static/chunks/04m2_next_dist_01d_w1-._.js:2431
[  989871ms] [INFO] %c%s%c [setup-health] background: #e6e6e6;background: light-dark(rgba(0,0,0,0.1), rgba(255,255,255,0.25));color: #000000;color: light-dark(#000000, #ffffff);border-radius: 2px  Server   panel-layout {tenantId: cmrvvipw70000oyyo6123270j, userId: cmrvvipyc000aoyyodcu4tftb, score: 40, completedCount: 2, totalCriticalCount: 5} @ http://localhost:3030/_next/static/chunks/04m2_next_dist_01d_w1-._.js:2431
[  990051ms] [LOG] [Fast Refresh] rebuilding @ http://localhost:3030/_next/static/chunks/04m2_next_dist_01d_w1-._.js:2431
[  990051ms] [LOG] [Fast Refresh] done in 101ms @ http://localhost:3030/_next/static/chunks/04m2_next_dist_01d_w1-._.js:2431
[  990063ms] [INFO] %c%s%c [setup-health] background: #e6e6e6;background: light-dark(rgba(0,0,0,0.1), rgba(255,255,255,0.25));color: #000000;color: light-dark(#000000, #ffffff);border-radius: 2px  Server   panel-layout {tenantId: cmrvvipw70000oyyo6123270j, userId: cmrvvipyc000aoyyodcu4tftb, score: 40, completedCount: 2, totalCriticalCount: 5} @ http://localhost:3030/_next/static/chunks/04m2_next_dist_01d_w1-._.js:2431
[  990260ms] [INFO] %c%s%c [setup-health] background: #e6e6e6;background: light-dark(rgba(0,0,0,0.1), rgba(255,255,255,0.25));color: #000000;color: light-dark(#000000, #ffffff);border-radius: 2px  Server   panel-layout {tenantId: cmrvvipw70000oyyo6123270j, userId: cmrvvipyc000aoyyodcu4tftb, score: 40, completedCount: 2, totalCriticalCount: 5} @ http://localhost:3030/_next/static/chunks/04m2_next_dist_01d_w1-._.js:2431
[  990445ms] [INFO] %c%s%c [setup-health] background: #e6e6e6;background: light-dark(rgba(0,0,0,0.1), rgba(255,255,255,0.25));color: #000000;color: light-dark(#000000, #ffffff);border-radius: 2px  Server   panel-layout {tenantId: cmrvvipw70000oyyo6123270j, userId: cmrvvipyc000aoyyodcu4tftb, score: 40, completedCount: 2, totalCriticalCount: 5} @ http://localhost:3030/_next/static/chunks/04m2_next_dist_01d_w1-._.js:2431
[  990622ms] [INFO] %c%s%c [setup-health] background: #e6e6e6;background: light-dark(rgba(0,0,0,0.1), rgba(255,255,255,0.25));color: #000000;color: light-dark(#000000, #ffffff);border-radius: 2px  Server   panel-layout {tenantId: cmrvvipw70000oyyo6123270j, userId: cmrvvipyc000aoyyodcu4tftb, score: 40, completedCount: 2, totalCriticalCount: 5} @ http://localhost:3030/_next/static/chunks/04m2_next_dist_01d_w1-._.js:2431
[  990801ms] [LOG] [Fast Refresh] rebuilding @ http://localhost:3030/_next/static/chunks/04m2_next_dist_01d_w1-._.js:2431
[  990821ms] [LOG] [Fast Refresh] done in 123ms @ http://localhost:3030/_next/static/chunks/04m2_next_dist_01d_w1-._.js:2431
[  990831ms] [INFO] %c%s%c [setup-health] background: #e6e6e6;background: light-dark(rgba(0,0,0,0.1), rgba(255,255,255,0.25));color: #000000;color: light-dark(#000000, #ffffff);border-radius: 2px  Server   panel-layout {tenantId: cmrvvipw70000oyyo6123270j, userId: cmrvvipyc000aoyyodcu4tftb, score: 40, completedCount: 2, totalCriticalCount: 5} @ http://localhost:3030/_next/static/chunks/04m2_next_dist_01d_w1-._.js:2431
[  991038ms] [INFO] %c%s%c [setup-health] background: #e6e6e6;background: light-dark(rgba(0,0,0,0.1), rgba(255,255,255,0.25));color: #000000;color: light-dark(#000000, #ffffff);border-radius: 2px  Server   panel-layout {tenantId: cmrvvipw70000oyyo6123270j, userId: cmrvvipyc000aoyyodcu4tftb, score: 40, completedCount: 2, totalCriticalCount: 5} @ http://localhost:3030/_next/static/chunks/04m2_next_dist_01d_w1-._.js:2431
[  991230ms] [INFO] %c%s%c [setup-health] background: #e6e6e6;background: light-dark(rgba(0,0,0,0.1), rgba(255,255,255,0.25));color: #000000;color: light-dark(#000000, #ffffff);border-radius: 2px  Server   panel-layout {tenantId: cmrvvipw70000oyyo6123270j, userId: cmrvvipyc000aoyyodcu4tftb, score: 40, completedCount: 2, totalCriticalCount: 5} @ http://localhost:3030/_next/static/chunks/04m2_next_dist_01d_w1-._.js:2431
[  991431ms] [INFO] %c%s%c [setup-health] background: #e6e6e6;background: light-dark(rgba(0,0,0,0.1), rgba(255,255,255,0.25));color: #000000;color: light-dark(#000000, #ffffff);border-radius: 2px  Server   panel-layout {tenantId: cmrvvipw70000oyyo6123270j, userId: cmrvvipyc000aoyyodcu4tftb, score: 40, completedCount: 2, totalCriticalCount: 5} @ http://localhost:3030/_next/static/chunks/04m2_next_dist_01d_w1-._.js:2431
[  991631ms] [INFO] %c%s%c [setup-health] background: #e6e6e6;background: light-dark(rgba(0,0,0,0.1), rgba(255,255,255,0.25));color: #000000;color: light-dark(#000000, #ffffff);border-radius: 2px  Server   panel-layout {tenantId: cmrvvipw70000oyyo6123270j, userId: cmrvvipyc000aoyyodcu4tftb, score: 40, completedCount: 2, totalCriticalCount: 5} @ http://localhost:3030/_next/static/chunks/04m2_next_dist_01d_w1-._.js:2431
[  991812ms] [INFO] %c%s%c [setup-health] background: #e6e6e6;background: light-dark(rgba(0,0,0,0.1), rgba(255,255,255,0.25));color: #000000;color: light-dark(#000000, #ffffff);border-radius: 2px  Server   panel-layout {tenantId: cmrvvipw70000oyyo6123270j, userId: cmrvvipyc000aoyyodcu4tftb, score: 40, completedCount: 2, totalCriticalCount: 5} @ http://localhost:3030/_next/static/chunks/04m2_next_dist_01d_w1-._.js:2431
[  992001ms] [INFO] %c%s%c [setup-health] background: #e6e6e6;background: light-dark(rgba(0,0,0,0.1), rgba(255,255,255,0.25));color: #000000;color: light-dark(#000000, #ffffff);border-radius: 2px  Server   panel-layout {tenantId: cmrvvipw70000oyyo6123270j, userId: cmrvvipyc000aoyyodcu4tftb, score: 40, completedCount: 2, totalCriticalCount: 5} @ http://localhost:3030/_next/static/chunks/04m2_next_dist_01d_w1-._.js:2431
[  992168ms] [INFO] %c%s%c [setup-health] background: #e6e6e6;background: light-dark(rgba(0,0,0,0.1), rgba(255,255,255,0.25));color: #000000;color: light-dark(#000000, #ffffff);border-radius: 2px  Server   panel-layout {tenantId: cmrvvipw70000oyyo6123270j, userId: cmrvvipyc000aoyyodcu4tftb, score: 40, completedCount: 2, totalCriticalCount: 5} @ http://localhost:3030/_next/static/chunks/04m2_next_dist_01d_w1-._.js:2431
[  992379ms] [INFO] %c%s%c [setup-health] background: #e6e6e6;background: light-dark(rgba(0,0,0,0.1), rgba(255,255,255,0.25));color: #000000;color: light-dark(#000000, #ffffff);border-radius: 2px  Server   panel-layout {tenantId: cmrvvipw70000oyyo6123270j, userId: cmrvvipyc000aoyyodcu4tftb, score: 40, completedCount: 2, totalCriticalCount: 5} @ http://localhost:3030/_next/static/chunks/04m2_next_dist_01d_w1-._.js:2431
[  992554ms] [INFO] %c%s%c [setup-health] background: #e6e6e6;background: light-dark(rgba(0,0,0,0.1), rgba(255,255,255,0.25));color: #000000;color: light-dark(#000000, #ffffff);border-radius: 2px  Server   panel-layout {tenantId: cmrvvipw70000oyyo6123270j, userId: cmrvvipyc000aoyyodcu4tftb, score: 40, completedCount: 2, totalCriticalCount: 5} @ http://localhost:3030/_next/static/chunks/04m2_next_dist_01d_w1-._.js:2431
[  992734ms] [INFO] %c%s%c [setup-health] background: #e6e6e6;background: light-dark(rgba(0,0,0,0.1), rgba(255,255,255,0.25));color: #000000;color: light-dark(#000000, #ffffff);border-radius: 2px  Server   panel-layout {tenantId: cmrvvipw70000oyyo6123270j, userId: cmrvvipyc000aoyyodcu4tftb, score: 40, completedCount: 2, totalCriticalCount: 5} @ http://localhost:3030/_next/static/chunks/04m2_next_dist_01d_w1-._.js:2431
[  992938ms] [INFO] %c%s%c [setup-health] background: #e6e6e6;background: light-dark(rgba(0,0,0,0.1), rgba(255,255,255,0.25));color: #000000;color: light-dark(#000000, #ffffff);border-radius: 2px  Server   panel-layout {tenantId: cmrvvipw70000oyyo6123270j, userId: cmrvvipyc000aoyyodcu4tftb, score: 40, completedCount: 2, totalCriticalCount: 5} @ http://localhost:3030/_next/static/chunks/04m2_next_dist_01d_w1-._.js:2431
[  993127ms] [INFO] %c%s%c [setup-health] background: #e6e6e6;background: light-dark(rgba(0,0,0,0.1), rgba(255,255,255,0.25));color: #000000;color: light-dark(#000000, #ffffff);border-radius: 2px  Server   panel-layout {tenantId: cmrvvipw70000oyyo6123270j, userId: cmrvvipyc000aoyyodcu4tftb, score: 40, completedCount: 2, totalCriticalCount: 5} @ http://localhost:3030/_next/static/chunks/04m2_next_dist_01d_w1-._.js:2431
[  993353ms] [INFO] %c%s%c [setup-health] background: #e6e6e6;background: light-dark(rgba(0,0,0,0.1), rgba(255,255,255,0.25));color: #000000;color: light-dark(#000000, #ffffff);border-radius: 2px  Server   panel-layout {tenantId: cmrvvipw70000oyyo6123270j, userId: cmrvvipyc000aoyyodcu4tftb, score: 40, completedCount: 2, totalCriticalCount: 5} @ http://localhost:3030/_next/static/chunks/04m2_next_dist_01d_w1-._.js:2431
[  993544ms] [LOG] [Fast Refresh] rebuilding @ http://localhost:3030/_next/static/chunks/04m2_next_dist_01d_w1-._.js:2431
[  993547ms] [INFO] %c%s%c [setup-health] background: #e6e6e6;background: light-dark(rgba(0,0,0,0.1), rgba(255,255,255,0.25));color: #000000;color: light-dark(#000000, #ffffff);border-radius: 2px  Server   panel-layout {tenantId: cmrvvipw70000oyyo6123270j, userId: cmrvvipyc000aoyyodcu4tftb, score: 40, completedCount: 2, totalCriticalCount: 5} @ http://localhost:3030/_next/static/chunks/04m2_next_dist_01d_w1-._.js:2431
[  993554ms] [LOG] [Fast Refresh] done in 110ms @ http://localhost:3030/_next/static/chunks/04m2_next_dist_01d_w1-._.js:2431
[  993766ms] [LOG] [Fast Refresh] rebuilding @ http://localhost:3030/_next/static/chunks/04m2_next_dist_01d_w1-._.js:2431
[  993769ms] [LOG] [Fast Refresh] done in 103ms @ http://localhost:3030/_next/static/chunks/04m2_next_dist_01d_w1-._.js:2431
[  993781ms] [INFO] %c%s%c [setup-health] background: #e6e6e6;background: light-dark(rgba(0,0,0,0.1), rgba(255,255,255,0.25));color: #000000;color: light-dark(#000000, #ffffff);border-radius: 2px  Server   panel-layout {tenantId: cmrvvipw70000oyyo6123270j, userId: cmrvvipyc000aoyyodcu4tftb, score: 40, completedCount: 2, totalCriticalCount: 5} @ http://localhost:3030/_next/static/chunks/04m2_next_dist_01d_w1-._.js:2431
[  993973ms] [INFO] %c%s%c [setup-health] background: #e6e6e6;background: light-dark(rgba(0,0,0,0.1), rgba(255,255,255,0.25));color: #000000;color: light-dark(#000000, #ffffff);border-radius: 2px  Server   panel-layout {tenantId: cmrvvipw70000oyyo6123270j, userId: cmrvvipyc000aoyyodcu4tftb, score: 40, completedCount: 2, totalCriticalCount: 5} @ http://localhost:3030/_next/static/chunks/04m2_next_dist_01d_w1-._.js:2431
[  994166ms] [INFO] %c%s%c [setup-health] background: #e6e6e6;background: light-dark(rgba(0,0,0,0.1), rgba(255,255,255,0.25));color: #000000;color: light-dark(#000000, #ffffff);border-radius: 2px  Server   panel-layout {tenantId: cmrvvipw70000oyyo6123270j, userId: cmrvvipyc000aoyyodcu4tftb, score: 40, completedCount: 2, totalCriticalCount: 5} @ http://localhost:3030/_next/static/chunks/04m2_next_dist_01d_w1-._.js:2431
[  994366ms] [INFO] %c%s%c [setup-health] background: #e6e6e6;background: light-dark(rgba(0,0,0,0.1), rgba(255,255,255,0.25));color: #000000;color: light-dark(#000000, #ffffff);border-radius: 2px  Server   panel-layout {tenantId: cmrvvipw70000oyyo6123270j, userId: cmrvvipyc000aoyyodcu4tftb, score: 40, completedCount: 2, totalCriticalCount: 5} @ http://localhost:3030/_next/static/chunks/04m2_next_dist_01d_w1-._.js:2431
[  994607ms] [LOG] [Fast Refresh] rebuilding @ http://localhost:3030/_next/static/chunks/04m2_next_dist_01d_w1-._.js:2431
[  994625ms] [LOG] [Fast Refresh] done in 121ms @ http://localhost:3030/_next/static/chunks/04m2_next_dist_01d_w1-._.js:2431
[  994645ms] [INFO] %c%s%c [setup-health] background: #e6e6e6;background: light-dark(rgba(0,0,0,0.1), rgba(255,255,255,0.25));color: #000000;color: light-dark(#000000, #ffffff);border-radius: 2px  Server   panel-layout {tenantId: cmrvvipw70000oyyo6123270j, userId: cmrvvipyc000aoyyodcu4tftb, score: 40, completedCount: 2, totalCriticalCount: 5} @ http://localhost:3030/_next/static/chunks/04m2_next_dist_01d_w1-._.js:2431
[  994836ms] [INFO] %c%s%c [setup-health] background: #e6e6e6;background: light-dark(rgba(0,0,0,0.1), rgba(255,255,255,0.25));color: #000000;color: light-dark(#000000, #ffffff);border-radius: 2px  Server   panel-layout {tenantId: cmrvvipw70000oyyo6123270j, userId: cmrvvipyc000aoyyodcu4tftb, score: 40, completedCount: 2, totalCriticalCount: 5} @ http://localhost:3030/_next/static/chunks/04m2_next_dist_01d_w1-._.js:2431
[  995019ms] [INFO] %c%s%c [setup-health] background: #e6e6e6;background: light-dark(rgba(0,0,0,0.1), rgba(255,255,255,0.25));color: #000000;color: light-dark(#000000, #ffffff);border-radius: 2px  Server   panel-layout {tenantId: cmrvvipw70000oyyo6123270j, userId: cmrvvipyc000aoyyodcu4tftb, score: 40, completedCount: 2, totalCriticalCount: 5} @ http://localhost:3030/_next/static/chunks/04m2_next_dist_01d_w1-._.js:2431
[  995214ms] [INFO] %c%s%c [setup-health] background: #e6e6e6;background: light-dark(rgba(0,0,0,0.1), rgba(255,255,255,0.25));color: #000000;color: light-dark(#000000, #ffffff);border-radius: 2px  Server   panel-layout {tenantId: cmrvvipw70000oyyo6123270j, userId: cmrvvipyc000aoyyodcu4tftb, score: 40, completedCount: 2, totalCriticalCount: 5} @ http://localhost:3030/_next/static/chunks/04m2_next_dist_01d_w1-._.js:2431
[  995397ms] [INFO] %c%s%c [setup-health] background: #e6e6e6;background: light-dark(rgba(0,0,0,0.1), rgba(255,255,255,0.25));color: #000000;color: light-dark(#000000, #ffffff);border-radius: 2px  Server   panel-layout {tenantId: cmrvvipw70000oyyo6123270j, userId: cmrvvipyc000aoyyodcu4tftb, score: 40, completedCount: 2, totalCriticalCount: 5} @ http://localhost:3030/_next/static/chunks/04m2_next_dist_01d_w1-._.js:2431
[  995539ms] [LOG] [Fast Refresh] rebuilding @ http://localhost:3030/_next/static/chunks/04m2_next_dist_01d_w1-._.js:2431
[  995559ms] [LOG] [Fast Refresh] done in 125ms @ http://localhost:3030/_next/static/chunks/04m2_next_dist_01d_w1-._.js:2431
[  995571ms] [INFO] %c%s%c [setup-health] background: #e6e6e6;background: light-dark(rgba(0,0,0,0.1), rgba(255,255,255,0.25));color: #000000;color: light-dark(#000000, #ffffff);border-radius: 2px  Server   panel-layout {tenantId: cmrvvipw70000oyyo6123270j, userId: cmrvvipyc000aoyyodcu4tftb, score: 40, completedCount: 2, totalCriticalCount: 5} @ http://localhost:3030/_next/static/chunks/04m2_next_dist_01d_w1-._.js:2431
[  995755ms] [LOG] [Fast Refresh] rebuilding @ http://localhost:3030/_next/static/chunks/04m2_next_dist_01d_w1-._.js:2431
[  995766ms] [LOG] [Fast Refresh] done in 116ms @ http://localhost:3030/_next/static/chunks/04m2_next_dist_01d_w1-._.js:2431
[  995780ms] [INFO] %c%s%c [setup-health] background: #e6e6e6;background: light-dark(rgba(0,0,0,0.1), rgba(255,255,255,0.25));color: #000000;color: light-dark(#000000, #ffffff);border-radius: 2px  Server   panel-layout {tenantId: cmrvvipw70000oyyo6123270j, userId: cmrvvipyc000aoyyodcu4tftb, score: 40, completedCount: 2, totalCriticalCount: 5} @ http://localhost:3030/_next/static/chunks/04m2_next_dist_01d_w1-._.js:2431
[  995940ms] [INFO] %c%s%c [setup-health] background: #e6e6e6;background: light-dark(rgba(0,0,0,0.1), rgba(255,255,255,0.25));color: #000000;color: light-dark(#000000, #ffffff);border-radius: 2px  Server   panel-layout {tenantId: cmrvvipw70000oyyo6123270j, userId: cmrvvipyc000aoyyodcu4tftb, score: 40, completedCount: 2, totalCriticalCount: 5} @ http://localhost:3030/_next/static/chunks/04m2_next_dist_01d_w1-._.js:2431
[  996140ms] [INFO] %c%s%c [setup-health] background: #e6e6e6;background: light-dark(rgba(0,0,0,0.1), rgba(255,255,255,0.25));color: #000000;color: light-dark(#000000, #ffffff);border-radius: 2px  Server   panel-layout {tenantId: cmrvvipw70000oyyo6123270j, userId: cmrvvipyc000aoyyodcu4tftb, score: 40, completedCount: 2, totalCriticalCount: 5} @ http://localhost:3030/_next/static/chunks/04m2_next_dist_01d_w1-._.js:2431
[  996705ms] [INFO] %c%s%c [setup-health] background: #e6e6e6;background: light-dark(rgba(0,0,0,0.1), rgba(255,255,255,0.25));color: #000000;color: light-dark(#000000, #ffffff);border-radius: 2px  Server   panel-layout {tenantId: cmrvvipw70000oyyo6123270j, userId: cmrvvipyc000aoyyodcu4tftb, score: 40, completedCount: 2, totalCriticalCount: 5} @ http://localhost:3030/_next/static/chunks/04m2_next_dist_01d_w1-._.js:2431
[  996894ms] [LOG] [Fast Refresh] rebuilding @ http://localhost:3030/_next/static/chunks/04m2_next_dist_01d_w1-._.js:2431
[  996903ms] [LOG] [Fast Refresh] done in 111ms @ http://localhost:3030/_next/static/chunks/04m2_next_dist_01d_w1-._.js:2431
[  996913ms] [INFO] %c%s%c [setup-health] background: #e6e6e6;background: light-dark(rgba(0,0,0,0.1), rgba(255,255,255,0.25));color: #000000;color: light-dark(#000000, #ffffff);border-radius: 2px  Server   panel-layout {tenantId: cmrvvipw70000oyyo6123270j, userId: cmrvvipyc000aoyyodcu4tftb, score: 40, completedCount: 2, totalCriticalCount: 5} @ http://localhost:3030/_next/static/chunks/04m2_next_dist_01d_w1-._.js:2431
[  997105ms] [INFO] %c%s%c [setup-health] background: #e6e6e6;background: light-dark(rgba(0,0,0,0.1), rgba(255,255,255,0.25));color: #000000;color: light-dark(#000000, #ffffff);border-radius: 2px  Server   panel-layout {tenantId: cmrvvipw70000oyyo6123270j, userId: cmrvvipyc000aoyyodcu4tftb, score: 40, completedCount: 2, totalCriticalCount: 5} @ http://localhost:3030/_next/static/chunks/04m2_next_dist_01d_w1-._.js:2431
[  997308ms] [LOG] [Fast Refresh] rebuilding @ http://localhost:3030/_next/static/chunks/04m2_next_dist_01d_w1-._.js:2431
[  997351ms] [LOG] [Fast Refresh] done in 144ms @ http://localhost:3030/_next/static/chunks/04m2_next_dist_01d_w1-._.js:2431
[  997368ms] [INFO] %c%s%c [setup-health] background: #e6e6e6;background: light-dark(rgba(0,0,0,0.1), rgba(255,255,255,0.25));color: #000000;color: light-dark(#000000, #ffffff);border-radius: 2px  Server   panel-layout {tenantId: cmrvvipw70000oyyo6123270j, userId: cmrvvipyc000aoyyodcu4tftb, score: 40, completedCount: 2, totalCriticalCount: 5} @ http://localhost:3030/_next/static/chunks/04m2_next_dist_01d_w1-._.js:2431
[  997554ms] [INFO] %c%s%c [setup-health] background: #e6e6e6;background: light-dark(rgba(0,0,0,0.1), rgba(255,255,255,0.25));color: #000000;color: light-dark(#000000, #ffffff);border-radius: 2px  Server   panel-layout {tenantId: cmrvvipw70000oyyo6123270j, userId: cmrvvipyc000aoyyodcu4tftb, score: 40, completedCount: 2, totalCriticalCount: 5} @ http://localhost:3030/_next/static/chunks/04m2_next_dist_01d_w1-._.js:2431
[  997755ms] [INFO] %c%s%c [setup-health] background: #e6e6e6;background: light-dark(rgba(0,0,0,0.1), rgba(255,255,255,0.25));color: #000000;color: light-dark(#000000, #ffffff);border-radius: 2px  Server   panel-layout {tenantId: cmrvvipw70000oyyo6123270j, userId: cmrvvipyc000aoyyodcu4tftb, score: 40, completedCount: 2, totalCriticalCount: 5} @ http://localhost:3030/_next/static/chunks/04m2_next_dist_01d_w1-._.js:2431
[  997954ms] [LOG] [Fast Refresh] rebuilding @ http://localhost:3030/_next/static/chunks/04m2_next_dist_01d_w1-._.js:2431
[  997966ms] [LOG] [Fast Refresh] done in 114ms @ http://localhost:3030/_next/static/chunks/04m2_next_dist_01d_w1-._.js:2431
[  997972ms] [INFO] %c%s%c [setup-health] background: #e6e6e6;background: light-dark(rgba(0,0,0,0.1), rgba(255,255,255,0.25));color: #000000;color: light-dark(#000000, #ffffff);border-radius: 2px  Server   panel-layout {tenantId: cmrvvipw70000oyyo6123270j, userId: cmrvvipyc000aoyyodcu4tftb, score: 40, completedCount: 2, totalCriticalCount: 5} @ http://localhost:3030/_next/static/chunks/04m2_next_dist_01d_w1-._.js:2431
[  998078ms] [INFO] %c%s%c [setup-health] background: #e6e6e6;background: light-dark(rgba(0,0,0,0.1), rgba(255,255,255,0.25));color: #000000;color: light-dark(#000000, #ffffff);border-radius: 2px  Server   panel-layout {tenantId: cmrvvipw70000oyyo6123270j, userId: cmrvvipyc000aoyyodcu4tftb, score: 40, completedCount: 2, totalCriticalCount: 5} @ http://localhost:3030/_next/static/chunks/04m2_next_dist_01d_w1-._.js:2431
[ 1003030ms] [LOG] [Fast Refresh] rebuilding @ http://localhost:3030/_next/static/chunks/04m2_next_dist_01d_w1-._.js:2431
[ 1004459ms] [LOG] [Fast Refresh] done in 1534ms @ http://localhost:3030/_next/static/chunks/04m2_next_dist_01d_w1-._.js:2431
[ 1004698ms] [LOG] [Fast Refresh] rebuilding @ http://localhost:3030/_next/static/chunks/04m2_next_dist_01d_w1-._.js:2431
[ 1005011ms] [LOG] [Fast Refresh] done in 417ms @ http://localhost:3030/_next/static/chunks/04m2_next_dist_01d_w1-._.js:2431
[ 1005291ms] [INFO] %c%s%c [setup-health] background: #e6e6e6;background: light-dark(rgba(0,0,0,0.1), rgba(255,255,255,0.25));color: #000000;color: light-dark(#000000, #ffffff);border-radius: 2px  Server   panel-layout {tenantId: cmrvvipw70000oyyo6123270j, userId: cmrvvipyc000aoyyodcu4tftb, score: 40, completedCount: 2, totalCriticalCount: 5} @ http://localhost:3030/_next/static/chunks/04m2_next_dist_01d_w1-._.js:2431
[ 1005501ms] [LOG] [Fast Refresh] rebuilding @ http://localhost:3030/_next/static/chunks/04m2_next_dist_01d_w1-._.js:2431
[ 1005515ms] [LOG] [Fast Refresh] done in 122ms @ http://localhost:3030/_next/static/chunks/04m2_next_dist_01d_w1-._.js:2431
[ 1005549ms] [INFO] %c%s%c [setup-health] background: #e6e6e6;background: light-dark(rgba(0,0,0,0.1), rgba(255,255,255,0.25));color: #000000;color: light-dark(#000000, #ffffff);border-radius: 2px  Server   panel-layout {tenantId: cmrvvipw70000oyyo6123270j, userId: cmrvvipyc000aoyyodcu4tftb, score: 40, completedCount: 2, totalCriticalCount: 5} @ http://localhost:3030/_next/static/chunks/04m2_next_dist_01d_w1-._.js:2431
[ 1005774ms] [LOG] [Fast Refresh] rebuilding @ http://localhost:3030/_next/static/chunks/04m2_next_dist_01d_w1-._.js:2431
[ 1005789ms] [LOG] [Fast Refresh] done in 115ms @ http://localhost:3030/_next/static/chunks/04m2_next_dist_01d_w1-._.js:2431
[ 1005829ms] [INFO] %c%s%c [setup-health] background: #e6e6e6;background: light-dark(rgba(0,0,0,0.1), rgba(255,255,255,0.25));color: #000000;color: light-dark(#000000, #ffffff);border-radius: 2px  Server   panel-layout {tenantId: cmrvvipw70000oyyo6123270j, userId: cmrvvipyc000aoyyodcu4tftb, score: 40, completedCount: 2, totalCriticalCount: 5} @ http://localhost:3030/_next/static/chunks/04m2_next_dist_01d_w1-._.js:2431
[ 1006075ms] [LOG] [Fast Refresh] rebuilding @ http://localhost:3030/_next/static/chunks/04m2_next_dist_01d_w1-._.js:2431
[ 1006083ms] [LOG] [Fast Refresh] done in 113ms @ http://localhost:3030/_next/static/chunks/04m2_next_dist_01d_w1-._.js:2431
[ 1006101ms] [INFO] %c%s%c [setup-health] background: #e6e6e6;background: light-dark(rgba(0,0,0,0.1), rgba(255,255,255,0.25));color: #000000;color: light-dark(#000000, #ffffff);border-radius: 2px  Server   panel-layout {tenantId: cmrvvipw70000oyyo6123270j, userId: cmrvvipyc000aoyyodcu4tftb, score: 40, completedCount: 2, totalCriticalCount: 5} @ http://localhost:3030/_next/static/chunks/04m2_next_dist_01d_w1-._.js:2431
[ 1006343ms] [LOG] [Fast Refresh] rebuilding @ http://localhost:3030/_next/static/chunks/04m2_next_dist_01d_w1-._.js:2431
[ 1006345ms] [LOG] [Fast Refresh] done in 102ms @ http://localhost:3030/_next/static/chunks/04m2_next_dist_01d_w1-._.js:2431
[ 1006348ms] [INFO] %c%s%c [setup-health] background: #e6e6e6;background: light-dark(rgba(0,0,0,0.1), rgba(255,255,255,0.25));color: #000000;color: light-dark(#000000, #ffffff);border-radius: 2px  Server   panel-layout {tenantId: cmrvvipw70000oyyo6123270j, userId: cmrvvipyc000aoyyodcu4tftb, score: 40, completedCount: 2, totalCriticalCount: 5} @ http://localhost:3030/_next/static/chunks/04m2_next_dist_01d_w1-._.js:2431
[ 1006588ms] [INFO] %c%s%c [setup-health] background: #e6e6e6;background: light-dark(rgba(0,0,0,0.1), rgba(255,255,255,0.25));color: #000000;color: light-dark(#000000, #ffffff);border-radius: 2px  Server   panel-layout {tenantId: cmrvvipw70000oyyo6123270j, userId: cmrvvipyc000aoyyodcu4tftb, score: 40, completedCount: 2, totalCriticalCount: 5} @ http://localhost:3030/_next/static/chunks/04m2_next_dist_01d_w1-._.js:2431
[ 1006789ms] [INFO] %c%s%c [setup-health] background: #e6e6e6;background: light-dark(rgba(0,0,0,0.1), rgba(255,255,255,0.25));color: #000000;color: light-dark(#000000, #ffffff);border-radius: 2px  Server   panel-layout {tenantId: cmrvvipw70000oyyo6123270j, userId: cmrvvipyc000aoyyodcu4tftb, score: 40, completedCount: 2, totalCriticalCount: 5} @ http://localhost:3030/_next/static/chunks/04m2_next_dist_01d_w1-._.js:2431
[ 1006999ms] [INFO] %c%s%c [setup-health] background: #e6e6e6;background: light-dark(rgba(0,0,0,0.1), rgba(255,255,255,0.25));color: #000000;color: light-dark(#000000, #ffffff);border-radius: 2px  Server   panel-layout {tenantId: cmrvvipw70000oyyo6123270j, userId: cmrvvipyc000aoyyodcu4tftb, score: 40, completedCount: 2, totalCriticalCount: 5} @ http://localhost:3030/_next/static/chunks/04m2_next_dist_01d_w1-._.js:2431
[ 1007177ms] [INFO] %c%s%c [setup-health] background: #e6e6e6;background: light-dark(rgba(0,0,0,0.1), rgba(255,255,255,0.25));color: #000000;color: light-dark(#000000, #ffffff);border-radius: 2px  Server   panel-layout {tenantId: cmrvvipw70000oyyo6123270j, userId: cmrvvipyc000aoyyodcu4tftb, score: 40, completedCount: 2, totalCriticalCount: 5} @ http://localhost:3030/_next/static/chunks/04m2_next_dist_01d_w1-._.js:2431
[ 1007371ms] [INFO] %c%s%c [setup-health] background: #e6e6e6;background: light-dark(rgba(0,0,0,0.1), rgba(255,255,255,0.25));color: #000000;color: light-dark(#000000, #ffffff);border-radius: 2px  Server   panel-layout {tenantId: cmrvvipw70000oyyo6123270j, userId: cmrvvipyc000aoyyodcu4tftb, score: 40, completedCount: 2, totalCriticalCount: 5} @ http://localhost:3030/_next/static/chunks/04m2_next_dist_01d_w1-._.js:2431
[ 1007563ms] [INFO] %c%s%c [setup-health] background: #e6e6e6;background: light-dark(rgba(0,0,0,0.1), rgba(255,255,255,0.25));color: #000000;color: light-dark(#000000, #ffffff);border-radius: 2px  Server   panel-layout {tenantId: cmrvvipw70000oyyo6123270j, userId: cmrvvipyc000aoyyodcu4tftb, score: 40, completedCount: 2, totalCriticalCount: 5} @ http://localhost:3030/_next/static/chunks/04m2_next_dist_01d_w1-._.js:2431
[ 1007764ms] [INFO] %c%s%c [setup-health] background: #e6e6e6;background: light-dark(rgba(0,0,0,0.1), rgba(255,255,255,0.25));color: #000000;color: light-dark(#000000, #ffffff);border-radius: 2px  Server   panel-layout {tenantId: cmrvvipw70000oyyo6123270j, userId: cmrvvipyc000aoyyodcu4tftb, score: 40, completedCount: 2, totalCriticalCount: 5} @ http://localhost:3030/_next/static/chunks/04m2_next_dist_01d_w1-._.js:2431
[ 1007957ms] [INFO] %c%s%c [setup-health] background: #e6e6e6;background: light-dark(rgba(0,0,0,0.1), rgba(255,255,255,0.25));color: #000000;color: light-dark(#000000, #ffffff);border-radius: 2px  Server   panel-layout {tenantId: cmrvvipw70000oyyo6123270j, userId: cmrvvipyc000aoyyodcu4tftb, score: 40, completedCount: 2, totalCriticalCount: 5} @ http://localhost:3030/_next/static/chunks/04m2_next_dist_01d_w1-._.js:2431
[ 1008063ms] [INFO] %c%s%c [setup-health] background: #e6e6e6;background: light-dark(rgba(0,0,0,0.1), rgba(255,255,255,0.25));color: #000000;color: light-dark(#000000, #ffffff);border-radius: 2px  Server   panel-layout {tenantId: cmrvvipw70000oyyo6123270j, userId: cmrvvipyc000aoyyodcu4tftb, score: 40, completedCount: 2, totalCriticalCount: 5} @ http://localhost:3030/_next/static/chunks/04m2_next_dist_01d_w1-._.js:2431
[ 1057295ms] [LOG] [Fast Refresh] rebuilding @ http://localhost:3030/_next/static/chunks/04m2_next_dist_01d_w1-._.js:2431
[ 1057592ms] [LOG] [Fast Refresh] done in 391ms @ http://localhost:3030/_next/static/chunks/04m2_next_dist_01d_w1-._.js:2431
[ 1057843ms] [LOG] [Fast Refresh] rebuilding @ http://localhost:3030/_next/static/chunks/04m2_next_dist_01d_w1-._.js:2431
[ 1057875ms] [LOG] [Fast Refresh] done in 136ms @ http://localhost:3030/_next/static/chunks/04m2_next_dist_01d_w1-._.js:2431
[ 1057982ms] [LOG] [Fast Refresh] rebuilding @ http://localhost:3030/_next/static/chunks/04m2_next_dist_01d_w1-._.js:2431
[ 1058065ms] [LOG] [Fast Refresh] done in 189ms @ http://localhost:3030/_next/static/chunks/04m2_next_dist_01d_w1-._.js:2431
[ 1058195ms] [INFO] %c%s%c [setup-health] background: #e6e6e6;background: light-dark(rgba(0,0,0,0.1), rgba(255,255,255,0.25));color: #000000;color: light-dark(#000000, #ffffff);border-radius: 2px  Server   panel-layout {tenantId: cmrvvipw70000oyyo6123270j, userId: cmrvvipyc000aoyyodcu4tftb, score: 40, completedCount: 2, totalCriticalCount: 5} @ http://localhost:3030/_next/static/chunks/04m2_next_dist_01d_w1-._.js:2431
[ 1088233ms] [LOG] [Fast Refresh] rebuilding @ http://localhost:3030/_next/static/chunks/04m2_next_dist_01d_w1-._.js:2431
[ 1088895ms] [LOG] [Fast Refresh] done in 767ms @ http://localhost:3030/_next/static/chunks/04m2_next_dist_01d_w1-._.js:2431
[ 1089138ms] [LOG] [Fast Refresh] rebuilding @ http://localhost:3030/_next/static/chunks/04m2_next_dist_01d_w1-._.js:2431
[ 1089396ms] [LOG] [Fast Refresh] done in 365ms @ http://localhost:3030/_next/static/chunks/04m2_next_dist_01d_w1-._.js:2431
[ 1089918ms] [LOG] [Fast Refresh] rebuilding @ http://localhost:3030/_next/static/chunks/04m2_next_dist_01d_w1-._.js:2431
[ 1089919ms] [LOG] [Fast Refresh] done in 111ms @ http://localhost:3030/_next/static/chunks/04m2_next_dist_01d_w1-._.js:2431
[ 1089925ms] [INFO] %c%s%c [setup-health] background: #e6e6e6;background: light-dark(rgba(0,0,0,0.1), rgba(255,255,255,0.25));color: #000000;color: light-dark(#000000, #ffffff);border-radius: 2px  Server   panel-layout {tenantId: cmrvvipw70000oyyo6123270j, userId: cmrvvipyc000aoyyodcu4tftb, score: 40, completedCount: 2, totalCriticalCount: 5} @ http://localhost:3030/_next/static/chunks/04m2_next_dist_01d_w1-._.js:2431
[ 1090162ms] [INFO] %c%s%c [setup-health] background: #e6e6e6;background: light-dark(rgba(0,0,0,0.1), rgba(255,255,255,0.25));color: #000000;color: light-dark(#000000, #ffffff);border-radius: 2px  Server   panel-layout {tenantId: cmrvvipw70000oyyo6123270j, userId: cmrvvipyc000aoyyodcu4tftb, score: 40, completedCount: 2, totalCriticalCount: 5} @ http://localhost:3030/_next/static/chunks/04m2_next_dist_01d_w1-._.js:2431
[ 1090312ms] [INFO] %c%s%c [setup-health] background: #e6e6e6;background: light-dark(rgba(0,0,0,0.1), rgba(255,255,255,0.25));color: #000000;color: light-dark(#000000, #ffffff);border-radius: 2px  Server   panel-layout {tenantId: cmrvvipw70000oyyo6123270j, userId: cmrvvipyc000aoyyodcu4tftb, score: 40, completedCount: 2, totalCriticalCount: 5} @ http://localhost:3030/_next/static/chunks/04m2_next_dist_01d_w1-._.js:2431
[ 1111828ms] [LOG] [Fast Refresh] rebuilding @ http://localhost:3030/_next/static/chunks/04m2_next_dist_01d_w1-._.js:2431
[ 1112955ms] [LOG] [Fast Refresh] done in 1235ms @ http://localhost:3030/_next/static/chunks/04m2_next_dist_01d_w1-._.js:2431
[ 1119934ms] [LOG] [Fast Refresh] rebuilding @ http://localhost:3030/_next/static/chunks/04m2_next_dist_01d_w1-._.js:2431
[ 1120154ms] [LOG] [Fast Refresh] done in 321ms @ http://localhost:3030/_next/static/chunks/04m2_next_dist_01d_w1-._.js:2431
[ 1122002ms] [LOG] [Fast Refresh] rebuilding @ http://localhost:3030/_next/static/chunks/04m2_next_dist_01d_w1-._.js:2431
[ 1122602ms] [LOG] [Fast Refresh] done in 685ms @ http://localhost:3030/_next/static/chunks/04m2_next_dist_01d_w1-._.js:2431
[ 1122734ms] [LOG] [Fast Refresh] rebuilding @ http://localhost:3030/_next/static/chunks/04m2_next_dist_01d_w1-._.js:2431
[ 1122801ms] [LOG] [Fast Refresh] done in 168ms @ http://localhost:3030/_next/static/chunks/04m2_next_dist_01d_w1-._.js:2431
[ 1122930ms] [LOG] [Fast Refresh] rebuilding @ http://localhost:3030/_next/static/chunks/04m2_next_dist_01d_w1-._.js:2431
[ 1123507ms] [LOG] [Fast Refresh] done in 690ms @ http://localhost:3030/_next/static/chunks/04m2_next_dist_01d_w1-._.js:2431
[ 1123820ms] [LOG] [Fast Refresh] rebuilding @ http://localhost:3030/_next/static/chunks/04m2_next_dist_01d_w1-._.js:2431
[ 1123851ms] [LOG] [Fast Refresh] done in 131ms @ http://localhost:3030/_next/static/chunks/04m2_next_dist_01d_w1-._.js:2431
[ 1123884ms] [INFO] %c%s%c [setup-health] background: #e6e6e6;background: light-dark(rgba(0,0,0,0.1), rgba(255,255,255,0.25));color: #000000;color: light-dark(#000000, #ffffff);border-radius: 2px  Server   panel-layout {tenantId: cmrvvipw70000oyyo6123270j, userId: cmrvvipyc000aoyyodcu4tftb, score: 40, completedCount: 2, totalCriticalCount: 5} @ http://localhost:3030/_next/static/chunks/04m2_next_dist_01d_w1-._.js:2431
[ 1124230ms] [INFO] %c%s%c [setup-health] background: #e6e6e6;background: light-dark(rgba(0,0,0,0.1), rgba(255,255,255,0.25));color: #000000;color: light-dark(#000000, #ffffff);border-radius: 2px  Server   panel-layout {tenantId: cmrvvipw70000oyyo6123270j, userId: cmrvvipyc000aoyyodcu4tftb, score: 40, completedCount: 2, totalCriticalCount: 5} @ http://localhost:3030/_next/static/chunks/04m2_next_dist_01d_w1-._.js:2431
[ 1124252ms] [LOG] [Fast Refresh] rebuilding @ http://localhost:3030/_next/static/chunks/04m2_next_dist_01d_w1-._.js:2431
[ 1124272ms] [LOG] [Fast Refresh] done in 125ms @ http://localhost:3030/_next/static/chunks/04m2_next_dist_01d_w1-._.js:2431
[ 1124512ms] [INFO] %c%s%c [setup-health] background: #e6e6e6;background: light-dark(rgba(0,0,0,0.1), rgba(255,255,255,0.25));color: #000000;color: light-dark(#000000, #ffffff);border-radius: 2px  Server   panel-layout {tenantId: cmrvvipw70000oyyo6123270j, userId: cmrvvipyc000aoyyodcu4tftb, score: 40, completedCount: 2, totalCriticalCount: 5} @ http://localhost:3030/_next/static/chunks/04m2_next_dist_01d_w1-._.js:2431
[ 1124726ms] [INFO] %c%s%c [setup-health] background: #e6e6e6;background: light-dark(rgba(0,0,0,0.1), rgba(255,255,255,0.25));color: #000000;color: light-dark(#000000, #ffffff);border-radius: 2px  Server   panel-layout {tenantId: cmrvvipw70000oyyo6123270j, userId: cmrvvipyc000aoyyodcu4tftb, score: 40, completedCount: 2, totalCriticalCount: 5} @ http://localhost:3030/_next/static/chunks/04m2_next_dist_01d_w1-._.js:2431
[ 1124982ms] [INFO] %c%s%c [setup-health] background: #e6e6e6;background: light-dark(rgba(0,0,0,0.1), rgba(255,255,255,0.25));color: #000000;color: light-dark(#000000, #ffffff);border-radius: 2px  Server   panel-layout {tenantId: cmrvvipw70000oyyo6123270j, userId: cmrvvipyc000aoyyodcu4tftb, score: 40, completedCount: 2, totalCriticalCount: 5} @ http://localhost:3030/_next/static/chunks/04m2_next_dist_01d_w1-._.js:2431
[ 1125249ms] [INFO] %c%s%c [setup-health] background: #e6e6e6;background: light-dark(rgba(0,0,0,0.1), rgba(255,255,255,0.25));color: #000000;color: light-dark(#000000, #ffffff);border-radius: 2px  Server   panel-layout {tenantId: cmrvvipw70000oyyo6123270j, userId: cmrvvipyc000aoyyodcu4tftb, score: 40, completedCount: 2, totalCriticalCount: 5} @ http://localhost:3030/_next/static/chunks/04m2_next_dist_01d_w1-._.js:2431
[ 1145810ms] [LOG] [Fast Refresh] rebuilding @ http://localhost:3030/_next/static/chunks/04m2_next_dist_01d_w1-._.js:2431
[ 1147354ms] [LOG] [Fast Refresh] done in 1640ms @ http://localhost:3030/_next/static/chunks/04m2_next_dist_01d_w1-._.js:2431
[ 1147584ms] [LOG] [Fast Refresh] rebuilding @ http://localhost:3030/_next/static/chunks/04m2_next_dist_01d_w1-._.js:2431
[ 1148159ms] [LOG] [Fast Refresh] done in 679ms @ http://localhost:3030/_next/static/chunks/04m2_next_dist_01d_w1-._.js:2431
[ 1148412ms] [LOG] [Fast Refresh] rebuilding @ http://localhost:3030/_next/static/chunks/04m2_next_dist_01d_w1-._.js:2431
[ 1148418ms] [LOG] [Fast Refresh] done in 107ms @ http://localhost:3030/_next/static/chunks/04m2_next_dist_01d_w1-._.js:2431
[ 1148426ms] [INFO] %c%s%c [setup-health] background: #e6e6e6;background: light-dark(rgba(0,0,0,0.1), rgba(255,255,255,0.25));color: #000000;color: light-dark(#000000, #ffffff);border-radius: 2px  Server   panel-layout {tenantId: cmrvvipw70000oyyo6123270j, userId: cmrvvipyc000aoyyodcu4tftb, score: 40, completedCount: 2, totalCriticalCount: 5} @ http://localhost:3030/_next/static/chunks/04m2_next_dist_01d_w1-._.js:2431
[ 1148726ms] [INFO] %c%s%c [setup-health] background: #e6e6e6;background: light-dark(rgba(0,0,0,0.1), rgba(255,255,255,0.25));color: #000000;color: light-dark(#000000, #ffffff);border-radius: 2px  Server   panel-layout {tenantId: cmrvvipw70000oyyo6123270j, userId: cmrvvipyc000aoyyodcu4tftb, score: 40, completedCount: 2, totalCriticalCount: 5} @ http://localhost:3030/_next/static/chunks/04m2_next_dist_01d_w1-._.js:2431
[ 1149009ms] [LOG] [Fast Refresh] rebuilding @ http://localhost:3030/_next/static/chunks/04m2_next_dist_01d_w1-._.js:2431
[ 1149058ms] [LOG] [Fast Refresh] done in 155ms @ http://localhost:3030/_next/static/chunks/04m2_next_dist_01d_w1-._.js:2431
[ 1149069ms] [INFO] %c%s%c [setup-health] background: #e6e6e6;background: light-dark(rgba(0,0,0,0.1), rgba(255,255,255,0.25));color: #000000;color: light-dark(#000000, #ffffff);border-radius: 2px  Server   panel-layout {tenantId: cmrvvipw70000oyyo6123270j, userId: cmrvvipyc000aoyyodcu4tftb, score: 40, completedCount: 2, totalCriticalCount: 5} @ http://localhost:3030/_next/static/chunks/04m2_next_dist_01d_w1-._.js:2431
[ 1149352ms] [LOG] [Fast Refresh] rebuilding @ http://localhost:3030/_next/static/chunks/04m2_next_dist_01d_w1-._.js:2431
[ 1149355ms] [LOG] [Fast Refresh] done in 105ms @ http://localhost:3030/_next/static/chunks/04m2_next_dist_01d_w1-._.js:2431
[ 1149358ms] [INFO] %c%s%c [setup-health] background: #e6e6e6;background: light-dark(rgba(0,0,0,0.1), rgba(255,255,255,0.25));color: #000000;color: light-dark(#000000, #ffffff);border-radius: 2px  Server   panel-layout {tenantId: cmrvvipw70000oyyo6123270j, userId: cmrvvipyc000aoyyodcu4tftb, score: 40, completedCount: 2, totalCriticalCount: 5} @ http://localhost:3030/_next/static/chunks/04m2_next_dist_01d_w1-._.js:2431
[ 1149610ms] [INFO] %c%s%c [setup-health] background: #e6e6e6;background: light-dark(rgba(0,0,0,0.1), rgba(255,255,255,0.25));color: #000000;color: light-dark(#000000, #ffffff);border-radius: 2px  Server   panel-layout {tenantId: cmrvvipw70000oyyo6123270j, userId: cmrvvipyc000aoyyodcu4tftb, score: 40, completedCount: 2, totalCriticalCount: 5} @ http://localhost:3030/_next/static/chunks/04m2_next_dist_01d_w1-._.js:2431
[ 1149944ms] [INFO] %c%s%c [setup-health] background: #e6e6e6;background: light-dark(rgba(0,0,0,0.1), rgba(255,255,255,0.25));color: #000000;color: light-dark(#000000, #ffffff);border-radius: 2px  Server   panel-layout {tenantId: cmrvvipw70000oyyo6123270j, userId: cmrvvipyc000aoyyodcu4tftb, score: 40, completedCount: 2, totalCriticalCount: 5} @ http://localhost:3030/_next/static/chunks/04m2_next_dist_01d_w1-._.js:2431
[ 1150188ms] [INFO] %c%s%c [setup-health] background: #e6e6e6;background: light-dark(rgba(0,0,0,0.1), rgba(255,255,255,0.25));color: #000000;color: light-dark(#000000, #ffffff);border-radius: 2px  Server   panel-layout {tenantId: cmrvvipw70000oyyo6123270j, userId: cmrvvipyc000aoyyodcu4tftb, score: 40, completedCount: 2, totalCriticalCount: 5} @ http://localhost:3030/_next/static/chunks/04m2_next_dist_01d_w1-._.js:2431
[ 1150416ms] [INFO] %c%s%c [setup-health] background: #e6e6e6;background: light-dark(rgba(0,0,0,0.1), rgba(255,255,255,0.25));color: #000000;color: light-dark(#000000, #ffffff);border-radius: 2px  Server   panel-layout {tenantId: cmrvvipw70000oyyo6123270j, userId: cmrvvipyc000aoyyodcu4tftb, score: 40, completedCount: 2, totalCriticalCount: 5} @ http://localhost:3030/_next/static/chunks/04m2_next_dist_01d_w1-._.js:2431
[ 1150649ms] [LOG] [Fast Refresh] rebuilding @ http://localhost:3030/_next/static/chunks/04m2_next_dist_01d_w1-._.js:2431
[ 1150653ms] [LOG] [Fast Refresh] done in 110ms @ http://localhost:3030/_next/static/chunks/04m2_next_dist_01d_w1-._.js:2431
[ 1150655ms] [INFO] %c%s%c [setup-health] background: #e6e6e6;background: light-dark(rgba(0,0,0,0.1), rgba(255,255,255,0.25));color: #000000;color: light-dark(#000000, #ffffff);border-radius: 2px  Server   panel-layout {tenantId: cmrvvipw70000oyyo6123270j, userId: cmrvvipyc000aoyyodcu4tftb, score: 40, completedCount: 2, totalCriticalCount: 5} @ http://localhost:3030/_next/static/chunks/04m2_next_dist_01d_w1-._.js:2431
[ 1150850ms] [INFO] %c%s%c [setup-health] background: #e6e6e6;background: light-dark(rgba(0,0,0,0.1), rgba(255,255,255,0.25));color: #000000;color: light-dark(#000000, #ffffff);border-radius: 2px  Server   panel-layout {tenantId: cmrvvipw70000oyyo6123270j, userId: cmrvvipyc000aoyyodcu4tftb, score: 40, completedCount: 2, totalCriticalCount: 5} @ http://localhost:3030/_next/static/chunks/04m2_next_dist_01d_w1-._.js:2431
[ 1151109ms] [LOG] [Fast Refresh] rebuilding @ http://localhost:3030/_next/static/chunks/04m2_next_dist_01d_w1-._.js:2431
[ 1151150ms] [LOG] [Fast Refresh] done in 146ms @ http://localhost:3030/_next/static/chunks/04m2_next_dist_01d_w1-._.js:2431
[ 1151159ms] [INFO] %c%s%c [setup-health] background: #e6e6e6;background: light-dark(rgba(0,0,0,0.1), rgba(255,255,255,0.25));color: #000000;color: light-dark(#000000, #ffffff);border-radius: 2px  Server   panel-layout {tenantId: cmrvvipw70000oyyo6123270j, userId: cmrvvipyc000aoyyodcu4tftb, score: 40, completedCount: 2, totalCriticalCount: 5} @ http://localhost:3030/_next/static/chunks/04m2_next_dist_01d_w1-._.js:2431
[ 1151317ms] [LOG] [Fast Refresh] rebuilding @ http://localhost:3030/_next/static/chunks/04m2_next_dist_01d_w1-._.js:2431
[ 1151330ms] [LOG] [Fast Refresh] done in 112ms @ http://localhost:3030/_next/static/chunks/04m2_next_dist_01d_w1-._.js:2431
[ 1151448ms] [LOG] [Fast Refresh] rebuilding @ http://localhost:3030/_next/static/chunks/04m2_next_dist_01d_w1-._.js:2431
[ 1151516ms] [LOG] [Fast Refresh] done in 170ms @ http://localhost:3030/_next/static/chunks/04m2_next_dist_01d_w1-._.js:2431
[ 1151523ms] [INFO] %c%s%c [setup-health] background: #e6e6e6;background: light-dark(rgba(0,0,0,0.1), rgba(255,255,255,0.25));color: #000000;color: light-dark(#000000, #ffffff);border-radius: 2px  Server   panel-layout {tenantId: cmrvvipw70000oyyo6123270j, userId: cmrvvipyc000aoyyodcu4tftb, score: 40, completedCount: 2, totalCriticalCount: 5} @ http://localhost:3030/_next/static/chunks/04m2_next_dist_01d_w1-._.js:2431
[ 1151749ms] [INFO] %c%s%c [setup-health] background: #e6e6e6;background: light-dark(rgba(0,0,0,0.1), rgba(255,255,255,0.25));color: #000000;color: light-dark(#000000, #ffffff);border-radius: 2px  Server   panel-layout {tenantId: cmrvvipw70000oyyo6123270j, userId: cmrvvipyc000aoyyodcu4tftb, score: 40, completedCount: 2, totalCriticalCount: 5} @ http://localhost:3030/_next/static/chunks/04m2_next_dist_01d_w1-._.js:2431
[ 1151883ms] [INFO] %c%s%c [setup-health] background: #e6e6e6;background: light-dark(rgba(0,0,0,0.1), rgba(255,255,255,0.25));color: #000000;color: light-dark(#000000, #ffffff);border-radius: 2px  Server   panel-layout {tenantId: cmrvvipw70000oyyo6123270j, userId: cmrvvipyc000aoyyodcu4tftb, score: 40, completedCount: 2, totalCriticalCount: 5} @ http://localhost:3030/_next/static/chunks/04m2_next_dist_01d_w1-._.js:2431
[ 1153945ms] [LOG] [Fast Refresh] rebuilding @ http://localhost:3030/_next/static/chunks/04m2_next_dist_01d_w1-._.js:2431
[ 1154356ms] [LOG] [Fast Refresh] done in 465ms @ http://localhost:3030/_next/static/chunks/04m2_next_dist_01d_w1-._.js:2431
[ 1154596ms] [LOG] [Fast Refresh] rebuilding @ http://localhost:3030/_next/static/chunks/04m2_next_dist_01d_w1-._.js:2431
[ 1155003ms] [LOG] [Fast Refresh] done in 517ms @ http://localhost:3030/_next/static/chunks/04m2_next_dist_01d_w1-._.js:2431
[ 1155303ms] [LOG] [Fast Refresh] rebuilding @ http://localhost:3030/_next/static/chunks/04m2_next_dist_01d_w1-._.js:2431
[ 1155338ms] [LOG] [Fast Refresh] done in 142ms @ http://localhost:3030/_next/static/chunks/04m2_next_dist_01d_w1-._.js:2431
[ 1155345ms] [INFO] %c%s%c [setup-health] background: #e6e6e6;background: light-dark(rgba(0,0,0,0.1), rgba(255,255,255,0.25));color: #000000;color: light-dark(#000000, #ffffff);border-radius: 2px  Server   panel-layout {tenantId: cmrvvipw70000oyyo6123270j, userId: cmrvvipyc000aoyyodcu4tftb, score: 40, completedCount: 2, totalCriticalCount: 5} @ http://localhost:3030/_next/static/chunks/04m2_next_dist_01d_w1-._.js:2431
[ 1155568ms] [INFO] %c%s%c [setup-health] background: #e6e6e6;background: light-dark(rgba(0,0,0,0.1), rgba(255,255,255,0.25));color: #000000;color: light-dark(#000000, #ffffff);border-radius: 2px  Server   panel-layout {tenantId: cmrvvipw70000oyyo6123270j, userId: cmrvvipyc000aoyyodcu4tftb, score: 40, completedCount: 2, totalCriticalCount: 5} @ http://localhost:3030/_next/static/chunks/04m2_next_dist_01d_w1-._.js:2431
[ 1155602ms] [LOG] [Fast Refresh] rebuilding @ http://localhost:3030/_next/static/chunks/04m2_next_dist_01d_w1-._.js:2431
[ 1155627ms] [LOG] [Fast Refresh] done in 127ms @ http://localhost:3030/_next/static/chunks/04m2_next_dist_01d_w1-._.js:2431
[ 1155921ms] [LOG] [Fast Refresh] rebuilding @ http://localhost:3030/_next/static/chunks/04m2_next_dist_01d_w1-._.js:2431
[ 1155950ms] [LOG] [Fast Refresh] done in 129ms @ http://localhost:3030/_next/static/chunks/04m2_next_dist_01d_w1-._.js:2431
[ 1155958ms] [INFO] %c%s%c [setup-health] background: #e6e6e6;background: light-dark(rgba(0,0,0,0.1), rgba(255,255,255,0.25));color: #000000;color: light-dark(#000000, #ffffff);border-radius: 2px  Server   panel-layout {tenantId: cmrvvipw70000oyyo6123270j, userId: cmrvvipyc000aoyyodcu4tftb, score: 40, completedCount: 2, totalCriticalCount: 5} @ http://localhost:3030/_next/static/chunks/04m2_next_dist_01d_w1-._.js:2431
[ 1156052ms] [LOG] [Fast Refresh] rebuilding @ http://localhost:3030/_next/static/chunks/04m2_next_dist_01d_w1-._.js:2431
[ 1156055ms] [LOG] [Fast Refresh] done in 104ms @ http://localhost:3030/_next/static/chunks/04m2_next_dist_01d_w1-._.js:2431
[ 1156212ms] [LOG] [Fast Refresh] rebuilding @ http://localhost:3030/_next/static/chunks/04m2_next_dist_01d_w1-._.js:2431
[ 1156221ms] [LOG] [Fast Refresh] done in 109ms @ http://localhost:3030/_next/static/chunks/04m2_next_dist_01d_w1-._.js:2431
[ 1156329ms] [LOG] [Fast Refresh] rebuilding @ http://localhost:3030/_next/static/chunks/04m2_next_dist_01d_w1-._.js:2431
[ 1156413ms] [LOG] [Fast Refresh] done in 187ms @ http://localhost:3030/_next/static/chunks/04m2_next_dist_01d_w1-._.js:2431
[ 1156418ms] [INFO] %c%s%c [setup-health] background: #e6e6e6;background: light-dark(rgba(0,0,0,0.1), rgba(255,255,255,0.25));color: #000000;color: light-dark(#000000, #ffffff);border-radius: 2px  Server   panel-layout {tenantId: cmrvvipw70000oyyo6123270j, userId: cmrvvipyc000aoyyodcu4tftb, score: 40, completedCount: 2, totalCriticalCount: 5} @ http://localhost:3030/_next/static/chunks/04m2_next_dist_01d_w1-._.js:2431
[ 1156670ms] [INFO] %c%s%c [setup-health] background: #e6e6e6;background: light-dark(rgba(0,0,0,0.1), rgba(255,255,255,0.25));color: #000000;color: light-dark(#000000, #ffffff);border-radius: 2px  Server   panel-layout {tenantId: cmrvvipw70000oyyo6123270j, userId: cmrvvipyc000aoyyodcu4tftb, score: 40, completedCount: 2, totalCriticalCount: 5} @ http://localhost:3030/_next/static/chunks/04m2_next_dist_01d_w1-._.js:2431
[ 1156793ms] [INFO] %c%s%c [setup-health] background: #e6e6e6;background: light-dark(rgba(0,0,0,0.1), rgba(255,255,255,0.25));color: #000000;color: light-dark(#000000, #ffffff);border-radius: 2px  Server   panel-layout {tenantId: cmrvvipw70000oyyo6123270j, userId: cmrvvipyc000aoyyodcu4tftb, score: 40, completedCount: 2, totalCriticalCount: 5} @ http://localhost:3030/_next/static/chunks/04m2_next_dist_01d_w1-._.js:2431
[ 1170694ms] [LOG] [Fast Refresh] rebuilding @ http://localhost:3030/_next/static/chunks/04m2_next_dist_01d_w1-._.js:2431
[ 1172056ms] [LOG] [Fast Refresh] done in 1458ms @ http://localhost:3030/_next/static/chunks/04m2_next_dist_01d_w1-._.js:2431
[ 1172295ms] [LOG] [Fast Refresh] rebuilding @ http://localhost:3030/_next/static/chunks/04m2_next_dist_01d_w1-._.js:2431
[ 1172644ms] [LOG] [Fast Refresh] done in 457ms @ http://localhost:3030/_next/static/chunks/04m2_next_dist_01d_w1-._.js:2431
[ 1172908ms] [INFO] %c%s%c [setup-health] background: #e6e6e6;background: light-dark(rgba(0,0,0,0.1), rgba(255,255,255,0.25));color: #000000;color: light-dark(#000000, #ffffff);border-radius: 2px  Server   panel-layout {tenantId: cmrvvipw70000oyyo6123270j, userId: cmrvvipyc000aoyyodcu4tftb, score: 40, completedCount: 2, totalCriticalCount: 5} @ http://localhost:3030/_next/static/chunks/04m2_next_dist_01d_w1-._.js:2431
[ 1173217ms] [LOG] [Fast Refresh] rebuilding @ http://localhost:3030/_next/static/chunks/04m2_next_dist_01d_w1-._.js:2431
[ 1173231ms] [LOG] [Fast Refresh] done in 124ms @ http://localhost:3030/_next/static/chunks/04m2_next_dist_01d_w1-._.js:2431
[ 1173235ms] [INFO] %c%s%c [setup-health] background: #e6e6e6;background: light-dark(rgba(0,0,0,0.1), rgba(255,255,255,0.25));color: #000000;color: light-dark(#000000, #ffffff);border-radius: 2px  Server   panel-layout {tenantId: cmrvvipw70000oyyo6123270j, userId: cmrvvipyc000aoyyodcu4tftb, score: 40, completedCount: 2, totalCriticalCount: 5} @ http://localhost:3030/_next/static/chunks/04m2_next_dist_01d_w1-._.js:2431
[ 1173544ms] [INFO] %c%s%c [setup-health] background: #e6e6e6;background: light-dark(rgba(0,0,0,0.1), rgba(255,255,255,0.25));color: #000000;color: light-dark(#000000, #ffffff);border-radius: 2px  Server   panel-layout {tenantId: cmrvvipw70000oyyo6123270j, userId: cmrvvipyc000aoyyodcu4tftb, score: 40, completedCount: 2, totalCriticalCount: 5} @ http://localhost:3030/_next/static/chunks/04m2_next_dist_01d_w1-._.js:2431
[ 1173809ms] [INFO] %c%s%c [setup-health] background: #e6e6e6;background: light-dark(rgba(0,0,0,0.1), rgba(255,255,255,0.25));color: #000000;color: light-dark(#000000, #ffffff);border-radius: 2px  Server   panel-layout {tenantId: cmrvvipw70000oyyo6123270j, userId: cmrvvipyc000aoyyodcu4tftb, score: 40, completedCount: 2, totalCriticalCount: 5} @ http://localhost:3030/_next/static/chunks/04m2_next_dist_01d_w1-._.js:2431
[ 1174264ms] [INFO] %c%s%c [setup-health] background: #e6e6e6;background: light-dark(rgba(0,0,0,0.1), rgba(255,255,255,0.25));color: #000000;color: light-dark(#000000, #ffffff);border-radius: 2px  Server   panel-layout {tenantId: cmrvvipw70000oyyo6123270j, userId: cmrvvipyc000aoyyodcu4tftb, score: 40, completedCount: 2, totalCriticalCount: 5} @ http://localhost:3030/_next/static/chunks/04m2_next_dist_01d_w1-._.js:2431
[ 1174525ms] [LOG] [Fast Refresh] rebuilding @ http://localhost:3030/_next/static/chunks/04m2_next_dist_01d_w1-._.js:2431
[ 1174531ms] [INFO] %c%s%c [setup-health] background: #e6e6e6;background: light-dark(rgba(0,0,0,0.1), rgba(255,255,255,0.25));color: #000000;color: light-dark(#000000, #ffffff);border-radius: 2px  Server   panel-layout {tenantId: cmrvvipw70000oyyo6123270j, userId: cmrvvipyc000aoyyodcu4tftb, score: 40, completedCount: 2, totalCriticalCount: 5} @ http://localhost:3030/_next/static/chunks/04m2_next_dist_01d_w1-._.js:2431
[ 1174541ms] [LOG] [Fast Refresh] done in 118ms @ http://localhost:3030/_next/static/chunks/04m2_next_dist_01d_w1-._.js:2431
[ 1174791ms] [LOG] [Fast Refresh] rebuilding @ http://localhost:3030/_next/static/chunks/04m2_next_dist_01d_w1-._.js:2431
[ 1174797ms] [LOG] [Fast Refresh] done in 108ms @ http://localhost:3030/_next/static/chunks/04m2_next_dist_01d_w1-._.js:2431
[ 1174810ms] [INFO] %c%s%c [setup-health] background: #e6e6e6;background: light-dark(rgba(0,0,0,0.1), rgba(255,255,255,0.25));color: #000000;color: light-dark(#000000, #ffffff);border-radius: 2px  Server   panel-layout {tenantId: cmrvvipw70000oyyo6123270j, userId: cmrvvipyc000aoyyodcu4tftb, score: 40, completedCount: 2, totalCriticalCount: 5} @ http://localhost:3030/_next/static/chunks/04m2_next_dist_01d_w1-._.js:2431
[ 1175061ms] [INFO] %c%s%c [setup-health] background: #e6e6e6;background: light-dark(rgba(0,0,0,0.1), rgba(255,255,255,0.25));color: #000000;color: light-dark(#000000, #ffffff);border-radius: 2px  Server   panel-layout {tenantId: cmrvvipw70000oyyo6123270j, userId: cmrvvipyc000aoyyodcu4tftb, score: 40, completedCount: 2, totalCriticalCount: 5} @ http://localhost:3030/_next/static/chunks/04m2_next_dist_01d_w1-._.js:2431
[ 1175267ms] [INFO] %c%s%c [setup-health] background: #e6e6e6;background: light-dark(rgba(0,0,0,0.1), rgba(255,255,255,0.25));color: #000000;color: light-dark(#000000, #ffffff);border-radius: 2px  Server   panel-layout {tenantId: cmrvvipw70000oyyo6123270j, userId: cmrvvipyc000aoyyodcu4tftb, score: 40, completedCount: 2, totalCriticalCount: 5} @ http://localhost:3030/_next/static/chunks/04m2_next_dist_01d_w1-._.js:2431
[ 1175502ms] [INFO] %c%s%c [setup-health] background: #e6e6e6;background: light-dark(rgba(0,0,0,0.1), rgba(255,255,255,0.25));color: #000000;color: light-dark(#000000, #ffffff);border-radius: 2px  Server   panel-layout {tenantId: cmrvvipw70000oyyo6123270j, userId: cmrvvipyc000aoyyodcu4tftb, score: 40, completedCount: 2, totalCriticalCount: 5} @ http://localhost:3030/_next/static/chunks/04m2_next_dist_01d_w1-._.js:2431
[ 1175774ms] [LOG] [Fast Refresh] rebuilding @ http://localhost:3030/_next/static/chunks/04m2_next_dist_01d_w1-._.js:2431
[ 1175783ms] [LOG] [Fast Refresh] done in 109ms @ http://localhost:3030/_next/static/chunks/04m2_next_dist_01d_w1-._.js:2431
[ 1175799ms] [INFO] %c%s%c [setup-health] background: #e6e6e6;background: light-dark(rgba(0,0,0,0.1), rgba(255,255,255,0.25));color: #000000;color: light-dark(#000000, #ffffff);border-radius: 2px  Server   panel-layout {tenantId: cmrvvipw70000oyyo6123270j, userId: cmrvvipyc000aoyyodcu4tftb, score: 40, completedCount: 2, totalCriticalCount: 5} @ http://localhost:3030/_next/static/chunks/04m2_next_dist_01d_w1-._.js:2431
[ 1176021ms] [INFO] %c%s%c [setup-health] background: #e6e6e6;background: light-dark(rgba(0,0,0,0.1), rgba(255,255,255,0.25));color: #000000;color: light-dark(#000000, #ffffff);border-radius: 2px  Server   panel-layout {tenantId: cmrvvipw70000oyyo6123270j, userId: cmrvvipyc000aoyyodcu4tftb, score: 40, completedCount: 2, totalCriticalCount: 5} @ http://localhost:3030/_next/static/chunks/04m2_next_dist_01d_w1-._.js:2431
[ 1176255ms] [INFO] %c%s%c [setup-health] background: #e6e6e6;background: light-dark(rgba(0,0,0,0.1), rgba(255,255,255,0.25));color: #000000;color: light-dark(#000000, #ffffff);border-radius: 2px  Server   panel-layout {tenantId: cmrvvipw70000oyyo6123270j, userId: cmrvvipyc000aoyyodcu4tftb, score: 40, completedCount: 2, totalCriticalCount: 5} @ http://localhost:3030/_next/static/chunks/04m2_next_dist_01d_w1-._.js:2431
[ 1176450ms] [INFO] %c%s%c [setup-health] background: #e6e6e6;background: light-dark(rgba(0,0,0,0.1), rgba(255,255,255,0.25));color: #000000;color: light-dark(#000000, #ffffff);border-radius: 2px  Server   panel-layout {tenantId: cmrvvipw70000oyyo6123270j, userId: cmrvvipyc000aoyyodcu4tftb, score: 40, completedCount: 2, totalCriticalCount: 5} @ http://localhost:3030/_next/static/chunks/04m2_next_dist_01d_w1-._.js:2431
[ 1181811ms] [LOG] [Fast Refresh] rebuilding @ http://localhost:3030/_next/static/chunks/04m2_next_dist_01d_w1-._.js:2431
[ 1182463ms] [LOG] [Fast Refresh] done in 745ms @ http://localhost:3030/_next/static/chunks/04m2_next_dist_01d_w1-._.js:2431
[ 1182669ms] [LOG] [Fast Refresh] rebuilding @ http://localhost:3030/_next/static/chunks/04m2_next_dist_01d_w1-._.js:2431
[ 1183055ms] [LOG] [Fast Refresh] done in 493ms @ http://localhost:3030/_next/static/chunks/04m2_next_dist_01d_w1-._.js:2431
[ 1183278ms] [LOG] [Fast Refresh] rebuilding @ http://localhost:3030/_next/static/chunks/04m2_next_dist_01d_w1-._.js:2431
[ 1183278ms] [LOG] [Fast Refresh] done in 105ms @ http://localhost:3030/_next/static/chunks/04m2_next_dist_01d_w1-._.js:2431
[ 1183283ms] [INFO] %c%s%c [setup-health] background: #e6e6e6;background: light-dark(rgba(0,0,0,0.1), rgba(255,255,255,0.25));color: #000000;color: light-dark(#000000, #ffffff);border-radius: 2px  Server   panel-layout {tenantId: cmrvvipw70000oyyo6123270j, userId: cmrvvipyc000aoyyodcu4tftb, score: 40, completedCount: 2, totalCriticalCount: 5} @ http://localhost:3030/_next/static/chunks/04m2_next_dist_01d_w1-._.js:2431
[ 1183545ms] [INFO] %c%s%c [setup-health] background: #e6e6e6;background: light-dark(rgba(0,0,0,0.1), rgba(255,255,255,0.25));color: #000000;color: light-dark(#000000, #ffffff);border-radius: 2px  Server   panel-layout {tenantId: cmrvvipw70000oyyo6123270j, userId: cmrvvipyc000aoyyodcu4tftb, score: 40, completedCount: 2, totalCriticalCount: 5} @ http://localhost:3030/_next/static/chunks/04m2_next_dist_01d_w1-._.js:2431
[ 1183772ms] [INFO] %c%s%c [setup-health] background: #e6e6e6;background: light-dark(rgba(0,0,0,0.1), rgba(255,255,255,0.25));color: #000000;color: light-dark(#000000, #ffffff);border-radius: 2px  Server   panel-layout {tenantId: cmrvvipw70000oyyo6123270j, userId: cmrvvipyc000aoyyodcu4tftb, score: 40, completedCount: 2, totalCriticalCount: 5} @ http://localhost:3030/_next/static/chunks/04m2_next_dist_01d_w1-._.js:2431
[ 1184013ms] [LOG] [Fast Refresh] rebuilding @ http://localhost:3030/_next/static/chunks/04m2_next_dist_01d_w1-._.js:2431
[ 1184016ms] [LOG] [Fast Refresh] done in 109ms @ http://localhost:3030/_next/static/chunks/04m2_next_dist_01d_w1-._.js:2431
[ 1184030ms] [INFO] %c%s%c [setup-health] background: #e6e6e6;background: light-dark(rgba(0,0,0,0.1), rgba(255,255,255,0.25));color: #000000;color: light-dark(#000000, #ffffff);border-radius: 2px  Server   panel-layout {tenantId: cmrvvipw70000oyyo6123270j, userId: cmrvvipyc000aoyyodcu4tftb, score: 40, completedCount: 2, totalCriticalCount: 5} @ http://localhost:3030/_next/static/chunks/04m2_next_dist_01d_w1-._.js:2431
[ 1184283ms] [LOG] [Fast Refresh] rebuilding @ http://localhost:3030/_next/static/chunks/04m2_next_dist_01d_w1-._.js:2431
[ 1184283ms] [LOG] [Fast Refresh] done in 102ms @ http://localhost:3030/_next/static/chunks/04m2_next_dist_01d_w1-._.js:2431
[ 1184285ms] [INFO] %c%s%c [setup-health] background: #e6e6e6;background: light-dark(rgba(0,0,0,0.1), rgba(255,255,255,0.25));color: #000000;color: light-dark(#000000, #ffffff);border-radius: 2px  Server   panel-layout {tenantId: cmrvvipw70000oyyo6123270j, userId: cmrvvipyc000aoyyodcu4tftb, score: 40, completedCount: 2, totalCriticalCount: 5} @ http://localhost:3030/_next/static/chunks/04m2_next_dist_01d_w1-._.js:2431
[ 1184456ms] [INFO] %c%s%c [setup-health] background: #e6e6e6;background: light-dark(rgba(0,0,0,0.1), rgba(255,255,255,0.25));color: #000000;color: light-dark(#000000, #ffffff);border-radius: 2px  Server   panel-layout {tenantId: cmrvvipw70000oyyo6123270j, userId: cmrvvipyc000aoyyodcu4tftb, score: 40, completedCount: 2, totalCriticalCount: 5} @ http://localhost:3030/_next/static/chunks/04m2_next_dist_01d_w1-._.js:2431
[ 1209050ms] [LOG] [Fast Refresh] rebuilding @ http://localhost:3030/_next/static/chunks/04m2_next_dist_01d_w1-._.js:2431
[ 1209051ms] [LOG] [Fast Refresh] done in 113ms @ http://localhost:3030/_next/static/chunks/04m2_next_dist_01d_w1-._.js:2431
[ 1260207ms] [LOG] [Fast Refresh] rebuilding @ http://localhost:3030/_next/static/chunks/04m2_next_dist_01d_w1-._.js:2431
[ 1260351ms] [LOG] [Fast Refresh] done in 256ms @ http://localhost:3030/_next/static/chunks/04m2_next_dist_01d_w1-._.js:2431
[ 1261207ms] [LOG] [Fast Refresh] rebuilding @ http://localhost:3030/_next/static/chunks/04m2_next_dist_01d_w1-._.js:2431
[ 1261208ms] [LOG] [Fast Refresh] done in 105ms @ http://localhost:3030/_next/static/chunks/04m2_next_dist_01d_w1-._.js:2431
[ 1268466ms] [LOG] [Fast Refresh] rebuilding @ http://localhost:3030/_next/static/chunks/04m2_next_dist_01d_w1-._.js:2431
[ 1268747ms] [LOG] [Fast Refresh] done in 384ms @ http://localhost:3030/_next/static/chunks/04m2_next_dist_01d_w1-._.js:2431
[ 1283716ms] [LOG] [Fast Refresh] rebuilding @ http://localhost:3030/_next/static/chunks/04m2_next_dist_01d_w1-._.js:2431
[ 1285001ms] [LOG] [Fast Refresh] done in 1387ms @ http://localhost:3030/_next/static/chunks/04m2_next_dist_01d_w1-._.js:2431
[ 1285140ms] [LOG] [Fast Refresh] rebuilding @ http://localhost:3030/_next/static/chunks/04m2_next_dist_01d_w1-._.js:2431
[ 1285152ms] [LOG] [Fast Refresh] done in 118ms @ http://localhost:3030/_next/static/chunks/04m2_next_dist_01d_w1-._.js:2431
[ 1285287ms] [LOG] [Fast Refresh] rebuilding @ http://localhost:3030/_next/static/chunks/04m2_next_dist_01d_w1-._.js:2431
[ 1285767ms] [LOG] [Fast Refresh] done in 583ms @ http://localhost:3030/_next/static/chunks/04m2_next_dist_01d_w1-._.js:2431
[ 1286161ms] [INFO] %c%s%c [setup-health] background: #e6e6e6;background: light-dark(rgba(0,0,0,0.1), rgba(255,255,255,0.25));color: #000000;color: light-dark(#000000, #ffffff);border-radius: 2px  Server   panel-layout {tenantId: cmrvvipw70000oyyo6123270j, userId: cmrvvipyc000aoyyodcu4tftb, score: 40, completedCount: 2, totalCriticalCount: 5} @ http://localhost:3030/_next/static/chunks/04m2_next_dist_01d_w1-._.js:2431
[ 1286326ms] [LOG] [Fast Refresh] rebuilding @ http://localhost:3030/_next/static/chunks/04m2_next_dist_01d_w1-._.js:2431
[ 1286343ms] [LOG] [Fast Refresh] done in 126ms @ http://localhost:3030/_next/static/chunks/04m2_next_dist_01d_w1-._.js:2431
[ 1286346ms] [INFO] %c%s%c [setup-health] background: #e6e6e6;background: light-dark(rgba(0,0,0,0.1), rgba(255,255,255,0.25));color: #000000;color: light-dark(#000000, #ffffff);border-radius: 2px  Server   panel-layout {tenantId: cmrvvipw70000oyyo6123270j, userId: cmrvvipyc000aoyyodcu4tftb, score: 40, completedCount: 2, totalCriticalCount: 5} @ http://localhost:3030/_next/static/chunks/04m2_next_dist_01d_w1-._.js:2431
[ 1286473ms] [LOG] [Fast Refresh] rebuilding @ http://localhost:3030/_next/static/chunks/04m2_next_dist_01d_w1-._.js:2431
[ 1286508ms] [LOG] [Fast Refresh] done in 142ms @ http://localhost:3030/_next/static/chunks/04m2_next_dist_01d_w1-._.js:2431
[ 1286670ms] [INFO] %c%s%c [setup-health] background: #e6e6e6;background: light-dark(rgba(0,0,0,0.1), rgba(255,255,255,0.25));color: #000000;color: light-dark(#000000, #ffffff);border-radius: 2px  Server   panel-layout {tenantId: cmrvvipw70000oyyo6123270j, userId: cmrvvipyc000aoyyodcu4tftb, score: 40, completedCount: 2, totalCriticalCount: 5} @ http://localhost:3030/_next/static/chunks/04m2_next_dist_01d_w1-._.js:2431
[ 1286686ms] [LOG] [Fast Refresh] rebuilding @ http://localhost:3030/_next/static/chunks/04m2_next_dist_01d_w1-._.js:2431
[ 1286714ms] [LOG] [Fast Refresh] done in 132ms @ http://localhost:3030/_next/static/chunks/04m2_next_dist_01d_w1-._.js:2431
[ 1286971ms] [INFO] %c%s%c [setup-health] background: #e6e6e6;background: light-dark(rgba(0,0,0,0.1), rgba(255,255,255,0.25));color: #000000;color: light-dark(#000000, #ffffff);border-radius: 2px  Server   panel-layout {tenantId: cmrvvipw70000oyyo6123270j, userId: cmrvvipyc000aoyyodcu4tftb, score: 40, completedCount: 2, totalCriticalCount: 5} @ http://localhost:3030/_next/static/chunks/04m2_next_dist_01d_w1-._.js:2431
[ 1287310ms] [INFO] %c%s%c [setup-health] background: #e6e6e6;background: light-dark(rgba(0,0,0,0.1), rgba(255,255,255,0.25));color: #000000;color: light-dark(#000000, #ffffff);border-radius: 2px  Server   panel-layout {tenantId: cmrvvipw70000oyyo6123270j, userId: cmrvvipyc000aoyyodcu4tftb, score: 40, completedCount: 2, totalCriticalCount: 5} @ http://localhost:3030/_next/static/chunks/04m2_next_dist_01d_w1-._.js:2431
[ 1287615ms] [INFO] %c%s%c [setup-health] background: #e6e6e6;background: light-dark(rgba(0,0,0,0.1), rgba(255,255,255,0.25));color: #000000;color: light-dark(#000000, #ffffff);border-radius: 2px  Server   panel-layout {tenantId: cmrvvipw70000oyyo6123270j, userId: cmrvvipyc000aoyyodcu4tftb, score: 40, completedCount: 2, totalCriticalCount: 5} @ http://localhost:3030/_next/static/chunks/04m2_next_dist_01d_w1-._.js:2431
[ 1287922ms] [INFO] %c%s%c [setup-health] background: #e6e6e6;background: light-dark(rgba(0,0,0,0.1), rgba(255,255,255,0.25));color: #000000;color: light-dark(#000000, #ffffff);border-radius: 2px  Server   panel-layout {tenantId: cmrvvipw70000oyyo6123270j, userId: cmrvvipyc000aoyyodcu4tftb, score: 40, completedCount: 2, totalCriticalCount: 5} @ http://localhost:3030/_next/static/chunks/04m2_next_dist_01d_w1-._.js:2431
[ 1288250ms] [INFO] %c%s%c [setup-health] background: #e6e6e6;background: light-dark(rgba(0,0,0,0.1), rgba(255,255,255,0.25));color: #000000;color: light-dark(#000000, #ffffff);border-radius: 2px  Server   panel-layout {tenantId: cmrvvipw70000oyyo6123270j, userId: cmrvvipyc000aoyyodcu4tftb, score: 40, completedCount: 2, totalCriticalCount: 5} @ http://localhost:3030/_next/static/chunks/04m2_next_dist_01d_w1-._.js:2431
[ 1288525ms] [INFO] %c%s%c [setup-health] background: #e6e6e6;background: light-dark(rgba(0,0,0,0.1), rgba(255,255,255,0.25));color: #000000;color: light-dark(#000000, #ffffff);border-radius: 2px  Server   panel-layout {tenantId: cmrvvipw70000oyyo6123270j, userId: cmrvvipyc000aoyyodcu4tftb, score: 40, completedCount: 2, totalCriticalCount: 5} @ http://localhost:3030/_next/static/chunks/04m2_next_dist_01d_w1-._.js:2431
[ 1288796ms] [INFO] %c%s%c [setup-health] background: #e6e6e6;background: light-dark(rgba(0,0,0,0.1), rgba(255,255,255,0.25));color: #000000;color: light-dark(#000000, #ffffff);border-radius: 2px  Server   panel-layout {tenantId: cmrvvipw70000oyyo6123270j, userId: cmrvvipyc000aoyyodcu4tftb, score: 40, completedCount: 2, totalCriticalCount: 5} @ http://localhost:3030/_next/static/chunks/04m2_next_dist_01d_w1-._.js:2431
[ 1289269ms] [INFO] %c%s%c [setup-health] background: #e6e6e6;background: light-dark(rgba(0,0,0,0.1), rgba(255,255,255,0.25));color: #000000;color: light-dark(#000000, #ffffff);border-radius: 2px  Server   panel-layout {tenantId: cmrvvipw70000oyyo6123270j, userId: cmrvvipyc000aoyyodcu4tftb, score: 40, completedCount: 2, totalCriticalCount: 5} @ http://localhost:3030/_next/static/chunks/04m2_next_dist_01d_w1-._.js:2431
[ 1289504ms] [INFO] %c%s%c [setup-health] background: #e6e6e6;background: light-dark(rgba(0,0,0,0.1), rgba(255,255,255,0.25));color: #000000;color: light-dark(#000000, #ffffff);border-radius: 2px  Server   panel-layout {tenantId: cmrvvipw70000oyyo6123270j, userId: cmrvvipyc000aoyyodcu4tftb, score: 40, completedCount: 2, totalCriticalCount: 5} @ http://localhost:3030/_next/static/chunks/04m2_next_dist_01d_w1-._.js:2431
[ 1289797ms] [INFO] %c%s%c [setup-health] background: #e6e6e6;background: light-dark(rgba(0,0,0,0.1), rgba(255,255,255,0.25));color: #000000;color: light-dark(#000000, #ffffff);border-radius: 2px  Server   panel-layout {tenantId: cmrvvipw70000oyyo6123270j, userId: cmrvvipyc000aoyyodcu4tftb, score: 40, completedCount: 2, totalCriticalCount: 5} @ http://localhost:3030/_next/static/chunks/04m2_next_dist_01d_w1-._.js:2431
[ 1290094ms] [INFO] %c%s%c [setup-health] background: #e6e6e6;background: light-dark(rgba(0,0,0,0.1), rgba(255,255,255,0.25));color: #000000;color: light-dark(#000000, #ffffff);border-radius: 2px  Server   panel-layout {tenantId: cmrvvipw70000oyyo6123270j, userId: cmrvvipyc000aoyyodcu4tftb, score: 40, completedCount: 2, totalCriticalCount: 5} @ http://localhost:3030/_next/static/chunks/04m2_next_dist_01d_w1-._.js:2431
[ 1290116ms] [LOG] [Fast Refresh] rebuilding @ http://localhost:3030/_next/static/chunks/04m2_next_dist_01d_w1-._.js:2431
[ 1290217ms] [LOG] [Fast Refresh] done in 203ms @ http://localhost:3030/_next/static/chunks/04m2_next_dist_01d_w1-._.js:2431
[ 1290533ms] [INFO] %c%s%c [setup-health] background: #e6e6e6;background: light-dark(rgba(0,0,0,0.1), rgba(255,255,255,0.25));color: #000000;color: light-dark(#000000, #ffffff);border-radius: 2px  Server   panel-layout {tenantId: cmrvvipw70000oyyo6123270j, userId: cmrvvipyc000aoyyodcu4tftb, score: 40, completedCount: 2, totalCriticalCount: 5} @ http://localhost:3030/_next/static/chunks/04m2_next_dist_01d_w1-._.js:2431
[ 1291678ms] [LOG] [Fast Refresh] rebuilding @ http://localhost:3030/_next/static/chunks/04m2_next_dist_01d_w1-._.js:2431
[ 1291680ms] [LOG] [Fast Refresh] done in 106ms @ http://localhost:3030/_next/static/chunks/04m2_next_dist_01d_w1-._.js:2431
[ 1315952ms] [LOG] [Fast Refresh] rebuilding @ http://localhost:3030/_next/static/chunks/04m2_next_dist_01d_w1-._.js:2431
[ 1316156ms] [LOG] [Fast Refresh] done in 306ms @ http://localhost:3030/_next/static/chunks/04m2_next_dist_01d_w1-._.js:2431
[ 1331081ms] [LOG] [Fast Refresh] rebuilding @ http://localhost:3030/_next/static/chunks/04m2_next_dist_01d_w1-._.js:2431
[ 1331473ms] [LOG] [Fast Refresh] done in 496ms @ http://localhost:3030/_next/static/chunks/04m2_next_dist_01d_w1-._.js:2431
[ 1351810ms] [LOG] [Fast Refresh] rebuilding @ http://localhost:3030/_next/static/chunks/04m2_next_dist_01d_w1-._.js:2431
[ 1356599ms] [LOG] [Fast Refresh] done in 4733ms @ http://localhost:3030/_next/static/chunks/04m2_next_dist_01d_w1-._.js:2431
[ 1356713ms] [LOG] [Fast Refresh] rebuilding @ http://localhost:3030/_next/static/chunks/04m2_next_dist_01d_w1-._.js:2431
[ 1357127ms] [LOG] [Fast Refresh] done in 516ms @ http://localhost:3030/_next/static/chunks/04m2_next_dist_01d_w1-._.js:2431
[ 1357490ms] [INFO] %c%s%c [setup-health] background: #e6e6e6;background: light-dark(rgba(0,0,0,0.1), rgba(255,255,255,0.25));color: #000000;color: light-dark(#000000, #ffffff);border-radius: 2px  Server   panel-layout {tenantId: cmrvvipw70000oyyo6123270j, userId: cmrvvipyc000aoyyodcu4tftb, score: 40, completedCount: 2, totalCriticalCount: 5} @ http://localhost:3030/_next/static/chunks/04m2_next_dist_01d_w1-._.js:2431
[ 1357760ms] [INFO] %c%s%c [setup-health] background: #e6e6e6;background: light-dark(rgba(0,0,0,0.1), rgba(255,255,255,0.25));color: #000000;color: light-dark(#000000, #ffffff);border-radius: 2px  Server   panel-layout {tenantId: cmrvvipw70000oyyo6123270j, userId: cmrvvipyc000aoyyodcu4tftb, score: 40, completedCount: 2, totalCriticalCount: 5} @ http://localhost:3030/_next/static/chunks/04m2_next_dist_01d_w1-._.js:2431
[ 1358095ms] [INFO] %c%s%c [setup-health] background: #e6e6e6;background: light-dark(rgba(0,0,0,0.1), rgba(255,255,255,0.25));color: #000000;color: light-dark(#000000, #ffffff);border-radius: 2px  Server   panel-layout {tenantId: cmrvvipw70000oyyo6123270j, userId: cmrvvipyc000aoyyodcu4tftb, score: 40, completedCount: 2, totalCriticalCount: 5} @ http://localhost:3030/_next/static/chunks/04m2_next_dist_01d_w1-._.js:2431
[ 1358409ms] [INFO] %c%s%c [setup-health] background: #e6e6e6;background: light-dark(rgba(0,0,0,0.1), rgba(255,255,255,0.25));color: #000000;color: light-dark(#000000, #ffffff);border-radius: 2px  Server   panel-layout {tenantId: cmrvvipw70000oyyo6123270j, userId: cmrvvipyc000aoyyodcu4tftb, score: 40, completedCount: 2, totalCriticalCount: 5} @ http://localhost:3030/_next/static/chunks/04m2_next_dist_01d_w1-._.js:2431
[ 1358737ms] [INFO] %c%s%c [setup-health] background: #e6e6e6;background: light-dark(rgba(0,0,0,0.1), rgba(255,255,255,0.25));color: #000000;color: light-dark(#000000, #ffffff);border-radius: 2px  Server   panel-layout {tenantId: cmrvvipw70000oyyo6123270j, userId: cmrvvipyc000aoyyodcu4tftb, score: 40, completedCount: 2, totalCriticalCount: 5} @ http://localhost:3030/_next/static/chunks/04m2_next_dist_01d_w1-._.js:2431
[ 1359062ms] [LOG] [Fast Refresh] rebuilding @ http://localhost:3030/_next/static/chunks/04m2_next_dist_01d_w1-._.js:2431
[ 1359066ms] [LOG] [Fast Refresh] done in 106ms @ http://localhost:3030/_next/static/chunks/04m2_next_dist_01d_w1-._.js:2431
[ 1359068ms] [INFO] %c%s%c [setup-health] background: #e6e6e6;background: light-dark(rgba(0,0,0,0.1), rgba(255,255,255,0.25));color: #000000;color: light-dark(#000000, #ffffff);border-radius: 2px  Server   panel-layout {tenantId: cmrvvipw70000oyyo6123270j, userId: cmrvvipyc000aoyyodcu4tftb, score: 40, completedCount: 2, totalCriticalCount: 5} @ http://localhost:3030/_next/static/chunks/04m2_next_dist_01d_w1-._.js:2431
[ 1359428ms] [INFO] %c%s%c [setup-health] background: #e6e6e6;background: light-dark(rgba(0,0,0,0.1), rgba(255,255,255,0.25));color: #000000;color: light-dark(#000000, #ffffff);border-radius: 2px  Server   panel-layout {tenantId: cmrvvipw70000oyyo6123270j, userId: cmrvvipyc000aoyyodcu4tftb, score: 40, completedCount: 2, totalCriticalCount: 5} @ http://localhost:3030/_next/static/chunks/04m2_next_dist_01d_w1-._.js:2431
[ 1359438ms] [LOG] [Fast Refresh] rebuilding @ http://localhost:3030/_next/static/chunks/04m2_next_dist_01d_w1-._.js:2431
[ 1365752ms] [LOG] [Fast Refresh] done in 6210ms @ http://localhost:3030/_next/static/chunks/04m2_next_dist_01d_w1-._.js:2431
[ 1365863ms] [LOG] [Fast Refresh] rebuilding @ http://localhost:3030/_next/static/chunks/04m2_next_dist_01d_w1-._.js:2431
[ 1365877ms] [LOG] [Fast Refresh] done in 116ms @ http://localhost:3030/_next/static/chunks/04m2_next_dist_01d_w1-._.js:2431
[ 1366040ms] [INFO] %c%s%c [setup-health] background: #e6e6e6;background: light-dark(rgba(0,0,0,0.1), rgba(255,255,255,0.25));color: #000000;color: light-dark(#000000, #ffffff);border-radius: 2px  Server   panel-layout {tenantId: cmrvvipw70000oyyo6123270j, userId: cmrvvipyc000aoyyodcu4tftb, score: 40, completedCount: 2, totalCriticalCount: 5} @ http://localhost:3030/_next/static/chunks/04m2_next_dist_01d_w1-._.js:2431
[ 1366343ms] [LOG] [Fast Refresh] rebuilding @ http://localhost:3030/_next/static/chunks/04m2_next_dist_01d_w1-._.js:2431
[ 1366347ms] [LOG] [Fast Refresh] done in 109ms @ http://localhost:3030/_next/static/chunks/04m2_next_dist_01d_w1-._.js:2431
[ 1366435ms] [INFO] %c%s%c [setup-health] background: #e6e6e6;background: light-dark(rgba(0,0,0,0.1), rgba(255,255,255,0.25));color: #000000;color: light-dark(#000000, #ffffff);border-radius: 2px  Server   panel-layout {tenantId: cmrvvipw70000oyyo6123270j, userId: cmrvvipyc000aoyyodcu4tftb, score: 40, completedCount: 2, totalCriticalCount: 5} @ http://localhost:3030/_next/static/chunks/04m2_next_dist_01d_w1-._.js:2431
[ 1366825ms] [LOG] [Fast Refresh] rebuilding @ http://localhost:3030/_next/static/chunks/04m2_next_dist_01d_w1-._.js:2431
[ 1367051ms] [LOG] [Fast Refresh] done in 332ms @ http://localhost:3030/_next/static/chunks/04m2_next_dist_01d_w1-._.js:2431
[ 1367164ms] [INFO] %c%s%c [setup-health] background: #e6e6e6;background: light-dark(rgba(0,0,0,0.1), rgba(255,255,255,0.25));color: #000000;color: light-dark(#000000, #ffffff);border-radius: 2px  Server   panel-layout {tenantId: cmrvvipw70000oyyo6123270j, userId: cmrvvipyc000aoyyodcu4tftb, score: 40, completedCount: 2, totalCriticalCount: 5} @ http://localhost:3030/_next/static/chunks/04m2_next_dist_01d_w1-._.js:2431
[ 1367451ms] [LOG] [Fast Refresh] rebuilding @ http://localhost:3030/_next/static/chunks/04m2_next_dist_01d_w1-._.js:2431
[ 1367469ms] [LOG] [Fast Refresh] done in 123ms @ http://localhost:3030/_next/static/chunks/04m2_next_dist_01d_w1-._.js:2431
[ 1367560ms] [INFO] %c%s%c [setup-health] background: #e6e6e6;background: light-dark(rgba(0,0,0,0.1), rgba(255,255,255,0.25));color: #000000;color: light-dark(#000000, #ffffff);border-radius: 2px  Server   panel-layout {tenantId: cmrvvipw70000oyyo6123270j, userId: cmrvvipyc000aoyyodcu4tftb, score: 40, completedCount: 2, totalCriticalCount: 5} @ http://localhost:3030/_next/static/chunks/04m2_next_dist_01d_w1-._.js:2431
[ 1367871ms] [INFO] %c%s%c [setup-health] background: #e6e6e6;background: light-dark(rgba(0,0,0,0.1), rgba(255,255,255,0.25));color: #000000;color: light-dark(#000000, #ffffff);border-radius: 2px  Server   panel-layout {tenantId: cmrvvipw70000oyyo6123270j, userId: cmrvvipyc000aoyyodcu4tftb, score: 40, completedCount: 2, totalCriticalCount: 5} @ http://localhost:3030/_next/static/chunks/04m2_next_dist_01d_w1-._.js:2431
[ 1368194ms] [INFO] %c%s%c [setup-health] background: #e6e6e6;background: light-dark(rgba(0,0,0,0.1), rgba(255,255,255,0.25));color: #000000;color: light-dark(#000000, #ffffff);border-radius: 2px  Server   panel-layout {tenantId: cmrvvipw70000oyyo6123270j, userId: cmrvvipyc000aoyyodcu4tftb, score: 40, completedCount: 2, totalCriticalCount: 5} @ http://localhost:3030/_next/static/chunks/04m2_next_dist_01d_w1-._.js:2431
[ 1368521ms] [INFO] %c%s%c [setup-health] background: #e6e6e6;background: light-dark(rgba(0,0,0,0.1), rgba(255,255,255,0.25));color: #000000;color: light-dark(#000000, #ffffff);border-radius: 2px  Server   panel-layout {tenantId: cmrvvipw70000oyyo6123270j, userId: cmrvvipyc000aoyyodcu4tftb, score: 40, completedCount: 2, totalCriticalCount: 5} @ http://localhost:3030/_next/static/chunks/04m2_next_dist_01d_w1-._.js:2431
[ 1368786ms] [LOG] [Fast Refresh] rebuilding @ http://localhost:3030/_next/static/chunks/04m2_next_dist_01d_w1-._.js:2431
[ 1368787ms] [LOG] [Fast Refresh] done in 104ms @ http://localhost:3030/_next/static/chunks/04m2_next_dist_01d_w1-._.js:2431
[ 1368856ms] [INFO] %c%s%c [setup-health] background: #e6e6e6;background: light-dark(rgba(0,0,0,0.1), rgba(255,255,255,0.25));color: #000000;color: light-dark(#000000, #ffffff);border-radius: 2px  Server   panel-layout {tenantId: cmrvvipw70000oyyo6123270j, userId: cmrvvipyc000aoyyodcu4tftb, score: 40, completedCount: 2, totalCriticalCount: 5} @ http://localhost:3030/_next/static/chunks/04m2_next_dist_01d_w1-._.js:2431
[ 1369181ms] [INFO] %c%s%c [setup-health] background: #e6e6e6;background: light-dark(rgba(0,0,0,0.1), rgba(255,255,255,0.25));color: #000000;color: light-dark(#000000, #ffffff);border-radius: 2px  Server   panel-layout {tenantId: cmrvvipw70000oyyo6123270j, userId: cmrvvipyc000aoyyodcu4tftb, score: 40, completedCount: 2, totalCriticalCount: 5} @ http://localhost:3030/_next/static/chunks/04m2_next_dist_01d_w1-._.js:2431
[ 1369498ms] [INFO] %c%s%c [setup-health] background: #e6e6e6;background: light-dark(rgba(0,0,0,0.1), rgba(255,255,255,0.25));color: #000000;color: light-dark(#000000, #ffffff);border-radius: 2px  Server   panel-layout {tenantId: cmrvvipw70000oyyo6123270j, userId: cmrvvipyc000aoyyodcu4tftb, score: 40, completedCount: 2, totalCriticalCount: 5} @ http://localhost:3030/_next/static/chunks/04m2_next_dist_01d_w1-._.js:2431
[ 1369820ms] [INFO] %c%s%c [setup-health] background: #e6e6e6;background: light-dark(rgba(0,0,0,0.1), rgba(255,255,255,0.25));color: #000000;color: light-dark(#000000, #ffffff);border-radius: 2px  Server   panel-layout {tenantId: cmrvvipw70000oyyo6123270j, userId: cmrvvipyc000aoyyodcu4tftb, score: 40, completedCount: 2, totalCriticalCount: 5} @ http://localhost:3030/_next/static/chunks/04m2_next_dist_01d_w1-._.js:2431
[ 1370153ms] [INFO] %c%s%c [setup-health] background: #e6e6e6;background: light-dark(rgba(0,0,0,0.1), rgba(255,255,255,0.25));color: #000000;color: light-dark(#000000, #ffffff);border-radius: 2px  Server   panel-layout {tenantId: cmrvvipw70000oyyo6123270j, userId: cmrvvipyc000aoyyodcu4tftb, score: 40, completedCount: 2, totalCriticalCount: 5} @ http://localhost:3030/_next/static/chunks/04m2_next_dist_01d_w1-._.js:2431
[ 1370456ms] [INFO] %c%s%c [setup-health] background: #e6e6e6;background: light-dark(rgba(0,0,0,0.1), rgba(255,255,255,0.25));color: #000000;color: light-dark(#000000, #ffffff);border-radius: 2px  Server   panel-layout {tenantId: cmrvvipw70000oyyo6123270j, userId: cmrvvipyc000aoyyodcu4tftb, score: 40, completedCount: 2, totalCriticalCount: 5} @ http://localhost:3030/_next/static/chunks/04m2_next_dist_01d_w1-._.js:2431
[ 1370705ms] [LOG] [Fast Refresh] rebuilding @ http://localhost:3030/_next/static/chunks/04m2_next_dist_01d_w1-._.js:2431
[ 1370712ms] [LOG] [Fast Refresh] done in 108ms @ http://localhost:3030/_next/static/chunks/04m2_next_dist_01d_w1-._.js:2431
[ 1370801ms] [INFO] %c%s%c [setup-health] background: #e6e6e6;background: light-dark(rgba(0,0,0,0.1), rgba(255,255,255,0.25));color: #000000;color: light-dark(#000000, #ffffff);border-radius: 2px  Server   panel-layout {tenantId: cmrvvipw70000oyyo6123270j, userId: cmrvvipyc000aoyyodcu4tftb, score: 40, completedCount: 2, totalCriticalCount: 5} @ http://localhost:3030/_next/static/chunks/04m2_next_dist_01d_w1-._.js:2431
[ 1371080ms] [LOG] [Fast Refresh] rebuilding @ http://localhost:3030/_next/static/chunks/04m2_next_dist_01d_w1-._.js:2431
[ 1371081ms] [LOG] [Fast Refresh] done in 112ms @ http://localhost:3030/_next/static/chunks/04m2_next_dist_01d_w1-._.js:2431
[ 1371161ms] [INFO] %c%s%c [setup-health] background: #e6e6e6;background: light-dark(rgba(0,0,0,0.1), rgba(255,255,255,0.25));color: #000000;color: light-dark(#000000, #ffffff);border-radius: 2px  Server   panel-layout {tenantId: cmrvvipw70000oyyo6123270j, userId: cmrvvipyc000aoyyodcu4tftb, score: 40, completedCount: 2, totalCriticalCount: 5} @ http://localhost:3030/_next/static/chunks/04m2_next_dist_01d_w1-._.js:2431
[ 1371428ms] [LOG] [Fast Refresh] rebuilding @ http://localhost:3030/_next/static/chunks/04m2_next_dist_01d_w1-._.js:2431
[ 1371434ms] [LOG] [Fast Refresh] done in 111ms @ http://localhost:3030/_next/static/chunks/04m2_next_dist_01d_w1-._.js:2431
[ 1371510ms] [INFO] %c%s%c [setup-health] background: #e6e6e6;background: light-dark(rgba(0,0,0,0.1), rgba(255,255,255,0.25));color: #000000;color: light-dark(#000000, #ffffff);border-radius: 2px  Server   panel-layout {tenantId: cmrvvipw70000oyyo6123270j, userId: cmrvvipyc000aoyyodcu4tftb, score: 40, completedCount: 2, totalCriticalCount: 5} @ http://localhost:3030/_next/static/chunks/04m2_next_dist_01d_w1-._.js:2431
[ 1371883ms] [INFO] %c%s%c [setup-health] background: #e6e6e6;background: light-dark(rgba(0,0,0,0.1), rgba(255,255,255,0.25));color: #000000;color: light-dark(#000000, #ffffff);border-radius: 2px  Server   panel-layout {tenantId: cmrvvipw70000oyyo6123270j, userId: cmrvvipyc000aoyyodcu4tftb, score: 40, completedCount: 2, totalCriticalCount: 5} @ http://localhost:3030/_next/static/chunks/04m2_next_dist_01d_w1-._.js:2431
[ 1372315ms] [INFO] %c%s%c [setup-health] background: #e6e6e6;background: light-dark(rgba(0,0,0,0.1), rgba(255,255,255,0.25));color: #000000;color: light-dark(#000000, #ffffff);border-radius: 2px  Server   panel-layout {tenantId: cmrvvipw70000oyyo6123270j, userId: cmrvvipyc000aoyyodcu4tftb, score: 40, completedCount: 2, totalCriticalCount: 5} @ http://localhost:3030/_next/static/chunks/04m2_next_dist_01d_w1-._.js:2431
[ 1372641ms] [LOG] [Fast Refresh] rebuilding @ http://localhost:3030/_next/static/chunks/04m2_next_dist_01d_w1-._.js:2431
[ 1372733ms] [LOG] [Fast Refresh] done in 198ms @ http://localhost:3030/_next/static/chunks/04m2_next_dist_01d_w1-._.js:2431
[ 1373076ms] [INFO] %c%s%c [setup-health] background: #e6e6e6;background: light-dark(rgba(0,0,0,0.1), rgba(255,255,255,0.25));color: #000000;color: light-dark(#000000, #ffffff);border-radius: 2px  Server   panel-layout {tenantId: cmrvvipw70000oyyo6123270j, userId: cmrvvipyc000aoyyodcu4tftb, score: 40, completedCount: 2, totalCriticalCount: 5} @ http://localhost:3030/_next/static/chunks/04m2_next_dist_01d_w1-._.js:2431
[ 1373373ms] [LOG] [Fast Refresh] rebuilding @ http://localhost:3030/_next/static/chunks/04m2_next_dist_01d_w1-._.js:2431
[ 1373379ms] [LOG] [Fast Refresh] done in 107ms @ http://localhost:3030/_next/static/chunks/04m2_next_dist_01d_w1-._.js:2431
[ 1373471ms] [INFO] %c%s%c [setup-health] background: #e6e6e6;background: light-dark(rgba(0,0,0,0.1), rgba(255,255,255,0.25));color: #000000;color: light-dark(#000000, #ffffff);border-radius: 2px  Server   panel-layout {tenantId: cmrvvipw70000oyyo6123270j, userId: cmrvvipyc000aoyyodcu4tftb, score: 40, completedCount: 2, totalCriticalCount: 5} @ http://localhost:3030/_next/static/chunks/04m2_next_dist_01d_w1-._.js:2431
[ 1373810ms] [INFO] %c%s%c [setup-health] background: #e6e6e6;background: light-dark(rgba(0,0,0,0.1), rgba(255,255,255,0.25));color: #000000;color: light-dark(#000000, #ffffff);border-radius: 2px  Server   panel-layout {tenantId: cmrvvipw70000oyyo6123270j, userId: cmrvvipyc000aoyyodcu4tftb, score: 40, completedCount: 2, totalCriticalCount: 5} @ http://localhost:3030/_next/static/chunks/04m2_next_dist_01d_w1-._.js:2431
[ 1374107ms] [LOG] [Fast Refresh] rebuilding @ http://localhost:3030/_next/static/chunks/04m2_next_dist_01d_w1-._.js:2431
[ 1374149ms] [LOG] [Fast Refresh] done in 148ms @ http://localhost:3030/_next/static/chunks/04m2_next_dist_01d_w1-._.js:2431
[ 1374252ms] [LOG] [Fast Refresh] rebuilding @ http://localhost:3030/_next/static/chunks/04m2_next_dist_01d_w1-._.js:2431
[ 1374258ms] [INFO] %c%s%c [setup-health] background: #e6e6e6;background: light-dark(rgba(0,0,0,0.1), rgba(255,255,255,0.25));color: #000000;color: light-dark(#000000, #ffffff);border-radius: 2px  Server   panel-layout {tenantId: cmrvvipw70000oyyo6123270j, userId: cmrvvipyc000aoyyodcu4tftb, score: 40, completedCount: 2, totalCriticalCount: 5} @ http://localhost:3030/_next/static/chunks/04m2_next_dist_01d_w1-._.js:2431
[ 1374268ms] [LOG] [Fast Refresh] done in 117ms @ http://localhost:3030/_next/static/chunks/04m2_next_dist_01d_w1-._.js:2431
[ 1374540ms] [LOG] [Fast Refresh] rebuilding @ http://localhost:3030/_next/static/chunks/04m2_next_dist_01d_w1-._.js:2431
[ 1374541ms] [LOG] [Fast Refresh] done in 101ms @ http://localhost:3030/_next/static/chunks/04m2_next_dist_01d_w1-._.js:2431
[ 1374647ms] [INFO] %c%s%c [setup-health] background: #e6e6e6;background: light-dark(rgba(0,0,0,0.1), rgba(255,255,255,0.25));color: #000000;color: light-dark(#000000, #ffffff);border-radius: 2px  Server   panel-layout {tenantId: cmrvvipw70000oyyo6123270j, userId: cmrvvipyc000aoyyodcu4tftb, score: 40, completedCount: 2, totalCriticalCount: 5} @ http://localhost:3030/_next/static/chunks/04m2_next_dist_01d_w1-._.js:2431
[ 1374956ms] [LOG] [Fast Refresh] rebuilding @ http://localhost:3030/_next/static/chunks/04m2_next_dist_01d_w1-._.js:2431
[ 1374963ms] [LOG] [Fast Refresh] done in 113ms @ http://localhost:3030/_next/static/chunks/04m2_next_dist_01d_w1-._.js:2431
[ 1375086ms] [INFO] %c%s%c [setup-health] background: #e6e6e6;background: light-dark(rgba(0,0,0,0.1), rgba(255,255,255,0.25));color: #000000;color: light-dark(#000000, #ffffff);border-radius: 2px  Server   panel-layout {tenantId: cmrvvipw70000oyyo6123270j, userId: cmrvvipyc000aoyyodcu4tftb, score: 40, completedCount: 2, totalCriticalCount: 5} @ http://localhost:3030/_next/static/chunks/04m2_next_dist_01d_w1-._.js:2431
[ 1375415ms] [LOG] [Fast Refresh] rebuilding @ http://localhost:3030/_next/static/chunks/04m2_next_dist_01d_w1-._.js:2431
[ 1375647ms] [INFO] %c%s%c [setup-health] background: #e6e6e6;background: light-dark(rgba(0,0,0,0.1), rgba(255,255,255,0.25));color: #000000;color: light-dark(#000000, #ffffff);border-radius: 2px  Server   panel-layout {tenantId: cmrvvipw70000oyyo6123270j, userId: cmrvvipyc000aoyyodcu4tftb, score: 40, completedCount: 2, totalCriticalCount: 5} @ http://localhost:3030/_next/static/chunks/04m2_next_dist_01d_w1-._.js:2431
[ 1384452ms] [LOG] [Fast Refresh] done in 8980ms @ http://localhost:3030/_next/static/chunks/04m2_next_dist_01d_w1-._.js:2431
[ 1384632ms] [LOG] [Fast Refresh] rebuilding @ http://localhost:3030/_next/static/chunks/04m2_next_dist_01d_w1-._.js:2431
[ 1384831ms] [LOG] [Fast Refresh] done in 296ms @ http://localhost:3030/_next/static/chunks/04m2_next_dist_01d_w1-._.js:2431
[ 1384837ms] [INFO] %c%s%c [setup-health] background: #e6e6e6;background: light-dark(rgba(0,0,0,0.1), rgba(255,255,255,0.25));color: #000000;color: light-dark(#000000, #ffffff);border-radius: 2px  Server   panel-layout {tenantId: cmrvvipw70000oyyo6123270j, userId: cmrvvipyc000aoyyodcu4tftb, score: 40, completedCount: 2, totalCriticalCount: 5} @ http://localhost:3030/_next/static/chunks/04m2_next_dist_01d_w1-._.js:2431
[ 1385142ms] [INFO] %c%s%c [setup-health] background: #e6e6e6;background: light-dark(rgba(0,0,0,0.1), rgba(255,255,255,0.25));color: #000000;color: light-dark(#000000, #ffffff);border-radius: 2px  Server   panel-layout {tenantId: cmrvvipw70000oyyo6123270j, userId: cmrvvipyc000aoyyodcu4tftb, score: 40, completedCount: 2, totalCriticalCount: 5} @ http://localhost:3030/_next/static/chunks/04m2_next_dist_01d_w1-._.js:2431
[ 1385152ms] [LOG] [Fast Refresh] rebuilding @ http://localhost:3030/_next/static/chunks/04m2_next_dist_01d_w1-._.js:2431
[ 1385163ms] [LOG] [Fast Refresh] done in 112ms @ http://localhost:3030/_next/static/chunks/04m2_next_dist_01d_w1-._.js:2431
[ 1385434ms] [INFO] %c%s%c [setup-health] background: #e6e6e6;background: light-dark(rgba(0,0,0,0.1), rgba(255,255,255,0.25));color: #000000;color: light-dark(#000000, #ffffff);border-radius: 2px  Server   panel-layout {tenantId: cmrvvipw70000oyyo6123270j, userId: cmrvvipyc000aoyyodcu4tftb, score: 40, completedCount: 2, totalCriticalCount: 5} @ http://localhost:3030/_next/static/chunks/04m2_next_dist_01d_w1-._.js:2431
[ 1385471ms] [LOG] [Fast Refresh] rebuilding @ http://localhost:3030/_next/static/chunks/04m2_next_dist_01d_w1-._.js:2431
[ 1385488ms] [LOG] [Fast Refresh] done in 119ms @ http://localhost:3030/_next/static/chunks/04m2_next_dist_01d_w1-._.js:2431
[ 1385792ms] [INFO] %c%s%c [setup-health] background: #e6e6e6;background: light-dark(rgba(0,0,0,0.1), rgba(255,255,255,0.25));color: #000000;color: light-dark(#000000, #ffffff);border-radius: 2px  Server   panel-layout {tenantId: cmrvvipw70000oyyo6123270j, userId: cmrvvipyc000aoyyodcu4tftb, score: 40, completedCount: 2, totalCriticalCount: 5} @ http://localhost:3030/_next/static/chunks/04m2_next_dist_01d_w1-._.js:2431
[ 1385818ms] [LOG] [Fast Refresh] rebuilding @ http://localhost:3030/_next/static/chunks/04m2_next_dist_01d_w1-._.js:2431
[ 1385848ms] [LOG] [Fast Refresh] done in 132ms @ http://localhost:3030/_next/static/chunks/04m2_next_dist_01d_w1-._.js:2431
[ 1385951ms] [LOG] [Fast Refresh] rebuilding @ http://localhost:3030/_next/static/chunks/04m2_next_dist_01d_w1-._.js:2431
[ 1385952ms] [LOG] [Fast Refresh] done in 103ms @ http://localhost:3030/_next/static/chunks/04m2_next_dist_01d_w1-._.js:2431
[ 1386129ms] [INFO] %c%s%c [setup-health] background: #e6e6e6;background: light-dark(rgba(0,0,0,0.1), rgba(255,255,255,0.25));color: #000000;color: light-dark(#000000, #ffffff);border-radius: 2px  Server   panel-layout {tenantId: cmrvvipw70000oyyo6123270j, userId: cmrvvipyc000aoyyodcu4tftb, score: 40, completedCount: 2, totalCriticalCount: 5} @ http://localhost:3030/_next/static/chunks/04m2_next_dist_01d_w1-._.js:2431
[ 1386139ms] [LOG] [Fast Refresh] rebuilding @ http://localhost:3030/_next/static/chunks/04m2_next_dist_01d_w1-._.js:2431
[ 1386184ms] [LOG] [Fast Refresh] done in 148ms @ http://localhost:3030/_next/static/chunks/04m2_next_dist_01d_w1-._.js:2431
[ 1386479ms] [INFO] %c%s%c [setup-health] background: #e6e6e6;background: light-dark(rgba(0,0,0,0.1), rgba(255,255,255,0.25));color: #000000;color: light-dark(#000000, #ffffff);border-radius: 2px  Server   panel-layout {tenantId: cmrvvipw70000oyyo6123270j, userId: cmrvvipyc000aoyyodcu4tftb, score: 40, completedCount: 2, totalCriticalCount: 5} @ http://localhost:3030/_next/static/chunks/04m2_next_dist_01d_w1-._.js:2431
[ 1386519ms] [LOG] [Fast Refresh] rebuilding @ http://localhost:3030/_next/static/chunks/04m2_next_dist_01d_w1-._.js:2431
[ 1386538ms] [LOG] [Fast Refresh] done in 125ms @ http://localhost:3030/_next/static/chunks/04m2_next_dist_01d_w1-._.js:2431
[ 1386799ms] [INFO] %c%s%c [setup-health] background: #e6e6e6;background: light-dark(rgba(0,0,0,0.1), rgba(255,255,255,0.25));color: #000000;color: light-dark(#000000, #ffffff);border-radius: 2px  Server   panel-layout {tenantId: cmrvvipw70000oyyo6123270j, userId: cmrvvipyc000aoyyodcu4tftb, score: 40, completedCount: 2, totalCriticalCount: 5} @ http://localhost:3030/_next/static/chunks/04m2_next_dist_01d_w1-._.js:2431
[ 1386832ms] [LOG] [Fast Refresh] rebuilding @ http://localhost:3030/_next/static/chunks/04m2_next_dist_01d_w1-._.js:2431
[ 1386876ms] [LOG] [Fast Refresh] done in 147ms @ http://localhost:3030/_next/static/chunks/04m2_next_dist_01d_w1-._.js:2431
[ 1386977ms] [LOG] [Fast Refresh] rebuilding @ http://localhost:3030/_next/static/chunks/04m2_next_dist_01d_w1-._.js:2431
[ 1386986ms] [LOG] [Fast Refresh] done in 109ms @ http://localhost:3030/_next/static/chunks/04m2_next_dist_01d_w1-._.js:2431
[ 1387161ms] [INFO] %c%s%c [setup-health] background: #e6e6e6;background: light-dark(rgba(0,0,0,0.1), rgba(255,255,255,0.25));color: #000000;color: light-dark(#000000, #ffffff);border-radius: 2px  Server   panel-layout {tenantId: cmrvvipw70000oyyo6123270j, userId: cmrvvipyc000aoyyodcu4tftb, score: 40, completedCount: 2, totalCriticalCount: 5} @ http://localhost:3030/_next/static/chunks/04m2_next_dist_01d_w1-._.js:2431
[ 1387193ms] [LOG] [Fast Refresh] rebuilding @ http://localhost:3030/_next/static/chunks/04m2_next_dist_01d_w1-._.js:2431
[ 1387214ms] [LOG] [Fast Refresh] done in 120ms @ http://localhost:3030/_next/static/chunks/04m2_next_dist_01d_w1-._.js:2431
[ 1387528ms] [INFO] %c%s%c [setup-health] background: #e6e6e6;background: light-dark(rgba(0,0,0,0.1), rgba(255,255,255,0.25));color: #000000;color: light-dark(#000000, #ffffff);border-radius: 2px  Server   panel-layout {tenantId: cmrvvipw70000oyyo6123270j, userId: cmrvvipyc000aoyyodcu4tftb, score: 40, completedCount: 2, totalCriticalCount: 5} @ http://localhost:3030/_next/static/chunks/04m2_next_dist_01d_w1-._.js:2431
[ 1387553ms] [LOG] [Fast Refresh] rebuilding @ http://localhost:3030/_next/static/chunks/04m2_next_dist_01d_w1-._.js:2431
[ 1387593ms] [LOG] [Fast Refresh] done in 147ms @ http://localhost:3030/_next/static/chunks/04m2_next_dist_01d_w1-._.js:2431
[ 1387914ms] [INFO] %c%s%c [setup-health] background: #e6e6e6;background: light-dark(rgba(0,0,0,0.1), rgba(255,255,255,0.25));color: #000000;color: light-dark(#000000, #ffffff);border-radius: 2px  Server   panel-layout {tenantId: cmrvvipw70000oyyo6123270j, userId: cmrvvipyc000aoyyodcu4tftb, score: 40, completedCount: 2, totalCriticalCount: 5} @ http://localhost:3030/_next/static/chunks/04m2_next_dist_01d_w1-._.js:2431
[ 1387939ms] [LOG] [Fast Refresh] rebuilding @ http://localhost:3030/_next/static/chunks/04m2_next_dist_01d_w1-._.js:2431
[ 1387989ms] [LOG] [Fast Refresh] done in 150ms @ http://localhost:3030/_next/static/chunks/04m2_next_dist_01d_w1-._.js:2431
[ 1388353ms] [LOG] [Fast Refresh] rebuilding @ http://localhost:3030/_next/static/chunks/04m2_next_dist_01d_w1-._.js:2431
[ 1388357ms] [INFO] %c%s%c [setup-health] background: #e6e6e6;background: light-dark(rgba(0,0,0,0.1), rgba(255,255,255,0.25));color: #000000;color: light-dark(#000000, #ffffff);border-radius: 2px  Server   panel-layout {tenantId: cmrvvipw70000oyyo6123270j, userId: cmrvvipyc000aoyyodcu4tftb, score: 40, completedCount: 2, totalCriticalCount: 5} @ http://localhost:3030/_next/static/chunks/04m2_next_dist_01d_w1-._.js:2431
[ 1388421ms] [LOG] [Fast Refresh] done in 169ms @ http://localhost:3030/_next/static/chunks/04m2_next_dist_01d_w1-._.js:2431
[ 1388762ms] [INFO] %c%s%c [setup-health] background: #e6e6e6;background: light-dark(rgba(0,0,0,0.1), rgba(255,255,255,0.25));color: #000000;color: light-dark(#000000, #ffffff);border-radius: 2px  Server   panel-layout {tenantId: cmrvvipw70000oyyo6123270j, userId: cmrvvipyc000aoyyodcu4tftb, score: 40, completedCount: 2, totalCriticalCount: 5} @ http://localhost:3030/_next/static/chunks/04m2_next_dist_01d_w1-._.js:2431
[ 1388793ms] [LOG] [Fast Refresh] rebuilding @ http://localhost:3030/_next/static/chunks/04m2_next_dist_01d_w1-._.js:2431
[ 1388822ms] [LOG] [Fast Refresh] done in 134ms @ http://localhost:3030/_next/static/chunks/04m2_next_dist_01d_w1-._.js:2431
[ 1389144ms] [INFO] %c%s%c [setup-health] background: #e6e6e6;background: light-dark(rgba(0,0,0,0.1), rgba(255,255,255,0.25));color: #000000;color: light-dark(#000000, #ffffff);border-radius: 2px  Server   panel-layout {tenantId: cmrvvipw70000oyyo6123270j, userId: cmrvvipyc000aoyyodcu4tftb, score: 40, completedCount: 2, totalCriticalCount: 5} @ http://localhost:3030/_next/static/chunks/04m2_next_dist_01d_w1-._.js:2431
[ 1389165ms] [LOG] [Fast Refresh] rebuilding @ http://localhost:3030/_next/static/chunks/04m2_next_dist_01d_w1-._.js:2431
[ 1389204ms] [LOG] [Fast Refresh] done in 144ms @ http://localhost:3030/_next/static/chunks/04m2_next_dist_01d_w1-._.js:2431
[ 1389568ms] [INFO] %c%s%c [setup-health] background: #e6e6e6;background: light-dark(rgba(0,0,0,0.1), rgba(255,255,255,0.25));color: #000000;color: light-dark(#000000, #ffffff);border-radius: 2px  Server   panel-layout {tenantId: cmrvvipw70000oyyo6123270j, userId: cmrvvipyc000aoyyodcu4tftb, score: 40, completedCount: 2, totalCriticalCount: 5} @ http://localhost:3030/_next/static/chunks/04m2_next_dist_01d_w1-._.js:2431
[ 1389584ms] [LOG] [Fast Refresh] rebuilding @ http://localhost:3030/_next/static/chunks/04m2_next_dist_01d_w1-._.js:2431
[ 1389625ms] [LOG] [Fast Refresh] done in 146ms @ http://localhost:3030/_next/static/chunks/04m2_next_dist_01d_w1-._.js:2431
[ 1389971ms] [INFO] %c%s%c [setup-health] background: #e6e6e6;background: light-dark(rgba(0,0,0,0.1), rgba(255,255,255,0.25));color: #000000;color: light-dark(#000000, #ffffff);border-radius: 2px  Server   panel-layout {tenantId: cmrvvipw70000oyyo6123270j, userId: cmrvvipyc000aoyyodcu4tftb, score: 40, completedCount: 2, totalCriticalCount: 5} @ http://localhost:3030/_next/static/chunks/04m2_next_dist_01d_w1-._.js:2431
[ 1389980ms] [LOG] [Fast Refresh] rebuilding @ http://localhost:3030/_next/static/chunks/04m2_next_dist_01d_w1-._.js:2431
[ 1390035ms] [LOG] [Fast Refresh] done in 155ms @ http://localhost:3030/_next/static/chunks/04m2_next_dist_01d_w1-._.js:2431
[ 1390376ms] [INFO] %c%s%c [setup-health] background: #e6e6e6;background: light-dark(rgba(0,0,0,0.1), rgba(255,255,255,0.25));color: #000000;color: light-dark(#000000, #ffffff);border-radius: 2px  Server   panel-layout {tenantId: cmrvvipw70000oyyo6123270j, userId: cmrvvipyc000aoyyodcu4tftb, score: 40, completedCount: 2, totalCriticalCount: 5} @ http://localhost:3030/_next/static/chunks/04m2_next_dist_01d_w1-._.js:2431
[ 1390396ms] [LOG] [Fast Refresh] rebuilding @ http://localhost:3030/_next/static/chunks/04m2_next_dist_01d_w1-._.js:2431
[ 1390451ms] [LOG] [Fast Refresh] done in 158ms @ http://localhost:3030/_next/static/chunks/04m2_next_dist_01d_w1-._.js:2431
[ 1390836ms] [INFO] %c%s%c [setup-health] background: #e6e6e6;background: light-dark(rgba(0,0,0,0.1), rgba(255,255,255,0.25));color: #000000;color: light-dark(#000000, #ffffff);border-radius: 2px  Server   panel-layout {tenantId: cmrvvipw70000oyyo6123270j, userId: cmrvvipyc000aoyyodcu4tftb, score: 40, completedCount: 2, totalCriticalCount: 5} @ http://localhost:3030/_next/static/chunks/04m2_next_dist_01d_w1-._.js:2431
[ 1390848ms] [LOG] [Fast Refresh] rebuilding @ http://localhost:3030/_next/static/chunks/04m2_next_dist_01d_w1-._.js:2431
[ 1390901ms] [LOG] [Fast Refresh] done in 159ms @ http://localhost:3030/_next/static/chunks/04m2_next_dist_01d_w1-._.js:2431
[ 1391261ms] [INFO] %c%s%c [setup-health] background: #e6e6e6;background: light-dark(rgba(0,0,0,0.1), rgba(255,255,255,0.25));color: #000000;color: light-dark(#000000, #ffffff);border-radius: 2px  Server   panel-layout {tenantId: cmrvvipw70000oyyo6123270j, userId: cmrvvipyc000aoyyodcu4tftb, score: 40, completedCount: 2, totalCriticalCount: 5} @ http://localhost:3030/_next/static/chunks/04m2_next_dist_01d_w1-._.js:2431
[ 1391274ms] [LOG] [Fast Refresh] rebuilding @ http://localhost:3030/_next/static/chunks/04m2_next_dist_01d_w1-._.js:2431
[ 1391326ms] [LOG] [Fast Refresh] done in 156ms @ http://localhost:3030/_next/static/chunks/04m2_next_dist_01d_w1-._.js:2431
[ 1391669ms] [INFO] %c%s%c [setup-health] background: #e6e6e6;background: light-dark(rgba(0,0,0,0.1), rgba(255,255,255,0.25));color: #000000;color: light-dark(#000000, #ffffff);border-radius: 2px  Server   panel-layout {tenantId: cmrvvipw70000oyyo6123270j, userId: cmrvvipyc000aoyyodcu4tftb, score: 40, completedCount: 2, totalCriticalCount: 5} @ http://localhost:3030/_next/static/chunks/04m2_next_dist_01d_w1-._.js:2431
[ 1391676ms] [LOG] [Fast Refresh] rebuilding @ http://localhost:3030/_next/static/chunks/04m2_next_dist_01d_w1-._.js:2431
[ 1391734ms] [LOG] [Fast Refresh] done in 161ms @ http://localhost:3030/_next/static/chunks/04m2_next_dist_01d_w1-._.js:2431
[ 1392092ms] [INFO] %c%s%c [setup-health] background: #e6e6e6;background: light-dark(rgba(0,0,0,0.1), rgba(255,255,255,0.25));color: #000000;color: light-dark(#000000, #ffffff);border-radius: 2px  Server   panel-layout {tenantId: cmrvvipw70000oyyo6123270j, userId: cmrvvipyc000aoyyodcu4tftb, score: 40, completedCount: 2, totalCriticalCount: 5} @ http://localhost:3030/_next/static/chunks/04m2_next_dist_01d_w1-._.js:2431
[ 1392101ms] [LOG] [Fast Refresh] rebuilding @ http://localhost:3030/_next/static/chunks/04m2_next_dist_01d_w1-._.js:2431
[ 1392155ms] [LOG] [Fast Refresh] done in 155ms @ http://localhost:3030/_next/static/chunks/04m2_next_dist_01d_w1-._.js:2431
[ 1392299ms] [LOG] [Fast Refresh] rebuilding @ http://localhost:3030/_next/static/chunks/04m2_next_dist_01d_w1-._.js:2431
[ 1392301ms] [LOG] [Fast Refresh] done in 105ms @ http://localhost:3030/_next/static/chunks/04m2_next_dist_01d_w1-._.js:2431
[ 1392529ms] [LOG] [Fast Refresh] rebuilding @ http://localhost:3030/_next/static/chunks/04m2_next_dist_01d_w1-._.js:2431
[ 1392544ms] [INFO] %c%s%c [setup-health] background: #e6e6e6;background: light-dark(rgba(0,0,0,0.1), rgba(255,255,255,0.25));color: #000000;color: light-dark(#000000, #ffffff);border-radius: 2px  Server   panel-layout {tenantId: cmrvvipw70000oyyo6123270j, userId: cmrvvipyc000aoyyodcu4tftb, score: 40, completedCount: 2, totalCriticalCount: 5} @ http://localhost:3030/_next/static/chunks/04m2_next_dist_01d_w1-._.js:2431
[ 1392601ms] [LOG] [Fast Refresh] done in 175ms @ http://localhost:3030/_next/static/chunks/04m2_next_dist_01d_w1-._.js:2431
[ 1392974ms] [INFO] %c%s%c [setup-health] background: #e6e6e6;background: light-dark(rgba(0,0,0,0.1), rgba(255,255,255,0.25));color: #000000;color: light-dark(#000000, #ffffff);border-radius: 2px  Server   panel-layout {tenantId: cmrvvipw70000oyyo6123270j, userId: cmrvvipyc000aoyyodcu4tftb, score: 40, completedCount: 2, totalCriticalCount: 5} @ http://localhost:3030/_next/static/chunks/04m2_next_dist_01d_w1-._.js:2431
[ 1392996ms] [LOG] [Fast Refresh] rebuilding @ http://localhost:3030/_next/static/chunks/04m2_next_dist_01d_w1-._.js:2431
[ 1393035ms] [LOG] [Fast Refresh] done in 144ms @ http://localhost:3030/_next/static/chunks/04m2_next_dist_01d_w1-._.js:2431
[ 1393436ms] [LOG] [Fast Refresh] rebuilding @ http://localhost:3030/_next/static/chunks/04m2_next_dist_01d_w1-._.js:2431
[ 1393451ms] [INFO] %c%s%c [setup-health] background: #e6e6e6;background: light-dark(rgba(0,0,0,0.1), rgba(255,255,255,0.25));color: #000000;color: light-dark(#000000, #ffffff);border-radius: 2px  Server   panel-layout {tenantId: cmrvvipw70000oyyo6123270j, userId: cmrvvipyc000aoyyodcu4tftb, score: 40, completedCount: 2, totalCriticalCount: 5} @ http://localhost:3030/_next/static/chunks/04m2_next_dist_01d_w1-._.js:2431
[ 1393518ms] [LOG] [Fast Refresh] done in 183ms @ http://localhost:3030/_next/static/chunks/04m2_next_dist_01d_w1-._.js:2431
[ 1393875ms] [INFO] %c%s%c [setup-health] background: #e6e6e6;background: light-dark(rgba(0,0,0,0.1), rgba(255,255,255,0.25));color: #000000;color: light-dark(#000000, #ffffff);border-radius: 2px  Server   panel-layout {tenantId: cmrvvipw70000oyyo6123270j, userId: cmrvvipyc000aoyyodcu4tftb, score: 40, completedCount: 2, totalCriticalCount: 5} @ http://localhost:3030/_next/static/chunks/04m2_next_dist_01d_w1-._.js:2431
[ 1393888ms] [LOG] [Fast Refresh] rebuilding @ http://localhost:3030/_next/static/chunks/04m2_next_dist_01d_w1-._.js:2431
[ 1393934ms] [LOG] [Fast Refresh] done in 147ms @ http://localhost:3030/_next/static/chunks/04m2_next_dist_01d_w1-._.js:2431
[ 1394277ms] [INFO] %c%s%c [setup-health] background: #e6e6e6;background: light-dark(rgba(0,0,0,0.1), rgba(255,255,255,0.25));color: #000000;color: light-dark(#000000, #ffffff);border-radius: 2px  Server   panel-layout {tenantId: cmrvvipw70000oyyo6123270j, userId: cmrvvipyc000aoyyodcu4tftb, score: 40, completedCount: 2, totalCriticalCount: 5} @ http://localhost:3030/_next/static/chunks/04m2_next_dist_01d_w1-._.js:2431
[ 1394283ms] [LOG] [Fast Refresh] rebuilding @ http://localhost:3030/_next/static/chunks/04m2_next_dist_01d_w1-._.js:2431
[ 1394344ms] [LOG] [Fast Refresh] done in 162ms @ http://localhost:3030/_next/static/chunks/04m2_next_dist_01d_w1-._.js:2431
[ 1394697ms] [INFO] %c%s%c [setup-health] background: #e6e6e6;background: light-dark(rgba(0,0,0,0.1), rgba(255,255,255,0.25));color: #000000;color: light-dark(#000000, #ffffff);border-radius: 2px  Server   panel-layout {tenantId: cmrvvipw70000oyyo6123270j, userId: cmrvvipyc000aoyyodcu4tftb, score: 40, completedCount: 2, totalCriticalCount: 5} @ http://localhost:3030/_next/static/chunks/04m2_next_dist_01d_w1-._.js:2431
[ 1394728ms] [LOG] [Fast Refresh] rebuilding @ http://localhost:3030/_next/static/chunks/04m2_next_dist_01d_w1-._.js:2431
[ 1394761ms] [LOG] [Fast Refresh] done in 136ms @ http://localhost:3030/_next/static/chunks/04m2_next_dist_01d_w1-._.js:2431
[ 1394864ms] [LOG] [Fast Refresh] rebuilding @ http://localhost:3030/_next/static/chunks/04m2_next_dist_01d_w1-._.js:2431
[ 1394903ms] [LOG] [Fast Refresh] done in 141ms @ http://localhost:3030/_next/static/chunks/04m2_next_dist_01d_w1-._.js:2431
[ 1395004ms] [LOG] [Fast Refresh] rebuilding @ http://localhost:3030/_next/static/chunks/04m2_next_dist_01d_w1-._.js:2431
[ 1395022ms] [LOG] [Fast Refresh] done in 119ms @ http://localhost:3030/_next/static/chunks/04m2_next_dist_01d_w1-._.js:2431
[ 1395127ms] [LOG] [Fast Refresh] rebuilding @ http://localhost:3030/_next/static/chunks/04m2_next_dist_01d_w1-._.js:2431
[ 1395132ms] [INFO] %c%s%c [setup-health] background: #e6e6e6;background: light-dark(rgba(0,0,0,0.1), rgba(255,255,255,0.25));color: #000000;color: light-dark(#000000, #ffffff);border-radius: 2px  Server   panel-layout {tenantId: cmrvvipw70000oyyo6123270j, userId: cmrvvipyc000aoyyodcu4tftb, score: 40, completedCount: 2, totalCriticalCount: 5} @ http://localhost:3030/_next/static/chunks/04m2_next_dist_01d_w1-._.js:2431
[ 1395196ms] [LOG] [Fast Refresh] done in 173ms @ http://localhost:3030/_next/static/chunks/04m2_next_dist_01d_w1-._.js:2431
[ 1395341ms] [LOG] [Fast Refresh] rebuilding @ http://localhost:3030/_next/static/chunks/04m2_next_dist_01d_w1-._.js:2431
[ 1395360ms] [LOG] [Fast Refresh] done in 120ms @ http://localhost:3030/_next/static/chunks/04m2_next_dist_01d_w1-._.js:2431
[ 1395474ms] [LOG] [Fast Refresh] rebuilding @ http://localhost:3030/_next/static/chunks/04m2_next_dist_01d_w1-._.js:2431
[ 1395489ms] [LOG] [Fast Refresh] done in 127ms @ http://localhost:3030/_next/static/chunks/04m2_next_dist_01d_w1-._.js:2431
[ 1395582ms] [INFO] %c%s%c [setup-health] background: #e6e6e6;background: light-dark(rgba(0,0,0,0.1), rgba(255,255,255,0.25));color: #000000;color: light-dark(#000000, #ffffff);border-radius: 2px  Server   panel-layout {tenantId: cmrvvipw70000oyyo6123270j, userId: cmrvvipyc000aoyyodcu4tftb, score: 40, completedCount: 2, totalCriticalCount: 5} @ http://localhost:3030/_next/static/chunks/04m2_next_dist_01d_w1-._.js:2431
[ 1395594ms] [LOG] [Fast Refresh] rebuilding @ http://localhost:3030/_next/static/chunks/04m2_next_dist_01d_w1-._.js:2431
[ 1395595ms] [LOG] [Fast Refresh] done in 105ms @ http://localhost:3030/_next/static/chunks/04m2_next_dist_01d_w1-._.js:2431
[ 1396036ms] [LOG] [Fast Refresh] rebuilding @ http://localhost:3030/_next/static/chunks/04m2_next_dist_01d_w1-._.js:2431
[ 1396038ms] [INFO] %c%s%c [setup-health] background: #e6e6e6;background: light-dark(rgba(0,0,0,0.1), rgba(255,255,255,0.25));color: #000000;color: light-dark(#000000, #ffffff);border-radius: 2px  Server   panel-layout {tenantId: cmrvvipw70000oyyo6123270j, userId: cmrvvipyc000aoyyodcu4tftb, score: 40, completedCount: 2, totalCriticalCount: 5} @ http://localhost:3030/_next/static/chunks/04m2_next_dist_01d_w1-._.js:2431
[ 1396095ms] [LOG] [Fast Refresh] done in 160ms @ http://localhost:3030/_next/static/chunks/04m2_next_dist_01d_w1-._.js:2431
[ 1396480ms] [INFO] %c%s%c [setup-health] background: #e6e6e6;background: light-dark(rgba(0,0,0,0.1), rgba(255,255,255,0.25));color: #000000;color: light-dark(#000000, #ffffff);border-radius: 2px  Server   panel-layout {tenantId: cmrvvipw70000oyyo6123270j, userId: cmrvvipyc000aoyyodcu4tftb, score: 40, completedCount: 2, totalCriticalCount: 5} @ http://localhost:3030/_next/static/chunks/04m2_next_dist_01d_w1-._.js:2431
[ 1396483ms] [LOG] [Fast Refresh] rebuilding @ http://localhost:3030/_next/static/chunks/04m2_next_dist_01d_w1-._.js:2431
[ 1396538ms] [LOG] [Fast Refresh] done in 155ms @ http://localhost:3030/_next/static/chunks/04m2_next_dist_01d_w1-._.js:2431
[ 1396778ms] [INFO] %c%s%c [setup-health] background: #e6e6e6;background: light-dark(rgba(0,0,0,0.1), rgba(255,255,255,0.25));color: #000000;color: light-dark(#000000, #ffffff);border-radius: 2px  Server   panel-layout {tenantId: cmrvvipw70000oyyo6123270j, userId: cmrvvipyc000aoyyodcu4tftb, score: 40, completedCount: 2, totalCriticalCount: 5} @ http://localhost:3030/_next/static/chunks/04m2_next_dist_01d_w1-._.js:2431
[ 1396811ms] [LOG] [Fast Refresh] rebuilding @ http://localhost:3030/_next/static/chunks/04m2_next_dist_01d_w1-._.js:2431
[ 1396852ms] [LOG] [Fast Refresh] done in 142ms @ http://localhost:3030/_next/static/chunks/04m2_next_dist_01d_w1-._.js:2431
[ 1397150ms] [INFO] %c%s%c [setup-health] background: #e6e6e6;background: light-dark(rgba(0,0,0,0.1), rgba(255,255,255,0.25));color: #000000;color: light-dark(#000000, #ffffff);border-radius: 2px  Server   panel-layout {tenantId: cmrvvipw70000oyyo6123270j, userId: cmrvvipyc000aoyyodcu4tftb, score: 40, completedCount: 2, totalCriticalCount: 5} @ http://localhost:3030/_next/static/chunks/04m2_next_dist_01d_w1-._.js:2431
[ 1397191ms] [LOG] [Fast Refresh] rebuilding @ http://localhost:3030/_next/static/chunks/04m2_next_dist_01d_w1-._.js:2431
[ 1397202ms] [LOG] [Fast Refresh] done in 116ms @ http://localhost:3030/_next/static/chunks/04m2_next_dist_01d_w1-._.js:2431
[ 1397492ms] [INFO] %c%s%c [setup-health] background: #e6e6e6;background: light-dark(rgba(0,0,0,0.1), rgba(255,255,255,0.25));color: #000000;color: light-dark(#000000, #ffffff);border-radius: 2px  Server   panel-layout {tenantId: cmrvvipw70000oyyo6123270j, userId: cmrvvipyc000aoyyodcu4tftb, score: 40, completedCount: 2, totalCriticalCount: 5} @ http://localhost:3030/_next/static/chunks/04m2_next_dist_01d_w1-._.js:2431
[ 1397528ms] [LOG] [Fast Refresh] rebuilding @ http://localhost:3030/_next/static/chunks/04m2_next_dist_01d_w1-._.js:2431
[ 1397574ms] [LOG] [Fast Refresh] done in 147ms @ http://localhost:3030/_next/static/chunks/04m2_next_dist_01d_w1-._.js:2431
[ 1397851ms] [INFO] %c%s%c [setup-health] background: #e6e6e6;background: light-dark(rgba(0,0,0,0.1), rgba(255,255,255,0.25));color: #000000;color: light-dark(#000000, #ffffff);border-radius: 2px  Server   panel-layout {tenantId: cmrvvipw70000oyyo6123270j, userId: cmrvvipyc000aoyyodcu4tftb, score: 40, completedCount: 2, totalCriticalCount: 5} @ http://localhost:3030/_next/static/chunks/04m2_next_dist_01d_w1-._.js:2431
[ 1397903ms] [LOG] [Fast Refresh] rebuilding @ http://localhost:3030/_next/static/chunks/04m2_next_dist_01d_w1-._.js:2431
[ 1397912ms] [LOG] [Fast Refresh] done in 113ms @ http://localhost:3030/_next/static/chunks/04m2_next_dist_01d_w1-._.js:2431
[ 1398230ms] [INFO] %c%s%c [setup-health] background: #e6e6e6;background: light-dark(rgba(0,0,0,0.1), rgba(255,255,255,0.25));color: #000000;color: light-dark(#000000, #ffffff);border-radius: 2px  Server   panel-layout {tenantId: cmrvvipw70000oyyo6123270j, userId: cmrvvipyc000aoyyodcu4tftb, score: 40, completedCount: 2, totalCriticalCount: 5} @ http://localhost:3030/_next/static/chunks/04m2_next_dist_01d_w1-._.js:2431
[ 1398259ms] [LOG] [Fast Refresh] rebuilding @ http://localhost:3030/_next/static/chunks/04m2_next_dist_01d_w1-._.js:2431
[ 1398323ms] [LOG] [Fast Refresh] done in 167ms @ http://localhost:3030/_next/static/chunks/04m2_next_dist_01d_w1-._.js:2431
[ 1398631ms] [INFO] %c%s%c [setup-health] background: #e6e6e6;background: light-dark(rgba(0,0,0,0.1), rgba(255,255,255,0.25));color: #000000;color: light-dark(#000000, #ffffff);border-radius: 2px  Server   panel-layout {tenantId: cmrvvipw70000oyyo6123270j, userId: cmrvvipyc000aoyyodcu4tftb, score: 40, completedCount: 2, totalCriticalCount: 5} @ http://localhost:3030/_next/static/chunks/04m2_next_dist_01d_w1-._.js:2431
[ 1398676ms] [LOG] [Fast Refresh] rebuilding @ http://localhost:3030/_next/static/chunks/04m2_next_dist_01d_w1-._.js:2431
[ 1398695ms] [LOG] [Fast Refresh] done in 130ms @ http://localhost:3030/_next/static/chunks/04m2_next_dist_01d_w1-._.js:2431
[ 1398959ms] [INFO] %c%s%c [setup-health] background: #e6e6e6;background: light-dark(rgba(0,0,0,0.1), rgba(255,255,255,0.25));color: #000000;color: light-dark(#000000, #ffffff);border-radius: 2px  Server   panel-layout {tenantId: cmrvvipw70000oyyo6123270j, userId: cmrvvipyc000aoyyodcu4tftb, score: 40, completedCount: 2, totalCriticalCount: 5} @ http://localhost:3030/_next/static/chunks/04m2_next_dist_01d_w1-._.js:2431
[ 1398997ms] [LOG] [Fast Refresh] rebuilding @ http://localhost:3030/_next/static/chunks/04m2_next_dist_01d_w1-._.js:2431
[ 1399037ms] [LOG] [Fast Refresh] done in 141ms @ http://localhost:3030/_next/static/chunks/04m2_next_dist_01d_w1-._.js:2431
[ 1399308ms] [INFO] %c%s%c [setup-health] background: #e6e6e6;background: light-dark(rgba(0,0,0,0.1), rgba(255,255,255,0.25));color: #000000;color: light-dark(#000000, #ffffff);border-radius: 2px  Server   panel-layout {tenantId: cmrvvipw70000oyyo6123270j, userId: cmrvvipyc000aoyyodcu4tftb, score: 40, completedCount: 2, totalCriticalCount: 5} @ http://localhost:3030/_next/static/chunks/04m2_next_dist_01d_w1-._.js:2431
[ 1399345ms] [LOG] [Fast Refresh] rebuilding @ http://localhost:3030/_next/static/chunks/04m2_next_dist_01d_w1-._.js:2431
[ 1399379ms] [LOG] [Fast Refresh] done in 138ms @ http://localhost:3030/_next/static/chunks/04m2_next_dist_01d_w1-._.js:2431
[ 1399670ms] [INFO] %c%s%c [setup-health] background: #e6e6e6;background: light-dark(rgba(0,0,0,0.1), rgba(255,255,255,0.25));color: #000000;color: light-dark(#000000, #ffffff);border-radius: 2px  Server   panel-layout {tenantId: cmrvvipw70000oyyo6123270j, userId: cmrvvipyc000aoyyodcu4tftb, score: 40, completedCount: 2, totalCriticalCount: 5} @ http://localhost:3030/_next/static/chunks/04m2_next_dist_01d_w1-._.js:2431
[ 1399706ms] [LOG] [Fast Refresh] rebuilding @ http://localhost:3030/_next/static/chunks/04m2_next_dist_01d_w1-._.js:2431
[ 1399738ms] [LOG] [Fast Refresh] done in 133ms @ http://localhost:3030/_next/static/chunks/04m2_next_dist_01d_w1-._.js:2431
[ 1400016ms] [INFO] %c%s%c [setup-health] background: #e6e6e6;background: light-dark(rgba(0,0,0,0.1), rgba(255,255,255,0.25));color: #000000;color: light-dark(#000000, #ffffff);border-radius: 2px  Server   panel-layout {tenantId: cmrvvipw70000oyyo6123270j, userId: cmrvvipyc000aoyyodcu4tftb, score: 40, completedCount: 2, totalCriticalCount: 5} @ http://localhost:3030/_next/static/chunks/04m2_next_dist_01d_w1-._.js:2431
[ 1400064ms] [LOG] [Fast Refresh] rebuilding @ http://localhost:3030/_next/static/chunks/04m2_next_dist_01d_w1-._.js:2431
[ 1400078ms] [LOG] [Fast Refresh] done in 118ms @ http://localhost:3030/_next/static/chunks/04m2_next_dist_01d_w1-._.js:2431
[ 1400348ms] [INFO] %c%s%c [setup-health] background: #e6e6e6;background: light-dark(rgba(0,0,0,0.1), rgba(255,255,255,0.25));color: #000000;color: light-dark(#000000, #ffffff);border-radius: 2px  Server   panel-layout {tenantId: cmrvvipw70000oyyo6123270j, userId: cmrvvipyc000aoyyodcu4tftb, score: 40, completedCount: 2, totalCriticalCount: 5} @ http://localhost:3030/_next/static/chunks/04m2_next_dist_01d_w1-._.js:2431
[ 1400383ms] [LOG] [Fast Refresh] rebuilding @ http://localhost:3030/_next/static/chunks/04m2_next_dist_01d_w1-._.js:2431
[ 1400451ms] [LOG] [Fast Refresh] done in 167ms @ http://localhost:3030/_next/static/chunks/04m2_next_dist_01d_w1-._.js:2431
[ 1400822ms] [INFO] %c%s%c [setup-health] background: #e6e6e6;background: light-dark(rgba(0,0,0,0.1), rgba(255,255,255,0.25));color: #000000;color: light-dark(#000000, #ffffff);border-radius: 2px  Server   panel-layout {tenantId: cmrvvipw70000oyyo6123270j, userId: cmrvvipyc000aoyyodcu4tftb, score: 40, completedCount: 2, totalCriticalCount: 5} @ http://localhost:3030/_next/static/chunks/04m2_next_dist_01d_w1-._.js:2431
[ 1400851ms] [LOG] [Fast Refresh] rebuilding @ http://localhost:3030/_next/static/chunks/04m2_next_dist_01d_w1-._.js:2431
[ 1400904ms] [LOG] [Fast Refresh] done in 157ms @ http://localhost:3030/_next/static/chunks/04m2_next_dist_01d_w1-._.js:2431
[ 1401206ms] [INFO] %c%s%c [setup-health] background: #e6e6e6;background: light-dark(rgba(0,0,0,0.1), rgba(255,255,255,0.25));color: #000000;color: light-dark(#000000, #ffffff);border-radius: 2px  Server   panel-layout {tenantId: cmrvvipw70000oyyo6123270j, userId: cmrvvipyc000aoyyodcu4tftb, score: 40, completedCount: 2, totalCriticalCount: 5} @ http://localhost:3030/_next/static/chunks/04m2_next_dist_01d_w1-._.js:2431
[ 1401239ms] [LOG] [Fast Refresh] rebuilding @ http://localhost:3030/_next/static/chunks/04m2_next_dist_01d_w1-._.js:2431
[ 1401296ms] [LOG] [Fast Refresh] done in 157ms @ http://localhost:3030/_next/static/chunks/04m2_next_dist_01d_w1-._.js:2431
[ 1401627ms] [INFO] %c%s%c [setup-health] background: #e6e6e6;background: light-dark(rgba(0,0,0,0.1), rgba(255,255,255,0.25));color: #000000;color: light-dark(#000000, #ffffff);border-radius: 2px  Server   panel-layout {tenantId: cmrvvipw70000oyyo6123270j, userId: cmrvvipyc000aoyyodcu4tftb, score: 40, completedCount: 2, totalCriticalCount: 5} @ http://localhost:3030/_next/static/chunks/04m2_next_dist_01d_w1-._.js:2431
[ 1401654ms] [LOG] [Fast Refresh] rebuilding @ http://localhost:3030/_next/static/chunks/04m2_next_dist_01d_w1-._.js:2431
[ 1401704ms] [LOG] [Fast Refresh] done in 152ms @ http://localhost:3030/_next/static/chunks/04m2_next_dist_01d_w1-._.js:2431
[ 1402000ms] [INFO] %c%s%c [setup-health] background: #e6e6e6;background: light-dark(rgba(0,0,0,0.1), rgba(255,255,255,0.25));color: #000000;color: light-dark(#000000, #ffffff);border-radius: 2px  Server   panel-layout {tenantId: cmrvvipw70000oyyo6123270j, userId: cmrvvipyc000aoyyodcu4tftb, score: 40, completedCount: 2, totalCriticalCount: 5} @ http://localhost:3030/_next/static/chunks/04m2_next_dist_01d_w1-._.js:2431
[ 1402039ms] [LOG] [Fast Refresh] rebuilding @ http://localhost:3030/_next/static/chunks/04m2_next_dist_01d_w1-._.js:2431
[ 1402090ms] [LOG] [Fast Refresh] done in 153ms @ http://localhost:3030/_next/static/chunks/04m2_next_dist_01d_w1-._.js:2431
[ 1402469ms] [INFO] %c%s%c [setup-health] background: #e6e6e6;background: light-dark(rgba(0,0,0,0.1), rgba(255,255,255,0.25));color: #000000;color: light-dark(#000000, #ffffff);border-radius: 2px  Server   panel-layout {tenantId: cmrvvipw70000oyyo6123270j, userId: cmrvvipyc000aoyyodcu4tftb, score: 40, completedCount: 2, totalCriticalCount: 5} @ http://localhost:3030/_next/static/chunks/04m2_next_dist_01d_w1-._.js:2431
[ 1402480ms] [LOG] [Fast Refresh] rebuilding @ http://localhost:3030/_next/static/chunks/04m2_next_dist_01d_w1-._.js:2431
[ 1402554ms] [LOG] [Fast Refresh] done in 175ms @ http://localhost:3030/_next/static/chunks/04m2_next_dist_01d_w1-._.js:2431
[ 1402847ms] [INFO] %c%s%c [setup-health] background: #e6e6e6;background: light-dark(rgba(0,0,0,0.1), rgba(255,255,255,0.25));color: #000000;color: light-dark(#000000, #ffffff);border-radius: 2px  Server   panel-layout {tenantId: cmrvvipw70000oyyo6123270j, userId: cmrvvipyc000aoyyodcu4tftb, score: 40, completedCount: 2, totalCriticalCount: 5} @ http://localhost:3030/_next/static/chunks/04m2_next_dist_01d_w1-._.js:2431
[ 1402905ms] [LOG] [Fast Refresh] rebuilding @ http://localhost:3030/_next/static/chunks/04m2_next_dist_01d_w1-._.js:2431
[ 1402920ms] [LOG] [Fast Refresh] done in 128ms @ http://localhost:3030/_next/static/chunks/04m2_next_dist_01d_w1-._.js:2431
[ 1403205ms] [INFO] %c%s%c [setup-health] background: #e6e6e6;background: light-dark(rgba(0,0,0,0.1), rgba(255,255,255,0.25));color: #000000;color: light-dark(#000000, #ffffff);border-radius: 2px  Server   panel-layout {tenantId: cmrvvipw70000oyyo6123270j, userId: cmrvvipyc000aoyyodcu4tftb, score: 40, completedCount: 2, totalCriticalCount: 5} @ http://localhost:3030/_next/static/chunks/04m2_next_dist_01d_w1-._.js:2431
[ 1403246ms] [LOG] [Fast Refresh] rebuilding @ http://localhost:3030/_next/static/chunks/04m2_next_dist_01d_w1-._.js:2431
[ 1403270ms] [LOG] [Fast Refresh] done in 130ms @ http://localhost:3030/_next/static/chunks/04m2_next_dist_01d_w1-._.js:2431
[ 1403603ms] [INFO] %c%s%c [setup-health] background: #e6e6e6;background: light-dark(rgba(0,0,0,0.1), rgba(255,255,255,0.25));color: #000000;color: light-dark(#000000, #ffffff);border-radius: 2px  Server   panel-layout {tenantId: cmrvvipw70000oyyo6123270j, userId: cmrvvipyc000aoyyodcu4tftb, score: 40, completedCount: 2, totalCriticalCount: 5} @ http://localhost:3030/_next/static/chunks/04m2_next_dist_01d_w1-._.js:2431
[ 1403638ms] [LOG] [Fast Refresh] rebuilding @ http://localhost:3030/_next/static/chunks/04m2_next_dist_01d_w1-._.js:2431
[ 1403708ms] [LOG] [Fast Refresh] done in 170ms @ http://localhost:3030/_next/static/chunks/04m2_next_dist_01d_w1-._.js:2431
[ 1404068ms] [INFO] %c%s%c [setup-health] background: #e6e6e6;background: light-dark(rgba(0,0,0,0.1), rgba(255,255,255,0.25));color: #000000;color: light-dark(#000000, #ffffff);border-radius: 2px  Server   panel-layout {tenantId: cmrvvipw70000oyyo6123270j, userId: cmrvvipyc000aoyyodcu4tftb, score: 40, completedCount: 2, totalCriticalCount: 5} @ http://localhost:3030/_next/static/chunks/04m2_next_dist_01d_w1-._.js:2431
[ 1404106ms] [LOG] [Fast Refresh] rebuilding @ http://localhost:3030/_next/static/chunks/04m2_next_dist_01d_w1-._.js:2431
[ 1404140ms] [LOG] [Fast Refresh] done in 135ms @ http://localhost:3030/_next/static/chunks/04m2_next_dist_01d_w1-._.js:2431
[ 1404395ms] [INFO] %c%s%c [setup-health] background: #e6e6e6;background: light-dark(rgba(0,0,0,0.1), rgba(255,255,255,0.25));color: #000000;color: light-dark(#000000, #ffffff);border-radius: 2px  Server   panel-layout {tenantId: cmrvvipw70000oyyo6123270j, userId: cmrvvipyc000aoyyodcu4tftb, score: 40, completedCount: 2, totalCriticalCount: 5} @ http://localhost:3030/_next/static/chunks/04m2_next_dist_01d_w1-._.js:2431
[ 1404438ms] [LOG] [Fast Refresh] rebuilding @ http://localhost:3030/_next/static/chunks/04m2_next_dist_01d_w1-._.js:2431
[ 1404466ms] [LOG] [Fast Refresh] done in 131ms @ http://localhost:3030/_next/static/chunks/04m2_next_dist_01d_w1-._.js:2431
[ 1404746ms] [INFO] %c%s%c [setup-health] background: #e6e6e6;background: light-dark(rgba(0,0,0,0.1), rgba(255,255,255,0.25));color: #000000;color: light-dark(#000000, #ffffff);border-radius: 2px  Server   panel-layout {tenantId: cmrvvipw70000oyyo6123270j, userId: cmrvvipyc000aoyyodcu4tftb, score: 40, completedCount: 2, totalCriticalCount: 5} @ http://localhost:3030/_next/static/chunks/04m2_next_dist_01d_w1-._.js:2431
[ 1404786ms] [LOG] [Fast Refresh] rebuilding @ http://localhost:3030/_next/static/chunks/04m2_next_dist_01d_w1-._.js:2431
[ 1404842ms] [LOG] [Fast Refresh] done in 159ms @ http://localhost:3030/_next/static/chunks/04m2_next_dist_01d_w1-._.js:2431
[ 1405061ms] [INFO] %c%s%c [setup-health] background: #e6e6e6;background: light-dark(rgba(0,0,0,0.1), rgba(255,255,255,0.25));color: #000000;color: light-dark(#000000, #ffffff);border-radius: 2px  Server   panel-layout {tenantId: cmrvvipw70000oyyo6123270j, userId: cmrvvipyc000aoyyodcu4tftb, score: 40, completedCount: 2, totalCriticalCount: 5} @ http://localhost:3030/_next/static/chunks/04m2_next_dist_01d_w1-._.js:2431
[ 1405118ms] [LOG] [Fast Refresh] rebuilding @ http://localhost:3030/_next/static/chunks/04m2_next_dist_01d_w1-._.js:2431
[ 1405133ms] [LOG] [Fast Refresh] done in 119ms @ http://localhost:3030/_next/static/chunks/04m2_next_dist_01d_w1-._.js:2431
[ 1405368ms] [INFO] %c%s%c [setup-health] background: #e6e6e6;background: light-dark(rgba(0,0,0,0.1), rgba(255,255,255,0.25));color: #000000;color: light-dark(#000000, #ffffff);border-radius: 2px  Server   panel-layout {tenantId: cmrvvipw70000oyyo6123270j, userId: cmrvvipyc000aoyyodcu4tftb, score: 40, completedCount: 2, totalCriticalCount: 5} @ http://localhost:3030/_next/static/chunks/04m2_next_dist_01d_w1-._.js:2431
[ 1405424ms] [LOG] [Fast Refresh] rebuilding @ http://localhost:3030/_next/static/chunks/04m2_next_dist_01d_w1-._.js:2431
[ 1405434ms] [LOG] [Fast Refresh] done in 112ms @ http://localhost:3030/_next/static/chunks/04m2_next_dist_01d_w1-._.js:2431
[ 1405659ms] [INFO] %c%s%c [setup-health] background: #e6e6e6;background: light-dark(rgba(0,0,0,0.1), rgba(255,255,255,0.25));color: #000000;color: light-dark(#000000, #ffffff);border-radius: 2px  Server   panel-layout {tenantId: cmrvvipw70000oyyo6123270j, userId: cmrvvipyc000aoyyodcu4tftb, score: 40, completedCount: 2, totalCriticalCount: 5} @ http://localhost:3030/_next/static/chunks/04m2_next_dist_01d_w1-._.js:2431
[ 1405708ms] [LOG] [Fast Refresh] rebuilding @ http://localhost:3030/_next/static/chunks/04m2_next_dist_01d_w1-._.js:2431
[ 1405709ms] [LOG] [Fast Refresh] done in 101ms @ http://localhost:3030/_next/static/chunks/04m2_next_dist_01d_w1-._.js:2431
[ 1405935ms] [INFO] %c%s%c [setup-health] background: #e6e6e6;background: light-dark(rgba(0,0,0,0.1), rgba(255,255,255,0.25));color: #000000;color: light-dark(#000000, #ffffff);border-radius: 2px  Server   panel-layout {tenantId: cmrvvipw70000oyyo6123270j, userId: cmrvvipyc000aoyyodcu4tftb, score: 40, completedCount: 2, totalCriticalCount: 5} @ http://localhost:3030/_next/static/chunks/04m2_next_dist_01d_w1-._.js:2431
[ 1405986ms] [LOG] [Fast Refresh] rebuilding @ http://localhost:3030/_next/static/chunks/04m2_next_dist_01d_w1-._.js:2431
[ 1405999ms] [LOG] [Fast Refresh] done in 114ms @ http://localhost:3030/_next/static/chunks/04m2_next_dist_01d_w1-._.js:2431
[ 1406269ms] [INFO] %c%s%c [setup-health] background: #e6e6e6;background: light-dark(rgba(0,0,0,0.1), rgba(255,255,255,0.25));color: #000000;color: light-dark(#000000, #ffffff);border-radius: 2px  Server   panel-layout {tenantId: cmrvvipw70000oyyo6123270j, userId: cmrvvipyc000aoyyodcu4tftb, score: 40, completedCount: 2, totalCriticalCount: 5} @ http://localhost:3030/_next/static/chunks/04m2_next_dist_01d_w1-._.js:2431
[ 1406296ms] [LOG] [Fast Refresh] rebuilding @ http://localhost:3030/_next/static/chunks/04m2_next_dist_01d_w1-._.js:2431
[ 1406337ms] [LOG] [Fast Refresh] done in 142ms @ http://localhost:3030/_next/static/chunks/04m2_next_dist_01d_w1-._.js:2431
[ 1406604ms] [INFO] %c%s%c [setup-health] background: #e6e6e6;background: light-dark(rgba(0,0,0,0.1), rgba(255,255,255,0.25));color: #000000;color: light-dark(#000000, #ffffff);border-radius: 2px  Server   panel-layout {tenantId: cmrvvipw70000oyyo6123270j, userId: cmrvvipyc000aoyyodcu4tftb, score: 40, completedCount: 2, totalCriticalCount: 5} @ http://localhost:3030/_next/static/chunks/04m2_next_dist_01d_w1-._.js:2431
[ 1406652ms] [LOG] [Fast Refresh] rebuilding @ http://localhost:3030/_next/static/chunks/04m2_next_dist_01d_w1-._.js:2431
[ 1406668ms] [LOG] [Fast Refresh] done in 119ms @ http://localhost:3030/_next/static/chunks/04m2_next_dist_01d_w1-._.js:2431
[ 1406926ms] [INFO] %c%s%c [setup-health] background: #e6e6e6;background: light-dark(rgba(0,0,0,0.1), rgba(255,255,255,0.25));color: #000000;color: light-dark(#000000, #ffffff);border-radius: 2px  Server   panel-layout {tenantId: cmrvvipw70000oyyo6123270j, userId: cmrvvipyc000aoyyodcu4tftb, score: 40, completedCount: 2, totalCriticalCount: 5} @ http://localhost:3030/_next/static/chunks/04m2_next_dist_01d_w1-._.js:2431
[ 1406972ms] [LOG] [Fast Refresh] rebuilding @ http://localhost:3030/_next/static/chunks/04m2_next_dist_01d_w1-._.js:2431
[ 1407004ms] [LOG] [Fast Refresh] done in 134ms @ http://localhost:3030/_next/static/chunks/04m2_next_dist_01d_w1-._.js:2431
[ 1407261ms] [INFO] %c%s%c [setup-health] background: #e6e6e6;background: light-dark(rgba(0,0,0,0.1), rgba(255,255,255,0.25));color: #000000;color: light-dark(#000000, #ffffff);border-radius: 2px  Server   panel-layout {tenantId: cmrvvipw70000oyyo6123270j, userId: cmrvvipyc000aoyyodcu4tftb, score: 40, completedCount: 2, totalCriticalCount: 5} @ http://localhost:3030/_next/static/chunks/04m2_next_dist_01d_w1-._.js:2431
[ 1407306ms] [LOG] [Fast Refresh] rebuilding @ http://localhost:3030/_next/static/chunks/04m2_next_dist_01d_w1-._.js:2431
[ 1407374ms] [LOG] [Fast Refresh] done in 171ms @ http://localhost:3030/_next/static/chunks/04m2_next_dist_01d_w1-._.js:2431
[ 1407685ms] [INFO] %c%s%c [setup-health] background: #e6e6e6;background: light-dark(rgba(0,0,0,0.1), rgba(255,255,255,0.25));color: #000000;color: light-dark(#000000, #ffffff);border-radius: 2px  Server   panel-layout {tenantId: cmrvvipw70000oyyo6123270j, userId: cmrvvipyc000aoyyodcu4tftb, score: 40, completedCount: 2, totalCriticalCount: 5} @ http://localhost:3030/_next/static/chunks/04m2_next_dist_01d_w1-._.js:2431
[ 1407706ms] [LOG] [Fast Refresh] rebuilding @ http://localhost:3030/_next/static/chunks/04m2_next_dist_01d_w1-._.js:2431
[ 1407788ms] [LOG] [Fast Refresh] done in 183ms @ http://localhost:3030/_next/static/chunks/04m2_next_dist_01d_w1-._.js:2431
[ 1408110ms] [INFO] %c%s%c [setup-health] background: #e6e6e6;background: light-dark(rgba(0,0,0,0.1), rgba(255,255,255,0.25));color: #000000;color: light-dark(#000000, #ffffff);border-radius: 2px  Server   panel-layout {tenantId: cmrvvipw70000oyyo6123270j, userId: cmrvvipyc000aoyyodcu4tftb, score: 40, completedCount: 2, totalCriticalCount: 5} @ http://localhost:3030/_next/static/chunks/04m2_next_dist_01d_w1-._.js:2431
[ 1408145ms] [LOG] [Fast Refresh] rebuilding @ http://localhost:3030/_next/static/chunks/04m2_next_dist_01d_w1-._.js:2431
[ 1408174ms] [LOG] [Fast Refresh] done in 131ms @ http://localhost:3030/_next/static/chunks/04m2_next_dist_01d_w1-._.js:2431
[ 1408459ms] [INFO] %c%s%c [setup-health] background: #e6e6e6;background: light-dark(rgba(0,0,0,0.1), rgba(255,255,255,0.25));color: #000000;color: light-dark(#000000, #ffffff);border-radius: 2px  Server   panel-layout {tenantId: cmrvvipw70000oyyo6123270j, userId: cmrvvipyc000aoyyodcu4tftb, score: 40, completedCount: 2, totalCriticalCount: 5} @ http://localhost:3030/_next/static/chunks/04m2_next_dist_01d_w1-._.js:2431
[ 1408480ms] [LOG] [Fast Refresh] rebuilding @ http://localhost:3030/_next/static/chunks/04m2_next_dist_01d_w1-._.js:2431
[ 1408529ms] [LOG] [Fast Refresh] done in 151ms @ http://localhost:3030/_next/static/chunks/04m2_next_dist_01d_w1-._.js:2431
[ 1408818ms] [INFO] %c%s%c [setup-health] background: #e6e6e6;background: light-dark(rgba(0,0,0,0.1), rgba(255,255,255,0.25));color: #000000;color: light-dark(#000000, #ffffff);border-radius: 2px  Server   panel-layout {tenantId: cmrvvipw70000oyyo6123270j, userId: cmrvvipyc000aoyyodcu4tftb, score: 40, completedCount: 2, totalCriticalCount: 5} @ http://localhost:3030/_next/static/chunks/04m2_next_dist_01d_w1-._.js:2431
[ 1408866ms] [LOG] [Fast Refresh] rebuilding @ http://localhost:3030/_next/static/chunks/04m2_next_dist_01d_w1-._.js:2431
[ 1408896ms] [LOG] [Fast Refresh] done in 134ms @ http://localhost:3030/_next/static/chunks/04m2_next_dist_01d_w1-._.js:2431
[ 1409065ms] [LOG] [Fast Refresh] rebuilding @ http://localhost:3030/_next/static/chunks/04m2_next_dist_01d_w1-._.js:2431
[ 1409075ms] [LOG] [Fast Refresh] done in 111ms @ http://localhost:3030/_next/static/chunks/04m2_next_dist_01d_w1-._.js:2431
[ 1409275ms] [INFO] %c%s%c [setup-health] background: #e6e6e6;background: light-dark(rgba(0,0,0,0.1), rgba(255,255,255,0.25));color: #000000;color: light-dark(#000000, #ffffff);border-radius: 2px  Server   panel-layout {tenantId: cmrvvipw70000oyyo6123270j, userId: cmrvvipyc000aoyyodcu4tftb, score: 40, completedCount: 2, totalCriticalCount: 5} @ http://localhost:3030/_next/static/chunks/04m2_next_dist_01d_w1-._.js:2431
[ 1409306ms] [LOG] [Fast Refresh] rebuilding @ http://localhost:3030/_next/static/chunks/04m2_next_dist_01d_w1-._.js:2431
[ 1409355ms] [LOG] [Fast Refresh] done in 162ms @ http://localhost:3030/_next/static/chunks/04m2_next_dist_01d_w1-._.js:2431
[ 1409714ms] [INFO] %c%s%c [setup-health] background: #e6e6e6;background: light-dark(rgba(0,0,0,0.1), rgba(255,255,255,0.25));color: #000000;color: light-dark(#000000, #ffffff);border-radius: 2px  Server   panel-layout {tenantId: cmrvvipw70000oyyo6123270j, userId: cmrvvipyc000aoyyodcu4tftb, score: 40, completedCount: 2, totalCriticalCount: 5} @ http://localhost:3030/_next/static/chunks/04m2_next_dist_01d_w1-._.js:2431
[ 1409748ms] [LOG] [Fast Refresh] rebuilding @ http://localhost:3030/_next/static/chunks/04m2_next_dist_01d_w1-._.js:2431
[ 1409831ms] [LOG] [Fast Refresh] done in 187ms @ http://localhost:3030/_next/static/chunks/04m2_next_dist_01d_w1-._.js:2431
[ 1409933ms] [LOG] [Fast Refresh] rebuilding @ http://localhost:3030/_next/static/chunks/04m2_next_dist_01d_w1-._.js:2431
[ 1410178ms] [INFO] %c%s%c [setup-health] background: #e6e6e6;background: light-dark(rgba(0,0,0,0.1), rgba(255,255,255,0.25));color: #000000;color: light-dark(#000000, #ffffff);border-radius: 2px  Server   panel-layout {tenantId: cmrvvipw70000oyyo6123270j, userId: cmrvvipyc000aoyyodcu4tftb, score: 40, completedCount: 2, totalCriticalCount: 5} @ http://localhost:3030/_next/static/chunks/04m2_next_dist_01d_w1-._.js:2431
[ 1411591ms] [LOG] [Fast Refresh] done in 1755ms @ http://localhost:3030/_next/static/chunks/04m2_next_dist_01d_w1-._.js:2431
[ 1411743ms] [LOG] [Fast Refresh] rebuilding @ http://localhost:3030/_next/static/chunks/04m2_next_dist_01d_w1-._.js:2431
[ 1411817ms] [LOG] [Fast Refresh] done in 174ms @ http://localhost:3030/_next/static/chunks/04m2_next_dist_01d_w1-._.js:2431
[ 1411977ms] [LOG] [Fast Refresh] rebuilding @ http://localhost:3030/_next/static/chunks/04m2_next_dist_01d_w1-._.js:2431
[ 1412296ms] [LOG] [Fast Refresh] done in 421ms @ http://localhost:3030/_next/static/chunks/04m2_next_dist_01d_w1-._.js:2431
[ 1412298ms] [INFO] %c%s%c [setup-health] background: #e6e6e6;background: light-dark(rgba(0,0,0,0.1), rgba(255,255,255,0.25));color: #000000;color: light-dark(#000000, #ffffff);border-radius: 2px  Server   panel-layout {tenantId: cmrvvipw70000oyyo6123270j, userId: cmrvvipyc000aoyyodcu4tftb, score: 40, completedCount: 2, totalCriticalCount: 5} @ http://localhost:3030/_next/static/chunks/04m2_next_dist_01d_w1-._.js:2431
[ 1412928ms] [INFO] %c%s%c [setup-health] background: #e6e6e6;background: light-dark(rgba(0,0,0,0.1), rgba(255,255,255,0.25));color: #000000;color: light-dark(#000000, #ffffff);border-radius: 2px  Server   panel-layout {tenantId: cmrvvipw70000oyyo6123270j, userId: cmrvvipyc000aoyyodcu4tftb, score: 40, completedCount: 2, totalCriticalCount: 5} @ http://localhost:3030/_next/static/chunks/04m2_next_dist_01d_w1-._.js:2431
[ 1413086ms] [LOG] [Fast Refresh] rebuilding @ http://localhost:3030/_next/static/chunks/04m2_next_dist_01d_w1-._.js:2431
[ 1413088ms] [LOG] [Fast Refresh] done in 105ms @ http://localhost:3030/_next/static/chunks/04m2_next_dist_01d_w1-._.js:2431
[ 1413482ms] [INFO] %c%s%c [setup-health] background: #e6e6e6;background: light-dark(rgba(0,0,0,0.1), rgba(255,255,255,0.25));color: #000000;color: light-dark(#000000, #ffffff);border-radius: 2px  Server   panel-layout {tenantId: cmrvvipw70000oyyo6123270j, userId: cmrvvipyc000aoyyodcu4tftb, score: 40, completedCount: 2, totalCriticalCount: 5} @ http://localhost:3030/_next/static/chunks/04m2_next_dist_01d_w1-._.js:2431
[ 1413536ms] [LOG] [Fast Refresh] rebuilding @ http://localhost:3030/_next/static/chunks/04m2_next_dist_01d_w1-._.js:2431
[ 1413571ms] [LOG] [Fast Refresh] done in 138ms @ http://localhost:3030/_next/static/chunks/04m2_next_dist_01d_w1-._.js:2431
[ 1413948ms] [INFO] %c%s%c [setup-health] background: #e6e6e6;background: light-dark(rgba(0,0,0,0.1), rgba(255,255,255,0.25));color: #000000;color: light-dark(#000000, #ffffff);border-radius: 2px  Server   panel-layout {tenantId: cmrvvipw70000oyyo6123270j, userId: cmrvvipyc000aoyyodcu4tftb, score: 40, completedCount: 2, totalCriticalCount: 5} @ http://localhost:3030/_next/static/chunks/04m2_next_dist_01d_w1-._.js:2431
[ 1413975ms] [LOG] [Fast Refresh] rebuilding @ http://localhost:3030/_next/static/chunks/04m2_next_dist_01d_w1-._.js:2431
[ 1414018ms] [LOG] [Fast Refresh] done in 143ms @ http://localhost:3030/_next/static/chunks/04m2_next_dist_01d_w1-._.js:2431
[ 1414416ms] [LOG] [Fast Refresh] rebuilding @ http://localhost:3030/_next/static/chunks/04m2_next_dist_01d_w1-._.js:2431
[ 1414418ms] [INFO] %c%s%c [setup-health] background: #e6e6e6;background: light-dark(rgba(0,0,0,0.1), rgba(255,255,255,0.25));color: #000000;color: light-dark(#000000, #ffffff);border-radius: 2px  Server   panel-layout {tenantId: cmrvvipw70000oyyo6123270j, userId: cmrvvipyc000aoyyodcu4tftb, score: 40, completedCount: 2, totalCriticalCount: 5} @ http://localhost:3030/_next/static/chunks/04m2_next_dist_01d_w1-._.js:2431
[ 1414514ms] [LOG] [Fast Refresh] done in 202ms @ http://localhost:3030/_next/static/chunks/04m2_next_dist_01d_w1-._.js:2431
[ 1414821ms] [INFO] %c%s%c [setup-health] background: #e6e6e6;background: light-dark(rgba(0,0,0,0.1), rgba(255,255,255,0.25));color: #000000;color: light-dark(#000000, #ffffff);border-radius: 2px  Server   panel-layout {tenantId: cmrvvipw70000oyyo6123270j, userId: cmrvvipyc000aoyyodcu4tftb, score: 40, completedCount: 2, totalCriticalCount: 5} @ http://localhost:3030/_next/static/chunks/04m2_next_dist_01d_w1-._.js:2431
[ 1414857ms] [LOG] [Fast Refresh] rebuilding @ http://localhost:3030/_next/static/chunks/04m2_next_dist_01d_w1-._.js:2431
[ 1414937ms] [LOG] [Fast Refresh] done in 180ms @ http://localhost:3030/_next/static/chunks/04m2_next_dist_01d_w1-._.js:2431
[ 1415293ms] [INFO] %c%s%c [setup-health] background: #e6e6e6;background: light-dark(rgba(0,0,0,0.1), rgba(255,255,255,0.25));color: #000000;color: light-dark(#000000, #ffffff);border-radius: 2px  Server   panel-layout {tenantId: cmrvvipw70000oyyo6123270j, userId: cmrvvipyc000aoyyodcu4tftb, score: 40, completedCount: 2, totalCriticalCount: 5} @ http://localhost:3030/_next/static/chunks/04m2_next_dist_01d_w1-._.js:2431
[ 1415310ms] [LOG] [Fast Refresh] rebuilding @ http://localhost:3030/_next/static/chunks/04m2_next_dist_01d_w1-._.js:2431
[ 1415396ms] [LOG] [Fast Refresh] done in 187ms @ http://localhost:3030/_next/static/chunks/04m2_next_dist_01d_w1-._.js:2431
[ 1415784ms] [INFO] %c%s%c [setup-health] background: #e6e6e6;background: light-dark(rgba(0,0,0,0.1), rgba(255,255,255,0.25));color: #000000;color: light-dark(#000000, #ffffff);border-radius: 2px  Server   panel-layout {tenantId: cmrvvipw70000oyyo6123270j, userId: cmrvvipyc000aoyyodcu4tftb, score: 40, completedCount: 2, totalCriticalCount: 5} @ http://localhost:3030/_next/static/chunks/04m2_next_dist_01d_w1-._.js:2431
[ 1415815ms] [LOG] [Fast Refresh] rebuilding @ http://localhost:3030/_next/static/chunks/04m2_next_dist_01d_w1-._.js:2431
[ 1415862ms] [LOG] [Fast Refresh] done in 150ms @ http://localhost:3030/_next/static/chunks/04m2_next_dist_01d_w1-._.js:2431
[ 1416137ms] [INFO] %c%s%c [setup-health] background: #e6e6e6;background: light-dark(rgba(0,0,0,0.1), rgba(255,255,255,0.25));color: #000000;color: light-dark(#000000, #ffffff);border-radius: 2px  Server   panel-layout {tenantId: cmrvvipw70000oyyo6123270j, userId: cmrvvipyc000aoyyodcu4tftb, score: 40, completedCount: 2, totalCriticalCount: 5} @ http://localhost:3030/_next/static/chunks/04m2_next_dist_01d_w1-._.js:2431
[ 1416175ms] [LOG] [Fast Refresh] rebuilding @ http://localhost:3030/_next/static/chunks/04m2_next_dist_01d_w1-._.js:2431
[ 1416209ms] [LOG] [Fast Refresh] done in 137ms @ http://localhost:3030/_next/static/chunks/04m2_next_dist_01d_w1-._.js:2431
[ 1416496ms] [INFO] %c%s%c [setup-health] background: #e6e6e6;background: light-dark(rgba(0,0,0,0.1), rgba(255,255,255,0.25));color: #000000;color: light-dark(#000000, #ffffff);border-radius: 2px  Server   panel-layout {tenantId: cmrvvipw70000oyyo6123270j, userId: cmrvvipyc000aoyyodcu4tftb, score: 40, completedCount: 2, totalCriticalCount: 5} @ http://localhost:3030/_next/static/chunks/04m2_next_dist_01d_w1-._.js:2431
[ 1416522ms] [LOG] [Fast Refresh] rebuilding @ http://localhost:3030/_next/static/chunks/04m2_next_dist_01d_w1-._.js:2431
[ 1416577ms] [LOG] [Fast Refresh] done in 158ms @ http://localhost:3030/_next/static/chunks/04m2_next_dist_01d_w1-._.js:2431
[ 1416941ms] [INFO] %c%s%c [setup-health] background: #e6e6e6;background: light-dark(rgba(0,0,0,0.1), rgba(255,255,255,0.25));color: #000000;color: light-dark(#000000, #ffffff);border-radius: 2px  Server   panel-layout {tenantId: cmrvvipw70000oyyo6123270j, userId: cmrvvipyc000aoyyodcu4tftb, score: 40, completedCount: 2, totalCriticalCount: 5} @ http://localhost:3030/_next/static/chunks/04m2_next_dist_01d_w1-._.js:2431
[ 1416949ms] [LOG] [Fast Refresh] rebuilding @ http://localhost:3030/_next/static/chunks/04m2_next_dist_01d_w1-._.js:2431
[ 1417043ms] [LOG] [Fast Refresh] done in 194ms @ http://localhost:3030/_next/static/chunks/04m2_next_dist_01d_w1-._.js:2431
[ 1417380ms] [INFO] %c%s%c [setup-health] background: #e6e6e6;background: light-dark(rgba(0,0,0,0.1), rgba(255,255,255,0.25));color: #000000;color: light-dark(#000000, #ffffff);border-radius: 2px  Server   panel-layout {tenantId: cmrvvipw70000oyyo6123270j, userId: cmrvvipyc000aoyyodcu4tftb, score: 40, completedCount: 2, totalCriticalCount: 5} @ http://localhost:3030/_next/static/chunks/04m2_next_dist_01d_w1-._.js:2431
[ 1417403ms] [LOG] [Fast Refresh] rebuilding @ http://localhost:3030/_next/static/chunks/04m2_next_dist_01d_w1-._.js:2431
[ 1417466ms] [LOG] [Fast Refresh] done in 169ms @ http://localhost:3030/_next/static/chunks/04m2_next_dist_01d_w1-._.js:2431
[ 1417848ms] [LOG] [Fast Refresh] rebuilding @ http://localhost:3030/_next/static/chunks/04m2_next_dist_01d_w1-._.js:2431
[ 1417870ms] [INFO] %c%s%c [setup-health] background: #e6e6e6;background: light-dark(rgba(0,0,0,0.1), rgba(255,255,255,0.25));color: #000000;color: light-dark(#000000, #ffffff);border-radius: 2px  Server   panel-layout {tenantId: cmrvvipw70000oyyo6123270j, userId: cmrvvipyc000aoyyodcu4tftb, score: 40, completedCount: 2, totalCriticalCount: 5} @ http://localhost:3030/_next/static/chunks/04m2_next_dist_01d_w1-._.js:2431
[ 1417938ms] [LOG] [Fast Refresh] done in 191ms @ http://localhost:3030/_next/static/chunks/04m2_next_dist_01d_w1-._.js:2431
[ 1418296ms] [LOG] [Fast Refresh] rebuilding @ http://localhost:3030/_next/static/chunks/04m2_next_dist_01d_w1-._.js:2431
[ 1418303ms] [INFO] %c%s%c [setup-health] background: #e6e6e6;background: light-dark(rgba(0,0,0,0.1), rgba(255,255,255,0.25));color: #000000;color: light-dark(#000000, #ffffff);border-radius: 2px  Server   panel-layout {tenantId: cmrvvipw70000oyyo6123270j, userId: cmrvvipyc000aoyyodcu4tftb, score: 40, completedCount: 2, totalCriticalCount: 5} @ http://localhost:3030/_next/static/chunks/04m2_next_dist_01d_w1-._.js:2431
[ 1418591ms] [LOG] [Fast Refresh] done in 398ms @ http://localhost:3030/_next/static/chunks/04m2_next_dist_01d_w1-._.js:2431
[ 1418788ms] [LOG] [Fast Refresh] rebuilding @ http://localhost:3030/_next/static/chunks/04m2_next_dist_01d_w1-._.js:2431
[ 1418847ms] [LOG] [Fast Refresh] done in 162ms @ http://localhost:3030/_next/static/chunks/04m2_next_dist_01d_w1-._.js:2431
[ 1418904ms] [INFO] %c%s%c [setup-health] background: #e6e6e6;background: light-dark(rgba(0,0,0,0.1), rgba(255,255,255,0.25));color: #000000;color: light-dark(#000000, #ffffff);border-radius: 2px  Server   panel-layout {tenantId: cmrvvipw70000oyyo6123270j, userId: cmrvvipyc000aoyyodcu4tftb, score: 40, completedCount: 2, totalCriticalCount: 5} @ http://localhost:3030/_next/static/chunks/04m2_next_dist_01d_w1-._.js:2431
[ 1419277ms] [INFO] %c%s%c [setup-health] background: #e6e6e6;background: light-dark(rgba(0,0,0,0.1), rgba(255,255,255,0.25));color: #000000;color: light-dark(#000000, #ffffff);border-radius: 2px  Server   panel-layout {tenantId: cmrvvipw70000oyyo6123270j, userId: cmrvvipyc000aoyyodcu4tftb, score: 40, completedCount: 2, totalCriticalCount: 5} @ http://localhost:3030/_next/static/chunks/04m2_next_dist_01d_w1-._.js:2431
[ 1419658ms] [LOG] [Fast Refresh] rebuilding @ http://localhost:3030/_next/static/chunks/04m2_next_dist_01d_w1-._.js:2431
[ 1419671ms] [INFO] %c%s%c [setup-health] background: #e6e6e6;background: light-dark(rgba(0,0,0,0.1), rgba(255,255,255,0.25));color: #000000;color: light-dark(#000000, #ffffff);border-radius: 2px  Server   panel-layout {tenantId: cmrvvipw70000oyyo6123270j, userId: cmrvvipyc000aoyyodcu4tftb, score: 40, completedCount: 2, totalCriticalCount: 5} @ http://localhost:3030/_next/static/chunks/04m2_next_dist_01d_w1-._.js:2431
[ 1419691ms] [LOG] [Fast Refresh] done in 133ms @ http://localhost:3030/_next/static/chunks/04m2_next_dist_01d_w1-._.js:2431
[ 1420051ms] [LOG] [Fast Refresh] rebuilding @ http://localhost:3030/_next/static/chunks/04m2_next_dist_01d_w1-._.js:2431
[ 1420055ms] [INFO] %c%s%c [setup-health] background: #e6e6e6;background: light-dark(rgba(0,0,0,0.1), rgba(255,255,255,0.25));color: #000000;color: light-dark(#000000, #ffffff);border-radius: 2px  Server   panel-layout {tenantId: cmrvvipw70000oyyo6123270j, userId: cmrvvipyc000aoyyodcu4tftb, score: 40, completedCount: 2, totalCriticalCount: 5} @ http://localhost:3030/_next/static/chunks/04m2_next_dist_01d_w1-._.js:2431
[ 1420072ms] [LOG] [Fast Refresh] done in 125ms @ http://localhost:3030/_next/static/chunks/04m2_next_dist_01d_w1-._.js:2431
[ 1420378ms] [LOG] [Fast Refresh] rebuilding @ http://localhost:3030/_next/static/chunks/04m2_next_dist_01d_w1-._.js:2431
[ 1420407ms] [INFO] %c%s%c [setup-health] background: #e6e6e6;background: light-dark(rgba(0,0,0,0.1), rgba(255,255,255,0.25));color: #000000;color: light-dark(#000000, #ffffff);border-radius: 2px  Server   panel-layout {tenantId: cmrvvipw70000oyyo6123270j, userId: cmrvvipyc000aoyyodcu4tftb, score: 40, completedCount: 2, totalCriticalCount: 5} @ http://localhost:3030/_next/static/chunks/04m2_next_dist_01d_w1-._.js:2431
[ 1420415ms] [LOG] [Fast Refresh] done in 137ms @ http://localhost:3030/_next/static/chunks/04m2_next_dist_01d_w1-._.js:2431
[ 1420590ms] [LOG] [Fast Refresh] rebuilding @ http://localhost:3030/_next/static/chunks/04m2_next_dist_01d_w1-._.js:2431
[ 1420601ms] [LOG] [Fast Refresh] done in 113ms @ http://localhost:3030/_next/static/chunks/04m2_next_dist_01d_w1-._.js:2431
[ 1420736ms] [LOG] [Fast Refresh] rebuilding @ http://localhost:3030/_next/static/chunks/04m2_next_dist_01d_w1-._.js:2431
[ 1420860ms] [INFO] %c%s%c [setup-health] background: #e6e6e6;background: light-dark(rgba(0,0,0,0.1), rgba(255,255,255,0.25));color: #000000;color: light-dark(#000000, #ffffff);border-radius: 2px  Server   panel-layout {tenantId: cmrvvipw70000oyyo6123270j, userId: cmrvvipyc000aoyyodcu4tftb, score: 40, completedCount: 2, totalCriticalCount: 5} @ http://localhost:3030/_next/static/chunks/04m2_next_dist_01d_w1-._.js:2431
[ 1421060ms] [LOG] [Fast Refresh] done in 428ms @ http://localhost:3030/_next/static/chunks/04m2_next_dist_01d_w1-._.js:2431
[ 1421484ms] [INFO] %c%s%c [setup-health] background: #e6e6e6;background: light-dark(rgba(0,0,0,0.1), rgba(255,255,255,0.25));color: #000000;color: light-dark(#000000, #ffffff);border-radius: 2px  Server   panel-layout {tenantId: cmrvvipw70000oyyo6123270j, userId: cmrvvipyc000aoyyodcu4tftb, score: 40, completedCount: 2, totalCriticalCount: 5} @ http://localhost:3030/_next/static/chunks/04m2_next_dist_01d_w1-._.js:2431
[ 1422234ms] [INFO] %c%s%c [setup-health] background: #e6e6e6;background: light-dark(rgba(0,0,0,0.1), rgba(255,255,255,0.25));color: #000000;color: light-dark(#000000, #ffffff);border-radius: 2px  Server   panel-layout {tenantId: cmrvvipw70000oyyo6123270j, userId: cmrvvipyc000aoyyodcu4tftb, score: 40, completedCount: 2, totalCriticalCount: 5} @ http://localhost:3030/_next/static/chunks/04m2_next_dist_01d_w1-._.js:2431
[ 1422274ms] [LOG] [Fast Refresh] rebuilding @ http://localhost:3030/_next/static/chunks/04m2_next_dist_01d_w1-._.js:2431
[ 1422278ms] [LOG] [Fast Refresh] done in 110ms @ http://localhost:3030/_next/static/chunks/04m2_next_dist_01d_w1-._.js:2431
[ 1422507ms] [INFO] %c%s%c [setup-health] background: #e6e6e6;background: light-dark(rgba(0,0,0,0.1), rgba(255,255,255,0.25));color: #000000;color: light-dark(#000000, #ffffff);border-radius: 2px  Server   panel-layout {tenantId: cmrvvipw70000oyyo6123270j, userId: cmrvvipyc000aoyyodcu4tftb, score: 40, completedCount: 2, totalCriticalCount: 5} @ http://localhost:3030/_next/static/chunks/04m2_next_dist_01d_w1-._.js:2431
[ 1422704ms] [INFO] %c%s%c [setup-health] background: #e6e6e6;background: light-dark(rgba(0,0,0,0.1), rgba(255,255,255,0.25));color: #000000;color: light-dark(#000000, #ffffff);border-radius: 2px  Server   panel-layout {tenantId: cmrvvipw70000oyyo6123270j, userId: cmrvvipyc000aoyyodcu4tftb, score: 40, completedCount: 2, totalCriticalCount: 5} @ http://localhost:3030/_next/static/chunks/04m2_next_dist_01d_w1-._.js:2431
[ 1422841ms] [LOG] [Fast Refresh] rebuilding @ http://localhost:3030/_next/static/chunks/04m2_next_dist_01d_w1-._.js:2431
[ 1422849ms] [LOG] [Fast Refresh] done in 108ms @ http://localhost:3030/_next/static/chunks/04m2_next_dist_01d_w1-._.js:2431
[ 1422855ms] [INFO] %c%s%c [setup-health] background: #e6e6e6;background: light-dark(rgba(0,0,0,0.1), rgba(255,255,255,0.25));color: #000000;color: light-dark(#000000, #ffffff);border-radius: 2px  Server   panel-layout {tenantId: cmrvvipw70000oyyo6123270j, userId: cmrvvipyc000aoyyodcu4tftb, score: 40, completedCount: 2, totalCriticalCount: 5} @ http://localhost:3030/_next/static/chunks/04m2_next_dist_01d_w1-._.js:2431
[ 1423008ms] [LOG] [Fast Refresh] rebuilding @ http://localhost:3030/_next/static/chunks/04m2_next_dist_01d_w1-._.js:2431
[ 1423092ms] [LOG] [Fast Refresh] done in 191ms @ http://localhost:3030/_next/static/chunks/04m2_next_dist_01d_w1-._.js:2431
[ 1423199ms] [LOG] [Fast Refresh] rebuilding @ http://localhost:3030/_next/static/chunks/04m2_next_dist_01d_w1-._.js:2431
[ 1423235ms] [LOG] [Fast Refresh] done in 142ms @ http://localhost:3030/_next/static/chunks/04m2_next_dist_01d_w1-._.js:2431
[ 1423276ms] [INFO] %c%s%c [setup-health] background: #e6e6e6;background: light-dark(rgba(0,0,0,0.1), rgba(255,255,255,0.25));color: #000000;color: light-dark(#000000, #ffffff);border-radius: 2px  Server   panel-layout {tenantId: cmrvvipw70000oyyo6123270j, userId: cmrvvipyc000aoyyodcu4tftb, score: 40, completedCount: 2, totalCriticalCount: 5} @ http://localhost:3030/_next/static/chunks/04m2_next_dist_01d_w1-._.js:2431
[ 1423351ms] [LOG] [Fast Refresh] rebuilding @ http://localhost:3030/_next/static/chunks/04m2_next_dist_01d_w1-._.js:2431
[ 1423370ms] [LOG] [Fast Refresh] done in 131ms @ http://localhost:3030/_next/static/chunks/04m2_next_dist_01d_w1-._.js:2431
[ 1423466ms] [INFO] %c%s%c [setup-health] background: #e6e6e6;background: light-dark(rgba(0,0,0,0.1), rgba(255,255,255,0.25));color: #000000;color: light-dark(#000000, #ffffff);border-radius: 2px  Server   panel-layout {tenantId: cmrvvipw70000oyyo6123270j, userId: cmrvvipyc000aoyyodcu4tftb, score: 40, completedCount: 2, totalCriticalCount: 5} @ http://localhost:3030/_next/static/chunks/04m2_next_dist_01d_w1-._.js:2431
[ 1424465ms] [INFO] %c%s%c [setup-health] background: #e6e6e6;background: light-dark(rgba(0,0,0,0.1), rgba(255,255,255,0.25));color: #000000;color: light-dark(#000000, #ffffff);border-radius: 2px  Server   panel-layout {tenantId: cmrvvipw70000oyyo6123270j, userId: cmrvvipyc000aoyyodcu4tftb, score: 40, completedCount: 2, totalCriticalCount: 5} @ http://localhost:3030/_next/static/chunks/04m2_next_dist_01d_w1-._.js:2431
[ 1424563ms] [INFO] %c%s%c [setup-health] background: #e6e6e6;background: light-dark(rgba(0,0,0,0.1), rgba(255,255,255,0.25));color: #000000;color: light-dark(#000000, #ffffff);border-radius: 2px  Server   panel-layout {tenantId: cmrvvipw70000oyyo6123270j, userId: cmrvvipyc000aoyyodcu4tftb, score: 40, completedCount: 2, totalCriticalCount: 5} @ http://localhost:3030/_next/static/chunks/04m2_next_dist_01d_w1-._.js:2431
[ 1424688ms] [INFO] %c%s%c [setup-health] background: #e6e6e6;background: light-dark(rgba(0,0,0,0.1), rgba(255,255,255,0.25));color: #000000;color: light-dark(#000000, #ffffff);border-radius: 2px  Server   panel-layout {tenantId: cmrvvipw70000oyyo6123270j, userId: cmrvvipyc000aoyyodcu4tftb, score: 40, completedCount: 2, totalCriticalCount: 5} @ http://localhost:3030/_next/static/chunks/04m2_next_dist_01d_w1-._.js:2431
[ 1424801ms] [INFO] %c%s%c [setup-health] background: #e6e6e6;background: light-dark(rgba(0,0,0,0.1), rgba(255,255,255,0.25));color: #000000;color: light-dark(#000000, #ffffff);border-radius: 2px  Server   panel-layout {tenantId: cmrvvipw70000oyyo6123270j, userId: cmrvvipyc000aoyyodcu4tftb, score: 40, completedCount: 2, totalCriticalCount: 5} @ http://localhost:3030/_next/static/chunks/04m2_next_dist_01d_w1-._.js:2431
[ 1424931ms] [INFO] %c%s%c [setup-health] background: #e6e6e6;background: light-dark(rgba(0,0,0,0.1), rgba(255,255,255,0.25));color: #000000;color: light-dark(#000000, #ffffff);border-radius: 2px  Server   panel-layout {tenantId: cmrvvipw70000oyyo6123270j, userId: cmrvvipyc000aoyyodcu4tftb, score: 40, completedCount: 2, totalCriticalCount: 5} @ http://localhost:3030/_next/static/chunks/04m2_next_dist_01d_w1-._.js:2431
[ 1425066ms] [INFO] %c%s%c [setup-health] background: #e6e6e6;background: light-dark(rgba(0,0,0,0.1), rgba(255,255,255,0.25));color: #000000;color: light-dark(#000000, #ffffff);border-radius: 2px  Server   panel-layout {tenantId: cmrvvipw70000oyyo6123270j, userId: cmrvvipyc000aoyyodcu4tftb, score: 40, completedCount: 2, totalCriticalCount: 5} @ http://localhost:3030/_next/static/chunks/04m2_next_dist_01d_w1-._.js:2431
[ 1425139ms] [INFO] %c%s%c [setup-health] background: #e6e6e6;background: light-dark(rgba(0,0,0,0.1), rgba(255,255,255,0.25));color: #000000;color: light-dark(#000000, #ffffff);border-radius: 2px  Server   panel-layout {tenantId: cmrvvipw70000oyyo6123270j, userId: cmrvvipyc000aoyyodcu4tftb, score: 40, completedCount: 2, totalCriticalCount: 5} @ http://localhost:3030/_next/static/chunks/04m2_next_dist_01d_w1-._.js:2431
[ 1437925ms] [LOG] [Fast Refresh] rebuilding @ http://localhost:3030/_next/static/chunks/04m2_next_dist_01d_w1-._.js:2431
[ 1438566ms] [LOG] [Fast Refresh] done in 733ms @ http://localhost:3030/_next/static/chunks/04m2_next_dist_01d_w1-._.js:2431
[ 1438703ms] [LOG] [Fast Refresh] rebuilding @ http://localhost:3030/_next/static/chunks/04m2_next_dist_01d_w1-._.js:2431
[ 1438739ms] [LOG] [Fast Refresh] done in 140ms @ http://localhost:3030/_next/static/chunks/04m2_next_dist_01d_w1-._.js:2431
[ 1438849ms] [LOG] [Fast Refresh] rebuilding @ http://localhost:3030/_next/static/chunks/04m2_next_dist_01d_w1-._.js:2431
[ 1439333ms] [LOG] [Fast Refresh] done in 593ms @ http://localhost:3030/_next/static/chunks/04m2_next_dist_01d_w1-._.js:2431
[ 1439623ms] [LOG] [Fast Refresh] rebuilding @ http://localhost:3030/_next/static/chunks/04m2_next_dist_01d_w1-._.js:2431
[ 1439625ms] [LOG] [Fast Refresh] done in 102ms @ http://localhost:3030/_next/static/chunks/04m2_next_dist_01d_w1-._.js:2431
[ 1439629ms] [INFO] %c%s%c [setup-health] background: #e6e6e6;background: light-dark(rgba(0,0,0,0.1), rgba(255,255,255,0.25));color: #000000;color: light-dark(#000000, #ffffff);border-radius: 2px  Server   panel-layout {tenantId: cmrvvipw70000oyyo6123270j, userId: cmrvvipyc000aoyyodcu4tftb, score: 40, completedCount: 2, totalCriticalCount: 5} @ http://localhost:3030/_next/static/chunks/04m2_next_dist_01d_w1-._.js:2431
[ 1439981ms] [INFO] %c%s%c [setup-health] background: #e6e6e6;background: light-dark(rgba(0,0,0,0.1), rgba(255,255,255,0.25));color: #000000;color: light-dark(#000000, #ffffff);border-radius: 2px  Server   panel-layout {tenantId: cmrvvipw70000oyyo6123270j, userId: cmrvvipyc000aoyyodcu4tftb, score: 40, completedCount: 2, totalCriticalCount: 5} @ http://localhost:3030/_next/static/chunks/04m2_next_dist_01d_w1-._.js:2431
[ 1440334ms] [LOG] [Fast Refresh] rebuilding @ http://localhost:3030/_next/static/chunks/04m2_next_dist_01d_w1-._.js:2431
[ 1440413ms] [LOG] [Fast Refresh] done in 181ms @ http://localhost:3030/_next/static/chunks/04m2_next_dist_01d_w1-._.js:2431
[ 1440419ms] [INFO] %c%s%c [setup-health] background: #e6e6e6;background: light-dark(rgba(0,0,0,0.1), rgba(255,255,255,0.25));color: #000000;color: light-dark(#000000, #ffffff);border-radius: 2px  Server   panel-layout {tenantId: cmrvvipw70000oyyo6123270j, userId: cmrvvipyc000aoyyodcu4tftb, score: 40, completedCount: 2, totalCriticalCount: 5} @ http://localhost:3030/_next/static/chunks/04m2_next_dist_01d_w1-._.js:2431
[ 1440760ms] [INFO] %c%s%c [setup-health] background: #e6e6e6;background: light-dark(rgba(0,0,0,0.1), rgba(255,255,255,0.25));color: #000000;color: light-dark(#000000, #ffffff);border-radius: 2px  Server   panel-layout {tenantId: cmrvvipw70000oyyo6123270j, userId: cmrvvipyc000aoyyodcu4tftb, score: 40, completedCount: 2, totalCriticalCount: 5} @ http://localhost:3030/_next/static/chunks/04m2_next_dist_01d_w1-._.js:2431
[ 1440767ms] [LOG] [Fast Refresh] rebuilding @ http://localhost:3030/_next/static/chunks/04m2_next_dist_01d_w1-._.js:2431
[ 1440772ms] [LOG] [Fast Refresh] done in 111ms @ http://localhost:3030/_next/static/chunks/04m2_next_dist_01d_w1-._.js:2431
[ 1441068ms] [LOG] [Fast Refresh] rebuilding @ http://localhost:3030/_next/static/chunks/04m2_next_dist_01d_w1-._.js:2431
[ 1441070ms] [INFO] %c%s%c [setup-health] background: #e6e6e6;background: light-dark(rgba(0,0,0,0.1), rgba(255,255,255,0.25));color: #000000;color: light-dark(#000000, #ffffff);border-radius: 2px  Server   panel-layout {tenantId: cmrvvipw70000oyyo6123270j, userId: cmrvvipyc000aoyyodcu4tftb, score: 40, completedCount: 2, totalCriticalCount: 5} @ http://localhost:3030/_next/static/chunks/04m2_next_dist_01d_w1-._.js:2431
[ 1441084ms] [LOG] [Fast Refresh] done in 117ms @ http://localhost:3030/_next/static/chunks/04m2_next_dist_01d_w1-._.js:2431
[ 1441404ms] [LOG] [Fast Refresh] rebuilding @ http://localhost:3030/_next/static/chunks/04m2_next_dist_01d_w1-._.js:2431
[ 1441405ms] [INFO] %c%s%c [setup-health] background: #e6e6e6;background: light-dark(rgba(0,0,0,0.1), rgba(255,255,255,0.25));color: #000000;color: light-dark(#000000, #ffffff);border-radius: 2px  Server   panel-layout {tenantId: cmrvvipw70000oyyo6123270j, userId: cmrvvipyc000aoyyodcu4tftb, score: 40, completedCount: 2, totalCriticalCount: 5} @ http://localhost:3030/_next/static/chunks/04m2_next_dist_01d_w1-._.js:2431
[ 1441418ms] [LOG] [Fast Refresh] done in 116ms @ http://localhost:3030/_next/static/chunks/04m2_next_dist_01d_w1-._.js:2431
[ 1443941ms] [ERROR] Failed to load resource: net::ERR_CONNECTION_RESET @ http://localhost:3030/employees/phase3-runtime-disabled/profile?_rsc=1vcuo:0
[ 1443944ms] [ERROR] Failed to fetch RSC payload for http://localhost:3030/employees/phase3-runtime-disabled/profile. Falling back to browser navigation. TypeError: network error @ http://localhost:3030/_next/static/chunks/04m2_next_dist_01d_w1-._.js:3272
[ 1443947ms] [ERROR] Failed to load resource: net::ERR_CONNECTION_RESET @ http://localhost:3030/employees/phase3-runtime-disabled/profile?_rsc=1vcuo:0
[ 1443980ms] [ERROR] WebSocket is already in CLOSING or CLOSED state. @ http://localhost:3030/_next/static/chunks/04m2_next_dist_01d_w1-._.js:2790
[ 2454479ms] [INFO] %cDownload the React DevTools for a better development experience: https://react.dev/link/react-devtools font-weight:bold @ http://localhost:3030/_next/static/chunks/04m2_next_dist_01d_w1-._.js:2431
[ 2454606ms] [LOG] [HMR] connected @ http://localhost:3030/_next/static/chunks/04m2_next_dist_01d_w1-._.js:2431
[ 2454646ms] [INFO] %c%s%c [setup-health] background: #e6e6e6;background: light-dark(rgba(0,0,0,0.1), rgba(255,255,255,0.25));color: #000000;color: light-dark(#000000, #ffffff);border-radius: 2px  Server   panel-layout {tenantId: cmrvvipw70000oyyo6123270j, userId: cmrvvipyc000aoyyodcu4tftb, score: 40, completedCount: 2, totalCriticalCount: 5} @ http://localhost:3030/_next/static/chunks/04m2_next_dist_01d_w1-._.js:2431
[ 2545561ms] [LOG] [Fast Refresh] rebuilding @ http://localhost:3030/_next/static/chunks/04m2_next_dist_01d_w1-._.js:2431
[ 2550794ms] [LOG] [Fast Refresh] done in 5194ms @ http://localhost:3030/_next/static/chunks/04m2_next_dist_01d_w1-._.js:2431
[ 2551449ms] [LOG] [Fast Refresh] rebuilding @ http://localhost:3030/_next/static/chunks/04m2_next_dist_01d_w1-._.js:2431
[ 2551469ms] [LOG] [Fast Refresh] done in 120ms @ http://localhost:3030/_next/static/chunks/04m2_next_dist_01d_w1-._.js:2431
[ 2551471ms] [INFO] %c%s%c [setup-health] background: #e6e6e6;background: light-dark(rgba(0,0,0,0.1), rgba(255,255,255,0.25));color: #000000;color: light-dark(#000000, #ffffff);border-radius: 2px  Server   panel-layout {tenantId: cmrvvipw70000oyyo6123270j, userId: cmrvvipyc000aoyyodcu4tftb, score: 40, completedCount: 2, totalCriticalCount: 5} @ http://localhost:3030/_next/static/chunks/04m2_next_dist_01d_w1-._.js:2431
[ 2551774ms] [INFO] %c%s%c [setup-health] background: #e6e6e6;background: light-dark(rgba(0,0,0,0.1), rgba(255,255,255,0.25));color: #000000;color: light-dark(#000000, #ffffff);border-radius: 2px  Server   panel-layout {tenantId: cmrvvipw70000oyyo6123270j, userId: cmrvvipyc000aoyyodcu4tftb, score: 40, completedCount: 2, totalCriticalCount: 5} @ http://localhost:3030/_next/static/chunks/04m2_next_dist_01d_w1-._.js:2431
[ 2552063ms] [INFO] %c%s%c [setup-health] background: #e6e6e6;background: light-dark(rgba(0,0,0,0.1), rgba(255,255,255,0.25));color: #000000;color: light-dark(#000000, #ffffff);border-radius: 2px  Server   panel-layout {tenantId: cmrvvipw70000oyyo6123270j, userId: cmrvvipyc000aoyyodcu4tftb, score: 40, completedCount: 2, totalCriticalCount: 5} @ http://localhost:3030/_next/static/chunks/04m2_next_dist_01d_w1-._.js:2431
[ 2552377ms] [LOG] [Fast Refresh] rebuilding @ http://localhost:3030/_next/static/chunks/04m2_next_dist_01d_w1-._.js:2431
[ 2552390ms] [INFO] %c%s%c [setup-health] background: #e6e6e6;background: light-dark(rgba(0,0,0,0.1), rgba(255,255,255,0.25));color: #000000;color: light-dark(#000000, #ffffff);border-radius: 2px  Server   panel-layout {tenantId: cmrvvipw70000oyyo6123270j, userId: cmrvvipyc000aoyyodcu4tftb, score: 40, completedCount: 2, totalCriticalCount: 5} @ http://localhost:3030/_next/static/chunks/04m2_next_dist_01d_w1-._.js:2431
[ 2552400ms] [LOG] [Fast Refresh] done in 129ms @ http://localhost:3030/_next/static/chunks/04m2_next_dist_01d_w1-._.js:2431
[ 2552662ms] [INFO] %c%s%c [setup-health] background: #e6e6e6;background: light-dark(rgba(0,0,0,0.1), rgba(255,255,255,0.25));color: #000000;color: light-dark(#000000, #ffffff);border-radius: 2px  Server   panel-layout {tenantId: cmrvvipw70000oyyo6123270j, userId: cmrvvipyc000aoyyodcu4tftb, score: 40, completedCount: 2, totalCriticalCount: 5} @ http://localhost:3030/_next/static/chunks/04m2_next_dist_01d_w1-._.js:2431
[ 2552953ms] [INFO] %c%s%c [setup-health] background: #e6e6e6;background: light-dark(rgba(0,0,0,0.1), rgba(255,255,255,0.25));color: #000000;color: light-dark(#000000, #ffffff);border-radius: 2px  Server   panel-layout {tenantId: cmrvvipw70000oyyo6123270j, userId: cmrvvipyc000aoyyodcu4tftb, score: 40, completedCount: 2, totalCriticalCount: 5} @ http://localhost:3030/_next/static/chunks/04m2_next_dist_01d_w1-._.js:2431
[ 2553212ms] [INFO] %c%s%c [setup-health] background: #e6e6e6;background: light-dark(rgba(0,0,0,0.1), rgba(255,255,255,0.25));color: #000000;color: light-dark(#000000, #ffffff);border-radius: 2px  Server   panel-layout {tenantId: cmrvvipw70000oyyo6123270j, userId: cmrvvipyc000aoyyodcu4tftb, score: 40, completedCount: 2, totalCriticalCount: 5} @ http://localhost:3030/_next/static/chunks/04m2_next_dist_01d_w1-._.js:2431
[ 2553480ms] [INFO] %c%s%c [setup-health] background: #e6e6e6;background: light-dark(rgba(0,0,0,0.1), rgba(255,255,255,0.25));color: #000000;color: light-dark(#000000, #ffffff);border-radius: 2px  Server   panel-layout {tenantId: cmrvvipw70000oyyo6123270j, userId: cmrvvipyc000aoyyodcu4tftb, score: 40, completedCount: 2, totalCriticalCount: 5} @ http://localhost:3030/_next/static/chunks/04m2_next_dist_01d_w1-._.js:2431
[ 2553719ms] [INFO] %c%s%c [setup-health] background: #e6e6e6;background: light-dark(rgba(0,0,0,0.1), rgba(255,255,255,0.25));color: #000000;color: light-dark(#000000, #ffffff);border-radius: 2px  Server   panel-layout {tenantId: cmrvvipw70000oyyo6123270j, userId: cmrvvipyc000aoyyodcu4tftb, score: 40, completedCount: 2, totalCriticalCount: 5} @ http://localhost:3030/_next/static/chunks/04m2_next_dist_01d_w1-._.js:2431
[ 2553991ms] [INFO] %c%s%c [setup-health] background: #e6e6e6;background: light-dark(rgba(0,0,0,0.1), rgba(255,255,255,0.25));color: #000000;color: light-dark(#000000, #ffffff);border-radius: 2px  Server   panel-layout {tenantId: cmrvvipw70000oyyo6123270j, userId: cmrvvipyc000aoyyodcu4tftb, score: 40, completedCount: 2, totalCriticalCount: 5} @ http://localhost:3030/_next/static/chunks/04m2_next_dist_01d_w1-._.js:2431
[ 2554253ms] [INFO] %c%s%c [setup-health] background: #e6e6e6;background: light-dark(rgba(0,0,0,0.1), rgba(255,255,255,0.25));color: #000000;color: light-dark(#000000, #ffffff);border-radius: 2px  Server   panel-layout {tenantId: cmrvvipw70000oyyo6123270j, userId: cmrvvipyc000aoyyodcu4tftb, score: 40, completedCount: 2, totalCriticalCount: 5} @ http://localhost:3030/_next/static/chunks/04m2_next_dist_01d_w1-._.js:2431
[ 2554505ms] [INFO] %c%s%c [setup-health] background: #e6e6e6;background: light-dark(rgba(0,0,0,0.1), rgba(255,255,255,0.25));color: #000000;color: light-dark(#000000, #ffffff);border-radius: 2px  Server   panel-layout {tenantId: cmrvvipw70000oyyo6123270j, userId: cmrvvipyc000aoyyodcu4tftb, score: 40, completedCount: 2, totalCriticalCount: 5} @ http://localhost:3030/_next/static/chunks/04m2_next_dist_01d_w1-._.js:2431
[ 2554771ms] [INFO] %c%s%c [setup-health] background: #e6e6e6;background: light-dark(rgba(0,0,0,0.1), rgba(255,255,255,0.25));color: #000000;color: light-dark(#000000, #ffffff);border-radius: 2px  Server   panel-layout {tenantId: cmrvvipw70000oyyo6123270j, userId: cmrvvipyc000aoyyodcu4tftb, score: 40, completedCount: 2, totalCriticalCount: 5} @ http://localhost:3030/_next/static/chunks/04m2_next_dist_01d_w1-._.js:2431
[ 2555017ms] [INFO] %c%s%c [setup-health] background: #e6e6e6;background: light-dark(rgba(0,0,0,0.1), rgba(255,255,255,0.25));color: #000000;color: light-dark(#000000, #ffffff);border-radius: 2px  Server   panel-layout {tenantId: cmrvvipw70000oyyo6123270j, userId: cmrvvipyc000aoyyodcu4tftb, score: 40, completedCount: 2, totalCriticalCount: 5} @ http://localhost:3030/_next/static/chunks/04m2_next_dist_01d_w1-._.js:2431
[ 2555284ms] [INFO] %c%s%c [setup-health] background: #e6e6e6;background: light-dark(rgba(0,0,0,0.1), rgba(255,255,255,0.25));color: #000000;color: light-dark(#000000, #ffffff);border-radius: 2px  Server   panel-layout {tenantId: cmrvvipw70000oyyo6123270j, userId: cmrvvipyc000aoyyodcu4tftb, score: 40, completedCount: 2, totalCriticalCount: 5} @ http://localhost:3030/_next/static/chunks/04m2_next_dist_01d_w1-._.js:2431
[ 2555574ms] [INFO] %c%s%c [setup-health] background: #e6e6e6;background: light-dark(rgba(0,0,0,0.1), rgba(255,255,255,0.25));color: #000000;color: light-dark(#000000, #ffffff);border-radius: 2px  Server   panel-layout {tenantId: cmrvvipw70000oyyo6123270j, userId: cmrvvipyc000aoyyodcu4tftb, score: 40, completedCount: 2, totalCriticalCount: 5} @ http://localhost:3030/_next/static/chunks/04m2_next_dist_01d_w1-._.js:2431
[ 2555815ms] [INFO] %c%s%c [setup-health] background: #e6e6e6;background: light-dark(rgba(0,0,0,0.1), rgba(255,255,255,0.25));color: #000000;color: light-dark(#000000, #ffffff);border-radius: 2px  Server   panel-layout {tenantId: cmrvvipw70000oyyo6123270j, userId: cmrvvipyc000aoyyodcu4tftb, score: 40, completedCount: 2, totalCriticalCount: 5} @ http://localhost:3030/_next/static/chunks/04m2_next_dist_01d_w1-._.js:2431
[ 2556042ms] [INFO] %c%s%c [setup-health] background: #e6e6e6;background: light-dark(rgba(0,0,0,0.1), rgba(255,255,255,0.25));color: #000000;color: light-dark(#000000, #ffffff);border-radius: 2px  Server   panel-layout {tenantId: cmrvvipw70000oyyo6123270j, userId: cmrvvipyc000aoyyodcu4tftb, score: 40, completedCount: 2, totalCriticalCount: 5} @ http://localhost:3030/_next/static/chunks/04m2_next_dist_01d_w1-._.js:2431
[ 2556272ms] [INFO] %c%s%c [setup-health] background: #e6e6e6;background: light-dark(rgba(0,0,0,0.1), rgba(255,255,255,0.25));color: #000000;color: light-dark(#000000, #ffffff);border-radius: 2px  Server   panel-layout {tenantId: cmrvvipw70000oyyo6123270j, userId: cmrvvipyc000aoyyodcu4tftb, score: 40, completedCount: 2, totalCriticalCount: 5} @ http://localhost:3030/_next/static/chunks/04m2_next_dist_01d_w1-._.js:2431
[ 2556460ms] [INFO] %c%s%c [setup-health] background: #e6e6e6;background: light-dark(rgba(0,0,0,0.1), rgba(255,255,255,0.25));color: #000000;color: light-dark(#000000, #ffffff);border-radius: 2px  Server   panel-layout {tenantId: cmrvvipw70000oyyo6123270j, userId: cmrvvipyc000aoyyodcu4tftb, score: 40, completedCount: 2, totalCriticalCount: 5} @ http://localhost:3030/_next/static/chunks/04m2_next_dist_01d_w1-._.js:2431
[ 2556629ms] [INFO] %c%s%c [setup-health] background: #e6e6e6;background: light-dark(rgba(0,0,0,0.1), rgba(255,255,255,0.25));color: #000000;color: light-dark(#000000, #ffffff);border-radius: 2px  Server   panel-layout {tenantId: cmrvvipw70000oyyo6123270j, userId: cmrvvipyc000aoyyodcu4tftb, score: 40, completedCount: 2, totalCriticalCount: 5} @ http://localhost:3030/_next/static/chunks/04m2_next_dist_01d_w1-._.js:2431
[ 2556739ms] [INFO] %c%s%c [setup-health] background: #e6e6e6;background: light-dark(rgba(0,0,0,0.1), rgba(255,255,255,0.25));color: #000000;color: light-dark(#000000, #ffffff);border-radius: 2px  Server   panel-layout {tenantId: cmrvvipw70000oyyo6123270j, userId: cmrvvipyc000aoyyodcu4tftb, score: 40, completedCount: 2, totalCriticalCount: 5} @ http://localhost:3030/_next/static/chunks/04m2_next_dist_01d_w1-._.js:2431
[ 2556833ms] [INFO] %c%s%c [setup-health] background: #e6e6e6;background: light-dark(rgba(0,0,0,0.1), rgba(255,255,255,0.25));color: #000000;color: light-dark(#000000, #ffffff);border-radius: 2px  Server   panel-layout {tenantId: cmrvvipw70000oyyo6123270j, userId: cmrvvipyc000aoyyodcu4tftb, score: 40, completedCount: 2, totalCriticalCount: 5} @ http://localhost:3030/_next/static/chunks/04m2_next_dist_01d_w1-._.js:2431
[ 2556921ms] [INFO] %c%s%c [setup-health] background: #e6e6e6;background: light-dark(rgba(0,0,0,0.1), rgba(255,255,255,0.25));color: #000000;color: light-dark(#000000, #ffffff);border-radius: 2px  Server   panel-layout {tenantId: cmrvvipw70000oyyo6123270j, userId: cmrvvipyc000aoyyodcu4tftb, score: 40, completedCount: 2, totalCriticalCount: 5} @ http://localhost:3030/_next/static/chunks/04m2_next_dist_01d_w1-._.js:2431
[ 2557013ms] [INFO] %c%s%c [setup-health] background: #e6e6e6;background: light-dark(rgba(0,0,0,0.1), rgba(255,255,255,0.25));color: #000000;color: light-dark(#000000, #ffffff);border-radius: 2px  Server   panel-layout {tenantId: cmrvvipw70000oyyo6123270j, userId: cmrvvipyc000aoyyodcu4tftb, score: 40, completedCount: 2, totalCriticalCount: 5} @ http://localhost:3030/_next/static/chunks/04m2_next_dist_01d_w1-._.js:2431
[ 2557091ms] [INFO] %c%s%c [setup-health] background: #e6e6e6;background: light-dark(rgba(0,0,0,0.1), rgba(255,255,255,0.25));color: #000000;color: light-dark(#000000, #ffffff);border-radius: 2px  Server   panel-layout {tenantId: cmrvvipw70000oyyo6123270j, userId: cmrvvipyc000aoyyodcu4tftb, score: 40, completedCount: 2, totalCriticalCount: 5} @ http://localhost:3030/_next/static/chunks/04m2_next_dist_01d_w1-._.js:2431
[ 2557178ms] [INFO] %c%s%c [setup-health] background: #e6e6e6;background: light-dark(rgba(0,0,0,0.1), rgba(255,255,255,0.25));color: #000000;color: light-dark(#000000, #ffffff);border-radius: 2px  Server   panel-layout {tenantId: cmrvvipw70000oyyo6123270j, userId: cmrvvipyc000aoyyodcu4tftb, score: 40, completedCount: 2, totalCriticalCount: 5} @ http://localhost:3030/_next/static/chunks/04m2_next_dist_01d_w1-._.js:2431
[ 2557266ms] [INFO] %c%s%c [setup-health] background: #e6e6e6;background: light-dark(rgba(0,0,0,0.1), rgba(255,255,255,0.25));color: #000000;color: light-dark(#000000, #ffffff);border-radius: 2px  Server   panel-layout {tenantId: cmrvvipw70000oyyo6123270j, userId: cmrvvipyc000aoyyodcu4tftb, score: 40, completedCount: 2, totalCriticalCount: 5} @ http://localhost:3030/_next/static/chunks/04m2_next_dist_01d_w1-._.js:2431
[ 2557340ms] [INFO] %c%s%c [setup-health] background: #e6e6e6;background: light-dark(rgba(0,0,0,0.1), rgba(255,255,255,0.25));color: #000000;color: light-dark(#000000, #ffffff);border-radius: 2px  Server   panel-layout {tenantId: cmrvvipw70000oyyo6123270j, userId: cmrvvipyc000aoyyodcu4tftb, score: 40, completedCount: 2, totalCriticalCount: 5} @ http://localhost:3030/_next/static/chunks/04m2_next_dist_01d_w1-._.js:2431
[ 2557437ms] [INFO] %c%s%c [setup-health] background: #e6e6e6;background: light-dark(rgba(0,0,0,0.1), rgba(255,255,255,0.25));color: #000000;color: light-dark(#000000, #ffffff);border-radius: 2px  Server   panel-layout {tenantId: cmrvvipw70000oyyo6123270j, userId: cmrvvipyc000aoyyodcu4tftb, score: 40, completedCount: 2, totalCriticalCount: 5} @ http://localhost:3030/_next/static/chunks/04m2_next_dist_01d_w1-._.js:2431
[ 2557520ms] [INFO] %c%s%c [setup-health] background: #e6e6e6;background: light-dark(rgba(0,0,0,0.1), rgba(255,255,255,0.25));color: #000000;color: light-dark(#000000, #ffffff);border-radius: 2px  Server   panel-layout {tenantId: cmrvvipw70000oyyo6123270j, userId: cmrvvipyc000aoyyodcu4tftb, score: 40, completedCount: 2, totalCriticalCount: 5} @ http://localhost:3030/_next/static/chunks/04m2_next_dist_01d_w1-._.js:2431
[ 2557592ms] [INFO] %c%s%c [setup-health] background: #e6e6e6;background: light-dark(rgba(0,0,0,0.1), rgba(255,255,255,0.25));color: #000000;color: light-dark(#000000, #ffffff);border-radius: 2px  Server   panel-layout {tenantId: cmrvvipw70000oyyo6123270j, userId: cmrvvipyc000aoyyodcu4tftb, score: 40, completedCount: 2, totalCriticalCount: 5} @ http://localhost:3030/_next/static/chunks/04m2_next_dist_01d_w1-._.js:2431
[ 2557676ms] [INFO] %c%s%c [setup-health] background: #e6e6e6;background: light-dark(rgba(0,0,0,0.1), rgba(255,255,255,0.25));color: #000000;color: light-dark(#000000, #ffffff);border-radius: 2px  Server   panel-layout {tenantId: cmrvvipw70000oyyo6123270j, userId: cmrvvipyc000aoyyodcu4tftb, score: 40, completedCount: 2, totalCriticalCount: 5} @ http://localhost:3030/_next/static/chunks/04m2_next_dist_01d_w1-._.js:2431
[ 2557762ms] [INFO] %c%s%c [setup-health] background: #e6e6e6;background: light-dark(rgba(0,0,0,0.1), rgba(255,255,255,0.25));color: #000000;color: light-dark(#000000, #ffffff);border-radius: 2px  Server   panel-layout {tenantId: cmrvvipw70000oyyo6123270j, userId: cmrvvipyc000aoyyodcu4tftb, score: 40, completedCount: 2, totalCriticalCount: 5} @ http://localhost:3030/_next/static/chunks/04m2_next_dist_01d_w1-._.js:2431
[ 2557843ms] [INFO] %c%s%c [setup-health] background: #e6e6e6;background: light-dark(rgba(0,0,0,0.1), rgba(255,255,255,0.25));color: #000000;color: light-dark(#000000, #ffffff);border-radius: 2px  Server   panel-layout {tenantId: cmrvvipw70000oyyo6123270j, userId: cmrvvipyc000aoyyodcu4tftb, score: 40, completedCount: 2, totalCriticalCount: 5} @ http://localhost:3030/_next/static/chunks/04m2_next_dist_01d_w1-._.js:2431
[ 2557898ms] [INFO] %c%s%c [setup-health] background: #e6e6e6;background: light-dark(rgba(0,0,0,0.1), rgba(255,255,255,0.25));color: #000000;color: light-dark(#000000, #ffffff);border-radius: 2px  Server   panel-layout {tenantId: cmrvvipw70000oyyo6123270j, userId: cmrvvipyc000aoyyodcu4tftb, score: 40, completedCount: 2, totalCriticalCount: 5} @ http://localhost:3030/_next/static/chunks/04m2_next_dist_01d_w1-._.js:2431
[ 2644032ms] [LOG] [Fast Refresh] rebuilding @ http://localhost:3030/_next/static/chunks/04m2_next_dist_01d_w1-._.js:2431
[ 2651160ms] [LOG] [Fast Refresh] done in 7070ms @ http://localhost:3030/_next/static/chunks/04m2_next_dist_01d_w1-._.js:2431
[ 2651270ms] [LOG] [Fast Refresh] rebuilding @ http://localhost:3030/_next/static/chunks/04m2_next_dist_01d_w1-._.js:2431
[ 2656009ms] [LOG] [Fast Refresh] done in 4848ms @ http://localhost:3030/_next/static/chunks/04m2_next_dist_01d_w1-._.js:2431
[ 2656145ms] [LOG] [Fast Refresh] rebuilding @ http://localhost:3030/_next/static/chunks/04m2_next_dist_01d_w1-._.js:2431
[ 2656425ms] [LOG] [Fast Refresh] done in 110ms @ http://localhost:3030/_next/static/chunks/04m2_next_dist_01d_w1-._.js:2431
[ 2656539ms] [LOG] [Fast Refresh] rebuilding @ http://localhost:3030/_next/static/chunks/04m2_next_dist_01d_w1-._.js:2431
[ 2656655ms] [LOG] [Fast Refresh] done in 228ms @ http://localhost:3030/_next/static/chunks/04m2_next_dist_01d_w1-._.js:2431
[ 2657157ms] [INFO] %c%s%c [setup-health] background: #e6e6e6;background: light-dark(rgba(0,0,0,0.1), rgba(255,255,255,0.25));color: #000000;color: light-dark(#000000, #ffffff);border-radius: 2px  Server   panel-layout {tenantId: cmrvvipw70000oyyo6123270j, userId: cmrvvipyc000aoyyodcu4tftb, score: 40, completedCount: 2, totalCriticalCount: 5} @ http://localhost:3030/_next/static/chunks/04m2_next_dist_01d_w1-._.js:2431
[ 2657329ms] [INFO] %c%s%c [setup-health] background: #e6e6e6;background: light-dark(rgba(0,0,0,0.1), rgba(255,255,255,0.25));color: #000000;color: light-dark(#000000, #ffffff);border-radius: 2px  Server   panel-layout {tenantId: cmrvvipw70000oyyo6123270j, userId: cmrvvipyc000aoyyodcu4tftb, score: 40, completedCount: 2, totalCriticalCount: 5} @ http://localhost:3030/_next/static/chunks/04m2_next_dist_01d_w1-._.js:2431
[ 2657447ms] [LOG] [Fast Refresh] rebuilding @ http://localhost:3030/_next/static/chunks/04m2_next_dist_01d_w1-._.js:2431
[ 2657479ms] [LOG] [Fast Refresh] done in 132ms @ http://localhost:3030/_next/static/chunks/04m2_next_dist_01d_w1-._.js:2431
[ 2657581ms] [LOG] [Fast Refresh] rebuilding @ http://localhost:3030/_next/static/chunks/04m2_next_dist_01d_w1-._.js:2431
[ 2657599ms] [LOG] [Fast Refresh] done in 119ms @ http://localhost:3030/_next/static/chunks/04m2_next_dist_01d_w1-._.js:2431
[ 2657809ms] [LOG] [Fast Refresh] rebuilding @ http://localhost:3030/_next/static/chunks/04m2_next_dist_01d_w1-._.js:2431
[ 2657827ms] [LOG] [Fast Refresh] done in 125ms @ http://localhost:3030/_next/static/chunks/04m2_next_dist_01d_w1-._.js:2431
[ 2657837ms] [INFO] %c%s%c [setup-health] background: #e6e6e6;background: light-dark(rgba(0,0,0,0.1), rgba(255,255,255,0.25));color: #000000;color: light-dark(#000000, #ffffff);border-radius: 2px  Server   panel-layout {tenantId: cmrvvipw70000oyyo6123270j, userId: cmrvvipyc000aoyyodcu4tftb, score: 40, completedCount: 2, totalCriticalCount: 5} @ http://localhost:3030/_next/static/chunks/04m2_next_dist_01d_w1-._.js:2431
[ 2657981ms] [LOG] [Fast Refresh] rebuilding @ http://localhost:3030/_next/static/chunks/04m2_next_dist_01d_w1-._.js:2431
[ 2657981ms] [LOG] [Fast Refresh] done in 113ms @ http://localhost:3030/_next/static/chunks/04m2_next_dist_01d_w1-._.js:2431
[ 2658142ms] [LOG] [Fast Refresh] rebuilding @ http://localhost:3030/_next/static/chunks/04m2_next_dist_01d_w1-._.js:2431
[ 2658215ms] [LOG] [Fast Refresh] done in 178ms @ http://localhost:3030/_next/static/chunks/04m2_next_dist_01d_w1-._.js:2431
[ 2658224ms] [INFO] %c%s%c [setup-health] background: #e6e6e6;background: light-dark(rgba(0,0,0,0.1), rgba(255,255,255,0.25));color: #000000;color: light-dark(#000000, #ffffff);border-radius: 2px  Server   panel-layout {tenantId: cmrvvipw70000oyyo6123270j, userId: cmrvvipyc000aoyyodcu4tftb, score: 40, completedCount: 2, totalCriticalCount: 5} @ http://localhost:3030/_next/static/chunks/04m2_next_dist_01d_w1-._.js:2431
[ 2658545ms] [LOG] [Fast Refresh] rebuilding @ http://localhost:3030/_next/static/chunks/04m2_next_dist_01d_w1-._.js:2431
[ 2658557ms] [LOG] [Fast Refresh] done in 116ms @ http://localhost:3030/_next/static/chunks/04m2_next_dist_01d_w1-._.js:2431
[ 2658638ms] [INFO] %c%s%c [setup-health] background: #e6e6e6;background: light-dark(rgba(0,0,0,0.1), rgba(255,255,255,0.25));color: #000000;color: light-dark(#000000, #ffffff);border-radius: 2px  Server   panel-layout {tenantId: cmrvvipw70000oyyo6123270j, userId: cmrvvipyc000aoyyodcu4tftb, score: 40, completedCount: 2, totalCriticalCount: 5} @ http://localhost:3030/_next/static/chunks/04m2_next_dist_01d_w1-._.js:2431
[ 2659009ms] [LOG] [Fast Refresh] rebuilding @ http://localhost:3030/_next/static/chunks/04m2_next_dist_01d_w1-._.js:2431
[ 2659053ms] [LOG] [Fast Refresh] done in 145ms @ http://localhost:3030/_next/static/chunks/04m2_next_dist_01d_w1-._.js:2431
[ 2659063ms] [INFO] %c%s%c [setup-health] background: #e6e6e6;background: light-dark(rgba(0,0,0,0.1), rgba(255,255,255,0.25));color: #000000;color: light-dark(#000000, #ffffff);border-radius: 2px  Server   panel-layout {tenantId: cmrvvipw70000oyyo6123270j, userId: cmrvvipyc000aoyyodcu4tftb, score: 40, completedCount: 2, totalCriticalCount: 5} @ http://localhost:3030/_next/static/chunks/04m2_next_dist_01d_w1-._.js:2431
[ 2659206ms] [LOG] [Fast Refresh] rebuilding @ http://localhost:3030/_next/static/chunks/04m2_next_dist_01d_w1-._.js:2431
[ 2659222ms] [LOG] [Fast Refresh] done in 119ms @ http://localhost:3030/_next/static/chunks/04m2_next_dist_01d_w1-._.js:2431
[ 2659383ms] [LOG] [Fast Refresh] rebuilding @ http://localhost:3030/_next/static/chunks/04m2_next_dist_01d_w1-._.js:2431
[ 2659423ms] [LOG] [Fast Refresh] done in 145ms @ http://localhost:3030/_next/static/chunks/04m2_next_dist_01d_w1-._.js:2431
[ 2659514ms] [INFO] %c%s%c [setup-health] background: #e6e6e6;background: light-dark(rgba(0,0,0,0.1), rgba(255,255,255,0.25));color: #000000;color: light-dark(#000000, #ffffff);border-radius: 2px  Server   panel-layout {tenantId: cmrvvipw70000oyyo6123270j, userId: cmrvvipyc000aoyyodcu4tftb, score: 40, completedCount: 2, totalCriticalCount: 5} @ http://localhost:3030/_next/static/chunks/04m2_next_dist_01d_w1-._.js:2431
[ 2659527ms] [LOG] [Fast Refresh] rebuilding @ http://localhost:3030/_next/static/chunks/04m2_next_dist_01d_w1-._.js:2431
[ 2659552ms] [LOG] [Fast Refresh] done in 125ms @ http://localhost:3030/_next/static/chunks/04m2_next_dist_01d_w1-._.js:2431
[ 2659811ms] [LOG] [Fast Refresh] rebuilding @ http://localhost:3030/_next/static/chunks/04m2_next_dist_01d_w1-._.js:2431
[ 2659812ms] [LOG] [Fast Refresh] done in 101ms @ http://localhost:3030/_next/static/chunks/04m2_next_dist_01d_w1-._.js:2431
[ 2659813ms] [INFO] %c%s%c [setup-health] background: #e6e6e6;background: light-dark(rgba(0,0,0,0.1), rgba(255,255,255,0.25));color: #000000;color: light-dark(#000000, #ffffff);border-radius: 2px  Server   panel-layout {tenantId: cmrvvipw70000oyyo6123270j, userId: cmrvvipyc000aoyyodcu4tftb, score: 40, completedCount: 2, totalCriticalCount: 5} @ http://localhost:3030/_next/static/chunks/04m2_next_dist_01d_w1-._.js:2431
[ 2660149ms] [INFO] %c%s%c [setup-health] background: #e6e6e6;background: light-dark(rgba(0,0,0,0.1), rgba(255,255,255,0.25));color: #000000;color: light-dark(#000000, #ffffff);border-radius: 2px  Server   panel-layout {tenantId: cmrvvipw70000oyyo6123270j, userId: cmrvvipyc000aoyyodcu4tftb, score: 40, completedCount: 2, totalCriticalCount: 5} @ http://localhost:3030/_next/static/chunks/04m2_next_dist_01d_w1-._.js:2431
[ 2660417ms] [INFO] %c%s%c [setup-health] background: #e6e6e6;background: light-dark(rgba(0,0,0,0.1), rgba(255,255,255,0.25));color: #000000;color: light-dark(#000000, #ffffff);border-radius: 2px  Server   panel-layout {tenantId: cmrvvipw70000oyyo6123270j, userId: cmrvvipyc000aoyyodcu4tftb, score: 40, completedCount: 2, totalCriticalCount: 5} @ http://localhost:3030/_next/static/chunks/04m2_next_dist_01d_w1-._.js:2431
[ 2660752ms] [INFO] %c%s%c [setup-health] background: #e6e6e6;background: light-dark(rgba(0,0,0,0.1), rgba(255,255,255,0.25));color: #000000;color: light-dark(#000000, #ffffff);border-radius: 2px  Server   panel-layout {tenantId: cmrvvipw70000oyyo6123270j, userId: cmrvvipyc000aoyyodcu4tftb, score: 40, completedCount: 2, totalCriticalCount: 5} @ http://localhost:3030/_next/static/chunks/04m2_next_dist_01d_w1-._.js:2431
[ 2661041ms] [LOG] [Fast Refresh] rebuilding @ http://localhost:3030/_next/static/chunks/04m2_next_dist_01d_w1-._.js:2431
[ 2661045ms] [LOG] [Fast Refresh] done in 107ms @ http://localhost:3030/_next/static/chunks/04m2_next_dist_01d_w1-._.js:2431
[ 2661052ms] [INFO] %c%s%c [setup-health] background: #e6e6e6;background: light-dark(rgba(0,0,0,0.1), rgba(255,255,255,0.25));color: #000000;color: light-dark(#000000, #ffffff);border-radius: 2px  Server   panel-layout {tenantId: cmrvvipw70000oyyo6123270j, userId: cmrvvipyc000aoyyodcu4tftb, score: 40, completedCount: 2, totalCriticalCount: 5} @ http://localhost:3030/_next/static/chunks/04m2_next_dist_01d_w1-._.js:2431
[ 2661370ms] [LOG] [Fast Refresh] rebuilding @ http://localhost:3030/_next/static/chunks/04m2_next_dist_01d_w1-._.js:2431
[ 2661375ms] [LOG] [Fast Refresh] done in 110ms @ http://localhost:3030/_next/static/chunks/04m2_next_dist_01d_w1-._.js:2431
[ 2661378ms] [INFO] %c%s%c [setup-health] background: #e6e6e6;background: light-dark(rgba(0,0,0,0.1), rgba(255,255,255,0.25));color: #000000;color: light-dark(#000000, #ffffff);border-radius: 2px  Server   panel-layout {tenantId: cmrvvipw70000oyyo6123270j, userId: cmrvvipyc000aoyyodcu4tftb, score: 40, completedCount: 2, totalCriticalCount: 5} @ http://localhost:3030/_next/static/chunks/04m2_next_dist_01d_w1-._.js:2431
[ 2661703ms] [INFO] %c%s%c [setup-health] background: #e6e6e6;background: light-dark(rgba(0,0,0,0.1), rgba(255,255,255,0.25));color: #000000;color: light-dark(#000000, #ffffff);border-radius: 2px  Server   panel-layout {tenantId: cmrvvipw70000oyyo6123270j, userId: cmrvvipyc000aoyyodcu4tftb, score: 40, completedCount: 2, totalCriticalCount: 5} @ http://localhost:3030/_next/static/chunks/04m2_next_dist_01d_w1-._.js:2431
[ 2662004ms] [INFO] %c%s%c [setup-health] background: #e6e6e6;background: light-dark(rgba(0,0,0,0.1), rgba(255,255,255,0.25));color: #000000;color: light-dark(#000000, #ffffff);border-radius: 2px  Server   panel-layout {tenantId: cmrvvipw70000oyyo6123270j, userId: cmrvvipyc000aoyyodcu4tftb, score: 40, completedCount: 2, totalCriticalCount: 5} @ http://localhost:3030/_next/static/chunks/04m2_next_dist_01d_w1-._.js:2431
[ 2662142ms] [LOG] [Fast Refresh] rebuilding @ http://localhost:3030/_next/static/chunks/04m2_next_dist_01d_w1-._.js:2431
[ 2662240ms] [LOG] [Fast Refresh] done in 197ms @ http://localhost:3030/_next/static/chunks/04m2_next_dist_01d_w1-._.js:2431
[ 2662378ms] [INFO] %c%s%c [setup-health] background: #e6e6e6;background: light-dark(rgba(0,0,0,0.1), rgba(255,255,255,0.25));color: #000000;color: light-dark(#000000, #ffffff);border-radius: 2px  Server   panel-layout {tenantId: cmrvvipw70000oyyo6123270j, userId: cmrvvipyc000aoyyodcu4tftb, score: 40, completedCount: 2, totalCriticalCount: 5} @ http://localhost:3030/_next/static/chunks/04m2_next_dist_01d_w1-._.js:2431
[ 2662674ms] [LOG] [Fast Refresh] rebuilding @ http://localhost:3030/_next/static/chunks/04m2_next_dist_01d_w1-._.js:2431
[ 2662681ms] [LOG] [Fast Refresh] done in 108ms @ http://localhost:3030/_next/static/chunks/04m2_next_dist_01d_w1-._.js:2431
[ 2662683ms] [INFO] %c%s%c [setup-health] background: #e6e6e6;background: light-dark(rgba(0,0,0,0.1), rgba(255,255,255,0.25));color: #000000;color: light-dark(#000000, #ffffff);border-radius: 2px  Server   panel-layout {tenantId: cmrvvipw70000oyyo6123270j, userId: cmrvvipyc000aoyyodcu4tftb, score: 40, completedCount: 2, totalCriticalCount: 5} @ http://localhost:3030/_next/static/chunks/04m2_next_dist_01d_w1-._.js:2431
[ 2662962ms] [INFO] %c%s%c [setup-health] background: #e6e6e6;background: light-dark(rgba(0,0,0,0.1), rgba(255,255,255,0.25));color: #000000;color: light-dark(#000000, #ffffff);border-radius: 2px  Server   panel-layout {tenantId: cmrvvipw70000oyyo6123270j, userId: cmrvvipyc000aoyyodcu4tftb, score: 40, completedCount: 2, totalCriticalCount: 5} @ http://localhost:3030/_next/static/chunks/04m2_next_dist_01d_w1-._.js:2431
[ 2663241ms] [INFO] %c%s%c [setup-health] background: #e6e6e6;background: light-dark(rgba(0,0,0,0.1), rgba(255,255,255,0.25));color: #000000;color: light-dark(#000000, #ffffff);border-radius: 2px  Server   panel-layout {tenantId: cmrvvipw70000oyyo6123270j, userId: cmrvvipyc000aoyyodcu4tftb, score: 40, completedCount: 2, totalCriticalCount: 5} @ http://localhost:3030/_next/static/chunks/04m2_next_dist_01d_w1-._.js:2431
[ 2663582ms] [LOG] [Fast Refresh] rebuilding @ http://localhost:3030/_next/static/chunks/04m2_next_dist_01d_w1-._.js:2431
[ 2663586ms] [LOG] [Fast Refresh] done in 108ms @ http://localhost:3030/_next/static/chunks/04m2_next_dist_01d_w1-._.js:2431
[ 2663592ms] [INFO] %c%s%c [setup-health] background: #e6e6e6;background: light-dark(rgba(0,0,0,0.1), rgba(255,255,255,0.25));color: #000000;color: light-dark(#000000, #ffffff);border-radius: 2px  Server   panel-layout {tenantId: cmrvvipw70000oyyo6123270j, userId: cmrvvipyc000aoyyodcu4tftb, score: 40, completedCount: 2, totalCriticalCount: 5} @ http://localhost:3030/_next/static/chunks/04m2_next_dist_01d_w1-._.js:2431
[ 2663881ms] [LOG] [Fast Refresh] rebuilding @ http://localhost:3030/_next/static/chunks/04m2_next_dist_01d_w1-._.js:2431
[ 2663891ms] [LOG] [Fast Refresh] done in 112ms @ http://localhost:3030/_next/static/chunks/04m2_next_dist_01d_w1-._.js:2431
[ 2663895ms] [INFO] %c%s%c [setup-health] background: #e6e6e6;background: light-dark(rgba(0,0,0,0.1), rgba(255,255,255,0.25));color: #000000;color: light-dark(#000000, #ffffff);border-radius: 2px  Server   panel-layout {tenantId: cmrvvipw70000oyyo6123270j, userId: cmrvvipyc000aoyyodcu4tftb, score: 40, completedCount: 2, totalCriticalCount: 5} @ http://localhost:3030/_next/static/chunks/04m2_next_dist_01d_w1-._.js:2431
[ 2664036ms] [LOG] [Fast Refresh] rebuilding @ http://localhost:3030/_next/static/chunks/04m2_next_dist_01d_w1-._.js:2431
[ 2664095ms] [LOG] [Fast Refresh] done in 163ms @ http://localhost:3030/_next/static/chunks/04m2_next_dist_01d_w1-._.js:2431
[ 2664205ms] [LOG] [Fast Refresh] rebuilding @ http://localhost:3030/_next/static/chunks/04m2_next_dist_01d_w1-._.js:2431
[ 2664438ms] [INFO] %c%s%c [setup-health] background: #e6e6e6;background: light-dark(rgba(0,0,0,0.1), rgba(255,255,255,0.25));color: #000000;color: light-dark(#000000, #ffffff);border-radius: 2px  Server   panel-layout {tenantId: cmrvvipw70000oyyo6123270j, userId: cmrvvipyc000aoyyodcu4tftb, score: 40, completedCount: 2, totalCriticalCount: 5} @ http://localhost:3030/_next/static/chunks/04m2_next_dist_01d_w1-._.js:2431
[ 2670830ms] [LOG] [Fast Refresh] done in 6559ms @ http://localhost:3030/_next/static/chunks/04m2_next_dist_01d_w1-._.js:2431
[ 2670970ms] [LOG] [Fast Refresh] rebuilding @ http://localhost:3030/_next/static/chunks/04m2_next_dist_01d_w1-._.js:2431
[ 2675263ms] [LOG] [Fast Refresh] done in 4395ms @ http://localhost:3030/_next/static/chunks/04m2_next_dist_01d_w1-._.js:2431
[ 2676009ms] [INFO] %c%s%c [setup-health] background: #e6e6e6;background: light-dark(rgba(0,0,0,0.1), rgba(255,255,255,0.25));color: #000000;color: light-dark(#000000, #ffffff);border-radius: 2px  Server   panel-layout {tenantId: cmrvvipw70000oyyo6123270j, userId: cmrvvipyc000aoyyodcu4tftb, score: 40, completedCount: 2, totalCriticalCount: 5} @ http://localhost:3030/_next/static/chunks/04m2_next_dist_01d_w1-._.js:2431
[ 2676120ms] [LOG] [Fast Refresh] rebuilding @ http://localhost:3030/_next/static/chunks/04m2_next_dist_01d_w1-._.js:2431
[ 2676451ms] [LOG] [Fast Refresh] done in 432ms @ http://localhost:3030/_next/static/chunks/04m2_next_dist_01d_w1-._.js:2431
[ 2676840ms] [INFO] %c%s%c [setup-health] background: #e6e6e6;background: light-dark(rgba(0,0,0,0.1), rgba(255,255,255,0.25));color: #000000;color: light-dark(#000000, #ffffff);border-radius: 2px  Server   panel-layout {tenantId: cmrvvipw70000oyyo6123270j, userId: cmrvvipyc000aoyyodcu4tftb, score: 40, completedCount: 2, totalCriticalCount: 5} @ http://localhost:3030/_next/static/chunks/04m2_next_dist_01d_w1-._.js:2431
[ 2676842ms] [LOG] [Fast Refresh] rebuilding @ http://localhost:3030/_next/static/chunks/04m2_next_dist_01d_w1-._.js:2431
[ 2676851ms] [LOG] [Fast Refresh] done in 114ms @ http://localhost:3030/_next/static/chunks/04m2_next_dist_01d_w1-._.js:2431
[ 2677036ms] [LOG] [Fast Refresh] rebuilding @ http://localhost:3030/_next/static/chunks/04m2_next_dist_01d_w1-._.js:2431
[ 2677037ms] [LOG] [Fast Refresh] done in 106ms @ http://localhost:3030/_next/static/chunks/04m2_next_dist_01d_w1-._.js:2431
[ 2677203ms] [LOG] [Fast Refresh] rebuilding @ http://localhost:3030/_next/static/chunks/04m2_next_dist_01d_w1-._.js:2431
[ 2677206ms] [INFO] %c%s%c [setup-health] background: #e6e6e6;background: light-dark(rgba(0,0,0,0.1), rgba(255,255,255,0.25));color: #000000;color: light-dark(#000000, #ffffff);border-radius: 2px  Server   panel-layout {tenantId: cmrvvipw70000oyyo6123270j, userId: cmrvvipyc000aoyyodcu4tftb, score: 40, completedCount: 2, totalCriticalCount: 5} @ http://localhost:3030/_next/static/chunks/04m2_next_dist_01d_w1-._.js:2431
[ 2677223ms] [LOG] [Fast Refresh] done in 126ms @ http://localhost:3030/_next/static/chunks/04m2_next_dist_01d_w1-._.js:2431
[ 2677325ms] [LOG] [Fast Refresh] rebuilding @ http://localhost:3030/_next/static/chunks/04m2_next_dist_01d_w1-._.js:2431
[ 2677337ms] [LOG] [Fast Refresh] done in 114ms @ http://localhost:3030/_next/static/chunks/04m2_next_dist_01d_w1-._.js:2431
[ 2677608ms] [INFO] %c%s%c [setup-health] background: #e6e6e6;background: light-dark(rgba(0,0,0,0.1), rgba(255,255,255,0.25));color: #000000;color: light-dark(#000000, #ffffff);border-radius: 2px  Server   panel-layout {tenantId: cmrvvipw70000oyyo6123270j, userId: cmrvvipyc000aoyyodcu4tftb, score: 40, completedCount: 2, totalCriticalCount: 5} @ http://localhost:3030/_next/static/chunks/04m2_next_dist_01d_w1-._.js:2431
[ 2677902ms] [INFO] %c%s%c [setup-health] background: #e6e6e6;background: light-dark(rgba(0,0,0,0.1), rgba(255,255,255,0.25));color: #000000;color: light-dark(#000000, #ffffff);border-radius: 2px  Server   panel-layout {tenantId: cmrvvipw70000oyyo6123270j, userId: cmrvvipyc000aoyyodcu4tftb, score: 40, completedCount: 2, totalCriticalCount: 5} @ http://localhost:3030/_next/static/chunks/04m2_next_dist_01d_w1-._.js:2431
[ 2678223ms] [INFO] %c%s%c [setup-health] background: #e6e6e6;background: light-dark(rgba(0,0,0,0.1), rgba(255,255,255,0.25));color: #000000;color: light-dark(#000000, #ffffff);border-radius: 2px  Server   panel-layout {tenantId: cmrvvipw70000oyyo6123270j, userId: cmrvvipyc000aoyyodcu4tftb, score: 40, completedCount: 2, totalCriticalCount: 5} @ http://localhost:3030/_next/static/chunks/04m2_next_dist_01d_w1-._.js:2431
[ 2678557ms] [INFO] %c%s%c [setup-health] background: #e6e6e6;background: light-dark(rgba(0,0,0,0.1), rgba(255,255,255,0.25));color: #000000;color: light-dark(#000000, #ffffff);border-radius: 2px  Server   panel-layout {tenantId: cmrvvipw70000oyyo6123270j, userId: cmrvvipyc000aoyyodcu4tftb, score: 40, completedCount: 2, totalCriticalCount: 5} @ http://localhost:3030/_next/static/chunks/04m2_next_dist_01d_w1-._.js:2431
[ 2678590ms] [LOG] [Fast Refresh] rebuilding @ http://localhost:3030/_next/static/chunks/04m2_next_dist_01d_w1-._.js:2431
[ 2685971ms] [LOG] [Fast Refresh] done in 7328ms @ http://localhost:3030/_next/static/chunks/04m2_next_dist_01d_w1-._.js:2431
[ 2686079ms] [LOG] [Fast Refresh] rebuilding @ http://localhost:3030/_next/static/chunks/04m2_next_dist_01d_w1-._.js:2431
[ 2686182ms] [LOG] [Fast Refresh] done in 209ms @ http://localhost:3030/_next/static/chunks/04m2_next_dist_01d_w1-._.js:2431
[ 2686507ms] [LOG] [Fast Refresh] rebuilding @ http://localhost:3030/_next/static/chunks/04m2_next_dist_01d_w1-._.js:2431
[ 2686507ms] [LOG] [Fast Refresh] done in 102ms @ http://localhost:3030/_next/static/chunks/04m2_next_dist_01d_w1-._.js:2431
[ 2686513ms] [INFO] %c%s%c [setup-health] background: #e6e6e6;background: light-dark(rgba(0,0,0,0.1), rgba(255,255,255,0.25));color: #000000;color: light-dark(#000000, #ffffff);border-radius: 2px  Server   panel-layout {tenantId: cmrvvipw70000oyyo6123270j, userId: cmrvvipyc000aoyyodcu4tftb, score: 40, completedCount: 2, totalCriticalCount: 5} @ http://localhost:3030/_next/static/chunks/04m2_next_dist_01d_w1-._.js:2431
[ 2686919ms] [INFO] %c%s%c [setup-health] background: #e6e6e6;background: light-dark(rgba(0,0,0,0.1), rgba(255,255,255,0.25));color: #000000;color: light-dark(#000000, #ffffff);border-radius: 2px  Server   panel-layout {tenantId: cmrvvipw70000oyyo6123270j, userId: cmrvvipyc000aoyyodcu4tftb, score: 40, completedCount: 2, totalCriticalCount: 5} @ http://localhost:3030/_next/static/chunks/04m2_next_dist_01d_w1-._.js:2431
[ 2686979ms] [LOG] [Fast Refresh] rebuilding @ http://localhost:3030/_next/static/chunks/04m2_next_dist_01d_w1-._.js:2431
[ 2686983ms] [LOG] [Fast Refresh] done in 107ms @ http://localhost:3030/_next/static/chunks/04m2_next_dist_01d_w1-._.js:2431
[ 2687300ms] [INFO] %c%s%c [setup-health] background: #e6e6e6;background: light-dark(rgba(0,0,0,0.1), rgba(255,255,255,0.25));color: #000000;color: light-dark(#000000, #ffffff);border-radius: 2px  Server   panel-layout {tenantId: cmrvvipw70000oyyo6123270j, userId: cmrvvipyc000aoyyodcu4tftb, score: 40, completedCount: 2, totalCriticalCount: 5} @ http://localhost:3030/_next/static/chunks/04m2_next_dist_01d_w1-._.js:2431
[ 2687412ms] [LOG] [Fast Refresh] rebuilding @ http://localhost:3030/_next/static/chunks/04m2_next_dist_01d_w1-._.js:2431
[ 2687421ms] [LOG] [Fast Refresh] done in 115ms @ http://localhost:3030/_next/static/chunks/04m2_next_dist_01d_w1-._.js:2431
[ 2687636ms] [INFO] %c%s%c [setup-health] background: #e6e6e6;background: light-dark(rgba(0,0,0,0.1), rgba(255,255,255,0.25));color: #000000;color: light-dark(#000000, #ffffff);border-radius: 2px  Server   panel-layout {tenantId: cmrvvipw70000oyyo6123270j, userId: cmrvvipyc000aoyyodcu4tftb, score: 40, completedCount: 2, totalCriticalCount: 5} @ http://localhost:3030/_next/static/chunks/04m2_next_dist_01d_w1-._.js:2431
[ 2687943ms] [INFO] %c%s%c [setup-health] background: #e6e6e6;background: light-dark(rgba(0,0,0,0.1), rgba(255,255,255,0.25));color: #000000;color: light-dark(#000000, #ffffff);border-radius: 2px  Server   panel-layout {tenantId: cmrvvipw70000oyyo6123270j, userId: cmrvvipyc000aoyyodcu4tftb, score: 40, completedCount: 2, totalCriticalCount: 5} @ http://localhost:3030/_next/static/chunks/04m2_next_dist_01d_w1-._.js:2431
[ 2688197ms] [LOG] [Fast Refresh] rebuilding @ http://localhost:3030/_next/static/chunks/04m2_next_dist_01d_w1-._.js:2431
[ 2688240ms] [LOG] [Fast Refresh] done in 147ms @ http://localhost:3030/_next/static/chunks/04m2_next_dist_01d_w1-._.js:2431
[ 2688372ms] [INFO] %c%s%c [setup-health] background: #e6e6e6;background: light-dark(rgba(0,0,0,0.1), rgba(255,255,255,0.25));color: #000000;color: light-dark(#000000, #ffffff);border-radius: 2px  Server   panel-layout {tenantId: cmrvvipw70000oyyo6123270j, userId: cmrvvipyc000aoyyodcu4tftb, score: 40, completedCount: 2, totalCriticalCount: 5} @ http://localhost:3030/_next/static/chunks/04m2_next_dist_01d_w1-._.js:2431
[ 2688487ms] [LOG] [Fast Refresh] rebuilding @ http://localhost:3030/_next/static/chunks/04m2_next_dist_01d_w1-._.js:2431
[ 2688499ms] [LOG] [Fast Refresh] done in 113ms @ http://localhost:3030/_next/static/chunks/04m2_next_dist_01d_w1-._.js:2431
[ 2688695ms] [LOG] [Fast Refresh] rebuilding @ http://localhost:3030/_next/static/chunks/04m2_next_dist_01d_w1-._.js:2431
[ 2688709ms] [LOG] [Fast Refresh] done in 116ms @ http://localhost:3030/_next/static/chunks/04m2_next_dist_01d_w1-._.js:2431
[ 2688713ms] [INFO] %c%s%c [setup-health] background: #e6e6e6;background: light-dark(rgba(0,0,0,0.1), rgba(255,255,255,0.25));color: #000000;color: light-dark(#000000, #ffffff);border-radius: 2px  Server   panel-layout {tenantId: cmrvvipw70000oyyo6123270j, userId: cmrvvipyc000aoyyodcu4tftb, score: 40, completedCount: 2, totalCriticalCount: 5} @ http://localhost:3030/_next/static/chunks/04m2_next_dist_01d_w1-._.js:2431
[ 2689013ms] [INFO] %c%s%c [setup-health] background: #e6e6e6;background: light-dark(rgba(0,0,0,0.1), rgba(255,255,255,0.25));color: #000000;color: light-dark(#000000, #ffffff);border-radius: 2px  Server   panel-layout {tenantId: cmrvvipw70000oyyo6123270j, userId: cmrvvipyc000aoyyodcu4tftb, score: 40, completedCount: 2, totalCriticalCount: 5} @ http://localhost:3030/_next/static/chunks/04m2_next_dist_01d_w1-._.js:2431
[ 2689366ms] [INFO] %c%s%c [setup-health] background: #e6e6e6;background: light-dark(rgba(0,0,0,0.1), rgba(255,255,255,0.25));color: #000000;color: light-dark(#000000, #ffffff);border-radius: 2px  Server   panel-layout {tenantId: cmrvvipw70000oyyo6123270j, userId: cmrvvipyc000aoyyodcu4tftb, score: 40, completedCount: 2, totalCriticalCount: 5} @ http://localhost:3030/_next/static/chunks/04m2_next_dist_01d_w1-._.js:2431
[ 2689687ms] [LOG] [Fast Refresh] rebuilding @ http://localhost:3030/_next/static/chunks/04m2_next_dist_01d_w1-._.js:2431
[ 2689694ms] [LOG] [Fast Refresh] done in 108ms @ http://localhost:3030/_next/static/chunks/04m2_next_dist_01d_w1-._.js:2431
[ 2689696ms] [INFO] %c%s%c [setup-health] background: #e6e6e6;background: light-dark(rgba(0,0,0,0.1), rgba(255,255,255,0.25));color: #000000;color: light-dark(#000000, #ffffff);border-radius: 2px  Server   panel-layout {tenantId: cmrvvipw70000oyyo6123270j, userId: cmrvvipyc000aoyyodcu4tftb, score: 40, completedCount: 2, totalCriticalCount: 5} @ http://localhost:3030/_next/static/chunks/04m2_next_dist_01d_w1-._.js:2431
[ 2690002ms] [INFO] %c%s%c [setup-health] background: #e6e6e6;background: light-dark(rgba(0,0,0,0.1), rgba(255,255,255,0.25));color: #000000;color: light-dark(#000000, #ffffff);border-radius: 2px  Server   panel-layout {tenantId: cmrvvipw70000oyyo6123270j, userId: cmrvvipyc000aoyyodcu4tftb, score: 40, completedCount: 2, totalCriticalCount: 5} @ http://localhost:3030/_next/static/chunks/04m2_next_dist_01d_w1-._.js:2431
[ 2690356ms] [INFO] %c%s%c [setup-health] background: #e6e6e6;background: light-dark(rgba(0,0,0,0.1), rgba(255,255,255,0.25));color: #000000;color: light-dark(#000000, #ffffff);border-radius: 2px  Server   panel-layout {tenantId: cmrvvipw70000oyyo6123270j, userId: cmrvvipyc000aoyyodcu4tftb, score: 40, completedCount: 2, totalCriticalCount: 5} @ http://localhost:3030/_next/static/chunks/04m2_next_dist_01d_w1-._.js:2431
[ 2690700ms] [INFO] %c%s%c [setup-health] background: #e6e6e6;background: light-dark(rgba(0,0,0,0.1), rgba(255,255,255,0.25));color: #000000;color: light-dark(#000000, #ffffff);border-radius: 2px  Server   panel-layout {tenantId: cmrvvipw70000oyyo6123270j, userId: cmrvvipyc000aoyyodcu4tftb, score: 40, completedCount: 2, totalCriticalCount: 5} @ http://localhost:3030/_next/static/chunks/04m2_next_dist_01d_w1-._.js:2431
[ 2690955ms] [LOG] [Fast Refresh] rebuilding @ http://localhost:3030/_next/static/chunks/04m2_next_dist_01d_w1-._.js:2431
[ 2690957ms] [LOG] [Fast Refresh] done in 103ms @ http://localhost:3030/_next/static/chunks/04m2_next_dist_01d_w1-._.js:2431
[ 2691076ms] [INFO] %c%s%c [setup-health] background: #e6e6e6;background: light-dark(rgba(0,0,0,0.1), rgba(255,255,255,0.25));color: #000000;color: light-dark(#000000, #ffffff);border-radius: 2px  Server   panel-layout {tenantId: cmrvvipw70000oyyo6123270j, userId: cmrvvipyc000aoyyodcu4tftb, score: 40, completedCount: 2, totalCriticalCount: 5} @ http://localhost:3030/_next/static/chunks/04m2_next_dist_01d_w1-._.js:2431
[ 2691113ms] [LOG] [Fast Refresh] rebuilding @ http://localhost:3030/_next/static/chunks/04m2_next_dist_01d_w1-._.js:2431
[ 2691144ms] [LOG] [Fast Refresh] done in 132ms @ http://localhost:3030/_next/static/chunks/04m2_next_dist_01d_w1-._.js:2431
[ 2691247ms] [LOG] [Fast Refresh] rebuilding @ http://localhost:3030/_next/static/chunks/04m2_next_dist_01d_w1-._.js:2431
[ 2691294ms] [LOG] [Fast Refresh] done in 148ms @ http://localhost:3030/_next/static/chunks/04m2_next_dist_01d_w1-._.js:2431
[ 2691569ms] [INFO] %c%s%c [setup-health] background: #e6e6e6;background: light-dark(rgba(0,0,0,0.1), rgba(255,255,255,0.25));color: #000000;color: light-dark(#000000, #ffffff);border-radius: 2px  Server   panel-layout {tenantId: cmrvvipw70000oyyo6123270j, userId: cmrvvipyc000aoyyodcu4tftb, score: 40, completedCount: 2, totalCriticalCount: 5} @ http://localhost:3030/_next/static/chunks/04m2_next_dist_01d_w1-._.js:2431
[ 2691907ms] [LOG] [Fast Refresh] rebuilding @ http://localhost:3030/_next/static/chunks/04m2_next_dist_01d_w1-._.js:2431
[ 2691909ms] [LOG] [Fast Refresh] done in 106ms @ http://localhost:3030/_next/static/chunks/04m2_next_dist_01d_w1-._.js:2431
[ 2691919ms] [INFO] %c%s%c [setup-health] background: #e6e6e6;background: light-dark(rgba(0,0,0,0.1), rgba(255,255,255,0.25));color: #000000;color: light-dark(#000000, #ffffff);border-radius: 2px  Server   panel-layout {tenantId: cmrvvipw70000oyyo6123270j, userId: cmrvvipyc000aoyyodcu4tftb, score: 40, completedCount: 2, totalCriticalCount: 5} @ http://localhost:3030/_next/static/chunks/04m2_next_dist_01d_w1-._.js:2431
[ 2692182ms] [INFO] %c%s%c [setup-health] background: #e6e6e6;background: light-dark(rgba(0,0,0,0.1), rgba(255,255,255,0.25));color: #000000;color: light-dark(#000000, #ffffff);border-radius: 2px  Server   panel-layout {tenantId: cmrvvipw70000oyyo6123270j, userId: cmrvvipyc000aoyyodcu4tftb, score: 40, completedCount: 2, totalCriticalCount: 5} @ http://localhost:3030/_next/static/chunks/04m2_next_dist_01d_w1-._.js:2431
[ 2692287ms] [LOG] [Fast Refresh] rebuilding @ http://localhost:3030/_next/static/chunks/04m2_next_dist_01d_w1-._.js:2431
[ 2692309ms] [LOG] [Fast Refresh] done in 124ms @ http://localhost:3030/_next/static/chunks/04m2_next_dist_01d_w1-._.js:2431
[ 2692655ms] [INFO] %c%s%c [setup-health] background: #e6e6e6;background: light-dark(rgba(0,0,0,0.1), rgba(255,255,255,0.25));color: #000000;color: light-dark(#000000, #ffffff);border-radius: 2px  Server   panel-layout {tenantId: cmrvvipw70000oyyo6123270j, userId: cmrvvipyc000aoyyodcu4tftb, score: 40, completedCount: 2, totalCriticalCount: 5} @ http://localhost:3030/_next/static/chunks/04m2_next_dist_01d_w1-._.js:2431
[ 2692957ms] [INFO] %c%s%c [setup-health] background: #e6e6e6;background: light-dark(rgba(0,0,0,0.1), rgba(255,255,255,0.25));color: #000000;color: light-dark(#000000, #ffffff);border-radius: 2px  Server   panel-layout {tenantId: cmrvvipw70000oyyo6123270j, userId: cmrvvipyc000aoyyodcu4tftb, score: 40, completedCount: 2, totalCriticalCount: 5} @ http://localhost:3030/_next/static/chunks/04m2_next_dist_01d_w1-._.js:2431
[ 2692992ms] [LOG] [Fast Refresh] rebuilding @ http://localhost:3030/_next/static/chunks/04m2_next_dist_01d_w1-._.js:2431
[ 2693000ms] [LOG] [Fast Refresh] done in 112ms @ http://localhost:3030/_next/static/chunks/04m2_next_dist_01d_w1-._.js:2431
[ 2693461ms] [LOG] [Fast Refresh] rebuilding @ http://localhost:3030/_next/static/chunks/04m2_next_dist_01d_w1-._.js:2431
[ 2693464ms] [INFO] %c%s%c [setup-health] background: #e6e6e6;background: light-dark(rgba(0,0,0,0.1), rgba(255,255,255,0.25));color: #000000;color: light-dark(#000000, #ffffff);border-radius: 2px  Server   panel-layout {tenantId: cmrvvipw70000oyyo6123270j, userId: cmrvvipyc000aoyyodcu4tftb, score: 40, completedCount: 2, totalCriticalCount: 5} @ http://localhost:3030/_next/static/chunks/04m2_next_dist_01d_w1-._.js:2431
[ 2693533ms] [LOG] [Fast Refresh] done in 173ms @ http://localhost:3030/_next/static/chunks/04m2_next_dist_01d_w1-._.js:2431
[ 2693741ms] [LOG] [Fast Refresh] rebuilding @ http://localhost:3030/_next/static/chunks/04m2_next_dist_01d_w1-._.js:2431
[ 2693745ms] [LOG] [Fast Refresh] done in 110ms @ http://localhost:3030/_next/static/chunks/04m2_next_dist_01d_w1-._.js:2431
[ 2693909ms] [INFO] %c%s%c [setup-health] background: #e6e6e6;background: light-dark(rgba(0,0,0,0.1), rgba(255,255,255,0.25));color: #000000;color: light-dark(#000000, #ffffff);border-radius: 2px  Server   panel-layout {tenantId: cmrvvipw70000oyyo6123270j, userId: cmrvvipyc000aoyyodcu4tftb, score: 40, completedCount: 2, totalCriticalCount: 5} @ http://localhost:3030/_next/static/chunks/04m2_next_dist_01d_w1-._.js:2431
[ 2693917ms] [LOG] [Fast Refresh] rebuilding @ http://localhost:3030/_next/static/chunks/04m2_next_dist_01d_w1-._.js:2431
[ 2693962ms] [LOG] [Fast Refresh] done in 147ms @ http://localhost:3030/_next/static/chunks/04m2_next_dist_01d_w1-._.js:2431
[ 2694319ms] [LOG] [Fast Refresh] rebuilding @ http://localhost:3030/_next/static/chunks/04m2_next_dist_01d_w1-._.js:2431
[ 2694322ms] [LOG] [Fast Refresh] done in 106ms @ http://localhost:3030/_next/static/chunks/04m2_next_dist_01d_w1-._.js:2431
[ 2694412ms] [INFO] %c%s%c [setup-health] background: #e6e6e6;background: light-dark(rgba(0,0,0,0.1), rgba(255,255,255,0.25));color: #000000;color: light-dark(#000000, #ffffff);border-radius: 2px  Server   panel-layout {tenantId: cmrvvipw70000oyyo6123270j, userId: cmrvvipyc000aoyyodcu4tftb, score: 40, completedCount: 2, totalCriticalCount: 5} @ http://localhost:3030/_next/static/chunks/04m2_next_dist_01d_w1-._.js:2431
[ 2694810ms] [LOG] [Fast Refresh] rebuilding @ http://localhost:3030/_next/static/chunks/04m2_next_dist_01d_w1-._.js:2431
[ 2694825ms] [INFO] %c%s%c [setup-health] background: #e6e6e6;background: light-dark(rgba(0,0,0,0.1), rgba(255,255,255,0.25));color: #000000;color: light-dark(#000000, #ffffff);border-radius: 2px  Server   panel-layout {tenantId: cmrvvipw70000oyyo6123270j, userId: cmrvvipyc000aoyyodcu4tftb, score: 40, completedCount: 2, totalCriticalCount: 5} @ http://localhost:3030/_next/static/chunks/04m2_next_dist_01d_w1-._.js:2431
[ 2694916ms] [LOG] [Fast Refresh] done in 208ms @ http://localhost:3030/_next/static/chunks/04m2_next_dist_01d_w1-._.js:2431
[ 2695289ms] [INFO] %c%s%c [setup-health] background: #e6e6e6;background: light-dark(rgba(0,0,0,0.1), rgba(255,255,255,0.25));color: #000000;color: light-dark(#000000, #ffffff);border-radius: 2px  Server   panel-layout {tenantId: cmrvvipw70000oyyo6123270j, userId: cmrvvipyc000aoyyodcu4tftb, score: 40, completedCount: 2, totalCriticalCount: 5} @ http://localhost:3030/_next/static/chunks/04m2_next_dist_01d_w1-._.js:2431
[ 2695655ms] [INFO] %c%s%c [setup-health] background: #e6e6e6;background: light-dark(rgba(0,0,0,0.1), rgba(255,255,255,0.25));color: #000000;color: light-dark(#000000, #ffffff);border-radius: 2px  Server   panel-layout {tenantId: cmrvvipw70000oyyo6123270j, userId: cmrvvipyc000aoyyodcu4tftb, score: 40, completedCount: 2, totalCriticalCount: 5} @ http://localhost:3030/_next/static/chunks/04m2_next_dist_01d_w1-._.js:2431
[ 2695673ms] [LOG] [Fast Refresh] rebuilding @ http://localhost:3030/_next/static/chunks/04m2_next_dist_01d_w1-._.js:2431
[ 2695691ms] [LOG] [Fast Refresh] done in 121ms @ http://localhost:3030/_next/static/chunks/04m2_next_dist_01d_w1-._.js:2431
[ 2695795ms] [LOG] [Fast Refresh] rebuilding @ http://localhost:3030/_next/static/chunks/04m2_next_dist_01d_w1-._.js:2431
[ 2695809ms] [LOG] [Fast Refresh] done in 117ms @ http://localhost:3030/_next/static/chunks/04m2_next_dist_01d_w1-._.js:2431
[ 2695914ms] [LOG] [Fast Refresh] rebuilding @ http://localhost:3030/_next/static/chunks/04m2_next_dist_01d_w1-._.js:2431
[ 2695929ms] [LOG] [Fast Refresh] done in 119ms @ http://localhost:3030/_next/static/chunks/04m2_next_dist_01d_w1-._.js:2431
[ 2696115ms] [LOG] [Fast Refresh] rebuilding @ http://localhost:3030/_next/static/chunks/04m2_next_dist_01d_w1-._.js:2431
[ 2696118ms] [INFO] %c%s%c [setup-health] background: #e6e6e6;background: light-dark(rgba(0,0,0,0.1), rgba(255,255,255,0.25));color: #000000;color: light-dark(#000000, #ffffff);border-radius: 2px  Server   panel-layout {tenantId: cmrvvipw70000oyyo6123270j, userId: cmrvvipyc000aoyyodcu4tftb, score: 40, completedCount: 2, totalCriticalCount: 5} @ http://localhost:3030/_next/static/chunks/04m2_next_dist_01d_w1-._.js:2431
[ 2696130ms] [LOG] [Fast Refresh] done in 119ms @ http://localhost:3030/_next/static/chunks/04m2_next_dist_01d_w1-._.js:2431
[ 2696538ms] [INFO] %c%s%c [setup-health] background: #e6e6e6;background: light-dark(rgba(0,0,0,0.1), rgba(255,255,255,0.25));color: #000000;color: light-dark(#000000, #ffffff);border-radius: 2px  Server   panel-layout {tenantId: cmrvvipw70000oyyo6123270j, userId: cmrvvipyc000aoyyodcu4tftb, score: 40, completedCount: 2, totalCriticalCount: 5} @ http://localhost:3030/_next/static/chunks/04m2_next_dist_01d_w1-._.js:2431
[ 2696570ms] [LOG] [Fast Refresh] rebuilding @ http://localhost:3030/_next/static/chunks/04m2_next_dist_01d_w1-._.js:2431
[ 2696589ms] [LOG] [Fast Refresh] done in 120ms @ http://localhost:3030/_next/static/chunks/04m2_next_dist_01d_w1-._.js:2431
[ 2696700ms] [LOG] [Fast Refresh] rebuilding @ http://localhost:3030/_next/static/chunks/04m2_next_dist_01d_w1-._.js:2431
[ 2696704ms] [LOG] [Fast Refresh] done in 113ms @ http://localhost:3030/_next/static/chunks/04m2_next_dist_01d_w1-._.js:2431
[ 2697000ms] [INFO] %c%s%c [setup-health] background: #e6e6e6;background: light-dark(rgba(0,0,0,0.1), rgba(255,255,255,0.25));color: #000000;color: light-dark(#000000, #ffffff);border-radius: 2px  Server   panel-layout {tenantId: cmrvvipw70000oyyo6123270j, userId: cmrvvipyc000aoyyodcu4tftb, score: 40, completedCount: 2, totalCriticalCount: 5} @ http://localhost:3030/_next/static/chunks/04m2_next_dist_01d_w1-._.js:2431
[ 2697422ms] [LOG] [Fast Refresh] rebuilding @ http://localhost:3030/_next/static/chunks/04m2_next_dist_01d_w1-._.js:2431
[ 2697437ms] [INFO] %c%s%c [setup-health] background: #e6e6e6;background: light-dark(rgba(0,0,0,0.1), rgba(255,255,255,0.25));color: #000000;color: light-dark(#000000, #ffffff);border-radius: 2px  Server   panel-layout {tenantId: cmrvvipw70000oyyo6123270j, userId: cmrvvipyc000aoyyodcu4tftb, score: 40, completedCount: 2, totalCriticalCount: 5} @ http://localhost:3030/_next/static/chunks/04m2_next_dist_01d_w1-._.js:2431
[ 2697491ms] [LOG] [Fast Refresh] done in 171ms @ http://localhost:3030/_next/static/chunks/04m2_next_dist_01d_w1-._.js:2431
[ 2697714ms] [LOG] [Fast Refresh] rebuilding @ http://localhost:3030/_next/static/chunks/04m2_next_dist_01d_w1-._.js:2431
[ 2697743ms] [LOG] [Fast Refresh] done in 131ms @ http://localhost:3030/_next/static/chunks/04m2_next_dist_01d_w1-._.js:2431
[ 2697921ms] [INFO] %c%s%c [setup-health] background: #e6e6e6;background: light-dark(rgba(0,0,0,0.1), rgba(255,255,255,0.25));color: #000000;color: light-dark(#000000, #ffffff);border-radius: 2px  Server   panel-layout {tenantId: cmrvvipw70000oyyo6123270j, userId: cmrvvipyc000aoyyodcu4tftb, score: 40, completedCount: 2, totalCriticalCount: 5} @ http://localhost:3030/_next/static/chunks/04m2_next_dist_01d_w1-._.js:2431
[ 2697971ms] [LOG] [Fast Refresh] rebuilding @ http://localhost:3030/_next/static/chunks/04m2_next_dist_01d_w1-._.js:2431
[ 2697971ms] [LOG] [Fast Refresh] done in 103ms @ http://localhost:3030/_next/static/chunks/04m2_next_dist_01d_w1-._.js:2431
[ 2698275ms] [LOG] [Fast Refresh] rebuilding @ http://localhost:3030/_next/static/chunks/04m2_next_dist_01d_w1-._.js:2431
[ 2698293ms] [LOG] [Fast Refresh] done in 119ms @ http://localhost:3030/_next/static/chunks/04m2_next_dist_01d_w1-._.js:2431
[ 2698402ms] [INFO] %c%s%c [setup-health] background: #e6e6e6;background: light-dark(rgba(0,0,0,0.1), rgba(255,255,255,0.25));color: #000000;color: light-dark(#000000, #ffffff);border-radius: 2px  Server   panel-layout {tenantId: cmrvvipw70000oyyo6123270j, userId: cmrvvipyc000aoyyodcu4tftb, score: 40, completedCount: 2, totalCriticalCount: 5} @ http://localhost:3030/_next/static/chunks/04m2_next_dist_01d_w1-._.js:2431
[ 2698435ms] [LOG] [Fast Refresh] rebuilding @ http://localhost:3030/_next/static/chunks/04m2_next_dist_01d_w1-._.js:2431
[ 2698450ms] [LOG] [Fast Refresh] done in 120ms @ http://localhost:3030/_next/static/chunks/04m2_next_dist_01d_w1-._.js:2431
[ 2698826ms] [INFO] %c%s%c [setup-health] background: #e6e6e6;background: light-dark(rgba(0,0,0,0.1), rgba(255,255,255,0.25));color: #000000;color: light-dark(#000000, #ffffff);border-radius: 2px  Server   panel-layout {tenantId: cmrvvipw70000oyyo6123270j, userId: cmrvvipyc000aoyyodcu4tftb, score: 40, completedCount: 2, totalCriticalCount: 5} @ http://localhost:3030/_next/static/chunks/04m2_next_dist_01d_w1-._.js:2431
[ 2698837ms] [LOG] [Fast Refresh] rebuilding @ http://localhost:3030/_next/static/chunks/04m2_next_dist_01d_w1-._.js:2431
[ 2698880ms] [LOG] [Fast Refresh] done in 143ms @ http://localhost:3030/_next/static/chunks/04m2_next_dist_01d_w1-._.js:2431
[ 2699188ms] [INFO] %c%s%c [setup-health] background: #e6e6e6;background: light-dark(rgba(0,0,0,0.1), rgba(255,255,255,0.25));color: #000000;color: light-dark(#000000, #ffffff);border-radius: 2px  Server   panel-layout {tenantId: cmrvvipw70000oyyo6123270j, userId: cmrvvipyc000aoyyodcu4tftb, score: 40, completedCount: 2, totalCriticalCount: 5} @ http://localhost:3030/_next/static/chunks/04m2_next_dist_01d_w1-._.js:2431
[ 2699224ms] [LOG] [Fast Refresh] rebuilding @ http://localhost:3030/_next/static/chunks/04m2_next_dist_01d_w1-._.js:2431
[ 2699230ms] [LOG] [Fast Refresh] done in 107ms @ http://localhost:3030/_next/static/chunks/04m2_next_dist_01d_w1-._.js:2431
[ 2699579ms] [INFO] %c%s%c [setup-health] background: #e6e6e6;background: light-dark(rgba(0,0,0,0.1), rgba(255,255,255,0.25));color: #000000;color: light-dark(#000000, #ffffff);border-radius: 2px  Server   panel-layout {tenantId: cmrvvipw70000oyyo6123270j, userId: cmrvvipyc000aoyyodcu4tftb, score: 40, completedCount: 2, totalCriticalCount: 5} @ http://localhost:3030/_next/static/chunks/04m2_next_dist_01d_w1-._.js:2431
[ 2699922ms] [INFO] %c%s%c [setup-health] background: #e6e6e6;background: light-dark(rgba(0,0,0,0.1), rgba(255,255,255,0.25));color: #000000;color: light-dark(#000000, #ffffff);border-radius: 2px  Server   panel-layout {tenantId: cmrvvipw70000oyyo6123270j, userId: cmrvvipyc000aoyyodcu4tftb, score: 40, completedCount: 2, totalCriticalCount: 5} @ http://localhost:3030/_next/static/chunks/04m2_next_dist_01d_w1-._.js:2431
[ 2699943ms] [LOG] [Fast Refresh] rebuilding @ http://localhost:3030/_next/static/chunks/04m2_next_dist_01d_w1-._.js:2431
[ 2699972ms] [LOG] [Fast Refresh] done in 132ms @ http://localhost:3030/_next/static/chunks/04m2_next_dist_01d_w1-._.js:2431
[ 2700184ms] [LOG] [Fast Refresh] rebuilding @ http://localhost:3030/_next/static/chunks/04m2_next_dist_01d_w1-._.js:2431
[ 2700185ms] [LOG] [Fast Refresh] done in 101ms @ http://localhost:3030/_next/static/chunks/04m2_next_dist_01d_w1-._.js:2431
[ 2700353ms] [INFO] %c%s%c [setup-health] background: #e6e6e6;background: light-dark(rgba(0,0,0,0.1), rgba(255,255,255,0.25));color: #000000;color: light-dark(#000000, #ffffff);border-radius: 2px  Server   panel-layout {tenantId: cmrvvipw70000oyyo6123270j, userId: cmrvvipyc000aoyyodcu4tftb, score: 40, completedCount: 2, totalCriticalCount: 5} @ http://localhost:3030/_next/static/chunks/04m2_next_dist_01d_w1-._.js:2431
[ 2700367ms] [LOG] [Fast Refresh] rebuilding @ http://localhost:3030/_next/static/chunks/04m2_next_dist_01d_w1-._.js:2431
[ 2700415ms] [LOG] [Fast Refresh] done in 155ms @ http://localhost:3030/_next/static/chunks/04m2_next_dist_01d_w1-._.js:2431
[ 2700529ms] [LOG] [Fast Refresh] rebuilding @ http://localhost:3030/_next/static/chunks/04m2_next_dist_01d_w1-._.js:2431
[ 2700577ms] [LOG] [Fast Refresh] done in 162ms @ http://localhost:3030/_next/static/chunks/04m2_next_dist_01d_w1-._.js:2431
[ 2700702ms] [LOG] [Fast Refresh] rebuilding @ http://localhost:3030/_next/static/chunks/04m2_next_dist_01d_w1-._.js:2431
[ 2701122ms] [LOG] [Fast Refresh] done in 534ms @ http://localhost:3030/_next/static/chunks/04m2_next_dist_01d_w1-._.js:2431
[ 2701279ms] [LOG] [Fast Refresh] rebuilding @ http://localhost:3030/_next/static/chunks/04m2_next_dist_01d_w1-._.js:2431
[ 2701286ms] [LOG] [Fast Refresh] done in 108ms @ http://localhost:3030/_next/static/chunks/04m2_next_dist_01d_w1-._.js:2431
[ 2701513ms] [INFO] %c%s%c [setup-health] background: #e6e6e6;background: light-dark(rgba(0,0,0,0.1), rgba(255,255,255,0.25));color: #000000;color: light-dark(#000000, #ffffff);border-radius: 2px  Server   panel-layout {tenantId: cmrvvipw70000oyyo6123270j, userId: cmrvvipyc000aoyyodcu4tftb, score: 40, completedCount: 2, totalCriticalCount: 5} @ http://localhost:3030/_next/static/chunks/04m2_next_dist_01d_w1-._.js:2431
[ 2701543ms] [LOG] [Fast Refresh] rebuilding @ http://localhost:3030/_next/static/chunks/04m2_next_dist_01d_w1-._.js:2431
[ 2701573ms] [LOG] [Fast Refresh] done in 139ms @ http://localhost:3030/_next/static/chunks/04m2_next_dist_01d_w1-._.js:2431
[ 2701675ms] [LOG] [Fast Refresh] rebuilding @ http://localhost:3030/_next/static/chunks/04m2_next_dist_01d_w1-._.js:2431
[ 2701705ms] [LOG] [Fast Refresh] done in 130ms @ http://localhost:3030/_next/static/chunks/04m2_next_dist_01d_w1-._.js:2431
[ 2701923ms] [INFO] %c%s%c [setup-health] background: #e6e6e6;background: light-dark(rgba(0,0,0,0.1), rgba(255,255,255,0.25));color: #000000;color: light-dark(#000000, #ffffff);border-radius: 2px  Server   panel-layout {tenantId: cmrvvipw70000oyyo6123270j, userId: cmrvvipyc000aoyyodcu4tftb, score: 40, completedCount: 2, totalCriticalCount: 5} @ http://localhost:3030/_next/static/chunks/04m2_next_dist_01d_w1-._.js:2431
[ 2702212ms] [INFO] %c%s%c [setup-health] background: #e6e6e6;background: light-dark(rgba(0,0,0,0.1), rgba(255,255,255,0.25));color: #000000;color: light-dark(#000000, #ffffff);border-radius: 2px  Server   panel-layout {tenantId: cmrvvipw70000oyyo6123270j, userId: cmrvvipyc000aoyyodcu4tftb, score: 40, completedCount: 2, totalCriticalCount: 5} @ http://localhost:3030/_next/static/chunks/04m2_next_dist_01d_w1-._.js:2431
[ 2702561ms] [INFO] %c%s%c [setup-health] background: #e6e6e6;background: light-dark(rgba(0,0,0,0.1), rgba(255,255,255,0.25));color: #000000;color: light-dark(#000000, #ffffff);border-radius: 2px  Server   panel-layout {tenantId: cmrvvipw70000oyyo6123270j, userId: cmrvvipyc000aoyyodcu4tftb, score: 40, completedCount: 2, totalCriticalCount: 5} @ http://localhost:3030/_next/static/chunks/04m2_next_dist_01d_w1-._.js:2431
[ 2702896ms] [INFO] %c%s%c [setup-health] background: #e6e6e6;background: light-dark(rgba(0,0,0,0.1), rgba(255,255,255,0.25));color: #000000;color: light-dark(#000000, #ffffff);border-radius: 2px  Server   panel-layout {tenantId: cmrvvipw70000oyyo6123270j, userId: cmrvvipyc000aoyyodcu4tftb, score: 40, completedCount: 2, totalCriticalCount: 5} @ http://localhost:3030/_next/static/chunks/04m2_next_dist_01d_w1-._.js:2431
[ 2702930ms] [LOG] [Fast Refresh] rebuilding @ http://localhost:3030/_next/static/chunks/04m2_next_dist_01d_w1-._.js:2431
[ 2702938ms] [LOG] [Fast Refresh] done in 109ms @ http://localhost:3030/_next/static/chunks/04m2_next_dist_01d_w1-._.js:2431
[ 2703247ms] [INFO] %c%s%c [setup-health] background: #e6e6e6;background: light-dark(rgba(0,0,0,0.1), rgba(255,255,255,0.25));color: #000000;color: light-dark(#000000, #ffffff);border-radius: 2px  Server   panel-layout {tenantId: cmrvvipw70000oyyo6123270j, userId: cmrvvipyc000aoyyodcu4tftb, score: 40, completedCount: 2, totalCriticalCount: 5} @ http://localhost:3030/_next/static/chunks/04m2_next_dist_01d_w1-._.js:2431
[ 2703627ms] [INFO] %c%s%c [setup-health] background: #e6e6e6;background: light-dark(rgba(0,0,0,0.1), rgba(255,255,255,0.25));color: #000000;color: light-dark(#000000, #ffffff);border-radius: 2px  Server   panel-layout {tenantId: cmrvvipw70000oyyo6123270j, userId: cmrvvipyc000aoyyodcu4tftb, score: 40, completedCount: 2, totalCriticalCount: 5} @ http://localhost:3030/_next/static/chunks/04m2_next_dist_01d_w1-._.js:2431
[ 2703650ms] [LOG] [Fast Refresh] rebuilding @ http://localhost:3030/_next/static/chunks/04m2_next_dist_01d_w1-._.js:2431
[ 2703673ms] [LOG] [Fast Refresh] done in 129ms @ http://localhost:3030/_next/static/chunks/04m2_next_dist_01d_w1-._.js:2431
[ 2704025ms] [INFO] %c%s%c [setup-health] background: #e6e6e6;background: light-dark(rgba(0,0,0,0.1), rgba(255,255,255,0.25));color: #000000;color: light-dark(#000000, #ffffff);border-radius: 2px  Server   panel-layout {tenantId: cmrvvipw70000oyyo6123270j, userId: cmrvvipyc000aoyyodcu4tftb, score: 40, completedCount: 2, totalCriticalCount: 5} @ http://localhost:3030/_next/static/chunks/04m2_next_dist_01d_w1-._.js:2431
[ 2704066ms] [LOG] [Fast Refresh] rebuilding @ http://localhost:3030/_next/static/chunks/04m2_next_dist_01d_w1-._.js:2431
[ 2704070ms] [LOG] [Fast Refresh] done in 105ms @ http://localhost:3030/_next/static/chunks/04m2_next_dist_01d_w1-._.js:2431
[ 2704368ms] [INFO] %c%s%c [setup-health] background: #e6e6e6;background: light-dark(rgba(0,0,0,0.1), rgba(255,255,255,0.25));color: #000000;color: light-dark(#000000, #ffffff);border-radius: 2px  Server   panel-layout {tenantId: cmrvvipw70000oyyo6123270j, userId: cmrvvipyc000aoyyodcu4tftb, score: 40, completedCount: 2, totalCriticalCount: 5} @ http://localhost:3030/_next/static/chunks/04m2_next_dist_01d_w1-._.js:2431
[ 2704776ms] [INFO] %c%s%c [setup-health] background: #e6e6e6;background: light-dark(rgba(0,0,0,0.1), rgba(255,255,255,0.25));color: #000000;color: light-dark(#000000, #ffffff);border-radius: 2px  Server   panel-layout {tenantId: cmrvvipw70000oyyo6123270j, userId: cmrvvipyc000aoyyodcu4tftb, score: 40, completedCount: 2, totalCriticalCount: 5} @ http://localhost:3030/_next/static/chunks/04m2_next_dist_01d_w1-._.js:2431
[ 2704807ms] [LOG] [Fast Refresh] rebuilding @ http://localhost:3030/_next/static/chunks/04m2_next_dist_01d_w1-._.js:2431
[ 2704808ms] [LOG] [Fast Refresh] done in 102ms @ http://localhost:3030/_next/static/chunks/04m2_next_dist_01d_w1-._.js:2431
[ 2705122ms] [INFO] %c%s%c [setup-health] background: #e6e6e6;background: light-dark(rgba(0,0,0,0.1), rgba(255,255,255,0.25));color: #000000;color: light-dark(#000000, #ffffff);border-radius: 2px  Server   panel-layout {tenantId: cmrvvipw70000oyyo6123270j, userId: cmrvvipyc000aoyyodcu4tftb, score: 40, completedCount: 2, totalCriticalCount: 5} @ http://localhost:3030/_next/static/chunks/04m2_next_dist_01d_w1-._.js:2431
[ 2705158ms] [LOG] [Fast Refresh] rebuilding @ http://localhost:3030/_next/static/chunks/04m2_next_dist_01d_w1-._.js:2431
[ 2705168ms] [LOG] [Fast Refresh] done in 112ms @ http://localhost:3030/_next/static/chunks/04m2_next_dist_01d_w1-._.js:2431
[ 2705486ms] [INFO] %c%s%c [setup-health] background: #e6e6e6;background: light-dark(rgba(0,0,0,0.1), rgba(255,255,255,0.25));color: #000000;color: light-dark(#000000, #ffffff);border-radius: 2px  Server   panel-layout {tenantId: cmrvvipw70000oyyo6123270j, userId: cmrvvipyc000aoyyodcu4tftb, score: 40, completedCount: 2, totalCriticalCount: 5} @ http://localhost:3030/_next/static/chunks/04m2_next_dist_01d_w1-._.js:2431
[ 2705885ms] [LOG] [Fast Refresh] rebuilding @ http://localhost:3030/_next/static/chunks/04m2_next_dist_01d_w1-._.js:2431
[ 2705893ms] [INFO] %c%s%c [setup-health] background: #e6e6e6;background: light-dark(rgba(0,0,0,0.1), rgba(255,255,255,0.25));color: #000000;color: light-dark(#000000, #ffffff);border-radius: 2px  Server   panel-layout {tenantId: cmrvvipw70000oyyo6123270j, userId: cmrvvipyc000aoyyodcu4tftb, score: 40, completedCount: 2, totalCriticalCount: 5} @ http://localhost:3030/_next/static/chunks/04m2_next_dist_01d_w1-._.js:2431
[ 2705936ms] [LOG] [Fast Refresh] done in 151ms @ http://localhost:3030/_next/static/chunks/04m2_next_dist_01d_w1-._.js:2431
[ 2706326ms] [INFO] %c%s%c [setup-health] background: #e6e6e6;background: light-dark(rgba(0,0,0,0.1), rgba(255,255,255,0.25));color: #000000;color: light-dark(#000000, #ffffff);border-radius: 2px  Server   panel-layout {tenantId: cmrvvipw70000oyyo6123270j, userId: cmrvvipyc000aoyyodcu4tftb, score: 40, completedCount: 2, totalCriticalCount: 5} @ http://localhost:3030/_next/static/chunks/04m2_next_dist_01d_w1-._.js:2431
[ 2706345ms] [LOG] [Fast Refresh] rebuilding @ http://localhost:3030/_next/static/chunks/04m2_next_dist_01d_w1-._.js:2431
[ 2706375ms] [LOG] [Fast Refresh] done in 130ms @ http://localhost:3030/_next/static/chunks/04m2_next_dist_01d_w1-._.js:2431
[ 2706695ms] [INFO] %c%s%c [setup-health] background: #e6e6e6;background: light-dark(rgba(0,0,0,0.1), rgba(255,255,255,0.25));color: #000000;color: light-dark(#000000, #ffffff);border-radius: 2px  Server   panel-layout {tenantId: cmrvvipw70000oyyo6123270j, userId: cmrvvipyc000aoyyodcu4tftb, score: 40, completedCount: 2, totalCriticalCount: 5} @ http://localhost:3030/_next/static/chunks/04m2_next_dist_01d_w1-._.js:2431
[ 2707109ms] [INFO] %c%s%c [setup-health] background: #e6e6e6;background: light-dark(rgba(0,0,0,0.1), rgba(255,255,255,0.25));color: #000000;color: light-dark(#000000, #ffffff);border-radius: 2px  Server   panel-layout {tenantId: cmrvvipw70000oyyo6123270j, userId: cmrvvipyc000aoyyodcu4tftb, score: 40, completedCount: 2, totalCriticalCount: 5} @ http://localhost:3030/_next/static/chunks/04m2_next_dist_01d_w1-._.js:2431
[ 2707142ms] [LOG] [Fast Refresh] rebuilding @ http://localhost:3030/_next/static/chunks/04m2_next_dist_01d_w1-._.js:2431
[ 2707151ms] [LOG] [Fast Refresh] done in 116ms @ http://localhost:3030/_next/static/chunks/04m2_next_dist_01d_w1-._.js:2431
[ 2707258ms] [LOG] [Fast Refresh] rebuilding @ http://localhost:3030/_next/static/chunks/04m2_next_dist_01d_w1-._.js:2431
[ 2707259ms] [LOG] [Fast Refresh] done in 107ms @ http://localhost:3030/_next/static/chunks/04m2_next_dist_01d_w1-._.js:2431
[ 2707483ms] [INFO] %c%s%c [setup-health] background: #e6e6e6;background: light-dark(rgba(0,0,0,0.1), rgba(255,255,255,0.25));color: #000000;color: light-dark(#000000, #ffffff);border-radius: 2px  Server   panel-layout {tenantId: cmrvvipw70000oyyo6123270j, userId: cmrvvipyc000aoyyodcu4tftb, score: 40, completedCount: 2, totalCriticalCount: 5} @ http://localhost:3030/_next/static/chunks/04m2_next_dist_01d_w1-._.js:2431
[ 2707501ms] [LOG] [Fast Refresh] rebuilding @ http://localhost:3030/_next/static/chunks/04m2_next_dist_01d_w1-._.js:2431
[ 2707540ms] [LOG] [Fast Refresh] done in 146ms @ http://localhost:3030/_next/static/chunks/04m2_next_dist_01d_w1-._.js:2431
[ 2707890ms] [INFO] %c%s%c [setup-health] background: #e6e6e6;background: light-dark(rgba(0,0,0,0.1), rgba(255,255,255,0.25));color: #000000;color: light-dark(#000000, #ffffff);border-radius: 2px  Server   panel-layout {tenantId: cmrvvipw70000oyyo6123270j, userId: cmrvvipyc000aoyyodcu4tftb, score: 40, completedCount: 2, totalCriticalCount: 5} @ http://localhost:3030/_next/static/chunks/04m2_next_dist_01d_w1-._.js:2431
[ 2707932ms] [LOG] [Fast Refresh] rebuilding @ http://localhost:3030/_next/static/chunks/04m2_next_dist_01d_w1-._.js:2431
[ 2707940ms] [LOG] [Fast Refresh] done in 108ms @ http://localhost:3030/_next/static/chunks/04m2_next_dist_01d_w1-._.js:2431
[ 2708269ms] [INFO] %c%s%c [setup-health] background: #e6e6e6;background: light-dark(rgba(0,0,0,0.1), rgba(255,255,255,0.25));color: #000000;color: light-dark(#000000, #ffffff);border-radius: 2px  Server   panel-layout {tenantId: cmrvvipw70000oyyo6123270j, userId: cmrvvipyc000aoyyodcu4tftb, score: 40, completedCount: 2, totalCriticalCount: 5} @ http://localhost:3030/_next/static/chunks/04m2_next_dist_01d_w1-._.js:2431
[ 2708307ms] [LOG] [Fast Refresh] rebuilding @ http://localhost:3030/_next/static/chunks/04m2_next_dist_01d_w1-._.js:2431
[ 2708308ms] [LOG] [Fast Refresh] done in 103ms @ http://localhost:3030/_next/static/chunks/04m2_next_dist_01d_w1-._.js:2431
[ 2708667ms] [INFO] %c%s%c [setup-health] background: #e6e6e6;background: light-dark(rgba(0,0,0,0.1), rgba(255,255,255,0.25));color: #000000;color: light-dark(#000000, #ffffff);border-radius: 2px  Server   panel-layout {tenantId: cmrvvipw70000oyyo6123270j, userId: cmrvvipyc000aoyyodcu4tftb, score: 40, completedCount: 2, totalCriticalCount: 5} @ http://localhost:3030/_next/static/chunks/04m2_next_dist_01d_w1-._.js:2431
[ 2709001ms] [INFO] %c%s%c [setup-health] background: #e6e6e6;background: light-dark(rgba(0,0,0,0.1), rgba(255,255,255,0.25));color: #000000;color: light-dark(#000000, #ffffff);border-radius: 2px  Server   panel-layout {tenantId: cmrvvipw70000oyyo6123270j, userId: cmrvvipyc000aoyyodcu4tftb, score: 40, completedCount: 2, totalCriticalCount: 5} @ http://localhost:3030/_next/static/chunks/04m2_next_dist_01d_w1-._.js:2431
[ 2709373ms] [LOG] [Fast Refresh] rebuilding @ http://localhost:3030/_next/static/chunks/04m2_next_dist_01d_w1-._.js:2431
[ 2709376ms] [LOG] [Fast Refresh] done in 105ms @ http://localhost:3030/_next/static/chunks/04m2_next_dist_01d_w1-._.js:2431
[ 2709461ms] [INFO] %c%s%c [setup-health] background: #e6e6e6;background: light-dark(rgba(0,0,0,0.1), rgba(255,255,255,0.25));color: #000000;color: light-dark(#000000, #ffffff);border-radius: 2px  Server   panel-layout {tenantId: cmrvvipw70000oyyo6123270j, userId: cmrvvipyc000aoyyodcu4tftb, score: 40, completedCount: 2, totalCriticalCount: 5} @ http://localhost:3030/_next/static/chunks/04m2_next_dist_01d_w1-._.js:2431
[ 2709820ms] [INFO] %c%s%c [setup-health] background: #e6e6e6;background: light-dark(rgba(0,0,0,0.1), rgba(255,255,255,0.25));color: #000000;color: light-dark(#000000, #ffffff);border-radius: 2px  Server   panel-layout {tenantId: cmrvvipw70000oyyo6123270j, userId: cmrvvipyc000aoyyodcu4tftb, score: 40, completedCount: 2, totalCriticalCount: 5} @ http://localhost:3030/_next/static/chunks/04m2_next_dist_01d_w1-._.js:2431
[ 2709855ms] [LOG] [Fast Refresh] rebuilding @ http://localhost:3030/_next/static/chunks/04m2_next_dist_01d_w1-._.js:2431
[ 2709863ms] [LOG] [Fast Refresh] done in 117ms @ http://localhost:3030/_next/static/chunks/04m2_next_dist_01d_w1-._.js:2431
[ 2710177ms] [INFO] %c%s%c [setup-health] background: #e6e6e6;background: light-dark(rgba(0,0,0,0.1), rgba(255,255,255,0.25));color: #000000;color: light-dark(#000000, #ffffff);border-radius: 2px  Server   panel-layout {tenantId: cmrvvipw70000oyyo6123270j, userId: cmrvvipyc000aoyyodcu4tftb, score: 40, completedCount: 2, totalCriticalCount: 5} @ http://localhost:3030/_next/static/chunks/04m2_next_dist_01d_w1-._.js:2431
[ 2710562ms] [INFO] %c%s%c [setup-health] background: #e6e6e6;background: light-dark(rgba(0,0,0,0.1), rgba(255,255,255,0.25));color: #000000;color: light-dark(#000000, #ffffff);border-radius: 2px  Server   panel-layout {tenantId: cmrvvipw70000oyyo6123270j, userId: cmrvvipyc000aoyyodcu4tftb, score: 40, completedCount: 2, totalCriticalCount: 5} @ http://localhost:3030/_next/static/chunks/04m2_next_dist_01d_w1-._.js:2431
[ 2710848ms] [INFO] %c%s%c [setup-health] background: #e6e6e6;background: light-dark(rgba(0,0,0,0.1), rgba(255,255,255,0.25));color: #000000;color: light-dark(#000000, #ffffff);border-radius: 2px  Server   panel-layout {tenantId: cmrvvipw70000oyyo6123270j, userId: cmrvvipyc000aoyyodcu4tftb, score: 40, completedCount: 2, totalCriticalCount: 5} @ http://localhost:3030/_next/static/chunks/04m2_next_dist_01d_w1-._.js:2431
[ 2710881ms] [LOG] [Fast Refresh] rebuilding @ http://localhost:3030/_next/static/chunks/04m2_next_dist_01d_w1-._.js:2431
[ 2710885ms] [LOG] [Fast Refresh] done in 112ms @ http://localhost:3030/_next/static/chunks/04m2_next_dist_01d_w1-._.js:2431
[ 2711148ms] [INFO] %c%s%c [setup-health] background: #e6e6e6;background: light-dark(rgba(0,0,0,0.1), rgba(255,255,255,0.25));color: #000000;color: light-dark(#000000, #ffffff);border-radius: 2px  Server   panel-layout {tenantId: cmrvvipw70000oyyo6123270j, userId: cmrvvipyc000aoyyodcu4tftb, score: 40, completedCount: 2, totalCriticalCount: 5} @ http://localhost:3030/_next/static/chunks/04m2_next_dist_01d_w1-._.js:2431
[ 2711543ms] [LOG] [Fast Refresh] rebuilding @ http://localhost:3030/_next/static/chunks/04m2_next_dist_01d_w1-._.js:2431
[ 2711545ms] [INFO] %c%s%c [setup-health] background: #e6e6e6;background: light-dark(rgba(0,0,0,0.1), rgba(255,255,255,0.25));color: #000000;color: light-dark(#000000, #ffffff);border-radius: 2px  Server   panel-layout {tenantId: cmrvvipw70000oyyo6123270j, userId: cmrvvipyc000aoyyodcu4tftb, score: 40, completedCount: 2, totalCriticalCount: 5} @ http://localhost:3030/_next/static/chunks/04m2_next_dist_01d_w1-._.js:2431
[ 2711561ms] [LOG] [Fast Refresh] done in 124ms @ http://localhost:3030/_next/static/chunks/04m2_next_dist_01d_w1-._.js:2431
[ 2711869ms] [INFO] %c%s%c [setup-health] background: #e6e6e6;background: light-dark(rgba(0,0,0,0.1), rgba(255,255,255,0.25));color: #000000;color: light-dark(#000000, #ffffff);border-radius: 2px  Server   panel-layout {tenantId: cmrvvipw70000oyyo6123270j, userId: cmrvvipyc000aoyyodcu4tftb, score: 40, completedCount: 2, totalCriticalCount: 5} @ http://localhost:3030/_next/static/chunks/04m2_next_dist_01d_w1-._.js:2431
[ 2712197ms] [INFO] %c%s%c [setup-health] background: #e6e6e6;background: light-dark(rgba(0,0,0,0.1), rgba(255,255,255,0.25));color: #000000;color: light-dark(#000000, #ffffff);border-radius: 2px  Server   panel-layout {tenantId: cmrvvipw70000oyyo6123270j, userId: cmrvvipyc000aoyyodcu4tftb, score: 40, completedCount: 2, totalCriticalCount: 5} @ http://localhost:3030/_next/static/chunks/04m2_next_dist_01d_w1-._.js:2431
[ 2712510ms] [INFO] %c%s%c [setup-health] background: #e6e6e6;background: light-dark(rgba(0,0,0,0.1), rgba(255,255,255,0.25));color: #000000;color: light-dark(#000000, #ffffff);border-radius: 2px  Server   panel-layout {tenantId: cmrvvipw70000oyyo6123270j, userId: cmrvvipyc000aoyyodcu4tftb, score: 40, completedCount: 2, totalCriticalCount: 5} @ http://localhost:3030/_next/static/chunks/04m2_next_dist_01d_w1-._.js:2431
[ 2712809ms] [INFO] %c%s%c [setup-health] background: #e6e6e6;background: light-dark(rgba(0,0,0,0.1), rgba(255,255,255,0.25));color: #000000;color: light-dark(#000000, #ffffff);border-radius: 2px  Server   panel-layout {tenantId: cmrvvipw70000oyyo6123270j, userId: cmrvvipyc000aoyyodcu4tftb, score: 40, completedCount: 2, totalCriticalCount: 5} @ http://localhost:3030/_next/static/chunks/04m2_next_dist_01d_w1-._.js:2431
[ 2713064ms] [INFO] %c%s%c [setup-health] background: #e6e6e6;background: light-dark(rgba(0,0,0,0.1), rgba(255,255,255,0.25));color: #000000;color: light-dark(#000000, #ffffff);border-radius: 2px  Server   panel-layout {tenantId: cmrvvipw70000oyyo6123270j, userId: cmrvvipyc000aoyyodcu4tftb, score: 40, completedCount: 2, totalCriticalCount: 5} @ http://localhost:3030/_next/static/chunks/04m2_next_dist_01d_w1-._.js:2431
[ 2713343ms] [INFO] %c%s%c [setup-health] background: #e6e6e6;background: light-dark(rgba(0,0,0,0.1), rgba(255,255,255,0.25));color: #000000;color: light-dark(#000000, #ffffff);border-radius: 2px  Server   panel-layout {tenantId: cmrvvipw70000oyyo6123270j, userId: cmrvvipyc000aoyyodcu4tftb, score: 40, completedCount: 2, totalCriticalCount: 5} @ http://localhost:3030/_next/static/chunks/04m2_next_dist_01d_w1-._.js:2431
[ 2713686ms] [LOG] [Fast Refresh] rebuilding @ http://localhost:3030/_next/static/chunks/04m2_next_dist_01d_w1-._.js:2431
[ 2713691ms] [INFO] %c%s%c [setup-health] background: #e6e6e6;background: light-dark(rgba(0,0,0,0.1), rgba(255,255,255,0.25));color: #000000;color: light-dark(#000000, #ffffff);border-radius: 2px  Server   panel-layout {tenantId: cmrvvipw70000oyyo6123270j, userId: cmrvvipyc000aoyyodcu4tftb, score: 40, completedCount: 2, totalCriticalCount: 5} @ http://localhost:3030/_next/static/chunks/04m2_next_dist_01d_w1-._.js:2431
[ 2713722ms] [LOG] [Fast Refresh] done in 138ms @ http://localhost:3030/_next/static/chunks/04m2_next_dist_01d_w1-._.js:2431
[ 2714023ms] [INFO] %c%s%c [setup-health] background: #e6e6e6;background: light-dark(rgba(0,0,0,0.1), rgba(255,255,255,0.25));color: #000000;color: light-dark(#000000, #ffffff);border-radius: 2px  Server   panel-layout {tenantId: cmrvvipw70000oyyo6123270j, userId: cmrvvipyc000aoyyodcu4tftb, score: 40, completedCount: 2, totalCriticalCount: 5} @ http://localhost:3030/_next/static/chunks/04m2_next_dist_01d_w1-._.js:2431
[ 2714444ms] [INFO] %c%s%c [setup-health] background: #e6e6e6;background: light-dark(rgba(0,0,0,0.1), rgba(255,255,255,0.25));color: #000000;color: light-dark(#000000, #ffffff);border-radius: 2px  Server   panel-layout {tenantId: cmrvvipw70000oyyo6123270j, userId: cmrvvipyc000aoyyodcu4tftb, score: 40, completedCount: 2, totalCriticalCount: 5} @ http://localhost:3030/_next/static/chunks/04m2_next_dist_01d_w1-._.js:2431
[ 2714592ms] [LOG] [Fast Refresh] rebuilding @ http://localhost:3030/_next/static/chunks/04m2_next_dist_01d_w1-._.js:2431
[ 2714595ms] [LOG] [Fast Refresh] done in 104ms @ http://localhost:3030/_next/static/chunks/04m2_next_dist_01d_w1-._.js:2431
[ 2714843ms] [LOG] [Fast Refresh] rebuilding @ http://localhost:3030/_next/static/chunks/04m2_next_dist_01d_w1-._.js:2431
[ 2714847ms] [INFO] %c%s%c [setup-health] background: #e6e6e6;background: light-dark(rgba(0,0,0,0.1), rgba(255,255,255,0.25));color: #000000;color: light-dark(#000000, #ffffff);border-radius: 2px  Server   panel-layout {tenantId: cmrvvipw70000oyyo6123270j, userId: cmrvvipyc000aoyyodcu4tftb, score: 40, completedCount: 2, totalCriticalCount: 5} @ http://localhost:3030/_next/static/chunks/04m2_next_dist_01d_w1-._.js:2431
[ 2714860ms] [LOG] [Fast Refresh] done in 117ms @ http://localhost:3030/_next/static/chunks/04m2_next_dist_01d_w1-._.js:2431
[ 2715001ms] [LOG] [Fast Refresh] rebuilding @ http://localhost:3030/_next/static/chunks/04m2_next_dist_01d_w1-._.js:2431
[ 2715011ms] [LOG] [Fast Refresh] done in 112ms @ http://localhost:3030/_next/static/chunks/04m2_next_dist_01d_w1-._.js:2431
[ 2715164ms] [LOG] [Fast Refresh] rebuilding @ http://localhost:3030/_next/static/chunks/04m2_next_dist_01d_w1-._.js:2431
[ 2715182ms] [INFO] %c%s%c [setup-health] background: #e6e6e6;background: light-dark(rgba(0,0,0,0.1), rgba(255,255,255,0.25));color: #000000;color: light-dark(#000000, #ffffff);border-radius: 2px  Server   panel-layout {tenantId: cmrvvipw70000oyyo6123270j, userId: cmrvvipyc000aoyyodcu4tftb, score: 40, completedCount: 2, totalCriticalCount: 5} @ http://localhost:3030/_next/static/chunks/04m2_next_dist_01d_w1-._.js:2431
[ 2715194ms] [LOG] [Fast Refresh] done in 130ms @ http://localhost:3030/_next/static/chunks/04m2_next_dist_01d_w1-._.js:2431
[ 2715483ms] [INFO] %c%s%c [setup-health] background: #e6e6e6;background: light-dark(rgba(0,0,0,0.1), rgba(255,255,255,0.25));color: #000000;color: light-dark(#000000, #ffffff);border-radius: 2px  Server   panel-layout {tenantId: cmrvvipw70000oyyo6123270j, userId: cmrvvipyc000aoyyodcu4tftb, score: 40, completedCount: 2, totalCriticalCount: 5} @ http://localhost:3030/_next/static/chunks/04m2_next_dist_01d_w1-._.js:2431
[ 2715729ms] [INFO] %c%s%c [setup-health] background: #e6e6e6;background: light-dark(rgba(0,0,0,0.1), rgba(255,255,255,0.25));color: #000000;color: light-dark(#000000, #ffffff);border-radius: 2px  Server   panel-layout {tenantId: cmrvvipw70000oyyo6123270j, userId: cmrvvipyc000aoyyodcu4tftb, score: 40, completedCount: 2, totalCriticalCount: 5} @ http://localhost:3030/_next/static/chunks/04m2_next_dist_01d_w1-._.js:2431
[ 2715890ms] [INFO] %c%s%c [setup-health] background: #e6e6e6;background: light-dark(rgba(0,0,0,0.1), rgba(255,255,255,0.25));color: #000000;color: light-dark(#000000, #ffffff);border-radius: 2px  Server   panel-layout {tenantId: cmrvvipw70000oyyo6123270j, userId: cmrvvipyc000aoyyodcu4tftb, score: 40, completedCount: 2, totalCriticalCount: 5} @ http://localhost:3030/_next/static/chunks/04m2_next_dist_01d_w1-._.js:2431
[ 2716036ms] [INFO] %c%s%c [setup-health] background: #e6e6e6;background: light-dark(rgba(0,0,0,0.1), rgba(255,255,255,0.25));color: #000000;color: light-dark(#000000, #ffffff);border-radius: 2px  Server   panel-layout {tenantId: cmrvvipw70000oyyo6123270j, userId: cmrvvipyc000aoyyodcu4tftb, score: 40, completedCount: 2, totalCriticalCount: 5} @ http://localhost:3030/_next/static/chunks/04m2_next_dist_01d_w1-._.js:2431
[ 2716166ms] [LOG] [Fast Refresh] rebuilding @ http://localhost:3030/_next/static/chunks/04m2_next_dist_01d_w1-._.js:2431
[ 2716175ms] [LOG] [Fast Refresh] done in 109ms @ http://localhost:3030/_next/static/chunks/04m2_next_dist_01d_w1-._.js:2431
[ 2716183ms] [INFO] %c%s%c [setup-health] background: #e6e6e6;background: light-dark(rgba(0,0,0,0.1), rgba(255,255,255,0.25));color: #000000;color: light-dark(#000000, #ffffff);border-radius: 2px  Server   panel-layout {tenantId: cmrvvipw70000oyyo6123270j, userId: cmrvvipyc000aoyyodcu4tftb, score: 40, completedCount: 2, totalCriticalCount: 5} @ http://localhost:3030/_next/static/chunks/04m2_next_dist_01d_w1-._.js:2431
[ 2716300ms] [LOG] [Fast Refresh] rebuilding @ http://localhost:3030/_next/static/chunks/04m2_next_dist_01d_w1-._.js:2431
[ 2716301ms] [LOG] [Fast Refresh] done in 104ms @ http://localhost:3030/_next/static/chunks/04m2_next_dist_01d_w1-._.js:2431
[ 2716308ms] [INFO] %c%s%c [setup-health] background: #e6e6e6;background: light-dark(rgba(0,0,0,0.1), rgba(255,255,255,0.25));color: #000000;color: light-dark(#000000, #ffffff);border-radius: 2px  Server   panel-layout {tenantId: cmrvvipw70000oyyo6123270j, userId: cmrvvipyc000aoyyodcu4tftb, score: 40, completedCount: 2, totalCriticalCount: 5} @ http://localhost:3030/_next/static/chunks/04m2_next_dist_01d_w1-._.js:2431
[ 2716443ms] [LOG] [Fast Refresh] rebuilding @ http://localhost:3030/_next/static/chunks/04m2_next_dist_01d_w1-._.js:2431
[ 2716446ms] [LOG] [Fast Refresh] done in 115ms @ http://localhost:3030/_next/static/chunks/04m2_next_dist_01d_w1-._.js:2431
[ 2716454ms] [INFO] %c%s%c [setup-health] background: #e6e6e6;background: light-dark(rgba(0,0,0,0.1), rgba(255,255,255,0.25));color: #000000;color: light-dark(#000000, #ffffff);border-radius: 2px  Server   panel-layout {tenantId: cmrvvipw70000oyyo6123270j, userId: cmrvvipyc000aoyyodcu4tftb, score: 40, completedCount: 2, totalCriticalCount: 5} @ http://localhost:3030/_next/static/chunks/04m2_next_dist_01d_w1-._.js:2431
[ 2716580ms] [LOG] [Fast Refresh] rebuilding @ http://localhost:3030/_next/static/chunks/04m2_next_dist_01d_w1-._.js:2431
[ 2716598ms] [LOG] [Fast Refresh] done in 121ms @ http://localhost:3030/_next/static/chunks/04m2_next_dist_01d_w1-._.js:2431
[ 2716610ms] [INFO] %c%s%c [setup-health] background: #e6e6e6;background: light-dark(rgba(0,0,0,0.1), rgba(255,255,255,0.25));color: #000000;color: light-dark(#000000, #ffffff);border-radius: 2px  Server   panel-layout {tenantId: cmrvvipw70000oyyo6123270j, userId: cmrvvipyc000aoyyodcu4tftb, score: 40, completedCount: 2, totalCriticalCount: 5} @ http://localhost:3030/_next/static/chunks/04m2_next_dist_01d_w1-._.js:2431
[ 2716723ms] [LOG] [Fast Refresh] rebuilding @ http://localhost:3030/_next/static/chunks/04m2_next_dist_01d_w1-._.js:2431
[ 2716744ms] [LOG] [Fast Refresh] done in 126ms @ http://localhost:3030/_next/static/chunks/04m2_next_dist_01d_w1-._.js:2431
[ 2716758ms] [INFO] %c%s%c [setup-health] background: #e6e6e6;background: light-dark(rgba(0,0,0,0.1), rgba(255,255,255,0.25));color: #000000;color: light-dark(#000000, #ffffff);border-radius: 2px  Server   panel-layout {tenantId: cmrvvipw70000oyyo6123270j, userId: cmrvvipyc000aoyyodcu4tftb, score: 40, completedCount: 2, totalCriticalCount: 5} @ http://localhost:3030/_next/static/chunks/04m2_next_dist_01d_w1-._.js:2431
[ 2716873ms] [INFO] %c%s%c [setup-health] background: #e6e6e6;background: light-dark(rgba(0,0,0,0.1), rgba(255,255,255,0.25));color: #000000;color: light-dark(#000000, #ffffff);border-radius: 2px  Server   panel-layout {tenantId: cmrvvipw70000oyyo6123270j, userId: cmrvvipyc000aoyyodcu4tftb, score: 40, completedCount: 2, totalCriticalCount: 5} @ http://localhost:3030/_next/static/chunks/04m2_next_dist_01d_w1-._.js:2431
[ 2717005ms] [INFO] %c%s%c [setup-health] background: #e6e6e6;background: light-dark(rgba(0,0,0,0.1), rgba(255,255,255,0.25));color: #000000;color: light-dark(#000000, #ffffff);border-radius: 2px  Server   panel-layout {tenantId: cmrvvipw70000oyyo6123270j, userId: cmrvvipyc000aoyyodcu4tftb, score: 40, completedCount: 2, totalCriticalCount: 5} @ http://localhost:3030/_next/static/chunks/04m2_next_dist_01d_w1-._.js:2431
[ 2717112ms] [INFO] %c%s%c [setup-health] background: #e6e6e6;background: light-dark(rgba(0,0,0,0.1), rgba(255,255,255,0.25));color: #000000;color: light-dark(#000000, #ffffff);border-radius: 2px  Server   panel-layout {tenantId: cmrvvipw70000oyyo6123270j, userId: cmrvvipyc000aoyyodcu4tftb, score: 40, completedCount: 2, totalCriticalCount: 5} @ http://localhost:3030/_next/static/chunks/04m2_next_dist_01d_w1-._.js:2431
[ 2717239ms] [INFO] %c%s%c [setup-health] background: #e6e6e6;background: light-dark(rgba(0,0,0,0.1), rgba(255,255,255,0.25));color: #000000;color: light-dark(#000000, #ffffff);border-radius: 2px  Server   panel-layout {tenantId: cmrvvipw70000oyyo6123270j, userId: cmrvvipyc000aoyyodcu4tftb, score: 40, completedCount: 2, totalCriticalCount: 5} @ http://localhost:3030/_next/static/chunks/04m2_next_dist_01d_w1-._.js:2431
[ 2717354ms] [INFO] %c%s%c [setup-health] background: #e6e6e6;background: light-dark(rgba(0,0,0,0.1), rgba(255,255,255,0.25));color: #000000;color: light-dark(#000000, #ffffff);border-radius: 2px  Server   panel-layout {tenantId: cmrvvipw70000oyyo6123270j, userId: cmrvvipyc000aoyyodcu4tftb, score: 40, completedCount: 2, totalCriticalCount: 5} @ http://localhost:3030/_next/static/chunks/04m2_next_dist_01d_w1-._.js:2431
[ 2717461ms] [INFO] %c%s%c [setup-health] background: #e6e6e6;background: light-dark(rgba(0,0,0,0.1), rgba(255,255,255,0.25));color: #000000;color: light-dark(#000000, #ffffff);border-radius: 2px  Server   panel-layout {tenantId: cmrvvipw70000oyyo6123270j, userId: cmrvvipyc000aoyyodcu4tftb, score: 40, completedCount: 2, totalCriticalCount: 5} @ http://localhost:3030/_next/static/chunks/04m2_next_dist_01d_w1-._.js:2431
[ 2717571ms] [INFO] %c%s%c [setup-health] background: #e6e6e6;background: light-dark(rgba(0,0,0,0.1), rgba(255,255,255,0.25));color: #000000;color: light-dark(#000000, #ffffff);border-radius: 2px  Server   panel-layout {tenantId: cmrvvipw70000oyyo6123270j, userId: cmrvvipyc000aoyyodcu4tftb, score: 40, completedCount: 2, totalCriticalCount: 5} @ http://localhost:3030/_next/static/chunks/04m2_next_dist_01d_w1-._.js:2431
[ 2717697ms] [LOG] [Fast Refresh] rebuilding @ http://localhost:3030/_next/static/chunks/04m2_next_dist_01d_w1-._.js:2431
[ 2717699ms] [LOG] [Fast Refresh] done in 103ms @ http://localhost:3030/_next/static/chunks/04m2_next_dist_01d_w1-._.js:2431
[ 2717706ms] [INFO] %c%s%c [setup-health] background: #e6e6e6;background: light-dark(rgba(0,0,0,0.1), rgba(255,255,255,0.25));color: #000000;color: light-dark(#000000, #ffffff);border-radius: 2px  Server   panel-layout {tenantId: cmrvvipw70000oyyo6123270j, userId: cmrvvipyc000aoyyodcu4tftb, score: 40, completedCount: 2, totalCriticalCount: 5} @ http://localhost:3030/_next/static/chunks/04m2_next_dist_01d_w1-._.js:2431
[ 2717823ms] [INFO] %c%s%c [setup-health] background: #e6e6e6;background: light-dark(rgba(0,0,0,0.1), rgba(255,255,255,0.25));color: #000000;color: light-dark(#000000, #ffffff);border-radius: 2px  Server   panel-layout {tenantId: cmrvvipw70000oyyo6123270j, userId: cmrvvipyc000aoyyodcu4tftb, score: 40, completedCount: 2, totalCriticalCount: 5} @ http://localhost:3030/_next/static/chunks/04m2_next_dist_01d_w1-._.js:2431
[ 2717946ms] [INFO] %c%s%c [setup-health] background: #e6e6e6;background: light-dark(rgba(0,0,0,0.1), rgba(255,255,255,0.25));color: #000000;color: light-dark(#000000, #ffffff);border-radius: 2px  Server   panel-layout {tenantId: cmrvvipw70000oyyo6123270j, userId: cmrvvipyc000aoyyodcu4tftb, score: 40, completedCount: 2, totalCriticalCount: 5} @ http://localhost:3030/_next/static/chunks/04m2_next_dist_01d_w1-._.js:2431
[ 2718076ms] [LOG] [Fast Refresh] rebuilding @ http://localhost:3030/_next/static/chunks/04m2_next_dist_01d_w1-._.js:2431
[ 2718087ms] [LOG] [Fast Refresh] done in 114ms @ http://localhost:3030/_next/static/chunks/04m2_next_dist_01d_w1-._.js:2431
[ 2718093ms] [INFO] %c%s%c [setup-health] background: #e6e6e6;background: light-dark(rgba(0,0,0,0.1), rgba(255,255,255,0.25));color: #000000;color: light-dark(#000000, #ffffff);border-radius: 2px  Server   panel-layout {tenantId: cmrvvipw70000oyyo6123270j, userId: cmrvvipyc000aoyyodcu4tftb, score: 40, completedCount: 2, totalCriticalCount: 5} @ http://localhost:3030/_next/static/chunks/04m2_next_dist_01d_w1-._.js:2431
[ 2718210ms] [INFO] %c%s%c [setup-health] background: #e6e6e6;background: light-dark(rgba(0,0,0,0.1), rgba(255,255,255,0.25));color: #000000;color: light-dark(#000000, #ffffff);border-radius: 2px  Server   panel-layout {tenantId: cmrvvipw70000oyyo6123270j, userId: cmrvvipyc000aoyyodcu4tftb, score: 40, completedCount: 2, totalCriticalCount: 5} @ http://localhost:3030/_next/static/chunks/04m2_next_dist_01d_w1-._.js:2431
[ 2718341ms] [INFO] %c%s%c [setup-health] background: #e6e6e6;background: light-dark(rgba(0,0,0,0.1), rgba(255,255,255,0.25));color: #000000;color: light-dark(#000000, #ffffff);border-radius: 2px  Server   panel-layout {tenantId: cmrvvipw70000oyyo6123270j, userId: cmrvvipyc000aoyyodcu4tftb, score: 40, completedCount: 2, totalCriticalCount: 5} @ http://localhost:3030/_next/static/chunks/04m2_next_dist_01d_w1-._.js:2431
[ 2718462ms] [INFO] %c%s%c [setup-health] background: #e6e6e6;background: light-dark(rgba(0,0,0,0.1), rgba(255,255,255,0.25));color: #000000;color: light-dark(#000000, #ffffff);border-radius: 2px  Server   panel-layout {tenantId: cmrvvipw70000oyyo6123270j, userId: cmrvvipyc000aoyyodcu4tftb, score: 40, completedCount: 2, totalCriticalCount: 5} @ http://localhost:3030/_next/static/chunks/04m2_next_dist_01d_w1-._.js:2431
[ 2718583ms] [INFO] %c%s%c [setup-health] background: #e6e6e6;background: light-dark(rgba(0,0,0,0.1), rgba(255,255,255,0.25));color: #000000;color: light-dark(#000000, #ffffff);border-radius: 2px  Server   panel-layout {tenantId: cmrvvipw70000oyyo6123270j, userId: cmrvvipyc000aoyyodcu4tftb, score: 40, completedCount: 2, totalCriticalCount: 5} @ http://localhost:3030/_next/static/chunks/04m2_next_dist_01d_w1-._.js:2431
[ 2718711ms] [INFO] %c%s%c [setup-health] background: #e6e6e6;background: light-dark(rgba(0,0,0,0.1), rgba(255,255,255,0.25));color: #000000;color: light-dark(#000000, #ffffff);border-radius: 2px  Server   panel-layout {tenantId: cmrvvipw70000oyyo6123270j, userId: cmrvvipyc000aoyyodcu4tftb, score: 40, completedCount: 2, totalCriticalCount: 5} @ http://localhost:3030/_next/static/chunks/04m2_next_dist_01d_w1-._.js:2431
[ 2718836ms] [INFO] %c%s%c [setup-health] background: #e6e6e6;background: light-dark(rgba(0,0,0,0.1), rgba(255,255,255,0.25));color: #000000;color: light-dark(#000000, #ffffff);border-radius: 2px  Server   panel-layout {tenantId: cmrvvipw70000oyyo6123270j, userId: cmrvvipyc000aoyyodcu4tftb, score: 40, completedCount: 2, totalCriticalCount: 5} @ http://localhost:3030/_next/static/chunks/04m2_next_dist_01d_w1-._.js:2431
[ 2718967ms] [INFO] %c%s%c [setup-health] background: #e6e6e6;background: light-dark(rgba(0,0,0,0.1), rgba(255,255,255,0.25));color: #000000;color: light-dark(#000000, #ffffff);border-radius: 2px  Server   panel-layout {tenantId: cmrvvipw70000oyyo6123270j, userId: cmrvvipyc000aoyyodcu4tftb, score: 40, completedCount: 2, totalCriticalCount: 5} @ http://localhost:3030/_next/static/chunks/04m2_next_dist_01d_w1-._.js:2431
[ 2719089ms] [INFO] %c%s%c [setup-health] background: #e6e6e6;background: light-dark(rgba(0,0,0,0.1), rgba(255,255,255,0.25));color: #000000;color: light-dark(#000000, #ffffff);border-radius: 2px  Server   panel-layout {tenantId: cmrvvipw70000oyyo6123270j, userId: cmrvvipyc000aoyyodcu4tftb, score: 40, completedCount: 2, totalCriticalCount: 5} @ http://localhost:3030/_next/static/chunks/04m2_next_dist_01d_w1-._.js:2431
[ 2719217ms] [LOG] [Fast Refresh] rebuilding @ http://localhost:3030/_next/static/chunks/04m2_next_dist_01d_w1-._.js:2431
[ 2719218ms] [LOG] [Fast Refresh] done in 101ms @ http://localhost:3030/_next/static/chunks/04m2_next_dist_01d_w1-._.js:2431
[ 2719236ms] [INFO] %c%s%c [setup-health] background: #e6e6e6;background: light-dark(rgba(0,0,0,0.1), rgba(255,255,255,0.25));color: #000000;color: light-dark(#000000, #ffffff);border-radius: 2px  Server   panel-layout {tenantId: cmrvvipw70000oyyo6123270j, userId: cmrvvipyc000aoyyodcu4tftb, score: 40, completedCount: 2, totalCriticalCount: 5} @ http://localhost:3030/_next/static/chunks/04m2_next_dist_01d_w1-._.js:2431
[ 2719360ms] [LOG] [Fast Refresh] rebuilding @ http://localhost:3030/_next/static/chunks/04m2_next_dist_01d_w1-._.js:2431
[ 2719372ms] [LOG] [Fast Refresh] done in 113ms @ http://localhost:3030/_next/static/chunks/04m2_next_dist_01d_w1-._.js:2431
[ 2719383ms] [INFO] %c%s%c [setup-health] background: #e6e6e6;background: light-dark(rgba(0,0,0,0.1), rgba(255,255,255,0.25));color: #000000;color: light-dark(#000000, #ffffff);border-radius: 2px  Server   panel-layout {tenantId: cmrvvipw70000oyyo6123270j, userId: cmrvvipyc000aoyyodcu4tftb, score: 40, completedCount: 2, totalCriticalCount: 5} @ http://localhost:3030/_next/static/chunks/04m2_next_dist_01d_w1-._.js:2431
[ 2719515ms] [INFO] %c%s%c [setup-health] background: #e6e6e6;background: light-dark(rgba(0,0,0,0.1), rgba(255,255,255,0.25));color: #000000;color: light-dark(#000000, #ffffff);border-radius: 2px  Server   panel-layout {tenantId: cmrvvipw70000oyyo6123270j, userId: cmrvvipyc000aoyyodcu4tftb, score: 40, completedCount: 2, totalCriticalCount: 5} @ http://localhost:3030/_next/static/chunks/04m2_next_dist_01d_w1-._.js:2431
[ 2719663ms] [INFO] %c%s%c [setup-health] background: #e6e6e6;background: light-dark(rgba(0,0,0,0.1), rgba(255,255,255,0.25));color: #000000;color: light-dark(#000000, #ffffff);border-radius: 2px  Server   panel-layout {tenantId: cmrvvipw70000oyyo6123270j, userId: cmrvvipyc000aoyyodcu4tftb, score: 40, completedCount: 2, totalCriticalCount: 5} @ http://localhost:3030/_next/static/chunks/04m2_next_dist_01d_w1-._.js:2431
[ 2719791ms] [LOG] [Fast Refresh] rebuilding @ http://localhost:3030/_next/static/chunks/04m2_next_dist_01d_w1-._.js:2431
[ 2719804ms] [LOG] [Fast Refresh] done in 117ms @ http://localhost:3030/_next/static/chunks/04m2_next_dist_01d_w1-._.js:2431
[ 2719811ms] [INFO] %c%s%c [setup-health] background: #e6e6e6;background: light-dark(rgba(0,0,0,0.1), rgba(255,255,255,0.25));color: #000000;color: light-dark(#000000, #ffffff);border-radius: 2px  Server   panel-layout {tenantId: cmrvvipw70000oyyo6123270j, userId: cmrvvipyc000aoyyodcu4tftb, score: 40, completedCount: 2, totalCriticalCount: 5} @ http://localhost:3030/_next/static/chunks/04m2_next_dist_01d_w1-._.js:2431
[ 2719923ms] [LOG] [Fast Refresh] rebuilding @ http://localhost:3030/_next/static/chunks/04m2_next_dist_01d_w1-._.js:2431
[ 2719950ms] [LOG] [Fast Refresh] done in 131ms @ http://localhost:3030/_next/static/chunks/04m2_next_dist_01d_w1-._.js:2431
[ 2719959ms] [INFO] %c%s%c [setup-health] background: #e6e6e6;background: light-dark(rgba(0,0,0,0.1), rgba(255,255,255,0.25));color: #000000;color: light-dark(#000000, #ffffff);border-radius: 2px  Server   panel-layout {tenantId: cmrvvipw70000oyyo6123270j, userId: cmrvvipyc000aoyyodcu4tftb, score: 40, completedCount: 2, totalCriticalCount: 5} @ http://localhost:3030/_next/static/chunks/04m2_next_dist_01d_w1-._.js:2431
[ 2720055ms] [LOG] [Fast Refresh] rebuilding @ http://localhost:3030/_next/static/chunks/04m2_next_dist_01d_w1-._.js:2431
[ 2720097ms] [LOG] [Fast Refresh] done in 144ms @ http://localhost:3030/_next/static/chunks/04m2_next_dist_01d_w1-._.js:2431
[ 2720112ms] [INFO] %c%s%c [setup-health] background: #e6e6e6;background: light-dark(rgba(0,0,0,0.1), rgba(255,255,255,0.25));color: #000000;color: light-dark(#000000, #ffffff);border-radius: 2px  Server   panel-layout {tenantId: cmrvvipw70000oyyo6123270j, userId: cmrvvipyc000aoyyodcu4tftb, score: 40, completedCount: 2, totalCriticalCount: 5} @ http://localhost:3030/_next/static/chunks/04m2_next_dist_01d_w1-._.js:2431
[ 2720237ms] [LOG] [Fast Refresh] rebuilding @ http://localhost:3030/_next/static/chunks/04m2_next_dist_01d_w1-._.js:2431
[ 2720288ms] [LOG] [Fast Refresh] done in 154ms @ http://localhost:3030/_next/static/chunks/04m2_next_dist_01d_w1-._.js:2431
[ 2720293ms] [INFO] %c%s%c [setup-health] background: #e6e6e6;background: light-dark(rgba(0,0,0,0.1), rgba(255,255,255,0.25));color: #000000;color: light-dark(#000000, #ffffff);border-radius: 2px  Server   panel-layout {tenantId: cmrvvipw70000oyyo6123270j, userId: cmrvvipyc000aoyyodcu4tftb, score: 40, completedCount: 2, totalCriticalCount: 5} @ http://localhost:3030/_next/static/chunks/04m2_next_dist_01d_w1-._.js:2431
[ 2720417ms] [LOG] [Fast Refresh] rebuilding @ http://localhost:3030/_next/static/chunks/04m2_next_dist_01d_w1-._.js:2431
[ 2720426ms] [LOG] [Fast Refresh] done in 109ms @ http://localhost:3030/_next/static/chunks/04m2_next_dist_01d_w1-._.js:2431
[ 2720437ms] [INFO] %c%s%c [setup-health] background: #e6e6e6;background: light-dark(rgba(0,0,0,0.1), rgba(255,255,255,0.25));color: #000000;color: light-dark(#000000, #ffffff);border-radius: 2px  Server   panel-layout {tenantId: cmrvvipw70000oyyo6123270j, userId: cmrvvipyc000aoyyodcu4tftb, score: 40, completedCount: 2, totalCriticalCount: 5} @ http://localhost:3030/_next/static/chunks/04m2_next_dist_01d_w1-._.js:2431
[ 2720568ms] [INFO] %c%s%c [setup-health] background: #e6e6e6;background: light-dark(rgba(0,0,0,0.1), rgba(255,255,255,0.25));color: #000000;color: light-dark(#000000, #ffffff);border-radius: 2px  Server   panel-layout {tenantId: cmrvvipw70000oyyo6123270j, userId: cmrvvipyc000aoyyodcu4tftb, score: 40, completedCount: 2, totalCriticalCount: 5} @ http://localhost:3030/_next/static/chunks/04m2_next_dist_01d_w1-._.js:2431
[ 2720703ms] [INFO] %c%s%c [setup-health] background: #e6e6e6;background: light-dark(rgba(0,0,0,0.1), rgba(255,255,255,0.25));color: #000000;color: light-dark(#000000, #ffffff);border-radius: 2px  Server   panel-layout {tenantId: cmrvvipw70000oyyo6123270j, userId: cmrvvipyc000aoyyodcu4tftb, score: 40, completedCount: 2, totalCriticalCount: 5} @ http://localhost:3030/_next/static/chunks/04m2_next_dist_01d_w1-._.js:2431
[ 2720846ms] [INFO] %c%s%c [setup-health] background: #e6e6e6;background: light-dark(rgba(0,0,0,0.1), rgba(255,255,255,0.25));color: #000000;color: light-dark(#000000, #ffffff);border-radius: 2px  Server   panel-layout {tenantId: cmrvvipw70000oyyo6123270j, userId: cmrvvipyc000aoyyodcu4tftb, score: 40, completedCount: 2, totalCriticalCount: 5} @ http://localhost:3030/_next/static/chunks/04m2_next_dist_01d_w1-._.js:2431
[ 2720978ms] [LOG] [Fast Refresh] rebuilding @ http://localhost:3030/_next/static/chunks/04m2_next_dist_01d_w1-._.js:2431
[ 2721006ms] [LOG] [Fast Refresh] done in 128ms @ http://localhost:3030/_next/static/chunks/04m2_next_dist_01d_w1-._.js:2431
[ 2721009ms] [INFO] %c%s%c [setup-health] background: #e6e6e6;background: light-dark(rgba(0,0,0,0.1), rgba(255,255,255,0.25));color: #000000;color: light-dark(#000000, #ffffff);border-radius: 2px  Server   panel-layout {tenantId: cmrvvipw70000oyyo6123270j, userId: cmrvvipyc000aoyyodcu4tftb, score: 40, completedCount: 2, totalCriticalCount: 5} @ http://localhost:3030/_next/static/chunks/04m2_next_dist_01d_w1-._.js:2431
[ 2721162ms] [LOG] [Fast Refresh] rebuilding @ http://localhost:3030/_next/static/chunks/04m2_next_dist_01d_w1-._.js:2431
[ 2721165ms] [LOG] [Fast Refresh] done in 105ms @ http://localhost:3030/_next/static/chunks/04m2_next_dist_01d_w1-._.js:2431
[ 2721171ms] [INFO] %c%s%c [setup-health] background: #e6e6e6;background: light-dark(rgba(0,0,0,0.1), rgba(255,255,255,0.25));color: #000000;color: light-dark(#000000, #ffffff);border-radius: 2px  Server   panel-layout {tenantId: cmrvvipw70000oyyo6123270j, userId: cmrvvipyc000aoyyodcu4tftb, score: 40, completedCount: 2, totalCriticalCount: 5} @ http://localhost:3030/_next/static/chunks/04m2_next_dist_01d_w1-._.js:2431
[ 2721319ms] [INFO] %c%s%c [setup-health] background: #e6e6e6;background: light-dark(rgba(0,0,0,0.1), rgba(255,255,255,0.25));color: #000000;color: light-dark(#000000, #ffffff);border-radius: 2px  Server   panel-layout {tenantId: cmrvvipw70000oyyo6123270j, userId: cmrvvipyc000aoyyodcu4tftb, score: 40, completedCount: 2, totalCriticalCount: 5} @ http://localhost:3030/_next/static/chunks/04m2_next_dist_01d_w1-._.js:2431
[ 2721457ms] [LOG] [Fast Refresh] rebuilding @ http://localhost:3030/_next/static/chunks/04m2_next_dist_01d_w1-._.js:2431
[ 2721459ms] [LOG] [Fast Refresh] done in 106ms @ http://localhost:3030/_next/static/chunks/04m2_next_dist_01d_w1-._.js:2431
[ 2721466ms] [INFO] %c%s%c [setup-health] background: #e6e6e6;background: light-dark(rgba(0,0,0,0.1), rgba(255,255,255,0.25));color: #000000;color: light-dark(#000000, #ffffff);border-radius: 2px  Server   panel-layout {tenantId: cmrvvipw70000oyyo6123270j, userId: cmrvvipyc000aoyyodcu4tftb, score: 40, completedCount: 2, totalCriticalCount: 5} @ http://localhost:3030/_next/static/chunks/04m2_next_dist_01d_w1-._.js:2431
[ 2721591ms] [LOG] [Fast Refresh] rebuilding @ http://localhost:3030/_next/static/chunks/04m2_next_dist_01d_w1-._.js:2431
[ 2721591ms] [LOG] [Fast Refresh] done in 106ms @ http://localhost:3030/_next/static/chunks/04m2_next_dist_01d_w1-._.js:2431
[ 2721598ms] [INFO] %c%s%c [setup-health] background: #e6e6e6;background: light-dark(rgba(0,0,0,0.1), rgba(255,255,255,0.25));color: #000000;color: light-dark(#000000, #ffffff);border-radius: 2px  Server   panel-layout {tenantId: cmrvvipw70000oyyo6123270j, userId: cmrvvipyc000aoyyodcu4tftb, score: 40, completedCount: 2, totalCriticalCount: 5} @ http://localhost:3030/_next/static/chunks/04m2_next_dist_01d_w1-._.js:2431
[ 2721733ms] [INFO] %c%s%c [setup-health] background: #e6e6e6;background: light-dark(rgba(0,0,0,0.1), rgba(255,255,255,0.25));color: #000000;color: light-dark(#000000, #ffffff);border-radius: 2px  Server   panel-layout {tenantId: cmrvvipw70000oyyo6123270j, userId: cmrvvipyc000aoyyodcu4tftb, score: 40, completedCount: 2, totalCriticalCount: 5} @ http://localhost:3030/_next/static/chunks/04m2_next_dist_01d_w1-._.js:2431
[ 2721850ms] [INFO] %c%s%c [setup-health] background: #e6e6e6;background: light-dark(rgba(0,0,0,0.1), rgba(255,255,255,0.25));color: #000000;color: light-dark(#000000, #ffffff);border-radius: 2px  Server   panel-layout {tenantId: cmrvvipw70000oyyo6123270j, userId: cmrvvipyc000aoyyodcu4tftb, score: 40, completedCount: 2, totalCriticalCount: 5} @ http://localhost:3030/_next/static/chunks/04m2_next_dist_01d_w1-._.js:2431
[ 2721970ms] [INFO] %c%s%c [setup-health] background: #e6e6e6;background: light-dark(rgba(0,0,0,0.1), rgba(255,255,255,0.25));color: #000000;color: light-dark(#000000, #ffffff);border-radius: 2px  Server   panel-layout {tenantId: cmrvvipw70000oyyo6123270j, userId: cmrvvipyc000aoyyodcu4tftb, score: 40, completedCount: 2, totalCriticalCount: 5} @ http://localhost:3030/_next/static/chunks/04m2_next_dist_01d_w1-._.js:2431
[ 2722118ms] [INFO] %c%s%c [setup-health] background: #e6e6e6;background: light-dark(rgba(0,0,0,0.1), rgba(255,255,255,0.25));color: #000000;color: light-dark(#000000, #ffffff);border-radius: 2px  Server   panel-layout {tenantId: cmrvvipw70000oyyo6123270j, userId: cmrvvipyc000aoyyodcu4tftb, score: 40, completedCount: 2, totalCriticalCount: 5} @ http://localhost:3030/_next/static/chunks/04m2_next_dist_01d_w1-._.js:2431
[ 2722253ms] [INFO] %c%s%c [setup-health] background: #e6e6e6;background: light-dark(rgba(0,0,0,0.1), rgba(255,255,255,0.25));color: #000000;color: light-dark(#000000, #ffffff);border-radius: 2px  Server   panel-layout {tenantId: cmrvvipw70000oyyo6123270j, userId: cmrvvipyc000aoyyodcu4tftb, score: 40, completedCount: 2, totalCriticalCount: 5} @ http://localhost:3030/_next/static/chunks/04m2_next_dist_01d_w1-._.js:2431
[ 2722441ms] [INFO] %c%s%c [setup-health] background: #e6e6e6;background: light-dark(rgba(0,0,0,0.1), rgba(255,255,255,0.25));color: #000000;color: light-dark(#000000, #ffffff);border-radius: 2px  Server   panel-layout {tenantId: cmrvvipw70000oyyo6123270j, userId: cmrvvipyc000aoyyodcu4tftb, score: 40, completedCount: 2, totalCriticalCount: 5} @ http://localhost:3030/_next/static/chunks/04m2_next_dist_01d_w1-._.js:2431
[ 2722573ms] [INFO] %c%s%c [setup-health] background: #e6e6e6;background: light-dark(rgba(0,0,0,0.1), rgba(255,255,255,0.25));color: #000000;color: light-dark(#000000, #ffffff);border-radius: 2px  Server   panel-layout {tenantId: cmrvvipw70000oyyo6123270j, userId: cmrvvipyc000aoyyodcu4tftb, score: 40, completedCount: 2, totalCriticalCount: 5} @ http://localhost:3030/_next/static/chunks/04m2_next_dist_01d_w1-._.js:2431
[ 2722705ms] [INFO] %c%s%c [setup-health] background: #e6e6e6;background: light-dark(rgba(0,0,0,0.1), rgba(255,255,255,0.25));color: #000000;color: light-dark(#000000, #ffffff);border-radius: 2px  Server   panel-layout {tenantId: cmrvvipw70000oyyo6123270j, userId: cmrvvipyc000aoyyodcu4tftb, score: 40, completedCount: 2, totalCriticalCount: 5} @ http://localhost:3030/_next/static/chunks/04m2_next_dist_01d_w1-._.js:2431
[ 2722827ms] [INFO] %c%s%c [setup-health] background: #e6e6e6;background: light-dark(rgba(0,0,0,0.1), rgba(255,255,255,0.25));color: #000000;color: light-dark(#000000, #ffffff);border-radius: 2px  Server   panel-layout {tenantId: cmrvvipw70000oyyo6123270j, userId: cmrvvipyc000aoyyodcu4tftb, score: 40, completedCount: 2, totalCriticalCount: 5} @ http://localhost:3030/_next/static/chunks/04m2_next_dist_01d_w1-._.js:2431
[ 2722946ms] [INFO] %c%s%c [setup-health] background: #e6e6e6;background: light-dark(rgba(0,0,0,0.1), rgba(255,255,255,0.25));color: #000000;color: light-dark(#000000, #ffffff);border-radius: 2px  Server   panel-layout {tenantId: cmrvvipw70000oyyo6123270j, userId: cmrvvipyc000aoyyodcu4tftb, score: 40, completedCount: 2, totalCriticalCount: 5} @ http://localhost:3030/_next/static/chunks/04m2_next_dist_01d_w1-._.js:2431
[ 2723063ms] [INFO] %c%s%c [setup-health] background: #e6e6e6;background: light-dark(rgba(0,0,0,0.1), rgba(255,255,255,0.25));color: #000000;color: light-dark(#000000, #ffffff);border-radius: 2px  Server   panel-layout {tenantId: cmrvvipw70000oyyo6123270j, userId: cmrvvipyc000aoyyodcu4tftb, score: 40, completedCount: 2, totalCriticalCount: 5} @ http://localhost:3030/_next/static/chunks/04m2_next_dist_01d_w1-._.js:2431
[ 2723199ms] [INFO] %c%s%c [setup-health] background: #e6e6e6;background: light-dark(rgba(0,0,0,0.1), rgba(255,255,255,0.25));color: #000000;color: light-dark(#000000, #ffffff);border-radius: 2px  Server   panel-layout {tenantId: cmrvvipw70000oyyo6123270j, userId: cmrvvipyc000aoyyodcu4tftb, score: 40, completedCount: 2, totalCriticalCount: 5} @ http://localhost:3030/_next/static/chunks/04m2_next_dist_01d_w1-._.js:2431
[ 2723318ms] [INFO] %c%s%c [setup-health] background: #e6e6e6;background: light-dark(rgba(0,0,0,0.1), rgba(255,255,255,0.25));color: #000000;color: light-dark(#000000, #ffffff);border-radius: 2px  Server   panel-layout {tenantId: cmrvvipw70000oyyo6123270j, userId: cmrvvipyc000aoyyodcu4tftb, score: 40, completedCount: 2, totalCriticalCount: 5} @ http://localhost:3030/_next/static/chunks/04m2_next_dist_01d_w1-._.js:2431
[ 2723463ms] [INFO] %c%s%c [setup-health] background: #e6e6e6;background: light-dark(rgba(0,0,0,0.1), rgba(255,255,255,0.25));color: #000000;color: light-dark(#000000, #ffffff);border-radius: 2px  Server   panel-layout {tenantId: cmrvvipw70000oyyo6123270j, userId: cmrvvipyc000aoyyodcu4tftb, score: 40, completedCount: 2, totalCriticalCount: 5} @ http://localhost:3030/_next/static/chunks/04m2_next_dist_01d_w1-._.js:2431
[ 2723624ms] [INFO] %c%s%c [setup-health] background: #e6e6e6;background: light-dark(rgba(0,0,0,0.1), rgba(255,255,255,0.25));color: #000000;color: light-dark(#000000, #ffffff);border-radius: 2px  Server   panel-layout {tenantId: cmrvvipw70000oyyo6123270j, userId: cmrvvipyc000aoyyodcu4tftb, score: 40, completedCount: 2, totalCriticalCount: 5} @ http://localhost:3030/_next/static/chunks/04m2_next_dist_01d_w1-._.js:2431
[ 2723755ms] [INFO] %c%s%c [setup-health] background: #e6e6e6;background: light-dark(rgba(0,0,0,0.1), rgba(255,255,255,0.25));color: #000000;color: light-dark(#000000, #ffffff);border-radius: 2px  Server   panel-layout {tenantId: cmrvvipw70000oyyo6123270j, userId: cmrvvipyc000aoyyodcu4tftb, score: 40, completedCount: 2, totalCriticalCount: 5} @ http://localhost:3030/_next/static/chunks/04m2_next_dist_01d_w1-._.js:2431
[ 2723915ms] [INFO] %c%s%c [setup-health] background: #e6e6e6;background: light-dark(rgba(0,0,0,0.1), rgba(255,255,255,0.25));color: #000000;color: light-dark(#000000, #ffffff);border-radius: 2px  Server   panel-layout {tenantId: cmrvvipw70000oyyo6123270j, userId: cmrvvipyc000aoyyodcu4tftb, score: 40, completedCount: 2, totalCriticalCount: 5} @ http://localhost:3030/_next/static/chunks/04m2_next_dist_01d_w1-._.js:2431
[ 2723972ms] [LOG] [Fast Refresh] rebuilding @ http://localhost:3030/_next/static/chunks/04m2_next_dist_01d_w1-._.js:2431
[ 2724064ms] [INFO] %c%s%c [setup-health] background: #e6e6e6;background: light-dark(rgba(0,0,0,0.1), rgba(255,255,255,0.25));color: #000000;color: light-dark(#000000, #ffffff);border-radius: 2px  Server   panel-layout {tenantId: cmrvvipw70000oyyo6123270j, userId: cmrvvipyc000aoyyodcu4tftb, score: 40, completedCount: 2, totalCriticalCount: 5} @ http://localhost:3030/_next/static/chunks/04m2_next_dist_01d_w1-._.js:2431
[ 2724493ms] [LOG] [Fast Refresh] done in 616ms @ http://localhost:3030/_next/static/chunks/04m2_next_dist_01d_w1-._.js:2431
[ 2724660ms] [LOG] [Fast Refresh] rebuilding @ http://localhost:3030/_next/static/chunks/04m2_next_dist_01d_w1-._.js:2431
[ 2724852ms] [LOG] [Fast Refresh] done in 298ms @ http://localhost:3030/_next/static/chunks/04m2_next_dist_01d_w1-._.js:2431
[ 2724989ms] [LOG] [Fast Refresh] rebuilding @ http://localhost:3030/_next/static/chunks/04m2_next_dist_01d_w1-._.js:2431
[ 2725013ms] [LOG] [Fast Refresh] done in 134ms @ http://localhost:3030/_next/static/chunks/04m2_next_dist_01d_w1-._.js:2431
[ 2725050ms] [INFO] %c%s%c [setup-health] background: #e6e6e6;background: light-dark(rgba(0,0,0,0.1), rgba(255,255,255,0.25));color: #000000;color: light-dark(#000000, #ffffff);border-radius: 2px  Server   panel-layout {tenantId: cmrvvipw70000oyyo6123270j, userId: cmrvvipyc000aoyyodcu4tftb, score: 40, completedCount: 2, totalCriticalCount: 5} @ http://localhost:3030/_next/static/chunks/04m2_next_dist_01d_w1-._.js:2431
[ 2725212ms] [INFO] %c%s%c [setup-health] background: #e6e6e6;background: light-dark(rgba(0,0,0,0.1), rgba(255,255,255,0.25));color: #000000;color: light-dark(#000000, #ffffff);border-radius: 2px  Server   panel-layout {tenantId: cmrvvipw70000oyyo6123270j, userId: cmrvvipyc000aoyyodcu4tftb, score: 40, completedCount: 2, totalCriticalCount: 5} @ http://localhost:3030/_next/static/chunks/04m2_next_dist_01d_w1-._.js:2431
[ 2725407ms] [LOG] [Fast Refresh] rebuilding @ http://localhost:3030/_next/static/chunks/04m2_next_dist_01d_w1-._.js:2431
[ 2725412ms] [LOG] [Fast Refresh] done in 109ms @ http://localhost:3030/_next/static/chunks/04m2_next_dist_01d_w1-._.js:2431
[ 2725437ms] [INFO] %c%s%c [setup-health] background: #e6e6e6;background: light-dark(rgba(0,0,0,0.1), rgba(255,255,255,0.25));color: #000000;color: light-dark(#000000, #ffffff);border-radius: 2px  Server   panel-layout {tenantId: cmrvvipw70000oyyo6123270j, userId: cmrvvipyc000aoyyodcu4tftb, score: 40, completedCount: 2, totalCriticalCount: 5} @ http://localhost:3030/_next/static/chunks/04m2_next_dist_01d_w1-._.js:2431
[ 2725546ms] [INFO] %c%s%c [setup-health] background: #e6e6e6;background: light-dark(rgba(0,0,0,0.1), rgba(255,255,255,0.25));color: #000000;color: light-dark(#000000, #ffffff);border-radius: 2px  Server   panel-layout {tenantId: cmrvvipw70000oyyo6123270j, userId: cmrvvipyc000aoyyodcu4tftb, score: 40, completedCount: 2, totalCriticalCount: 5} @ http://localhost:3030/_next/static/chunks/04m2_next_dist_01d_w1-._.js:2431
[ 2725675ms] [INFO] %c%s%c [setup-health] background: #e6e6e6;background: light-dark(rgba(0,0,0,0.1), rgba(255,255,255,0.25));color: #000000;color: light-dark(#000000, #ffffff);border-radius: 2px  Server   panel-layout {tenantId: cmrvvipw70000oyyo6123270j, userId: cmrvvipyc000aoyyodcu4tftb, score: 40, completedCount: 2, totalCriticalCount: 5} @ http://localhost:3030/_next/static/chunks/04m2_next_dist_01d_w1-._.js:2431
[ 2725851ms] [INFO] %c%s%c [setup-health] background: #e6e6e6;background: light-dark(rgba(0,0,0,0.1), rgba(255,255,255,0.25));color: #000000;color: light-dark(#000000, #ffffff);border-radius: 2px  Server   panel-layout {tenantId: cmrvvipw70000oyyo6123270j, userId: cmrvvipyc000aoyyodcu4tftb, score: 40, completedCount: 2, totalCriticalCount: 5} @ http://localhost:3030/_next/static/chunks/04m2_next_dist_01d_w1-._.js:2431
[ 2725989ms] [INFO] %c%s%c [setup-health] background: #e6e6e6;background: light-dark(rgba(0,0,0,0.1), rgba(255,255,255,0.25));color: #000000;color: light-dark(#000000, #ffffff);border-radius: 2px  Server   panel-layout {tenantId: cmrvvipw70000oyyo6123270j, userId: cmrvvipyc000aoyyodcu4tftb, score: 40, completedCount: 2, totalCriticalCount: 5} @ http://localhost:3030/_next/static/chunks/04m2_next_dist_01d_w1-._.js:2431
[ 2726119ms] [INFO] %c%s%c [setup-health] background: #e6e6e6;background: light-dark(rgba(0,0,0,0.1), rgba(255,255,255,0.25));color: #000000;color: light-dark(#000000, #ffffff);border-radius: 2px  Server   panel-layout {tenantId: cmrvvipw70000oyyo6123270j, userId: cmrvvipyc000aoyyodcu4tftb, score: 40, completedCount: 2, totalCriticalCount: 5} @ http://localhost:3030/_next/static/chunks/04m2_next_dist_01d_w1-._.js:2431
[ 2726246ms] [LOG] [Fast Refresh] rebuilding @ http://localhost:3030/_next/static/chunks/04m2_next_dist_01d_w1-._.js:2431
[ 2726318ms] [LOG] [Fast Refresh] done in 176ms @ http://localhost:3030/_next/static/chunks/04m2_next_dist_01d_w1-._.js:2431
[ 2726324ms] [INFO] %c%s%c [setup-health] background: #e6e6e6;background: light-dark(rgba(0,0,0,0.1), rgba(255,255,255,0.25));color: #000000;color: light-dark(#000000, #ffffff);border-radius: 2px  Server   panel-layout {tenantId: cmrvvipw70000oyyo6123270j, userId: cmrvvipyc000aoyyodcu4tftb, score: 40, completedCount: 2, totalCriticalCount: 5} @ http://localhost:3030/_next/static/chunks/04m2_next_dist_01d_w1-._.js:2431
[ 2726453ms] [LOG] [Fast Refresh] rebuilding @ http://localhost:3030/_next/static/chunks/04m2_next_dist_01d_w1-._.js:2431
[ 2726457ms] [LOG] [Fast Refresh] done in 110ms @ http://localhost:3030/_next/static/chunks/04m2_next_dist_01d_w1-._.js:2431
[ 2726466ms] [INFO] %c%s%c [setup-health] background: #e6e6e6;background: light-dark(rgba(0,0,0,0.1), rgba(255,255,255,0.25));color: #000000;color: light-dark(#000000, #ffffff);border-radius: 2px  Server   panel-layout {tenantId: cmrvvipw70000oyyo6123270j, userId: cmrvvipyc000aoyyodcu4tftb, score: 40, completedCount: 2, totalCriticalCount: 5} @ http://localhost:3030/_next/static/chunks/04m2_next_dist_01d_w1-._.js:2431
[ 2726598ms] [INFO] %c%s%c [setup-health] background: #e6e6e6;background: light-dark(rgba(0,0,0,0.1), rgba(255,255,255,0.25));color: #000000;color: light-dark(#000000, #ffffff);border-radius: 2px  Server   panel-layout {tenantId: cmrvvipw70000oyyo6123270j, userId: cmrvvipyc000aoyyodcu4tftb, score: 40, completedCount: 2, totalCriticalCount: 5} @ http://localhost:3030/_next/static/chunks/04m2_next_dist_01d_w1-._.js:2431
[ 2726737ms] [INFO] %c%s%c [setup-health] background: #e6e6e6;background: light-dark(rgba(0,0,0,0.1), rgba(255,255,255,0.25));color: #000000;color: light-dark(#000000, #ffffff);border-radius: 2px  Server   panel-layout {tenantId: cmrvvipw70000oyyo6123270j, userId: cmrvvipyc000aoyyodcu4tftb, score: 40, completedCount: 2, totalCriticalCount: 5} @ http://localhost:3030/_next/static/chunks/04m2_next_dist_01d_w1-._.js:2431
[ 2726873ms] [INFO] %c%s%c [setup-health] background: #e6e6e6;background: light-dark(rgba(0,0,0,0.1), rgba(255,255,255,0.25));color: #000000;color: light-dark(#000000, #ffffff);border-radius: 2px  Server   panel-layout {tenantId: cmrvvipw70000oyyo6123270j, userId: cmrvvipyc000aoyyodcu4tftb, score: 40, completedCount: 2, totalCriticalCount: 5} @ http://localhost:3030/_next/static/chunks/04m2_next_dist_01d_w1-._.js:2431
[ 2726955ms] [INFO] %c%s%c [setup-health] background: #e6e6e6;background: light-dark(rgba(0,0,0,0.1), rgba(255,255,255,0.25));color: #000000;color: light-dark(#000000, #ffffff);border-radius: 2px  Server   panel-layout {tenantId: cmrvvipw70000oyyo6123270j, userId: cmrvvipyc000aoyyodcu4tftb, score: 40, completedCount: 2, totalCriticalCount: 5} @ http://localhost:3030/_next/static/chunks/04m2_next_dist_01d_w1-._.js:2431
[ 2729079ms] [LOG] [Fast Refresh] rebuilding @ http://localhost:3030/_next/static/chunks/04m2_next_dist_01d_w1-._.js:2431
[ 2729391ms] [LOG] [Fast Refresh] done in 422ms @ http://localhost:3030/_next/static/chunks/04m2_next_dist_01d_w1-._.js:2431
[ 2729527ms] [LOG] [Fast Refresh] rebuilding @ http://localhost:3030/_next/static/chunks/04m2_next_dist_01d_w1-._.js:2431
[ 2729693ms] [LOG] [Fast Refresh] done in 270ms @ http://localhost:3030/_next/static/chunks/04m2_next_dist_01d_w1-._.js:2431
[ 2729829ms] [LOG] [Fast Refresh] rebuilding @ http://localhost:3030/_next/static/chunks/04m2_next_dist_01d_w1-._.js:2431
[ 2729830ms] [LOG] [Fast Refresh] done in 108ms @ http://localhost:3030/_next/static/chunks/04m2_next_dist_01d_w1-._.js:2431
[ 2729957ms] [INFO] %c%s%c [setup-health] background: #e6e6e6;background: light-dark(rgba(0,0,0,0.1), rgba(255,255,255,0.25));color: #000000;color: light-dark(#000000, #ffffff);border-radius: 2px  Server   panel-layout {tenantId: cmrvvipw70000oyyo6123270j, userId: cmrvvipyc000aoyyodcu4tftb, score: 40, completedCount: 2, totalCriticalCount: 5} @ http://localhost:3030/_next/static/chunks/04m2_next_dist_01d_w1-._.js:2431
[ 2781143ms] [LOG] [Fast Refresh] rebuilding @ http://localhost:3030/_next/static/chunks/04m2_next_dist_01d_w1-._.js:2431
[ 2781659ms] [LOG] [Fast Refresh] done in 618ms @ http://localhost:3030/_next/static/chunks/04m2_next_dist_01d_w1-._.js:2431
[ 2781935ms] [LOG] [Fast Refresh] rebuilding @ http://localhost:3030/_next/static/chunks/04m2_next_dist_01d_w1-._.js:2431
[ 2781966ms] [LOG] [Fast Refresh] done in 139ms @ http://localhost:3030/_next/static/chunks/04m2_next_dist_01d_w1-._.js:2431
[ 2781993ms] [INFO] %c%s%c [setup-health] background: #e6e6e6;background: light-dark(rgba(0,0,0,0.1), rgba(255,255,255,0.25));color: #000000;color: light-dark(#000000, #ffffff);border-radius: 2px  Server   panel-layout {tenantId: cmrvvipw70000oyyo6123270j, userId: cmrvvipyc000aoyyodcu4tftb, score: 40, completedCount: 2, totalCriticalCount: 5} @ http://localhost:3030/_next/static/chunks/04m2_next_dist_01d_w1-._.js:2431
[ 2782071ms] [LOG] [Fast Refresh] rebuilding @ http://localhost:3030/_next/static/chunks/04m2_next_dist_01d_w1-._.js:2431
[ 2782072ms] [LOG] [Fast Refresh] done in 104ms @ http://localhost:3030/_next/static/chunks/04m2_next_dist_01d_w1-._.js:2431
[ 2782360ms] [LOG] [Fast Refresh] rebuilding @ http://localhost:3030/_next/static/chunks/04m2_next_dist_01d_w1-._.js:2431
[ 2782441ms] [LOG] [Fast Refresh] done in 183ms @ http://localhost:3030/_next/static/chunks/04m2_next_dist_01d_w1-._.js:2431
[ 2782445ms] [INFO] %c%s%c [setup-health] background: #e6e6e6;background: light-dark(rgba(0,0,0,0.1), rgba(255,255,255,0.25));color: #000000;color: light-dark(#000000, #ffffff);border-radius: 2px  Server   panel-layout {tenantId: cmrvvipw70000oyyo6123270j, userId: cmrvvipyc000aoyyodcu4tftb, score: 40, completedCount: 2, totalCriticalCount: 5} @ http://localhost:3030/_next/static/chunks/04m2_next_dist_01d_w1-._.js:2431
[ 2783012ms] [LOG] [Fast Refresh] rebuilding @ http://localhost:3030/_next/static/chunks/04m2_next_dist_01d_w1-._.js:2431
[ 2783033ms] [LOG] [Fast Refresh] done in 122ms @ http://localhost:3030/_next/static/chunks/04m2_next_dist_01d_w1-._.js:2431
[ 2783035ms] [INFO] %c%s%c [setup-health] background: #e6e6e6;background: light-dark(rgba(0,0,0,0.1), rgba(255,255,255,0.25));color: #000000;color: light-dark(#000000, #ffffff);border-radius: 2px  Server   panel-layout {tenantId: cmrvvipw70000oyyo6123270j, userId: cmrvvipyc000aoyyodcu4tftb, score: 40, completedCount: 2, totalCriticalCount: 5} @ http://localhost:3030/_next/static/chunks/04m2_next_dist_01d_w1-._.js:2431
[ 2783388ms] [LOG] [Fast Refresh] rebuilding @ http://localhost:3030/_next/static/chunks/04m2_next_dist_01d_w1-._.js:2431
[ 2783389ms] [LOG] [Fast Refresh] done in 103ms @ http://localhost:3030/_next/static/chunks/04m2_next_dist_01d_w1-._.js:2431
[ 2783391ms] [INFO] %c%s%c [setup-health] background: #e6e6e6;background: light-dark(rgba(0,0,0,0.1), rgba(255,255,255,0.25));color: #000000;color: light-dark(#000000, #ffffff);border-radius: 2px  Server   panel-layout {tenantId: cmrvvipw70000oyyo6123270j, userId: cmrvvipyc000aoyyodcu4tftb, score: 40, completedCount: 2, totalCriticalCount: 5} @ http://localhost:3030/_next/static/chunks/04m2_next_dist_01d_w1-._.js:2431
[ 2783785ms] [INFO] %c%s%c [setup-health] background: #e6e6e6;background: light-dark(rgba(0,0,0,0.1), rgba(255,255,255,0.25));color: #000000;color: light-dark(#000000, #ffffff);border-radius: 2px  Server   panel-layout {tenantId: cmrvvipw70000oyyo6123270j, userId: cmrvvipyc000aoyyodcu4tftb, score: 40, completedCount: 2, totalCriticalCount: 5} @ http://localhost:3030/_next/static/chunks/04m2_next_dist_01d_w1-._.js:2431
[ 2784168ms] [LOG] [Fast Refresh] rebuilding @ http://localhost:3030/_next/static/chunks/04m2_next_dist_01d_w1-._.js:2431
[ 2784181ms] [LOG] [Fast Refresh] done in 118ms @ http://localhost:3030/_next/static/chunks/04m2_next_dist_01d_w1-._.js:2431
[ 2784182ms] [INFO] %c%s%c [setup-health] background: #e6e6e6;background: light-dark(rgba(0,0,0,0.1), rgba(255,255,255,0.25));color: #000000;color: light-dark(#000000, #ffffff);border-radius: 2px  Server   panel-layout {tenantId: cmrvvipw70000oyyo6123270j, userId: cmrvvipyc000aoyyodcu4tftb, score: 40, completedCount: 2, totalCriticalCount: 5} @ http://localhost:3030/_next/static/chunks/04m2_next_dist_01d_w1-._.js:2431
[ 2784571ms] [INFO] %c%s%c [setup-health] background: #e6e6e6;background: light-dark(rgba(0,0,0,0.1), rgba(255,255,255,0.25));color: #000000;color: light-dark(#000000, #ffffff);border-radius: 2px  Server   panel-layout {tenantId: cmrvvipw70000oyyo6123270j, userId: cmrvvipyc000aoyyodcu4tftb, score: 40, completedCount: 2, totalCriticalCount: 5} @ http://localhost:3030/_next/static/chunks/04m2_next_dist_01d_w1-._.js:2431
[ 2784901ms] [INFO] %c%s%c [setup-health] background: #e6e6e6;background: light-dark(rgba(0,0,0,0.1), rgba(255,255,255,0.25));color: #000000;color: light-dark(#000000, #ffffff);border-radius: 2px  Server   panel-layout {tenantId: cmrvvipw70000oyyo6123270j, userId: cmrvvipyc000aoyyodcu4tftb, score: 40, completedCount: 2, totalCriticalCount: 5} @ http://localhost:3030/_next/static/chunks/04m2_next_dist_01d_w1-._.js:2431
[ 2785213ms] [LOG] [Fast Refresh] rebuilding @ http://localhost:3030/_next/static/chunks/04m2_next_dist_01d_w1-._.js:2431
[ 2785216ms] [LOG] [Fast Refresh] done in 103ms @ http://localhost:3030/_next/static/chunks/04m2_next_dist_01d_w1-._.js:2431
[ 2785218ms] [INFO] %c%s%c [setup-health] background: #e6e6e6;background: light-dark(rgba(0,0,0,0.1), rgba(255,255,255,0.25));color: #000000;color: light-dark(#000000, #ffffff);border-radius: 2px  Server   panel-layout {tenantId: cmrvvipw70000oyyo6123270j, userId: cmrvvipyc000aoyyodcu4tftb, score: 40, completedCount: 2, totalCriticalCount: 5} @ http://localhost:3030/_next/static/chunks/04m2_next_dist_01d_w1-._.js:2431
[ 2785554ms] [INFO] %c%s%c [setup-health] background: #e6e6e6;background: light-dark(rgba(0,0,0,0.1), rgba(255,255,255,0.25));color: #000000;color: light-dark(#000000, #ffffff);border-radius: 2px  Server   panel-layout {tenantId: cmrvvipw70000oyyo6123270j, userId: cmrvvipyc000aoyyodcu4tftb, score: 40, completedCount: 2, totalCriticalCount: 5} @ http://localhost:3030/_next/static/chunks/04m2_next_dist_01d_w1-._.js:2431
[ 2785870ms] [INFO] %c%s%c [setup-health] background: #e6e6e6;background: light-dark(rgba(0,0,0,0.1), rgba(255,255,255,0.25));color: #000000;color: light-dark(#000000, #ffffff);border-radius: 2px  Server   panel-layout {tenantId: cmrvvipw70000oyyo6123270j, userId: cmrvvipyc000aoyyodcu4tftb, score: 40, completedCount: 2, totalCriticalCount: 5} @ http://localhost:3030/_next/static/chunks/04m2_next_dist_01d_w1-._.js:2431
[ 2786171ms] [INFO] %c%s%c [setup-health] background: #e6e6e6;background: light-dark(rgba(0,0,0,0.1), rgba(255,255,255,0.25));color: #000000;color: light-dark(#000000, #ffffff);border-radius: 2px  Server   panel-layout {tenantId: cmrvvipw70000oyyo6123270j, userId: cmrvvipyc000aoyyodcu4tftb, score: 40, completedCount: 2, totalCriticalCount: 5} @ http://localhost:3030/_next/static/chunks/04m2_next_dist_01d_w1-._.js:2431
[ 2786177ms] [LOG] [Fast Refresh] rebuilding @ http://localhost:3030/_next/static/chunks/04m2_next_dist_01d_w1-._.js:2431
[ 2786182ms] [LOG] [Fast Refresh] done in 109ms @ http://localhost:3030/_next/static/chunks/04m2_next_dist_01d_w1-._.js:2431
[ 2786394ms] [LOG] [Fast Refresh] rebuilding @ http://localhost:3030/_next/static/chunks/04m2_next_dist_01d_w1-._.js:2431
[ 2786396ms] [LOG] [Fast Refresh] done in 107ms @ http://localhost:3030/_next/static/chunks/04m2_next_dist_01d_w1-._.js:2431
[ 2786710ms] [INFO] %c%s%c [setup-health] background: #e6e6e6;background: light-dark(rgba(0,0,0,0.1), rgba(255,255,255,0.25));color: #000000;color: light-dark(#000000, #ffffff);border-radius: 2px  Server   panel-layout {tenantId: cmrvvipw70000oyyo6123270j, userId: cmrvvipyc000aoyyodcu4tftb, score: 40, completedCount: 2, totalCriticalCount: 5} @ http://localhost:3030/_next/static/chunks/04m2_next_dist_01d_w1-._.js:2431
[ 2786994ms] [INFO] %c%s%c [setup-health] background: #e6e6e6;background: light-dark(rgba(0,0,0,0.1), rgba(255,255,255,0.25));color: #000000;color: light-dark(#000000, #ffffff);border-radius: 2px  Server   panel-layout {tenantId: cmrvvipw70000oyyo6123270j, userId: cmrvvipyc000aoyyodcu4tftb, score: 40, completedCount: 2, totalCriticalCount: 5} @ http://localhost:3030/_next/static/chunks/04m2_next_dist_01d_w1-._.js:2431
[ 2787321ms] [LOG] [Fast Refresh] rebuilding @ http://localhost:3030/_next/static/chunks/04m2_next_dist_01d_w1-._.js:2431
[ 2787328ms] [LOG] [Fast Refresh] done in 109ms @ http://localhost:3030/_next/static/chunks/04m2_next_dist_01d_w1-._.js:2431
[ 2787330ms] [INFO] %c%s%c [setup-health] background: #e6e6e6;background: light-dark(rgba(0,0,0,0.1), rgba(255,255,255,0.25));color: #000000;color: light-dark(#000000, #ffffff);border-radius: 2px  Server   panel-layout {tenantId: cmrvvipw70000oyyo6123270j, userId: cmrvvipyc000aoyyodcu4tftb, score: 40, completedCount: 2, totalCriticalCount: 5} @ http://localhost:3030/_next/static/chunks/04m2_next_dist_01d_w1-._.js:2431
[ 2787638ms] [INFO] %c%s%c [setup-health] background: #e6e6e6;background: light-dark(rgba(0,0,0,0.1), rgba(255,255,255,0.25));color: #000000;color: light-dark(#000000, #ffffff);border-radius: 2px  Server   panel-layout {tenantId: cmrvvipw70000oyyo6123270j, userId: cmrvvipyc000aoyyodcu4tftb, score: 40, completedCount: 2, totalCriticalCount: 5} @ http://localhost:3030/_next/static/chunks/04m2_next_dist_01d_w1-._.js:2431
[ 2787992ms] [INFO] %c%s%c [setup-health] background: #e6e6e6;background: light-dark(rgba(0,0,0,0.1), rgba(255,255,255,0.25));color: #000000;color: light-dark(#000000, #ffffff);border-radius: 2px  Server   panel-layout {tenantId: cmrvvipw70000oyyo6123270j, userId: cmrvvipyc000aoyyodcu4tftb, score: 40, completedCount: 2, totalCriticalCount: 5} @ http://localhost:3030/_next/static/chunks/04m2_next_dist_01d_w1-._.js:2431
[ 2788130ms] [LOG] [Fast Refresh] rebuilding @ http://localhost:3030/_next/static/chunks/04m2_next_dist_01d_w1-._.js:2431
[ 2788131ms] [LOG] [Fast Refresh] done in 101ms @ http://localhost:3030/_next/static/chunks/04m2_next_dist_01d_w1-._.js:2431
[ 2788317ms] [LOG] [Fast Refresh] rebuilding @ http://localhost:3030/_next/static/chunks/04m2_next_dist_01d_w1-._.js:2431
[ 2788318ms] [INFO] %c%s%c [setup-health] background: #e6e6e6;background: light-dark(rgba(0,0,0,0.1), rgba(255,255,255,0.25));color: #000000;color: light-dark(#000000, #ffffff);border-radius: 2px  Server   panel-layout {tenantId: cmrvvipw70000oyyo6123270j, userId: cmrvvipyc000aoyyodcu4tftb, score: 40, completedCount: 2, totalCriticalCount: 5} @ http://localhost:3030/_next/static/chunks/04m2_next_dist_01d_w1-._.js:2431
[ 2788330ms] [LOG] [Fast Refresh] done in 113ms @ http://localhost:3030/_next/static/chunks/04m2_next_dist_01d_w1-._.js:2431
[ 2788623ms] [INFO] %c%s%c [setup-health] background: #e6e6e6;background: light-dark(rgba(0,0,0,0.1), rgba(255,255,255,0.25));color: #000000;color: light-dark(#000000, #ffffff);border-radius: 2px  Server   panel-layout {tenantId: cmrvvipw70000oyyo6123270j, userId: cmrvvipyc000aoyyodcu4tftb, score: 40, completedCount: 2, totalCriticalCount: 5} @ http://localhost:3030/_next/static/chunks/04m2_next_dist_01d_w1-._.js:2431
[ 2788947ms] [INFO] %c%s%c [setup-health] background: #e6e6e6;background: light-dark(rgba(0,0,0,0.1), rgba(255,255,255,0.25));color: #000000;color: light-dark(#000000, #ffffff);border-radius: 2px  Server   panel-layout {tenantId: cmrvvipw70000oyyo6123270j, userId: cmrvvipyc000aoyyodcu4tftb, score: 40, completedCount: 2, totalCriticalCount: 5} @ http://localhost:3030/_next/static/chunks/04m2_next_dist_01d_w1-._.js:2431
[ 2789273ms] [INFO] %c%s%c [setup-health] background: #e6e6e6;background: light-dark(rgba(0,0,0,0.1), rgba(255,255,255,0.25));color: #000000;color: light-dark(#000000, #ffffff);border-radius: 2px  Server   panel-layout {tenantId: cmrvvipw70000oyyo6123270j, userId: cmrvvipyc000aoyyodcu4tftb, score: 40, completedCount: 2, totalCriticalCount: 5} @ http://localhost:3030/_next/static/chunks/04m2_next_dist_01d_w1-._.js:2431
[ 2789598ms] [INFO] %c%s%c [setup-health] background: #e6e6e6;background: light-dark(rgba(0,0,0,0.1), rgba(255,255,255,0.25));color: #000000;color: light-dark(#000000, #ffffff);border-radius: 2px  Server   panel-layout {tenantId: cmrvvipw70000oyyo6123270j, userId: cmrvvipyc000aoyyodcu4tftb, score: 40, completedCount: 2, totalCriticalCount: 5} @ http://localhost:3030/_next/static/chunks/04m2_next_dist_01d_w1-._.js:2431
[ 2789976ms] [LOG] [Fast Refresh] rebuilding @ http://localhost:3030/_next/static/chunks/04m2_next_dist_01d_w1-._.js:2431
[ 2790217ms] [INFO] %c%s%c [setup-health] background: #e6e6e6;background: light-dark(rgba(0,0,0,0.1), rgba(255,255,255,0.25));color: #000000;color: light-dark(#000000, #ffffff);border-radius: 2px  Server   panel-layout {tenantId: cmrvvipw70000oyyo6123270j, userId: cmrvvipyc000aoyyodcu4tftb, score: 40, completedCount: 2, totalCriticalCount: 5} @ http://localhost:3030/_next/static/chunks/04m2_next_dist_01d_w1-._.js:2431
[ 2790225ms] [LOG] [Fast Refresh] done in 350ms @ http://localhost:3030/_next/static/chunks/04m2_next_dist_01d_w1-._.js:2431
[ 2790577ms] [LOG] [Fast Refresh] rebuilding @ http://localhost:3030/_next/static/chunks/04m2_next_dist_01d_w1-._.js:2431
[ 2790583ms] [INFO] %c%s%c [setup-health] background: #e6e6e6;background: light-dark(rgba(0,0,0,0.1), rgba(255,255,255,0.25));color: #000000;color: light-dark(#000000, #ffffff);border-radius: 2px  Server   panel-layout {tenantId: cmrvvipw70000oyyo6123270j, userId: cmrvvipyc000aoyyodcu4tftb, score: 40, completedCount: 2, totalCriticalCount: 5} @ http://localhost:3030/_next/static/chunks/04m2_next_dist_01d_w1-._.js:2431
[ 2790608ms] [LOG] [Fast Refresh] done in 134ms @ http://localhost:3030/_next/static/chunks/04m2_next_dist_01d_w1-._.js:2431
[ 2790715ms] [LOG] [Fast Refresh] rebuilding @ http://localhost:3030/_next/static/chunks/04m2_next_dist_01d_w1-._.js:2431
[ 2790788ms] [LOG] [Fast Refresh] done in 179ms @ http://localhost:3030/_next/static/chunks/04m2_next_dist_01d_w1-._.js:2431
[ 2790959ms] [INFO] %c%s%c [setup-health] background: #e6e6e6;background: light-dark(rgba(0,0,0,0.1), rgba(255,255,255,0.25));color: #000000;color: light-dark(#000000, #ffffff);border-radius: 2px  Server   panel-layout {tenantId: cmrvvipw70000oyyo6123270j, userId: cmrvvipyc000aoyyodcu4tftb, score: 40, completedCount: 2, totalCriticalCount: 5} @ http://localhost:3030/_next/static/chunks/04m2_next_dist_01d_w1-._.js:2431
[ 2791315ms] [INFO] %c%s%c [setup-health] background: #e6e6e6;background: light-dark(rgba(0,0,0,0.1), rgba(255,255,255,0.25));color: #000000;color: light-dark(#000000, #ffffff);border-radius: 2px  Server   panel-layout {tenantId: cmrvvipw70000oyyo6123270j, userId: cmrvvipyc000aoyyodcu4tftb, score: 40, completedCount: 2, totalCriticalCount: 5} @ http://localhost:3030/_next/static/chunks/04m2_next_dist_01d_w1-._.js:2431
[ 2791782ms] [INFO] %c%s%c [setup-health] background: #e6e6e6;background: light-dark(rgba(0,0,0,0.1), rgba(255,255,255,0.25));color: #000000;color: light-dark(#000000, #ffffff);border-radius: 2px  Server   panel-layout {tenantId: cmrvvipw70000oyyo6123270j, userId: cmrvvipyc000aoyyodcu4tftb, score: 40, completedCount: 2, totalCriticalCount: 5} @ http://localhost:3030/_next/static/chunks/04m2_next_dist_01d_w1-._.js:2431
[ 2792128ms] [INFO] %c%s%c [setup-health] background: #e6e6e6;background: light-dark(rgba(0,0,0,0.1), rgba(255,255,255,0.25));color: #000000;color: light-dark(#000000, #ffffff);border-radius: 2px  Server   panel-layout {tenantId: cmrvvipw70000oyyo6123270j, userId: cmrvvipyc000aoyyodcu4tftb, score: 40, completedCount: 2, totalCriticalCount: 5} @ http://localhost:3030/_next/static/chunks/04m2_next_dist_01d_w1-._.js:2431
[ 2792339ms] [LOG] [Fast Refresh] rebuilding @ http://localhost:3030/_next/static/chunks/04m2_next_dist_01d_w1-._.js:2431
[ 2793086ms] [LOG] [Fast Refresh] done in 767ms @ http://localhost:3030/_next/static/chunks/04m2_next_dist_01d_w1-._.js:2431
[ 2793484ms] [LOG] [Fast Refresh] rebuilding @ http://localhost:3030/_next/static/chunks/04m2_next_dist_01d_w1-._.js:2431
[ 2793696ms] [INFO] %c%s%c [setup-health] background: #e6e6e6;background: light-dark(rgba(0,0,0,0.1), rgba(255,255,255,0.25));color: #000000;color: light-dark(#000000, #ffffff);border-radius: 2px  Server   panel-layout {tenantId: cmrvvipw70000oyyo6123270j, userId: cmrvvipyc000aoyyodcu4tftb, score: 40, completedCount: 2, totalCriticalCount: 5} @ http://localhost:3030/_next/static/chunks/04m2_next_dist_01d_w1-._.js:2431
[ 2793704ms] [LOG] [Fast Refresh] done in 323ms @ http://localhost:3030/_next/static/chunks/04m2_next_dist_01d_w1-._.js:2431
[ 2793859ms] [LOG] [Fast Refresh] rebuilding @ http://localhost:3030/_next/static/chunks/04m2_next_dist_01d_w1-._.js:2431
[ 2793865ms] [LOG] [Fast Refresh] done in 111ms @ http://localhost:3030/_next/static/chunks/04m2_next_dist_01d_w1-._.js:2431
[ 2794364ms] [INFO] %c%s%c [setup-health] background: #e6e6e6;background: light-dark(rgba(0,0,0,0.1), rgba(255,255,255,0.25));color: #000000;color: light-dark(#000000, #ffffff);border-radius: 2px  Server   panel-layout {tenantId: cmrvvipw70000oyyo6123270j, userId: cmrvvipyc000aoyyodcu4tftb, score: 40, completedCount: 2, totalCriticalCount: 5} @ http://localhost:3030/_next/static/chunks/04m2_next_dist_01d_w1-._.js:2431
[ 2794564ms] [LOG] [Fast Refresh] rebuilding @ http://localhost:3030/_next/static/chunks/04m2_next_dist_01d_w1-._.js:2431
[ 2794583ms] [LOG] [Fast Refresh] done in 119ms @ http://localhost:3030/_next/static/chunks/04m2_next_dist_01d_w1-._.js:2431
[ 2794686ms] [LOG] [Fast Refresh] rebuilding @ http://localhost:3030/_next/static/chunks/04m2_next_dist_01d_w1-._.js:2431
[ 2794766ms] [INFO] %c%s%c [setup-health] background: #e6e6e6;background: light-dark(rgba(0,0,0,0.1), rgba(255,255,255,0.25));color: #000000;color: light-dark(#000000, #ffffff);border-radius: 2px  Server   panel-layout {tenantId: cmrvvipw70000oyyo6123270j, userId: cmrvvipyc000aoyyodcu4tftb, score: 40, completedCount: 2, totalCriticalCount: 5} @ http://localhost:3030/_next/static/chunks/04m2_next_dist_01d_w1-._.js:2431
[ 2794775ms] [LOG] [Fast Refresh] done in 190ms @ http://localhost:3030/_next/static/chunks/04m2_next_dist_01d_w1-._.js:2431
[ 2795109ms] [INFO] %c%s%c [setup-health] background: #e6e6e6;background: light-dark(rgba(0,0,0,0.1), rgba(255,255,255,0.25));color: #000000;color: light-dark(#000000, #ffffff);border-radius: 2px  Server   panel-layout {tenantId: cmrvvipw70000oyyo6123270j, userId: cmrvvipyc000aoyyodcu4tftb, score: 40, completedCount: 2, totalCriticalCount: 5} @ http://localhost:3030/_next/static/chunks/04m2_next_dist_01d_w1-._.js:2431
[ 2795264ms] [LOG] [Fast Refresh] rebuilding @ http://localhost:3030/_next/static/chunks/04m2_next_dist_01d_w1-._.js:2431
[ 2795264ms] [LOG] [Fast Refresh] done in 105ms @ http://localhost:3030/_next/static/chunks/04m2_next_dist_01d_w1-._.js:2431
[ 2795485ms] [LOG] [Fast Refresh] rebuilding @ http://localhost:3030/_next/static/chunks/04m2_next_dist_01d_w1-._.js:2431
[ 2795506ms] [INFO] %c%s%c [setup-health] background: #e6e6e6;background: light-dark(rgba(0,0,0,0.1), rgba(255,255,255,0.25));color: #000000;color: light-dark(#000000, #ffffff);border-radius: 2px  Server   panel-layout {tenantId: cmrvvipw70000oyyo6123270j, userId: cmrvvipyc000aoyyodcu4tftb, score: 40, completedCount: 2, totalCriticalCount: 5} @ http://localhost:3030/_next/static/chunks/04m2_next_dist_01d_w1-._.js:2431
[ 2795525ms] [LOG] [Fast Refresh] done in 145ms @ http://localhost:3030/_next/static/chunks/04m2_next_dist_01d_w1-._.js:2431
[ 2795704ms] [LOG] [Fast Refresh] rebuilding @ http://localhost:3030/_next/static/chunks/04m2_next_dist_01d_w1-._.js:2431
[ 2795720ms] [LOG] [Fast Refresh] done in 119ms @ http://localhost:3030/_next/static/chunks/04m2_next_dist_01d_w1-._.js:2431
[ 2795873ms] [LOG] [Fast Refresh] rebuilding @ http://localhost:3030/_next/static/chunks/04m2_next_dist_01d_w1-._.js:2431
[ 2795881ms] [INFO] %c%s%c [setup-health] background: #e6e6e6;background: light-dark(rgba(0,0,0,0.1), rgba(255,255,255,0.25));color: #000000;color: light-dark(#000000, #ffffff);border-radius: 2px  Server   panel-layout {tenantId: cmrvvipw70000oyyo6123270j, userId: cmrvvipyc000aoyyodcu4tftb, score: 40, completedCount: 2, totalCriticalCount: 5} @ http://localhost:3030/_next/static/chunks/04m2_next_dist_01d_w1-._.js:2431
[ 2795891ms] [LOG] [Fast Refresh] done in 118ms @ http://localhost:3030/_next/static/chunks/04m2_next_dist_01d_w1-._.js:2431
[ 2796282ms] [LOG] [Fast Refresh] rebuilding @ http://localhost:3030/_next/static/chunks/04m2_next_dist_01d_w1-._.js:2431
[ 2796289ms] [INFO] %c%s%c [setup-health] background: #e6e6e6;background: light-dark(rgba(0,0,0,0.1), rgba(255,255,255,0.25));color: #000000;color: light-dark(#000000, #ffffff);border-radius: 2px  Server   panel-layout {tenantId: cmrvvipw70000oyyo6123270j, userId: cmrvvipyc000aoyyodcu4tftb, score: 40, completedCount: 2, totalCriticalCount: 5} @ http://localhost:3030/_next/static/chunks/04m2_next_dist_01d_w1-._.js:2431
[ 2796300ms] [LOG] [Fast Refresh] done in 119ms @ http://localhost:3030/_next/static/chunks/04m2_next_dist_01d_w1-._.js:2431
[ 2796432ms] [LOG] [Fast Refresh] rebuilding @ http://localhost:3030/_next/static/chunks/04m2_next_dist_01d_w1-._.js:2431
[ 2796463ms] [LOG] [Fast Refresh] done in 132ms @ http://localhost:3030/_next/static/chunks/04m2_next_dist_01d_w1-._.js:2431
[ 2796683ms] [LOG] [Fast Refresh] rebuilding @ http://localhost:3030/_next/static/chunks/04m2_next_dist_01d_w1-._.js:2431
[ 2796713ms] [INFO] %c%s%c [setup-health] background: #e6e6e6;background: light-dark(rgba(0,0,0,0.1), rgba(255,255,255,0.25));color: #000000;color: light-dark(#000000, #ffffff);border-radius: 2px  Server   panel-layout {tenantId: cmrvvipw70000oyyo6123270j, userId: cmrvvipyc000aoyyodcu4tftb, score: 40, completedCount: 2, totalCriticalCount: 5} @ http://localhost:3030/_next/static/chunks/04m2_next_dist_01d_w1-._.js:2431
[ 2796729ms] [LOG] [Fast Refresh] done in 157ms @ http://localhost:3030/_next/static/chunks/04m2_next_dist_01d_w1-._.js:2431
[ 2797081ms] [INFO] %c%s%c [setup-health] background: #e6e6e6;background: light-dark(rgba(0,0,0,0.1), rgba(255,255,255,0.25));color: #000000;color: light-dark(#000000, #ffffff);border-radius: 2px  Server   panel-layout {tenantId: cmrvvipw70000oyyo6123270j, userId: cmrvvipyc000aoyyodcu4tftb, score: 40, completedCount: 2, totalCriticalCount: 5} @ http://localhost:3030/_next/static/chunks/04m2_next_dist_01d_w1-._.js:2431
[ 2797099ms] [LOG] [Fast Refresh] rebuilding @ http://localhost:3030/_next/static/chunks/04m2_next_dist_01d_w1-._.js:2431
[ 2797103ms] [LOG] [Fast Refresh] done in 106ms @ http://localhost:3030/_next/static/chunks/04m2_next_dist_01d_w1-._.js:2431
[ 2797205ms] [LOG] [Fast Refresh] rebuilding @ http://localhost:3030/_next/static/chunks/04m2_next_dist_01d_w1-._.js:2431
[ 2797213ms] [LOG] [Fast Refresh] done in 109ms @ http://localhost:3030/_next/static/chunks/04m2_next_dist_01d_w1-._.js:2431
[ 2797503ms] [LOG] [Fast Refresh] rebuilding @ http://localhost:3030/_next/static/chunks/04m2_next_dist_01d_w1-._.js:2431
[ 2797505ms] [INFO] %c%s%c [setup-health] background: #e6e6e6;background: light-dark(rgba(0,0,0,0.1), rgba(255,255,255,0.25));color: #000000;color: light-dark(#000000, #ffffff);border-radius: 2px  Server   panel-layout {tenantId: cmrvvipw70000oyyo6123270j, userId: cmrvvipyc000aoyyodcu4tftb, score: 40, completedCount: 2, totalCriticalCount: 5} @ http://localhost:3030/_next/static/chunks/04m2_next_dist_01d_w1-._.js:2431
[ 2797516ms] [LOG] [Fast Refresh] done in 114ms @ http://localhost:3030/_next/static/chunks/04m2_next_dist_01d_w1-._.js:2431
[ 2797702ms] [LOG] [Fast Refresh] rebuilding @ http://localhost:3030/_next/static/chunks/04m2_next_dist_01d_w1-._.js:2431
[ 2797708ms] [LOG] [Fast Refresh] done in 108ms @ http://localhost:3030/_next/static/chunks/04m2_next_dist_01d_w1-._.js:2431
[ 2797934ms] [LOG] [Fast Refresh] rebuilding @ http://localhost:3030/_next/static/chunks/04m2_next_dist_01d_w1-._.js:2431
[ 2797950ms] [INFO] %c%s%c [setup-health] background: #e6e6e6;background: light-dark(rgba(0,0,0,0.1), rgba(255,255,255,0.25));color: #000000;color: light-dark(#000000, #ffffff);border-radius: 2px  Server   panel-layout {tenantId: cmrvvipw70000oyyo6123270j, userId: cmrvvipyc000aoyyodcu4tftb, score: 40, completedCount: 2, totalCriticalCount: 5} @ http://localhost:3030/_next/static/chunks/04m2_next_dist_01d_w1-._.js:2431
[ 2797972ms] [LOG] [Fast Refresh] done in 141ms @ http://localhost:3030/_next/static/chunks/04m2_next_dist_01d_w1-._.js:2431
[ 2798323ms] [INFO] %c%s%c [setup-health] background: #e6e6e6;background: light-dark(rgba(0,0,0,0.1), rgba(255,255,255,0.25));color: #000000;color: light-dark(#000000, #ffffff);border-radius: 2px  Server   panel-layout {tenantId: cmrvvipw70000oyyo6123270j, userId: cmrvvipyc000aoyyodcu4tftb, score: 40, completedCount: 2, totalCriticalCount: 5} @ http://localhost:3030/_next/static/chunks/04m2_next_dist_01d_w1-._.js:2431
[ 2798329ms] [LOG] [Fast Refresh] rebuilding @ http://localhost:3030/_next/static/chunks/04m2_next_dist_01d_w1-._.js:2431
[ 2798333ms] [LOG] [Fast Refresh] done in 105ms @ http://localhost:3030/_next/static/chunks/04m2_next_dist_01d_w1-._.js:2431
[ 2798727ms] [LOG] [Fast Refresh] rebuilding @ http://localhost:3030/_next/static/chunks/04m2_next_dist_01d_w1-._.js:2431
[ 2798860ms] [INFO] %c%s%c [setup-health] background: #e6e6e6;background: light-dark(rgba(0,0,0,0.1), rgba(255,255,255,0.25));color: #000000;color: light-dark(#000000, #ffffff);border-radius: 2px  Server   panel-layout {tenantId: cmrvvipw70000oyyo6123270j, userId: cmrvvipyc000aoyyodcu4tftb, score: 40, completedCount: 2, totalCriticalCount: 5} @ http://localhost:3030/_next/static/chunks/04m2_next_dist_01d_w1-._.js:2431
[ 2798880ms] [LOG] [Fast Refresh] done in 255ms @ http://localhost:3030/_next/static/chunks/04m2_next_dist_01d_w1-._.js:2431
[ 2799488ms] [LOG] [Fast Refresh] rebuilding @ http://localhost:3030/_next/static/chunks/04m2_next_dist_01d_w1-._.js:2431
[ 2799516ms] [INFO] %c%s%c [setup-health] background: #e6e6e6;background: light-dark(rgba(0,0,0,0.1), rgba(255,255,255,0.25));color: #000000;color: light-dark(#000000, #ffffff);border-radius: 2px  Server   panel-layout {tenantId: cmrvvipw70000oyyo6123270j, userId: cmrvvipyc000aoyyodcu4tftb, score: 40, completedCount: 2, totalCriticalCount: 5} @ http://localhost:3030/_next/static/chunks/04m2_next_dist_01d_w1-._.js:2431
[ 2799526ms] [LOG] [Fast Refresh] done in 139ms @ http://localhost:3030/_next/static/chunks/04m2_next_dist_01d_w1-._.js:2431
[ 2799629ms] [LOG] [Fast Refresh] rebuilding @ http://localhost:3030/_next/static/chunks/04m2_next_dist_01d_w1-._.js:2431
[ 2799690ms] [LOG] [Fast Refresh] done in 163ms @ http://localhost:3030/_next/static/chunks/04m2_next_dist_01d_w1-._.js:2431
[ 2799831ms] [INFO] %c%s%c [setup-health] background: #e6e6e6;background: light-dark(rgba(0,0,0,0.1), rgba(255,255,255,0.25));color: #000000;color: light-dark(#000000, #ffffff);border-radius: 2px  Server   panel-layout {tenantId: cmrvvipw70000oyyo6123270j, userId: cmrvvipyc000aoyyodcu4tftb, score: 40, completedCount: 2, totalCriticalCount: 5} @ http://localhost:3030/_next/static/chunks/04m2_next_dist_01d_w1-._.js:2431
[ 2800232ms] [LOG] [Fast Refresh] rebuilding @ http://localhost:3030/_next/static/chunks/04m2_next_dist_01d_w1-._.js:2431
[ 2800236ms] [INFO] %c%s%c [setup-health] background: #e6e6e6;background: light-dark(rgba(0,0,0,0.1), rgba(255,255,255,0.25));color: #000000;color: light-dark(#000000, #ffffff);border-radius: 2px  Server   panel-layout {tenantId: cmrvvipw70000oyyo6123270j, userId: cmrvvipyc000aoyyodcu4tftb, score: 40, completedCount: 2, totalCriticalCount: 5} @ http://localhost:3030/_next/static/chunks/04m2_next_dist_01d_w1-._.js:2431
[ 2800247ms] [LOG] [Fast Refresh] done in 121ms @ http://localhost:3030/_next/static/chunks/04m2_next_dist_01d_w1-._.js:2431
[ 2800388ms] [LOG] [Fast Refresh] rebuilding @ http://localhost:3030/_next/static/chunks/04m2_next_dist_01d_w1-._.js:2431
[ 2800414ms] [LOG] [Fast Refresh] done in 134ms @ http://localhost:3030/_next/static/chunks/04m2_next_dist_01d_w1-._.js:2431
[ 2800632ms] [LOG] [Fast Refresh] rebuilding @ http://localhost:3030/_next/static/chunks/04m2_next_dist_01d_w1-._.js:2431
[ 2800666ms] [INFO] %c%s%c [setup-health] background: #e6e6e6;background: light-dark(rgba(0,0,0,0.1), rgba(255,255,255,0.25));color: #000000;color: light-dark(#000000, #ffffff);border-radius: 2px  Server   panel-layout {tenantId: cmrvvipw70000oyyo6123270j, userId: cmrvvipyc000aoyyodcu4tftb, score: 40, completedCount: 2, totalCriticalCount: 5} @ http://localhost:3030/_next/static/chunks/04m2_next_dist_01d_w1-._.js:2431
[ 2800680ms] [LOG] [Fast Refresh] done in 149ms @ http://localhost:3030/_next/static/chunks/04m2_next_dist_01d_w1-._.js:2431
[ 2800806ms] [LOG] [Fast Refresh] rebuilding @ http://localhost:3030/_next/static/chunks/04m2_next_dist_01d_w1-._.js:2431
[ 2800823ms] [LOG] [Fast Refresh] done in 120ms @ http://localhost:3030/_next/static/chunks/04m2_next_dist_01d_w1-._.js:2431
[ 2801000ms] [LOG] [Fast Refresh] rebuilding @ http://localhost:3030/_next/static/chunks/04m2_next_dist_01d_w1-._.js:2431
[ 2801027ms] [INFO] %c%s%c [setup-health] background: #e6e6e6;background: light-dark(rgba(0,0,0,0.1), rgba(255,255,255,0.25));color: #000000;color: light-dark(#000000, #ffffff);border-radius: 2px  Server   panel-layout {tenantId: cmrvvipw70000oyyo6123270j, userId: cmrvvipyc000aoyyodcu4tftb, score: 40, completedCount: 2, totalCriticalCount: 5} @ http://localhost:3030/_next/static/chunks/04m2_next_dist_01d_w1-._.js:2431
[ 2801042ms] [LOG] [Fast Refresh] done in 149ms @ http://localhost:3030/_next/static/chunks/04m2_next_dist_01d_w1-._.js:2431
[ 2801503ms] [LOG] [Fast Refresh] rebuilding @ http://localhost:3030/_next/static/chunks/04m2_next_dist_01d_w1-._.js:2431
[ 2801517ms] [INFO] %c%s%c [setup-health] background: #e6e6e6;background: light-dark(rgba(0,0,0,0.1), rgba(255,255,255,0.25));color: #000000;color: light-dark(#000000, #ffffff);border-radius: 2px  Server   panel-layout {tenantId: cmrvvipw70000oyyo6123270j, userId: cmrvvipyc000aoyyodcu4tftb, score: 40, completedCount: 2, totalCriticalCount: 5} @ http://localhost:3030/_next/static/chunks/04m2_next_dist_01d_w1-._.js:2431
[ 2801538ms] [LOG] [Fast Refresh] done in 137ms @ http://localhost:3030/_next/static/chunks/04m2_next_dist_01d_w1-._.js:2431
[ 2801644ms] [LOG] [Fast Refresh] rebuilding @ http://localhost:3030/_next/static/chunks/04m2_next_dist_01d_w1-._.js:2431
[ 2801676ms] [LOG] [Fast Refresh] done in 137ms @ http://localhost:3030/_next/static/chunks/04m2_next_dist_01d_w1-._.js:2431
[ 2801847ms] [LOG] [Fast Refresh] rebuilding @ http://localhost:3030/_next/static/chunks/04m2_next_dist_01d_w1-._.js:2431
[ 2801853ms] [INFO] %c%s%c [setup-health] background: #e6e6e6;background: light-dark(rgba(0,0,0,0.1), rgba(255,255,255,0.25));color: #000000;color: light-dark(#000000, #ffffff);border-radius: 2px  Server   panel-layout {tenantId: cmrvvipw70000oyyo6123270j, userId: cmrvvipyc000aoyyodcu4tftb, score: 40, completedCount: 2, totalCriticalCount: 5} @ http://localhost:3030/_next/static/chunks/04m2_next_dist_01d_w1-._.js:2431
[ 2801859ms] [LOG] [Fast Refresh] done in 113ms @ http://localhost:3030/_next/static/chunks/04m2_next_dist_01d_w1-._.js:2431
[ 2802008ms] [LOG] [Fast Refresh] rebuilding @ http://localhost:3030/_next/static/chunks/04m2_next_dist_01d_w1-._.js:2431
[ 2802016ms] [LOG] [Fast Refresh] done in 112ms @ http://localhost:3030/_next/static/chunks/04m2_next_dist_01d_w1-._.js:2431
[ 2802233ms] [LOG] [Fast Refresh] rebuilding @ http://localhost:3030/_next/static/chunks/04m2_next_dist_01d_w1-._.js:2431
[ 2802269ms] [LOG] [Fast Refresh] done in 139ms @ http://localhost:3030/_next/static/chunks/04m2_next_dist_01d_w1-._.js:2431
[ 2802280ms] [INFO] %c%s%c [setup-health] background: #e6e6e6;background: light-dark(rgba(0,0,0,0.1), rgba(255,255,255,0.25));color: #000000;color: light-dark(#000000, #ffffff);border-radius: 2px  Server   panel-layout {tenantId: cmrvvipw70000oyyo6123270j, userId: cmrvvipyc000aoyyodcu4tftb, score: 40, completedCount: 2, totalCriticalCount: 5} @ http://localhost:3030/_next/static/chunks/04m2_next_dist_01d_w1-._.js:2431
[ 2802724ms] [LOG] [Fast Refresh] rebuilding @ http://localhost:3030/_next/static/chunks/04m2_next_dist_01d_w1-._.js:2431
[ 2802744ms] [INFO] %c%s%c [setup-health] background: #e6e6e6;background: light-dark(rgba(0,0,0,0.1), rgba(255,255,255,0.25));color: #000000;color: light-dark(#000000, #ffffff);border-radius: 2px  Server   panel-layout {tenantId: cmrvvipw70000oyyo6123270j, userId: cmrvvipyc000aoyyodcu4tftb, score: 40, completedCount: 2, totalCriticalCount: 5} @ http://localhost:3030/_next/static/chunks/04m2_next_dist_01d_w1-._.js:2431
[ 2802759ms] [LOG] [Fast Refresh] done in 142ms @ http://localhost:3030/_next/static/chunks/04m2_next_dist_01d_w1-._.js:2431
[ 2802863ms] [LOG] [Fast Refresh] rebuilding @ http://localhost:3030/_next/static/chunks/04m2_next_dist_01d_w1-._.js:2431
[ 2802868ms] [LOG] [Fast Refresh] done in 107ms @ http://localhost:3030/_next/static/chunks/04m2_next_dist_01d_w1-._.js:2431
[ 2802974ms] [LOG] [Fast Refresh] rebuilding @ http://localhost:3030/_next/static/chunks/04m2_next_dist_01d_w1-._.js:2431
[ 2802986ms] [LOG] [Fast Refresh] done in 116ms @ http://localhost:3030/_next/static/chunks/04m2_next_dist_01d_w1-._.js:2431
[ 2803248ms] [LOG] [Fast Refresh] rebuilding @ http://localhost:3030/_next/static/chunks/04m2_next_dist_01d_w1-._.js:2431
[ 2803290ms] [INFO] %c%s%c [setup-health] background: #e6e6e6;background: light-dark(rgba(0,0,0,0.1), rgba(255,255,255,0.25));color: #000000;color: light-dark(#000000, #ffffff);border-radius: 2px  Server   panel-layout {tenantId: cmrvvipw70000oyyo6123270j, userId: cmrvvipyc000aoyyodcu4tftb, score: 40, completedCount: 2, totalCriticalCount: 5} @ http://localhost:3030/_next/static/chunks/04m2_next_dist_01d_w1-._.js:2431
[ 2803306ms] [LOG] [Fast Refresh] done in 159ms @ http://localhost:3030/_next/static/chunks/04m2_next_dist_01d_w1-._.js:2431
[ 2803713ms] [INFO] %c%s%c [setup-health] background: #e6e6e6;background: light-dark(rgba(0,0,0,0.1), rgba(255,255,255,0.25));color: #000000;color: light-dark(#000000, #ffffff);border-radius: 2px  Server   panel-layout {tenantId: cmrvvipw70000oyyo6123270j, userId: cmrvvipyc000aoyyodcu4tftb, score: 40, completedCount: 2, totalCriticalCount: 5} @ http://localhost:3030/_next/static/chunks/04m2_next_dist_01d_w1-._.js:2431
[ 2803722ms] [LOG] [Fast Refresh] rebuilding @ http://localhost:3030/_next/static/chunks/04m2_next_dist_01d_w1-._.js:2431
[ 2803724ms] [LOG] [Fast Refresh] done in 103ms @ http://localhost:3030/_next/static/chunks/04m2_next_dist_01d_w1-._.js:2431
[ 2804394ms] [INFO] %c%s%c [setup-health] background: #e6e6e6;background: light-dark(rgba(0,0,0,0.1), rgba(255,255,255,0.25));color: #000000;color: light-dark(#000000, #ffffff);border-radius: 2px  Server   panel-layout {tenantId: cmrvvipw70000oyyo6123270j, userId: cmrvvipyc000aoyyodcu4tftb, score: 40, completedCount: 2, totalCriticalCount: 5} @ http://localhost:3030/_next/static/chunks/04m2_next_dist_01d_w1-._.js:2431
[ 2804711ms] [INFO] %c%s%c [setup-health] background: #e6e6e6;background: light-dark(rgba(0,0,0,0.1), rgba(255,255,255,0.25));color: #000000;color: light-dark(#000000, #ffffff);border-radius: 2px  Server   panel-layout {tenantId: cmrvvipw70000oyyo6123270j, userId: cmrvvipyc000aoyyodcu4tftb, score: 40, completedCount: 2, totalCriticalCount: 5} @ http://localhost:3030/_next/static/chunks/04m2_next_dist_01d_w1-._.js:2431
[ 2805051ms] [INFO] %c%s%c [setup-health] background: #e6e6e6;background: light-dark(rgba(0,0,0,0.1), rgba(255,255,255,0.25));color: #000000;color: light-dark(#000000, #ffffff);border-radius: 2px  Server   panel-layout {tenantId: cmrvvipw70000oyyo6123270j, userId: cmrvvipyc000aoyyodcu4tftb, score: 40, completedCount: 2, totalCriticalCount: 5} @ http://localhost:3030/_next/static/chunks/04m2_next_dist_01d_w1-._.js:2431
[ 2805375ms] [INFO] %c%s%c [setup-health] background: #e6e6e6;background: light-dark(rgba(0,0,0,0.1), rgba(255,255,255,0.25));color: #000000;color: light-dark(#000000, #ffffff);border-radius: 2px  Server   panel-layout {tenantId: cmrvvipw70000oyyo6123270j, userId: cmrvvipyc000aoyyodcu4tftb, score: 40, completedCount: 2, totalCriticalCount: 5} @ http://localhost:3030/_next/static/chunks/04m2_next_dist_01d_w1-._.js:2431
[ 2805515ms] [LOG] [Fast Refresh] rebuilding @ http://localhost:3030/_next/static/chunks/04m2_next_dist_01d_w1-._.js:2431
[ 2805535ms] [LOG] [Fast Refresh] done in 121ms @ http://localhost:3030/_next/static/chunks/04m2_next_dist_01d_w1-._.js:2431
[ 2805724ms] [LOG] [Fast Refresh] rebuilding @ http://localhost:3030/_next/static/chunks/04m2_next_dist_01d_w1-._.js:2431
[ 2805737ms] [INFO] %c%s%c [setup-health] background: #e6e6e6;background: light-dark(rgba(0,0,0,0.1), rgba(255,255,255,0.25));color: #000000;color: light-dark(#000000, #ffffff);border-radius: 2px  Server   panel-layout {tenantId: cmrvvipw70000oyyo6123270j, userId: cmrvvipyc000aoyyodcu4tftb, score: 40, completedCount: 2, totalCriticalCount: 5} @ http://localhost:3030/_next/static/chunks/04m2_next_dist_01d_w1-._.js:2431
[ 2805751ms] [LOG] [Fast Refresh] done in 133ms @ http://localhost:3030/_next/static/chunks/04m2_next_dist_01d_w1-._.js:2431
[ 2806085ms] [INFO] %c%s%c [setup-health] background: #e6e6e6;background: light-dark(rgba(0,0,0,0.1), rgba(255,255,255,0.25));color: #000000;color: light-dark(#000000, #ffffff);border-radius: 2px  Server   panel-layout {tenantId: cmrvvipw70000oyyo6123270j, userId: cmrvvipyc000aoyyodcu4tftb, score: 40, completedCount: 2, totalCriticalCount: 5} @ http://localhost:3030/_next/static/chunks/04m2_next_dist_01d_w1-._.js:2431
[ 2806456ms] [INFO] %c%s%c [setup-health] background: #e6e6e6;background: light-dark(rgba(0,0,0,0.1), rgba(255,255,255,0.25));color: #000000;color: light-dark(#000000, #ffffff);border-radius: 2px  Server   panel-layout {tenantId: cmrvvipw70000oyyo6123270j, userId: cmrvvipyc000aoyyodcu4tftb, score: 40, completedCount: 2, totalCriticalCount: 5} @ http://localhost:3030/_next/static/chunks/04m2_next_dist_01d_w1-._.js:2431
[ 2806459ms] [LOG] [Fast Refresh] rebuilding @ http://localhost:3030/_next/static/chunks/04m2_next_dist_01d_w1-._.js:2431
[ 2806467ms] [LOG] [Fast Refresh] done in 108ms @ http://localhost:3030/_next/static/chunks/04m2_next_dist_01d_w1-._.js:2431
[ 2806609ms] [LOG] [Fast Refresh] rebuilding @ http://localhost:3030/_next/static/chunks/04m2_next_dist_01d_w1-._.js:2431
[ 2806614ms] [LOG] [Fast Refresh] done in 115ms @ http://localhost:3030/_next/static/chunks/04m2_next_dist_01d_w1-._.js:2431
[ 2806819ms] [INFO] %c%s%c [setup-health] background: #e6e6e6;background: light-dark(rgba(0,0,0,0.1), rgba(255,255,255,0.25));color: #000000;color: light-dark(#000000, #ffffff);border-radius: 2px  Server   panel-layout {tenantId: cmrvvipw70000oyyo6123270j, userId: cmrvvipyc000aoyyodcu4tftb, score: 40, completedCount: 2, totalCriticalCount: 5} @ http://localhost:3030/_next/static/chunks/04m2_next_dist_01d_w1-._.js:2431
[ 2806825ms] [LOG] [Fast Refresh] rebuilding @ http://localhost:3030/_next/static/chunks/04m2_next_dist_01d_w1-._.js:2431
[ 2806856ms] [LOG] [Fast Refresh] done in 134ms @ http://localhost:3030/_next/static/chunks/04m2_next_dist_01d_w1-._.js:2431
[ 2807112ms] [LOG] [Fast Refresh] rebuilding @ http://localhost:3030/_next/static/chunks/04m2_next_dist_01d_w1-._.js:2431
[ 2807116ms] [LOG] [Fast Refresh] done in 105ms @ http://localhost:3030/_next/static/chunks/04m2_next_dist_01d_w1-._.js:2431
[ 2807265ms] [INFO] %c%s%c [setup-health] background: #e6e6e6;background: light-dark(rgba(0,0,0,0.1), rgba(255,255,255,0.25));color: #000000;color: light-dark(#000000, #ffffff);border-radius: 2px  Server   panel-layout {tenantId: cmrvvipw70000oyyo6123270j, userId: cmrvvipyc000aoyyodcu4tftb, score: 40, completedCount: 2, totalCriticalCount: 5} @ http://localhost:3030/_next/static/chunks/04m2_next_dist_01d_w1-._.js:2431
[ 2807650ms] [LOG] [Fast Refresh] rebuilding @ http://localhost:3030/_next/static/chunks/04m2_next_dist_01d_w1-._.js:2431
[ 2807704ms] [LOG] [Fast Refresh] done in 152ms @ http://localhost:3030/_next/static/chunks/04m2_next_dist_01d_w1-._.js:2431
[ 2807710ms] [INFO] %c%s%c [setup-health] background: #e6e6e6;background: light-dark(rgba(0,0,0,0.1), rgba(255,255,255,0.25));color: #000000;color: light-dark(#000000, #ffffff);border-radius: 2px  Server   panel-layout {tenantId: cmrvvipw70000oyyo6123270j, userId: cmrvvipyc000aoyyodcu4tftb, score: 40, completedCount: 2, totalCriticalCount: 5} @ http://localhost:3030/_next/static/chunks/04m2_next_dist_01d_w1-._.js:2431
[ 2807902ms] [LOG] [Fast Refresh] rebuilding @ http://localhost:3030/_next/static/chunks/04m2_next_dist_01d_w1-._.js:2431
[ 2807903ms] [LOG] [Fast Refresh] done in 106ms @ http://localhost:3030/_next/static/chunks/04m2_next_dist_01d_w1-._.js:2431
[ 2808117ms] [INFO] %c%s%c [setup-health] background: #e6e6e6;background: light-dark(rgba(0,0,0,0.1), rgba(255,255,255,0.25));color: #000000;color: light-dark(#000000, #ffffff);border-radius: 2px  Server   panel-layout {tenantId: cmrvvipw70000oyyo6123270j, userId: cmrvvipyc000aoyyodcu4tftb, score: 40, completedCount: 2, totalCriticalCount: 5} @ http://localhost:3030/_next/static/chunks/04m2_next_dist_01d_w1-._.js:2431
[ 2808132ms] [LOG] [Fast Refresh] rebuilding @ http://localhost:3030/_next/static/chunks/04m2_next_dist_01d_w1-._.js:2431
[ 2808133ms] [LOG] [Fast Refresh] done in 105ms @ http://localhost:3030/_next/static/chunks/04m2_next_dist_01d_w1-._.js:2431
[ 2808525ms] [INFO] %c%s%c [setup-health] background: #e6e6e6;background: light-dark(rgba(0,0,0,0.1), rgba(255,255,255,0.25));color: #000000;color: light-dark(#000000, #ffffff);border-radius: 2px  Server   panel-layout {tenantId: cmrvvipw70000oyyo6123270j, userId: cmrvvipyc000aoyyodcu4tftb, score: 40, completedCount: 2, totalCriticalCount: 5} @ http://localhost:3030/_next/static/chunks/04m2_next_dist_01d_w1-._.js:2431
[ 2809034ms] [LOG] [Fast Refresh] rebuilding @ http://localhost:3030/_next/static/chunks/04m2_next_dist_01d_w1-._.js:2431
[ 2809253ms] [LOG] [Fast Refresh] done in 321ms @ http://localhost:3030/_next/static/chunks/04m2_next_dist_01d_w1-._.js:2431
[ 2809257ms] [INFO] %c%s%c [setup-health] background: #e6e6e6;background: light-dark(rgba(0,0,0,0.1), rgba(255,255,255,0.25));color: #000000;color: light-dark(#000000, #ffffff);border-radius: 2px  Server   panel-layout {tenantId: cmrvvipw70000oyyo6123270j, userId: cmrvvipyc000aoyyodcu4tftb, score: 40, completedCount: 2, totalCriticalCount: 5} @ http://localhost:3030/_next/static/chunks/04m2_next_dist_01d_w1-._.js:2431
[ 2809571ms] [INFO] %c%s%c [setup-health] background: #e6e6e6;background: light-dark(rgba(0,0,0,0.1), rgba(255,255,255,0.25));color: #000000;color: light-dark(#000000, #ffffff);border-radius: 2px  Server   panel-layout {tenantId: cmrvvipw70000oyyo6123270j, userId: cmrvvipyc000aoyyodcu4tftb, score: 40, completedCount: 2, totalCriticalCount: 5} @ http://localhost:3030/_next/static/chunks/04m2_next_dist_01d_w1-._.js:2431
[ 2809605ms] [LOG] [Fast Refresh] rebuilding @ http://localhost:3030/_next/static/chunks/04m2_next_dist_01d_w1-._.js:2431
[ 2809618ms] [LOG] [Fast Refresh] done in 118ms @ http://localhost:3030/_next/static/chunks/04m2_next_dist_01d_w1-._.js:2431
[ 2809956ms] [INFO] %c%s%c [setup-health] background: #e6e6e6;background: light-dark(rgba(0,0,0,0.1), rgba(255,255,255,0.25));color: #000000;color: light-dark(#000000, #ffffff);border-radius: 2px  Server   panel-layout {tenantId: cmrvvipw70000oyyo6123270j, userId: cmrvvipyc000aoyyodcu4tftb, score: 40, completedCount: 2, totalCriticalCount: 5} @ http://localhost:3030/_next/static/chunks/04m2_next_dist_01d_w1-._.js:2431
[ 2810320ms] [LOG] [Fast Refresh] rebuilding @ http://localhost:3030/_next/static/chunks/04m2_next_dist_01d_w1-._.js:2431
[ 2810380ms] [LOG] [Fast Refresh] done in 161ms @ http://localhost:3030/_next/static/chunks/04m2_next_dist_01d_w1-._.js:2431
[ 2810393ms] [INFO] %c%s%c [setup-health] background: #e6e6e6;background: light-dark(rgba(0,0,0,0.1), rgba(255,255,255,0.25));color: #000000;color: light-dark(#000000, #ffffff);border-radius: 2px  Server   panel-layout {tenantId: cmrvvipw70000oyyo6123270j, userId: cmrvvipyc000aoyyodcu4tftb, score: 40, completedCount: 2, totalCriticalCount: 5} @ http://localhost:3030/_next/static/chunks/04m2_next_dist_01d_w1-._.js:2431
[ 2810761ms] [INFO] %c%s%c [setup-health] background: #e6e6e6;background: light-dark(rgba(0,0,0,0.1), rgba(255,255,255,0.25));color: #000000;color: light-dark(#000000, #ffffff);border-radius: 2px  Server   panel-layout {tenantId: cmrvvipw70000oyyo6123270j, userId: cmrvvipyc000aoyyodcu4tftb, score: 40, completedCount: 2, totalCriticalCount: 5} @ http://localhost:3030/_next/static/chunks/04m2_next_dist_01d_w1-._.js:2431
[ 2811108ms] [INFO] %c%s%c [setup-health] background: #e6e6e6;background: light-dark(rgba(0,0,0,0.1), rgba(255,255,255,0.25));color: #000000;color: light-dark(#000000, #ffffff);border-radius: 2px  Server   panel-layout {tenantId: cmrvvipw70000oyyo6123270j, userId: cmrvvipyc000aoyyodcu4tftb, score: 40, completedCount: 2, totalCriticalCount: 5} @ http://localhost:3030/_next/static/chunks/04m2_next_dist_01d_w1-._.js:2431
[ 2811430ms] [LOG] [Fast Refresh] rebuilding @ http://localhost:3030/_next/static/chunks/04m2_next_dist_01d_w1-._.js:2431
[ 2811444ms] [LOG] [Fast Refresh] done in 116ms @ http://localhost:3030/_next/static/chunks/04m2_next_dist_01d_w1-._.js:2431
[ 2811447ms] [INFO] %c%s%c [setup-health] background: #e6e6e6;background: light-dark(rgba(0,0,0,0.1), rgba(255,255,255,0.25));color: #000000;color: light-dark(#000000, #ffffff);border-radius: 2px  Server   panel-layout {tenantId: cmrvvipw70000oyyo6123270j, userId: cmrvvipyc000aoyyodcu4tftb, score: 40, completedCount: 2, totalCriticalCount: 5} @ http://localhost:3030/_next/static/chunks/04m2_next_dist_01d_w1-._.js:2431
[ 2811747ms] [INFO] %c%s%c [setup-health] background: #e6e6e6;background: light-dark(rgba(0,0,0,0.1), rgba(255,255,255,0.25));color: #000000;color: light-dark(#000000, #ffffff);border-radius: 2px  Server   panel-layout {tenantId: cmrvvipw70000oyyo6123270j, userId: cmrvvipyc000aoyyodcu4tftb, score: 40, completedCount: 2, totalCriticalCount: 5} @ http://localhost:3030/_next/static/chunks/04m2_next_dist_01d_w1-._.js:2431
[ 2811786ms] [LOG] [Fast Refresh] rebuilding @ http://localhost:3030/_next/static/chunks/04m2_next_dist_01d_w1-._.js:2431
[ 2811794ms] [LOG] [Fast Refresh] done in 108ms @ http://localhost:3030/_next/static/chunks/04m2_next_dist_01d_w1-._.js:2431
[ 2812080ms] [INFO] %c%s%c [setup-health] background: #e6e6e6;background: light-dark(rgba(0,0,0,0.1), rgba(255,255,255,0.25));color: #000000;color: light-dark(#000000, #ffffff);border-radius: 2px  Server   panel-layout {tenantId: cmrvvipw70000oyyo6123270j, userId: cmrvvipyc000aoyyodcu4tftb, score: 40, completedCount: 2, totalCriticalCount: 5} @ http://localhost:3030/_next/static/chunks/04m2_next_dist_01d_w1-._.js:2431
[ 2812399ms] [LOG] [Fast Refresh] rebuilding @ http://localhost:3030/_next/static/chunks/04m2_next_dist_01d_w1-._.js:2431
[ 2812412ms] [LOG] [Fast Refresh] done in 113ms @ http://localhost:3030/_next/static/chunks/04m2_next_dist_01d_w1-._.js:2431
[ 2812419ms] [INFO] %c%s%c [setup-health] background: #e6e6e6;background: light-dark(rgba(0,0,0,0.1), rgba(255,255,255,0.25));color: #000000;color: light-dark(#000000, #ffffff);border-radius: 2px  Server   panel-layout {tenantId: cmrvvipw70000oyyo6123270j, userId: cmrvvipyc000aoyyodcu4tftb, score: 40, completedCount: 2, totalCriticalCount: 5} @ http://localhost:3030/_next/static/chunks/04m2_next_dist_01d_w1-._.js:2431
[ 2812562ms] [LOG] [Fast Refresh] rebuilding @ http://localhost:3030/_next/static/chunks/04m2_next_dist_01d_w1-._.js:2431
[ 2812606ms] [LOG] [Fast Refresh] done in 144ms @ http://localhost:3030/_next/static/chunks/04m2_next_dist_01d_w1-._.js:2431
[ 2812763ms] [INFO] %c%s%c [setup-health] background: #e6e6e6;background: light-dark(rgba(0,0,0,0.1), rgba(255,255,255,0.25));color: #000000;color: light-dark(#000000, #ffffff);border-radius: 2px  Server   panel-layout {tenantId: cmrvvipw70000oyyo6123270j, userId: cmrvvipyc000aoyyodcu4tftb, score: 40, completedCount: 2, totalCriticalCount: 5} @ http://localhost:3030/_next/static/chunks/04m2_next_dist_01d_w1-._.js:2431
[ 2812798ms] [LOG] [Fast Refresh] rebuilding @ http://localhost:3030/_next/static/chunks/04m2_next_dist_01d_w1-._.js:2431
[ 2812804ms] [LOG] [Fast Refresh] done in 110ms @ http://localhost:3030/_next/static/chunks/04m2_next_dist_01d_w1-._.js:2431
[ 2813067ms] [INFO] %c%s%c [setup-health] background: #e6e6e6;background: light-dark(rgba(0,0,0,0.1), rgba(255,255,255,0.25));color: #000000;color: light-dark(#000000, #ffffff);border-radius: 2px  Server   panel-layout {tenantId: cmrvvipw70000oyyo6123270j, userId: cmrvvipyc000aoyyodcu4tftb, score: 40, completedCount: 2, totalCriticalCount: 5} @ http://localhost:3030/_next/static/chunks/04m2_next_dist_01d_w1-._.js:2431
[ 2813412ms] [LOG] [Fast Refresh] rebuilding @ http://localhost:3030/_next/static/chunks/04m2_next_dist_01d_w1-._.js:2431
[ 2813645ms] [LOG] [Fast Refresh] done in 336ms @ http://localhost:3030/_next/static/chunks/04m2_next_dist_01d_w1-._.js:2431
[ 2813656ms] [INFO] %c%s%c [setup-health] background: #e6e6e6;background: light-dark(rgba(0,0,0,0.1), rgba(255,255,255,0.25));color: #000000;color: light-dark(#000000, #ffffff);border-radius: 2px  Server   panel-layout {tenantId: cmrvvipw70000oyyo6123270j, userId: cmrvvipyc000aoyyodcu4tftb, score: 40, completedCount: 2, totalCriticalCount: 5} @ http://localhost:3030/_next/static/chunks/04m2_next_dist_01d_w1-._.js:2431
[ 2813964ms] [INFO] %c%s%c [setup-health] background: #e6e6e6;background: light-dark(rgba(0,0,0,0.1), rgba(255,255,255,0.25));color: #000000;color: light-dark(#000000, #ffffff);border-radius: 2px  Server   panel-layout {tenantId: cmrvvipw70000oyyo6123270j, userId: cmrvvipyc000aoyyodcu4tftb, score: 40, completedCount: 2, totalCriticalCount: 5} @ http://localhost:3030/_next/static/chunks/04m2_next_dist_01d_w1-._.js:2431
[ 2813999ms] [LOG] [Fast Refresh] rebuilding @ http://localhost:3030/_next/static/chunks/04m2_next_dist_01d_w1-._.js:2431
[ 2814002ms] [LOG] [Fast Refresh] done in 105ms @ http://localhost:3030/_next/static/chunks/04m2_next_dist_01d_w1-._.js:2431
[ 2814269ms] [INFO] %c%s%c [setup-health] background: #e6e6e6;background: light-dark(rgba(0,0,0,0.1), rgba(255,255,255,0.25));color: #000000;color: light-dark(#000000, #ffffff);border-radius: 2px  Server   panel-layout {tenantId: cmrvvipw70000oyyo6123270j, userId: cmrvvipyc000aoyyodcu4tftb, score: 40, completedCount: 2, totalCriticalCount: 5} @ http://localhost:3030/_next/static/chunks/04m2_next_dist_01d_w1-._.js:2431
[ 2814568ms] [INFO] %c%s%c [setup-health] background: #e6e6e6;background: light-dark(rgba(0,0,0,0.1), rgba(255,255,255,0.25));color: #000000;color: light-dark(#000000, #ffffff);border-radius: 2px  Server   panel-layout {tenantId: cmrvvipw70000oyyo6123270j, userId: cmrvvipyc000aoyyodcu4tftb, score: 40, completedCount: 2, totalCriticalCount: 5} @ http://localhost:3030/_next/static/chunks/04m2_next_dist_01d_w1-._.js:2431
[ 2814574ms] [LOG] [Fast Refresh] rebuilding @ http://localhost:3030/_next/static/chunks/04m2_next_dist_01d_w1-._.js:2431
[ 2814579ms] [LOG] [Fast Refresh] done in 108ms @ http://localhost:3030/_next/static/chunks/04m2_next_dist_01d_w1-._.js:2431
[ 2814923ms] [INFO] %c%s%c [setup-health] background: #e6e6e6;background: light-dark(rgba(0,0,0,0.1), rgba(255,255,255,0.25));color: #000000;color: light-dark(#000000, #ffffff);border-radius: 2px  Server   panel-layout {tenantId: cmrvvipw70000oyyo6123270j, userId: cmrvvipyc000aoyyodcu4tftb, score: 40, completedCount: 2, totalCriticalCount: 5} @ http://localhost:3030/_next/static/chunks/04m2_next_dist_01d_w1-._.js:2431
[ 2814959ms] [LOG] [Fast Refresh] rebuilding @ http://localhost:3030/_next/static/chunks/04m2_next_dist_01d_w1-._.js:2431
[ 2814976ms] [LOG] [Fast Refresh] done in 123ms @ http://localhost:3030/_next/static/chunks/04m2_next_dist_01d_w1-._.js:2431
[ 2815227ms] [INFO] %c%s%c [setup-health] background: #e6e6e6;background: light-dark(rgba(0,0,0,0.1), rgba(255,255,255,0.25));color: #000000;color: light-dark(#000000, #ffffff);border-radius: 2px  Server   panel-layout {tenantId: cmrvvipw70000oyyo6123270j, userId: cmrvvipyc000aoyyodcu4tftb, score: 40, completedCount: 2, totalCriticalCount: 5} @ http://localhost:3030/_next/static/chunks/04m2_next_dist_01d_w1-._.js:2431
[ 2815534ms] [LOG] [Fast Refresh] rebuilding @ http://localhost:3030/_next/static/chunks/04m2_next_dist_01d_w1-._.js:2431
[ 2815576ms] [LOG] [Fast Refresh] done in 146ms @ http://localhost:3030/_next/static/chunks/04m2_next_dist_01d_w1-._.js:2431
[ 2815577ms] [INFO] %c%s%c [setup-health] background: #e6e6e6;background: light-dark(rgba(0,0,0,0.1), rgba(255,255,255,0.25));color: #000000;color: light-dark(#000000, #ffffff);border-radius: 2px  Server   panel-layout {tenantId: cmrvvipw70000oyyo6123270j, userId: cmrvvipyc000aoyyodcu4tftb, score: 40, completedCount: 2, totalCriticalCount: 5} @ http://localhost:3030/_next/static/chunks/04m2_next_dist_01d_w1-._.js:2431
[ 2815899ms] [INFO] %c%s%c [setup-health] background: #e6e6e6;background: light-dark(rgba(0,0,0,0.1), rgba(255,255,255,0.25));color: #000000;color: light-dark(#000000, #ffffff);border-radius: 2px  Server   panel-layout {tenantId: cmrvvipw70000oyyo6123270j, userId: cmrvvipyc000aoyyodcu4tftb, score: 40, completedCount: 2, totalCriticalCount: 5} @ http://localhost:3030/_next/static/chunks/04m2_next_dist_01d_w1-._.js:2431
[ 2815948ms] [LOG] [Fast Refresh] rebuilding @ http://localhost:3030/_next/static/chunks/04m2_next_dist_01d_w1-._.js:2431
[ 2815949ms] [LOG] [Fast Refresh] done in 109ms @ http://localhost:3030/_next/static/chunks/04m2_next_dist_01d_w1-._.js:2431
[ 2816261ms] [INFO] %c%s%c [setup-health] background: #e6e6e6;background: light-dark(rgba(0,0,0,0.1), rgba(255,255,255,0.25));color: #000000;color: light-dark(#000000, #ffffff);border-radius: 2px  Server   panel-layout {tenantId: cmrvvipw70000oyyo6123270j, userId: cmrvvipyc000aoyyodcu4tftb, score: 40, completedCount: 2, totalCriticalCount: 5} @ http://localhost:3030/_next/static/chunks/04m2_next_dist_01d_w1-._.js:2431
[ 2816576ms] [LOG] [Fast Refresh] rebuilding @ http://localhost:3030/_next/static/chunks/04m2_next_dist_01d_w1-._.js:2431
[ 2816581ms] [LOG] [Fast Refresh] done in 112ms @ http://localhost:3030/_next/static/chunks/04m2_next_dist_01d_w1-._.js:2431
[ 2816583ms] [INFO] %c%s%c [setup-health] background: #e6e6e6;background: light-dark(rgba(0,0,0,0.1), rgba(255,255,255,0.25));color: #000000;color: light-dark(#000000, #ffffff);border-radius: 2px  Server   panel-layout {tenantId: cmrvvipw70000oyyo6123270j, userId: cmrvvipyc000aoyyodcu4tftb, score: 40, completedCount: 2, totalCriticalCount: 5} @ http://localhost:3030/_next/static/chunks/04m2_next_dist_01d_w1-._.js:2431
[ 2816875ms] [INFO] %c%s%c [setup-health] background: #e6e6e6;background: light-dark(rgba(0,0,0,0.1), rgba(255,255,255,0.25));color: #000000;color: light-dark(#000000, #ffffff);border-radius: 2px  Server   panel-layout {tenantId: cmrvvipw70000oyyo6123270j, userId: cmrvvipyc000aoyyodcu4tftb, score: 40, completedCount: 2, totalCriticalCount: 5} @ http://localhost:3030/_next/static/chunks/04m2_next_dist_01d_w1-._.js:2431
[ 2817202ms] [INFO] %c%s%c [setup-health] background: #e6e6e6;background: light-dark(rgba(0,0,0,0.1), rgba(255,255,255,0.25));color: #000000;color: light-dark(#000000, #ffffff);border-radius: 2px  Server   panel-layout {tenantId: cmrvvipw70000oyyo6123270j, userId: cmrvvipyc000aoyyodcu4tftb, score: 40, completedCount: 2, totalCriticalCount: 5} @ http://localhost:3030/_next/static/chunks/04m2_next_dist_01d_w1-._.js:2431
[ 2817496ms] [LOG] [Fast Refresh] rebuilding @ http://localhost:3030/_next/static/chunks/04m2_next_dist_01d_w1-._.js:2431
[ 2817513ms] [INFO] %c%s%c [setup-health] background: #e6e6e6;background: light-dark(rgba(0,0,0,0.1), rgba(255,255,255,0.25));color: #000000;color: light-dark(#000000, #ffffff);border-radius: 2px  Server   panel-layout {tenantId: cmrvvipw70000oyyo6123270j, userId: cmrvvipyc000aoyyodcu4tftb, score: 40, completedCount: 2, totalCriticalCount: 5} @ http://localhost:3030/_next/static/chunks/04m2_next_dist_01d_w1-._.js:2431
[ 2817529ms] [LOG] [Fast Refresh] done in 135ms @ http://localhost:3030/_next/static/chunks/04m2_next_dist_01d_w1-._.js:2431
[ 2818022ms] [INFO] %c%s%c [setup-health] background: #e6e6e6;background: light-dark(rgba(0,0,0,0.1), rgba(255,255,255,0.25));color: #000000;color: light-dark(#000000, #ffffff);border-radius: 2px  Server   panel-layout {tenantId: cmrvvipw70000oyyo6123270j, userId: cmrvvipyc000aoyyodcu4tftb, score: 40, completedCount: 2, totalCriticalCount: 5} @ http://localhost:3030/_next/static/chunks/04m2_next_dist_01d_w1-._.js:2431
[ 2818304ms] [INFO] %c%s%c [setup-health] background: #e6e6e6;background: light-dark(rgba(0,0,0,0.1), rgba(255,255,255,0.25));color: #000000;color: light-dark(#000000, #ffffff);border-radius: 2px  Server   panel-layout {tenantId: cmrvvipw70000oyyo6123270j, userId: cmrvvipyc000aoyyodcu4tftb, score: 40, completedCount: 2, totalCriticalCount: 5} @ http://localhost:3030/_next/static/chunks/04m2_next_dist_01d_w1-._.js:2431
[ 2818593ms] [INFO] %c%s%c [setup-health] background: #e6e6e6;background: light-dark(rgba(0,0,0,0.1), rgba(255,255,255,0.25));color: #000000;color: light-dark(#000000, #ffffff);border-radius: 2px  Server   panel-layout {tenantId: cmrvvipw70000oyyo6123270j, userId: cmrvvipyc000aoyyodcu4tftb, score: 40, completedCount: 2, totalCriticalCount: 5} @ http://localhost:3030/_next/static/chunks/04m2_next_dist_01d_w1-._.js:2431
[ 2818597ms] [LOG] [Fast Refresh] rebuilding @ http://localhost:3030/_next/static/chunks/04m2_next_dist_01d_w1-._.js:2431
[ 2818602ms] [LOG] [Fast Refresh] done in 106ms @ http://localhost:3030/_next/static/chunks/04m2_next_dist_01d_w1-._.js:2431
[ 2818876ms] [INFO] %c%s%c [setup-health] background: #e6e6e6;background: light-dark(rgba(0,0,0,0.1), rgba(255,255,255,0.25));color: #000000;color: light-dark(#000000, #ffffff);border-radius: 2px  Server   panel-layout {tenantId: cmrvvipw70000oyyo6123270j, userId: cmrvvipyc000aoyyodcu4tftb, score: 40, completedCount: 2, totalCriticalCount: 5} @ http://localhost:3030/_next/static/chunks/04m2_next_dist_01d_w1-._.js:2431
[ 2818922ms] [LOG] [Fast Refresh] rebuilding @ http://localhost:3030/_next/static/chunks/04m2_next_dist_01d_w1-._.js:2431
[ 2818925ms] [LOG] [Fast Refresh] done in 114ms @ http://localhost:3030/_next/static/chunks/04m2_next_dist_01d_w1-._.js:2431
[ 2819272ms] [INFO] %c%s%c [setup-health] background: #e6e6e6;background: light-dark(rgba(0,0,0,0.1), rgba(255,255,255,0.25));color: #000000;color: light-dark(#000000, #ffffff);border-radius: 2px  Server   panel-layout {tenantId: cmrvvipw70000oyyo6123270j, userId: cmrvvipyc000aoyyodcu4tftb, score: 40, completedCount: 2, totalCriticalCount: 5} @ http://localhost:3030/_next/static/chunks/04m2_next_dist_01d_w1-._.js:2431
[ 2819602ms] [LOG] [Fast Refresh] rebuilding @ http://localhost:3030/_next/static/chunks/04m2_next_dist_01d_w1-._.js:2431
[ 2819605ms] [LOG] [Fast Refresh] done in 108ms @ http://localhost:3030/_next/static/chunks/04m2_next_dist_01d_w1-._.js:2431
[ 2819607ms] [INFO] %c%s%c [setup-health] background: #e6e6e6;background: light-dark(rgba(0,0,0,0.1), rgba(255,255,255,0.25));color: #000000;color: light-dark(#000000, #ffffff);border-radius: 2px  Server   panel-layout {tenantId: cmrvvipw70000oyyo6123270j, userId: cmrvvipyc000aoyyodcu4tftb, score: 40, completedCount: 2, totalCriticalCount: 5} @ http://localhost:3030/_next/static/chunks/04m2_next_dist_01d_w1-._.js:2431
[ 2819897ms] [INFO] %c%s%c [setup-health] background: #e6e6e6;background: light-dark(rgba(0,0,0,0.1), rgba(255,255,255,0.25));color: #000000;color: light-dark(#000000, #ffffff);border-radius: 2px  Server   panel-layout {tenantId: cmrvvipw70000oyyo6123270j, userId: cmrvvipyc000aoyyodcu4tftb, score: 40, completedCount: 2, totalCriticalCount: 5} @ http://localhost:3030/_next/static/chunks/04m2_next_dist_01d_w1-._.js:2431
[ 2819936ms] [LOG] [Fast Refresh] rebuilding @ http://localhost:3030/_next/static/chunks/04m2_next_dist_01d_w1-._.js:2431
[ 2819942ms] [LOG] [Fast Refresh] done in 110ms @ http://localhost:3030/_next/static/chunks/04m2_next_dist_01d_w1-._.js:2431
[ 2820237ms] [ERROR] Failed to load resource: net::ERR_CONNECTION_RESET @ http://localhost:3030/employees/phase3-runtime-disabled/profile?_rsc=1vcuo:0
[ 2820241ms] [ERROR] Failed to fetch RSC payload for http://localhost:3030/employees/phase3-runtime-disabled/profile. Falling back to browser navigation. TypeError: network error @ http://localhost:3030/_next/static/chunks/04m2_next_dist_01d_w1-._.js:3272
[ 2820255ms] [ERROR] WebSocket is already in CLOSING or CLOSED state. @ http://localhost:3030/_next/static/chunks/04m2_next_dist_01d_w1-._.js:2790
[ 2820256ms] [ERROR] Failed to load resource: net::ERR_CONNECTION_RESET @ http://localhost:3030/employees/phase3-runtime-disabled/profile?_rsc=1vcuo:0
[ 2820256ms] [ERROR] Failed to load resource: net::ERR_CONNECTION_RESET @ http://localhost:3030/employees/phase3-runtime-disabled/profile?_rsc=1vcuo:0
[ 2820291ms] [LOG] [Fast Refresh] rebuilding @ http://localhost:3030/_next/static/chunks/04m2_next_dist_01d_w1-._.js:2431
[ 2933063ms] [INFO] %cDownload the React DevTools for a better development experience: https://react.dev/link/react-devtools font-weight:bold @ http://localhost:3030/_next/static/chunks/04m2_next_dist_01d_w1-._.js:2431
[ 2933290ms] [LOG] [HMR] connected @ http://localhost:3030/_next/static/chunks/04m2_next_dist_01d_w1-._.js:2431
[ 2933330ms] [INFO] %c%s%c [setup-health] background: #e6e6e6;background: light-dark(rgba(0,0,0,0.1), rgba(255,255,255,0.25));color: #000000;color: light-dark(#000000, #ffffff);border-radius: 2px  Server   panel-layout {tenantId: cmrvvipw70000oyyo6123270j, userId: cmrvvipyc000aoyyodcu4tftb, score: 40, completedCount: 2, totalCriticalCount: 5} @ http://localhost:3030/_next/static/chunks/04m2_next_dist_01d_w1-._.js:2431
[ 2933626ms] [LOG] [Fast Refresh] rebuilding @ http://localhost:3030/_next/static/chunks/04m2_next_dist_01d_w1-._.js:2431
[ 2933684ms] [LOG] [Fast Refresh] done in 158ms @ http://localhost:3030/_next/static/chunks/04m2_next_dist_01d_w1-._.js:2431
[ 2943084ms] [LOG] [Fast Refresh] rebuilding @ http://localhost:3030/_next/static/chunks/04m2_next_dist_01d_w1-._.js:2431
[ 2943598ms] [LOG] [Fast Refresh] done in 617ms @ http://localhost:3030/_next/static/chunks/04m2_next_dist_01d_w1-._.js:2431
[ 2953451ms] [LOG] [Fast Refresh] rebuilding @ http://localhost:3030/_next/static/chunks/04m2_next_dist_01d_w1-._.js:2431
[ 2953454ms] [LOG] [Fast Refresh] done in 112ms @ http://localhost:3030/_next/static/chunks/04m2_next_dist_01d_w1-._.js:2431
[ 2954486ms] [LOG] [Fast Refresh] rebuilding @ http://localhost:3030/_next/static/chunks/04m2_next_dist_01d_w1-._.js:2431
[ 2954719ms] [LOG] [Fast Refresh] done in 350ms @ http://localhost:3030/_next/static/chunks/04m2_next_dist_01d_w1-._.js:2431
[ 3008723ms] [LOG] [Fast Refresh] rebuilding @ http://localhost:3030/_next/static/chunks/04m2_next_dist_01d_w1-._.js:2431
[ 3008943ms] [LOG] [Fast Refresh] done in 322ms @ http://localhost:3030/_next/static/chunks/04m2_next_dist_01d_w1-._.js:2431
[ 3017281ms] [LOG] [Fast Refresh] rebuilding @ http://localhost:3030/_next/static/chunks/04m2_next_dist_01d_w1-._.js:2431
[ 3017345ms] [LOG] [Fast Refresh] done in 168ms @ http://localhost:3030/_next/static/chunks/04m2_next_dist_01d_w1-._.js:2431
[ 3018142ms] [LOG] [Fast Refresh] rebuilding @ http://localhost:3030/_next/static/chunks/04m2_next_dist_01d_w1-._.js:2431
[ 3018360ms] [LOG] [Fast Refresh] done in 331ms @ http://localhost:3030/_next/static/chunks/04m2_next_dist_01d_w1-._.js:2431
[ 3019516ms] [LOG] [Fast Refresh] rebuilding @ http://localhost:3030/_next/static/chunks/04m2_next_dist_01d_w1-._.js:2431
[ 3020519ms] [LOG] [Fast Refresh] done in 1104ms @ http://localhost:3030/_next/static/chunks/04m2_next_dist_01d_w1-._.js:2431
[ 3021329ms] [LOG] [Fast Refresh] rebuilding @ http://localhost:3030/_next/static/chunks/04m2_next_dist_01d_w1-._.js:2431
[ 3021502ms] [LOG] [Fast Refresh] done in 287ms @ http://localhost:3030/_next/static/chunks/04m2_next_dist_01d_w1-._.js:2431
[ 3031137ms] [LOG] [Fast Refresh] rebuilding @ http://localhost:3030/_next/static/chunks/04m2_next_dist_01d_w1-._.js:2431
[ 3031355ms] [LOG] [Fast Refresh] done in 321ms @ http://localhost:3030/_next/static/chunks/04m2_next_dist_01d_w1-._.js:2431
[ 3033364ms] [LOG] [Fast Refresh] rebuilding @ http://localhost:3030/_next/static/chunks/04m2_next_dist_01d_w1-._.js:2431
[ 3033724ms] [LOG] [Fast Refresh] done in 461ms @ http://localhost:3030/_next/static/chunks/04m2_next_dist_01d_w1-._.js:2431
[ 3042436ms] [LOG] [Fast Refresh] rebuilding @ http://localhost:3030/_next/static/chunks/04m2_next_dist_01d_w1-._.js:2431
[ 3042640ms] [LOG] [Fast Refresh] done in 307ms @ http://localhost:3030/_next/static/chunks/04m2_next_dist_01d_w1-._.js:2431
[ 3044463ms] [LOG] [Fast Refresh] rebuilding @ http://localhost:3030/_next/static/chunks/04m2_next_dist_01d_w1-._.js:2431
[ 3044605ms] [LOG] [Fast Refresh] done in 244ms @ http://localhost:3030/_next/static/chunks/04m2_next_dist_01d_w1-._.js:2431
[ 3055415ms] [LOG] [Fast Refresh] rebuilding @ http://localhost:3030/_next/static/chunks/04m2_next_dist_01d_w1-._.js:2431
[ 3056186ms] [LOG] [Fast Refresh] done in 879ms @ http://localhost:3030/_next/static/chunks/04m2_next_dist_01d_w1-._.js:2431
[ 3056357ms] [LOG] [Fast Refresh] rebuilding @ http://localhost:3030/_next/static/chunks/04m2_next_dist_01d_w1-._.js:2431
[ 3056517ms] [LOG] [Fast Refresh] done in 266ms @ http://localhost:3030/_next/static/chunks/04m2_next_dist_01d_w1-._.js:2431
[ 3056650ms] [LOG] [Fast Refresh] rebuilding @ http://localhost:3030/_next/static/chunks/04m2_next_dist_01d_w1-._.js:2431
[ 3056842ms] [LOG] [Fast Refresh] done in 293ms @ http://localhost:3030/_next/static/chunks/04m2_next_dist_01d_w1-._.js:2431
[ 3056989ms] [INFO] %c%s%c [setup-health] background: #e6e6e6;background: light-dark(rgba(0,0,0,0.1), rgba(255,255,255,0.25));color: #000000;color: light-dark(#000000, #ffffff);border-radius: 2px  Server   panel-layout {tenantId: cmrvvipw70000oyyo6123270j, userId: cmrvvipyc000aoyyodcu4tftb, score: 40, completedCount: 2, totalCriticalCount: 5} @ http://localhost:3030/_next/static/chunks/04m2_next_dist_01d_w1-._.js:2431
[ 3076837ms] [LOG] [Fast Refresh] rebuilding @ http://localhost:3030/_next/static/chunks/04m2_next_dist_01d_w1-._.js:2431
[ 3077071ms] [LOG] [Fast Refresh] done in 348ms @ http://localhost:3030/_next/static/chunks/04m2_next_dist_01d_w1-._.js:2431
[ 3085315ms] [LOG] [Fast Refresh] rebuilding @ http://localhost:3030/_next/static/chunks/04m2_next_dist_01d_w1-._.js:2431
[ 3085520ms] [LOG] [Fast Refresh] done in 306ms @ http://localhost:3030/_next/static/chunks/04m2_next_dist_01d_w1-._.js:2431
[ 3089224ms] [LOG] [Fast Refresh] rebuilding @ http://localhost:3030/_next/static/chunks/04m2_next_dist_01d_w1-._.js:2431
[ 3089457ms] [LOG] [Fast Refresh] done in 335ms @ http://localhost:3030/_next/static/chunks/04m2_next_dist_01d_w1-._.js:2431
[ 3093605ms] [LOG] [Fast Refresh] rebuilding @ http://localhost:3030/_next/static/chunks/04m2_next_dist_01d_w1-._.js:2431
[ 3096220ms] [LOG] [Fast Refresh] done in 2723ms @ http://localhost:3030/_next/static/chunks/04m2_next_dist_01d_w1-._.js:2431
[ 3096344ms] [LOG] [Fast Refresh] rebuilding @ http://localhost:3030/_next/static/chunks/04m2_next_dist_01d_w1-._.js:2431
[ 3096856ms] [LOG] [Fast Refresh] done in 615ms @ http://localhost:3030/_next/static/chunks/04m2_next_dist_01d_w1-._.js:2431
[ 3097037ms] [LOG] [Fast Refresh] rebuilding @ http://localhost:3030/_next/static/chunks/04m2_next_dist_01d_w1-._.js:2431
[ 3097045ms] [LOG] [Fast Refresh] done in 109ms @ http://localhost:3030/_next/static/chunks/04m2_next_dist_01d_w1-._.js:2431
[ 3097197ms] [LOG] [Fast Refresh] rebuilding @ http://localhost:3030/_next/static/chunks/04m2_next_dist_01d_w1-._.js:2431
[ 3097201ms] [LOG] [Fast Refresh] done in 106ms @ http://localhost:3030/_next/static/chunks/04m2_next_dist_01d_w1-._.js:2431
[ 3097305ms] [LOG] [Fast Refresh] rebuilding @ http://localhost:3030/_next/static/chunks/04m2_next_dist_01d_w1-._.js:2431
[ 3097337ms] [LOG] [Fast Refresh] done in 134ms @ http://localhost:3030/_next/static/chunks/04m2_next_dist_01d_w1-._.js:2431
[ 3097339ms] [INFO] %c%s%c [setup-health] background: #e6e6e6;background: light-dark(rgba(0,0,0,0.1), rgba(255,255,255,0.25));color: #000000;color: light-dark(#000000, #ffffff);border-radius: 2px  Server   panel-layout {tenantId: cmrvvipw70000oyyo6123270j, userId: cmrvvipyc000aoyyodcu4tftb, score: 40, completedCount: 2, totalCriticalCount: 5} @ http://localhost:3030/_next/static/chunks/04m2_next_dist_01d_w1-._.js:2431
[ 3097881ms] [INFO] %c%s%c [setup-health] background: #e6e6e6;background: light-dark(rgba(0,0,0,0.1), rgba(255,255,255,0.25));color: #000000;color: light-dark(#000000, #ffffff);border-radius: 2px  Server   panel-layout {tenantId: cmrvvipw70000oyyo6123270j, userId: cmrvvipyc000aoyyodcu4tftb, score: 40, completedCount: 2, totalCriticalCount: 5} @ http://localhost:3030/_next/static/chunks/04m2_next_dist_01d_w1-._.js:2431
[ 3097920ms] [LOG] [Fast Refresh] rebuilding @ http://localhost:3030/_next/static/chunks/04m2_next_dist_01d_w1-._.js:2431
[ 3097949ms] [LOG] [Fast Refresh] done in 131ms @ http://localhost:3030/_next/static/chunks/04m2_next_dist_01d_w1-._.js:2431
[ 3098433ms] [INFO] %c%s%c [setup-health] background: #e6e6e6;background: light-dark(rgba(0,0,0,0.1), rgba(255,255,255,0.25));color: #000000;color: light-dark(#000000, #ffffff);border-radius: 2px  Server   panel-layout {tenantId: cmrvvipw70000oyyo6123270j, userId: cmrvvipyc000aoyyodcu4tftb, score: 40, completedCount: 2, totalCriticalCount: 5} @ http://localhost:3030/_next/static/chunks/04m2_next_dist_01d_w1-._.js:2431
[ 3098626ms] [LOG] [Fast Refresh] rebuilding @ http://localhost:3030/_next/static/chunks/04m2_next_dist_01d_w1-._.js:2431
[ 3098672ms] [LOG] [Fast Refresh] done in 147ms @ http://localhost:3030/_next/static/chunks/04m2_next_dist_01d_w1-._.js:2431
[ 3098920ms] [INFO] %c%s%c [setup-health] background: #e6e6e6;background: light-dark(rgba(0,0,0,0.1), rgba(255,255,255,0.25));color: #000000;color: light-dark(#000000, #ffffff);border-radius: 2px  Server   panel-layout {tenantId: cmrvvipw70000oyyo6123270j, userId: cmrvvipyc000aoyyodcu4tftb, score: 40, completedCount: 2, totalCriticalCount: 5} @ http://localhost:3030/_next/static/chunks/04m2_next_dist_01d_w1-._.js:2431
[ 3099214ms] [LOG] [Fast Refresh] rebuilding @ http://localhost:3030/_next/static/chunks/04m2_next_dist_01d_w1-._.js:2431
[ 3099322ms] [INFO] %c%s%c [setup-health] background: #e6e6e6;background: light-dark(rgba(0,0,0,0.1), rgba(255,255,255,0.25));color: #000000;color: light-dark(#000000, #ffffff);border-radius: 2px  Server   panel-layout {tenantId: cmrvvipw70000oyyo6123270j, userId: cmrvvipyc000aoyyodcu4tftb, score: 40, completedCount: 2, totalCriticalCount: 5} @ http://localhost:3030/_next/static/chunks/04m2_next_dist_01d_w1-._.js:2431
[ 3099656ms] [LOG] [Fast Refresh] done in 557ms @ http://localhost:3030/_next/static/chunks/04m2_next_dist_01d_w1-._.js:2431
[ 3100161ms] [LOG] [Fast Refresh] rebuilding @ http://localhost:3030/_next/static/chunks/04m2_next_dist_01d_w1-._.js:2431
[ 3100217ms] [LOG] [Fast Refresh] done in 165ms @ http://localhost:3030/_next/static/chunks/04m2_next_dist_01d_w1-._.js:2431
[ 3100320ms] [LOG] [Fast Refresh] rebuilding @ http://localhost:3030/_next/static/chunks/04m2_next_dist_01d_w1-._.js:2431
[ 3100539ms] [LOG] [Fast Refresh] done in 321ms @ http://localhost:3030/_next/static/chunks/04m2_next_dist_01d_w1-._.js:2431
[ 3100554ms] [INFO] %c%s%c [setup-health] background: #e6e6e6;background: light-dark(rgba(0,0,0,0.1), rgba(255,255,255,0.25));color: #000000;color: light-dark(#000000, #ffffff);border-radius: 2px  Server   panel-layout {tenantId: cmrvvipw70000oyyo6123270j, userId: cmrvvipyc000aoyyodcu4tftb, score: 40, completedCount: 2, totalCriticalCount: 5} @ http://localhost:3030/_next/static/chunks/04m2_next_dist_01d_w1-._.js:2431
[ 3101125ms] [LOG] [Fast Refresh] rebuilding @ http://localhost:3030/_next/static/chunks/04m2_next_dist_01d_w1-._.js:2431
[ 3101149ms] [INFO] %c%s%c [setup-health] background: #e6e6e6;background: light-dark(rgba(0,0,0,0.1), rgba(255,255,255,0.25));color: #000000;color: light-dark(#000000, #ffffff);border-radius: 2px  Server   panel-layout {tenantId: cmrvvipw70000oyyo6123270j, userId: cmrvvipyc000aoyyodcu4tftb, score: 40, completedCount: 2, totalCriticalCount: 5} @ http://localhost:3030/_next/static/chunks/04m2_next_dist_01d_w1-._.js:2431
[ 3101161ms] [LOG] [Fast Refresh] done in 140ms @ http://localhost:3030/_next/static/chunks/04m2_next_dist_01d_w1-._.js:2431
[ 3101266ms] [LOG] [Fast Refresh] rebuilding @ http://localhost:3030/_next/static/chunks/04m2_next_dist_01d_w1-._.js:2431
[ 3101288ms] [LOG] [Fast Refresh] done in 126ms @ http://localhost:3030/_next/static/chunks/04m2_next_dist_01d_w1-._.js:2431
[ 3101466ms] [LOG] [Fast Refresh] rebuilding @ http://localhost:3030/_next/static/chunks/04m2_next_dist_01d_w1-._.js:2431
[ 3101509ms] [LOG] [Fast Refresh] done in 146ms @ http://localhost:3030/_next/static/chunks/04m2_next_dist_01d_w1-._.js:2431
[ 3101511ms] [INFO] %c%s%c [setup-health] background: #e6e6e6;background: light-dark(rgba(0,0,0,0.1), rgba(255,255,255,0.25));color: #000000;color: light-dark(#000000, #ffffff);border-radius: 2px  Server   panel-layout {tenantId: cmrvvipw70000oyyo6123270j, userId: cmrvvipyc000aoyyodcu4tftb, score: 40, completedCount: 2, totalCriticalCount: 5} @ http://localhost:3030/_next/static/chunks/04m2_next_dist_01d_w1-._.js:2431
[ 3101665ms] [LOG] [Fast Refresh] rebuilding @ http://localhost:3030/_next/static/chunks/04m2_next_dist_01d_w1-._.js:2431
[ 3101673ms] [LOG] [Fast Refresh] done in 113ms @ http://localhost:3030/_next/static/chunks/04m2_next_dist_01d_w1-._.js:2431
[ 3101813ms] [LOG] [Fast Refresh] rebuilding @ http://localhost:3030/_next/static/chunks/04m2_next_dist_01d_w1-._.js:2431
[ 3101816ms] [INFO] %c%s%c [setup-health] background: #e6e6e6;background: light-dark(rgba(0,0,0,0.1), rgba(255,255,255,0.25));color: #000000;color: light-dark(#000000, #ffffff);border-radius: 2px  Server   panel-layout {tenantId: cmrvvipw70000oyyo6123270j, userId: cmrvvipyc000aoyyodcu4tftb, score: 40, completedCount: 2, totalCriticalCount: 5} @ http://localhost:3030/_next/static/chunks/04m2_next_dist_01d_w1-._.js:2431
[ 3101871ms] [LOG] [Fast Refresh] done in 163ms @ http://localhost:3030/_next/static/chunks/04m2_next_dist_01d_w1-._.js:2431
[ 3102129ms] [INFO] %c%s%c [setup-health] background: #e6e6e6;background: light-dark(rgba(0,0,0,0.1), rgba(255,255,255,0.25));color: #000000;color: light-dark(#000000, #ffffff);border-radius: 2px  Server   panel-layout {tenantId: cmrvvipw70000oyyo6123270j, userId: cmrvvipyc000aoyyodcu4tftb, score: 40, completedCount: 2, totalCriticalCount: 5} @ http://localhost:3030/_next/static/chunks/04m2_next_dist_01d_w1-._.js:2431
[ 3102388ms] [LOG] [Fast Refresh] rebuilding @ http://localhost:3030/_next/static/chunks/04m2_next_dist_01d_w1-._.js:2431
[ 3102406ms] [LOG] [Fast Refresh] done in 125ms @ http://localhost:3030/_next/static/chunks/04m2_next_dist_01d_w1-._.js:2431
[ 3102591ms] [LOG] [Fast Refresh] rebuilding @ http://localhost:3030/_next/static/chunks/04m2_next_dist_01d_w1-._.js:2431
[ 3102660ms] [INFO] %c%s%c [setup-health] background: #e6e6e6;background: light-dark(rgba(0,0,0,0.1), rgba(255,255,255,0.25));color: #000000;color: light-dark(#000000, #ffffff);border-radius: 2px  Server   panel-layout {tenantId: cmrvvipw70000oyyo6123270j, userId: cmrvvipyc000aoyyodcu4tftb, score: 40, completedCount: 2, totalCriticalCount: 5} @ http://localhost:3030/_next/static/chunks/04m2_next_dist_01d_w1-._.js:2431
[ 3102675ms] [LOG] [Fast Refresh] done in 188ms @ http://localhost:3030/_next/static/chunks/04m2_next_dist_01d_w1-._.js:2431
[ 3102813ms] [LOG] [Fast Refresh] rebuilding @ http://localhost:3030/_next/static/chunks/04m2_next_dist_01d_w1-._.js:2431
[ 3103939ms] [LOG] [Fast Refresh] done in 1236ms @ http://localhost:3030/_next/static/chunks/04m2_next_dist_01d_w1-._.js:2431
[ 3104076ms] [INFO] %c%s%c [setup-health] background: #e6e6e6;background: light-dark(rgba(0,0,0,0.1), rgba(255,255,255,0.25));color: #000000;color: light-dark(#000000, #ffffff);border-radius: 2px  Server   panel-layout {tenantId: cmrvvipw70000oyyo6123270j, userId: cmrvvipyc000aoyyodcu4tftb, score: 40, completedCount: 2, totalCriticalCount: 5} @ http://localhost:3030/_next/static/chunks/04m2_next_dist_01d_w1-._.js:2431
[ 3104242ms] [INFO] %c%s%c [setup-health] background: #e6e6e6;background: light-dark(rgba(0,0,0,0.1), rgba(255,255,255,0.25));color: #000000;color: light-dark(#000000, #ffffff);border-radius: 2px  Server   panel-layout {tenantId: cmrvvipw70000oyyo6123270j, userId: cmrvvipyc000aoyyodcu4tftb, score: 40, completedCount: 2, totalCriticalCount: 5} @ http://localhost:3030/_next/static/chunks/04m2_next_dist_01d_w1-._.js:2431
[ 3104378ms] [INFO] %c%s%c [setup-health] background: #e6e6e6;background: light-dark(rgba(0,0,0,0.1), rgba(255,255,255,0.25));color: #000000;color: light-dark(#000000, #ffffff);border-radius: 2px  Server   panel-layout {tenantId: cmrvvipw70000oyyo6123270j, userId: cmrvvipyc000aoyyodcu4tftb, score: 40, completedCount: 2, totalCriticalCount: 5} @ http://localhost:3030/_next/static/chunks/04m2_next_dist_01d_w1-._.js:2431
[ 3104520ms] [INFO] %c%s%c [setup-health] background: #e6e6e6;background: light-dark(rgba(0,0,0,0.1), rgba(255,255,255,0.25));color: #000000;color: light-dark(#000000, #ffffff);border-radius: 2px  Server   panel-layout {tenantId: cmrvvipw70000oyyo6123270j, userId: cmrvvipyc000aoyyodcu4tftb, score: 40, completedCount: 2, totalCriticalCount: 5} @ http://localhost:3030/_next/static/chunks/04m2_next_dist_01d_w1-._.js:2431
[ 3104643ms] [LOG] [Fast Refresh] rebuilding @ http://localhost:3030/_next/static/chunks/04m2_next_dist_01d_w1-._.js:2431
[ 3104645ms] [LOG] [Fast Refresh] done in 104ms @ http://localhost:3030/_next/static/chunks/04m2_next_dist_01d_w1-._.js:2431
[ 3104649ms] [INFO] %c%s%c [setup-health] background: #e6e6e6;background: light-dark(rgba(0,0,0,0.1), rgba(255,255,255,0.25));color: #000000;color: light-dark(#000000, #ffffff);border-radius: 2px  Server   panel-layout {tenantId: cmrvvipw70000oyyo6123270j, userId: cmrvvipyc000aoyyodcu4tftb, score: 40, completedCount: 2, totalCriticalCount: 5} @ http://localhost:3030/_next/static/chunks/04m2_next_dist_01d_w1-._.js:2431
[ 3104761ms] [INFO] %c%s%c [setup-health] background: #e6e6e6;background: light-dark(rgba(0,0,0,0.1), rgba(255,255,255,0.25));color: #000000;color: light-dark(#000000, #ffffff);border-radius: 2px  Server   panel-layout {tenantId: cmrvvipw70000oyyo6123270j, userId: cmrvvipyc000aoyyodcu4tftb, score: 40, completedCount: 2, totalCriticalCount: 5} @ http://localhost:3030/_next/static/chunks/04m2_next_dist_01d_w1-._.js:2431
[ 3104817ms] [INFO] %c%s%c [setup-health] background: #e6e6e6;background: light-dark(rgba(0,0,0,0.1), rgba(255,255,255,0.25));color: #000000;color: light-dark(#000000, #ffffff);border-radius: 2px  Server   panel-layout {tenantId: cmrvvipw70000oyyo6123270j, userId: cmrvvipyc000aoyyodcu4tftb, score: 40, completedCount: 2, totalCriticalCount: 5} @ http://localhost:3030/_next/static/chunks/04m2_next_dist_01d_w1-._.js:2431
[ 3111636ms] [LOG] [Fast Refresh] rebuilding @ http://localhost:3030/_next/static/chunks/04m2_next_dist_01d_w1-._.js:2431
[ 3111871ms] [LOG] [Fast Refresh] done in 349ms @ http://localhost:3030/_next/static/chunks/04m2_next_dist_01d_w1-._.js:2431
[ 3113310ms] [LOG] [Fast Refresh] rebuilding @ http://localhost:3030/_next/static/chunks/04m2_next_dist_01d_w1-._.js:2431
[ 3113858ms] [LOG] [Fast Refresh] done in 663ms @ http://localhost:3030/_next/static/chunks/04m2_next_dist_01d_w1-._.js:2431
[ 3114966ms] [LOG] [Fast Refresh] rebuilding @ http://localhost:3030/_next/static/chunks/04m2_next_dist_01d_w1-._.js:2431
[ 3115136ms] [LOG] [Fast Refresh] done in 273ms @ http://localhost:3030/_next/static/chunks/04m2_next_dist_01d_w1-._.js:2431
[ 3115306ms] [LOG] [Fast Refresh] rebuilding @ http://localhost:3030/_next/static/chunks/04m2_next_dist_01d_w1-._.js:2431
[ 3122908ms] [LOG] [Fast Refresh] done in 7706ms @ http://localhost:3030/_next/static/chunks/04m2_next_dist_01d_w1-._.js:2431
[ 3123048ms] [LOG] [Fast Refresh] rebuilding @ http://localhost:3030/_next/static/chunks/04m2_next_dist_01d_w1-._.js:2431
[ 3123613ms] [LOG] [Fast Refresh] done in 666ms @ http://localhost:3030/_next/static/chunks/04m2_next_dist_01d_w1-._.js:2431
[ 3124343ms] [LOG] [Fast Refresh] rebuilding @ http://localhost:3030/_next/static/chunks/04m2_next_dist_01d_w1-._.js:2431
[ 3124451ms] [LOG] [Fast Refresh] done in 210ms @ http://localhost:3030/_next/static/chunks/04m2_next_dist_01d_w1-._.js:2431
[ 3124456ms] [INFO] %c%s%c [setup-health] background: #e6e6e6;background: light-dark(rgba(0,0,0,0.1), rgba(255,255,255,0.25));color: #000000;color: light-dark(#000000, #ffffff);border-radius: 2px  Server   panel-layout {tenantId: cmrvvipw70000oyyo6123270j, userId: cmrvvipyc000aoyyodcu4tftb, score: 40, completedCount: 2, totalCriticalCount: 5} @ http://localhost:3030/_next/static/chunks/04m2_next_dist_01d_w1-._.js:2431
[ 3124875ms] [LOG] [Fast Refresh] rebuilding @ http://localhost:3030/_next/static/chunks/04m2_next_dist_01d_w1-._.js:2431
[ 3124931ms] [LOG] [Fast Refresh] done in 157ms @ http://localhost:3030/_next/static/chunks/04m2_next_dist_01d_w1-._.js:2431
[ 3124957ms] [INFO] %c%s%c [setup-health] background: #e6e6e6;background: light-dark(rgba(0,0,0,0.1), rgba(255,255,255,0.25));color: #000000;color: light-dark(#000000, #ffffff);border-radius: 2px  Server   panel-layout {tenantId: cmrvvipw70000oyyo6123270j, userId: cmrvvipyc000aoyyodcu4tftb, score: 40, completedCount: 2, totalCriticalCount: 5} @ http://localhost:3030/_next/static/chunks/04m2_next_dist_01d_w1-._.js:2431
[ 3125100ms] [LOG] [Fast Refresh] rebuilding @ http://localhost:3030/_next/static/chunks/04m2_next_dist_01d_w1-._.js:2431
[ 3125119ms] [LOG] [Fast Refresh] done in 124ms @ http://localhost:3030/_next/static/chunks/04m2_next_dist_01d_w1-._.js:2431
[ 3125409ms] [LOG] [Fast Refresh] rebuilding @ http://localhost:3030/_next/static/chunks/04m2_next_dist_01d_w1-._.js:2431
[ 3125490ms] [LOG] [Fast Refresh] done in 184ms @ http://localhost:3030/_next/static/chunks/04m2_next_dist_01d_w1-._.js:2431
[ 3125508ms] [INFO] %c%s%c [setup-health] background: #e6e6e6;background: light-dark(rgba(0,0,0,0.1), rgba(255,255,255,0.25));color: #000000;color: light-dark(#000000, #ffffff);border-radius: 2px  Server   panel-layout {tenantId: cmrvvipw70000oyyo6123270j, userId: cmrvvipyc000aoyyodcu4tftb, score: 40, completedCount: 2, totalCriticalCount: 5} @ http://localhost:3030/_next/static/chunks/04m2_next_dist_01d_w1-._.js:2431
[ 3126038ms] [LOG] [Fast Refresh] rebuilding @ http://localhost:3030/_next/static/chunks/04m2_next_dist_01d_w1-._.js:2431
[ 3126080ms] [LOG] [Fast Refresh] done in 144ms @ http://localhost:3030/_next/static/chunks/04m2_next_dist_01d_w1-._.js:2431
[ 3126095ms] [INFO] %c%s%c [setup-health] background: #e6e6e6;background: light-dark(rgba(0,0,0,0.1), rgba(255,255,255,0.25));color: #000000;color: light-dark(#000000, #ffffff);border-radius: 2px  Server   panel-layout {tenantId: cmrvvipw70000oyyo6123270j, userId: cmrvvipyc000aoyyodcu4tftb, score: 40, completedCount: 2, totalCriticalCount: 5} @ http://localhost:3030/_next/static/chunks/04m2_next_dist_01d_w1-._.js:2431
[ 3126182ms] [LOG] [Fast Refresh] rebuilding @ http://localhost:3030/_next/static/chunks/04m2_next_dist_01d_w1-._.js:2431
[ 3126238ms] [LOG] [Fast Refresh] done in 159ms @ http://localhost:3030/_next/static/chunks/04m2_next_dist_01d_w1-._.js:2431
[ 3126342ms] [LOG] [Fast Refresh] rebuilding @ http://localhost:3030/_next/static/chunks/04m2_next_dist_01d_w1-._.js:2431
[ 3126390ms] [LOG] [Fast Refresh] done in 150ms @ http://localhost:3030/_next/static/chunks/04m2_next_dist_01d_w1-._.js:2431
[ 3126568ms] [LOG] [Fast Refresh] rebuilding @ http://localhost:3030/_next/static/chunks/04m2_next_dist_01d_w1-._.js:2431
[ 3126569ms] [LOG] [Fast Refresh] done in 101ms @ http://localhost:3030/_next/static/chunks/04m2_next_dist_01d_w1-._.js:2431
[ 3126675ms] [LOG] [Fast Refresh] rebuilding @ http://localhost:3030/_next/static/chunks/04m2_next_dist_01d_w1-._.js:2431
[ 3126692ms] [LOG] [Fast Refresh] done in 121ms @ http://localhost:3030/_next/static/chunks/04m2_next_dist_01d_w1-._.js:2431
[ 3126775ms] [INFO] %c%s%c [setup-health] background: #e6e6e6;background: light-dark(rgba(0,0,0,0.1), rgba(255,255,255,0.25));color: #000000;color: light-dark(#000000, #ffffff);border-radius: 2px  Server   panel-layout {tenantId: cmrvvipw70000oyyo6123270j, userId: cmrvvipyc000aoyyodcu4tftb, score: 40, completedCount: 2, totalCriticalCount: 5} @ http://localhost:3030/_next/static/chunks/04m2_next_dist_01d_w1-._.js:2431
[ 3126917ms] [LOG] [Fast Refresh] rebuilding @ http://localhost:3030/_next/static/chunks/04m2_next_dist_01d_w1-._.js:2431
[ 3126932ms] [LOG] [Fast Refresh] done in 120ms @ http://localhost:3030/_next/static/chunks/04m2_next_dist_01d_w1-._.js:2431
[ 3127147ms] [LOG] [Fast Refresh] rebuilding @ http://localhost:3030/_next/static/chunks/04m2_next_dist_01d_w1-._.js:2431
[ 3127224ms] [INFO] %c%s%c [setup-health] background: #e6e6e6;background: light-dark(rgba(0,0,0,0.1), rgba(255,255,255,0.25));color: #000000;color: light-dark(#000000, #ffffff);border-radius: 2px  Server   panel-layout {tenantId: cmrvvipw70000oyyo6123270j, userId: cmrvvipyc000aoyyodcu4tftb, score: 40, completedCount: 2, totalCriticalCount: 5} @ http://localhost:3030/_next/static/chunks/04m2_next_dist_01d_w1-._.js:2431
[ 3127538ms] [LOG] [Fast Refresh] done in 494ms @ http://localhost:3030/_next/static/chunks/04m2_next_dist_01d_w1-._.js:2431
[ 3127689ms] [LOG] [Fast Refresh] rebuilding @ http://localhost:3030/_next/static/chunks/04m2_next_dist_01d_w1-._.js:2431
[ 3127714ms] [LOG] [Fast Refresh] done in 125ms @ http://localhost:3030/_next/static/chunks/04m2_next_dist_01d_w1-._.js:2431
[ 3127919ms] [LOG] [Fast Refresh] rebuilding @ http://localhost:3030/_next/static/chunks/04m2_next_dist_01d_w1-._.js:2431
[ 3127963ms] [LOG] [Fast Refresh] done in 145ms @ http://localhost:3030/_next/static/chunks/04m2_next_dist_01d_w1-._.js:2431
[ 3128067ms] [LOG] [Fast Refresh] rebuilding @ http://localhost:3030/_next/static/chunks/04m2_next_dist_01d_w1-._.js:2431
[ 3128069ms] [LOG] [Fast Refresh] done in 103ms @ http://localhost:3030/_next/static/chunks/04m2_next_dist_01d_w1-._.js:2431
[ 3128121ms] [INFO] %c%s%c [setup-health] background: #e6e6e6;background: light-dark(rgba(0,0,0,0.1), rgba(255,255,255,0.25));color: #000000;color: light-dark(#000000, #ffffff);border-radius: 2px  Server   panel-layout {tenantId: cmrvvipw70000oyyo6123270j, userId: cmrvvipyc000aoyyodcu4tftb, score: 40, completedCount: 2, totalCriticalCount: 5} @ http://localhost:3030/_next/static/chunks/04m2_next_dist_01d_w1-._.js:2431
[ 3128463ms] [LOG] [Fast Refresh] rebuilding @ http://localhost:3030/_next/static/chunks/04m2_next_dist_01d_w1-._.js:2431
[ 3128519ms] [INFO] %c%s%c [setup-health] background: #e6e6e6;background: light-dark(rgba(0,0,0,0.1), rgba(255,255,255,0.25));color: #000000;color: light-dark(#000000, #ffffff);border-radius: 2px  Server   panel-layout {tenantId: cmrvvipw70000oyyo6123270j, userId: cmrvvipyc000aoyyodcu4tftb, score: 40, completedCount: 2, totalCriticalCount: 5} @ http://localhost:3030/_next/static/chunks/04m2_next_dist_01d_w1-._.js:2431
[ 3128533ms] [LOG] [Fast Refresh] done in 171ms @ http://localhost:3030/_next/static/chunks/04m2_next_dist_01d_w1-._.js:2431
[ 3128637ms] [LOG] [Fast Refresh] rebuilding @ http://localhost:3030/_next/static/chunks/04m2_next_dist_01d_w1-._.js:2431
[ 3128641ms] [LOG] [Fast Refresh] done in 106ms @ http://localhost:3030/_next/static/chunks/04m2_next_dist_01d_w1-._.js:2431
[ 3128746ms] [LOG] [Fast Refresh] rebuilding @ http://localhost:3030/_next/static/chunks/04m2_next_dist_01d_w1-._.js:2431
[ 3128795ms] [LOG] [Fast Refresh] done in 151ms @ http://localhost:3030/_next/static/chunks/04m2_next_dist_01d_w1-._.js:2431
[ 3129104ms] [LOG] [Fast Refresh] rebuilding @ http://localhost:3030/_next/static/chunks/04m2_next_dist_01d_w1-._.js:2431
[ 3129125ms] [INFO] %c%s%c [setup-health] background: #e6e6e6;background: light-dark(rgba(0,0,0,0.1), rgba(255,255,255,0.25));color: #000000;color: light-dark(#000000, #ffffff);border-radius: 2px  Server   panel-layout {tenantId: cmrvvipw70000oyyo6123270j, userId: cmrvvipyc000aoyyodcu4tftb, score: 40, completedCount: 2, totalCriticalCount: 5} @ http://localhost:3030/_next/static/chunks/04m2_next_dist_01d_w1-._.js:2431
[ 3129205ms] [LOG] [Fast Refresh] done in 201ms @ http://localhost:3030/_next/static/chunks/04m2_next_dist_01d_w1-._.js:2431
[ 3129638ms] [INFO] %c%s%c [setup-health] background: #e6e6e6;background: light-dark(rgba(0,0,0,0.1), rgba(255,255,255,0.25));color: #000000;color: light-dark(#000000, #ffffff);border-radius: 2px  Server   panel-layout {tenantId: cmrvvipw70000oyyo6123270j, userId: cmrvvipyc000aoyyodcu4tftb, score: 40, completedCount: 2, totalCriticalCount: 5} @ http://localhost:3030/_next/static/chunks/04m2_next_dist_01d_w1-._.js:2431
[ 3129747ms] [LOG] [Fast Refresh] rebuilding @ http://localhost:3030/_next/static/chunks/04m2_next_dist_01d_w1-._.js:2431
[ 3129789ms] [LOG] [Fast Refresh] done in 144ms @ http://localhost:3030/_next/static/chunks/04m2_next_dist_01d_w1-._.js:2431
[ 3129964ms] [LOG] [Fast Refresh] rebuilding @ http://localhost:3030/_next/static/chunks/04m2_next_dist_01d_w1-._.js:2431
[ 3129965ms] [LOG] [Fast Refresh] done in 107ms @ http://localhost:3030/_next/static/chunks/04m2_next_dist_01d_w1-._.js:2431
[ 3130280ms] [INFO] %c%s%c [setup-health] background: #e6e6e6;background: light-dark(rgba(0,0,0,0.1), rgba(255,255,255,0.25));color: #000000;color: light-dark(#000000, #ffffff);border-radius: 2px  Server   panel-layout {tenantId: cmrvvipw70000oyyo6123270j, userId: cmrvvipyc000aoyyodcu4tftb, score: 40, completedCount: 2, totalCriticalCount: 5} @ http://localhost:3030/_next/static/chunks/04m2_next_dist_01d_w1-._.js:2431
[ 3130290ms] [LOG] [Fast Refresh] rebuilding @ http://localhost:3030/_next/static/chunks/04m2_next_dist_01d_w1-._.js:2431
[ 3130323ms] [LOG] [Fast Refresh] done in 135ms @ http://localhost:3030/_next/static/chunks/04m2_next_dist_01d_w1-._.js:2431
[ 3130488ms] [LOG] [Fast Refresh] rebuilding @ http://localhost:3030/_next/static/chunks/04m2_next_dist_01d_w1-._.js:2431
[ 3130495ms] [LOG] [Fast Refresh] done in 109ms @ http://localhost:3030/_next/static/chunks/04m2_next_dist_01d_w1-._.js:2431
[ 3130757ms] [LOG] [Fast Refresh] rebuilding @ http://localhost:3030/_next/static/chunks/04m2_next_dist_01d_w1-._.js:2431
[ 3130802ms] [INFO] %c%s%c [setup-health] background: #e6e6e6;background: light-dark(rgba(0,0,0,0.1), rgba(255,255,255,0.25));color: #000000;color: light-dark(#000000, #ffffff);border-radius: 2px  Server   panel-layout {tenantId: cmrvvipw70000oyyo6123270j, userId: cmrvvipyc000aoyyodcu4tftb, score: 40, completedCount: 2, totalCriticalCount: 5} @ http://localhost:3030/_next/static/chunks/04m2_next_dist_01d_w1-._.js:2431
[ 3130866ms] [LOG] [Fast Refresh] done in 220ms @ http://localhost:3030/_next/static/chunks/04m2_next_dist_01d_w1-._.js:2431
[ 3131340ms] [INFO] %c%s%c [setup-health] background: #e6e6e6;background: light-dark(rgba(0,0,0,0.1), rgba(255,255,255,0.25));color: #000000;color: light-dark(#000000, #ffffff);border-radius: 2px  Server   panel-layout {tenantId: cmrvvipw70000oyyo6123270j, userId: cmrvvipyc000aoyyodcu4tftb, score: 40, completedCount: 2, totalCriticalCount: 5} @ http://localhost:3030/_next/static/chunks/04m2_next_dist_01d_w1-._.js:2431
[ 3131371ms] [LOG] [Fast Refresh] rebuilding @ http://localhost:3030/_next/static/chunks/04m2_next_dist_01d_w1-._.js:2431
[ 3131393ms] [LOG] [Fast Refresh] done in 122ms @ http://localhost:3030/_next/static/chunks/04m2_next_dist_01d_w1-._.js:2431
[ 3131814ms] [LOG] [Fast Refresh] rebuilding @ http://localhost:3030/_next/static/chunks/04m2_next_dist_01d_w1-._.js:2431
[ 3131828ms] [INFO] %c%s%c [setup-health] background: #e6e6e6;background: light-dark(rgba(0,0,0,0.1), rgba(255,255,255,0.25));color: #000000;color: light-dark(#000000, #ffffff);border-radius: 2px  Server   panel-layout {tenantId: cmrvvipw70000oyyo6123270j, userId: cmrvvipyc000aoyyodcu4tftb, score: 40, completedCount: 2, totalCriticalCount: 5} @ http://localhost:3030/_next/static/chunks/04m2_next_dist_01d_w1-._.js:2431
[ 3131899ms] [LOG] [Fast Refresh] done in 190ms @ http://localhost:3030/_next/static/chunks/04m2_next_dist_01d_w1-._.js:2431
[ 3132054ms] [LOG] [Fast Refresh] rebuilding @ http://localhost:3030/_next/static/chunks/04m2_next_dist_01d_w1-._.js:2431
[ 3132058ms] [LOG] [Fast Refresh] done in 105ms @ http://localhost:3030/_next/static/chunks/04m2_next_dist_01d_w1-._.js:2431
[ 3132373ms] [LOG] [Fast Refresh] rebuilding @ http://localhost:3030/_next/static/chunks/04m2_next_dist_01d_w1-._.js:2431
[ 3132405ms] [INFO] %c%s%c [setup-health] background: #e6e6e6;background: light-dark(rgba(0,0,0,0.1), rgba(255,255,255,0.25));color: #000000;color: light-dark(#000000, #ffffff);border-radius: 2px  Server   panel-layout {tenantId: cmrvvipw70000oyyo6123270j, userId: cmrvvipyc000aoyyodcu4tftb, score: 40, completedCount: 2, totalCriticalCount: 5} @ http://localhost:3030/_next/static/chunks/04m2_next_dist_01d_w1-._.js:2431
[ 3132456ms] [LOG] [Fast Refresh] done in 185ms @ http://localhost:3030/_next/static/chunks/04m2_next_dist_01d_w1-._.js:2431
[ 3132838ms] [LOG] [Fast Refresh] rebuilding @ http://localhost:3030/_next/static/chunks/04m2_next_dist_01d_w1-._.js:2431
[ 3132844ms] [INFO] %c%s%c [setup-health] background: #e6e6e6;background: light-dark(rgba(0,0,0,0.1), rgba(255,255,255,0.25));color: #000000;color: light-dark(#000000, #ffffff);border-radius: 2px  Server   panel-layout {tenantId: cmrvvipw70000oyyo6123270j, userId: cmrvvipyc000aoyyodcu4tftb, score: 40, completedCount: 2, totalCriticalCount: 5} @ http://localhost:3030/_next/static/chunks/04m2_next_dist_01d_w1-._.js:2431
[ 3132912ms] [LOG] [Fast Refresh] done in 179ms @ http://localhost:3030/_next/static/chunks/04m2_next_dist_01d_w1-._.js:2431
[ 3133417ms] [INFO] %c%s%c [setup-health] background: #e6e6e6;background: light-dark(rgba(0,0,0,0.1), rgba(255,255,255,0.25));color: #000000;color: light-dark(#000000, #ffffff);border-radius: 2px  Server   panel-layout {tenantId: cmrvvipw70000oyyo6123270j, userId: cmrvvipyc000aoyyodcu4tftb, score: 40, completedCount: 2, totalCriticalCount: 5} @ http://localhost:3030/_next/static/chunks/04m2_next_dist_01d_w1-._.js:2431
[ 3133440ms] [LOG] [Fast Refresh] rebuilding @ http://localhost:3030/_next/static/chunks/04m2_next_dist_01d_w1-._.js:2431
[ 3133471ms] [LOG] [Fast Refresh] done in 132ms @ http://localhost:3030/_next/static/chunks/04m2_next_dist_01d_w1-._.js:2431
[ 3133866ms] [LOG] [Fast Refresh] rebuilding @ http://localhost:3030/_next/static/chunks/04m2_next_dist_01d_w1-._.js:2431
[ 3133881ms] [INFO] %c%s%c [setup-health] background: #e6e6e6;background: light-dark(rgba(0,0,0,0.1), rgba(255,255,255,0.25));color: #000000;color: light-dark(#000000, #ffffff);border-radius: 2px  Server   panel-layout {tenantId: cmrvvipw70000oyyo6123270j, userId: cmrvvipyc000aoyyodcu4tftb, score: 40, completedCount: 2, totalCriticalCount: 5} @ http://localhost:3030/_next/static/chunks/04m2_next_dist_01d_w1-._.js:2431
[ 3133947ms] [LOG] [Fast Refresh] done in 185ms @ http://localhost:3030/_next/static/chunks/04m2_next_dist_01d_w1-._.js:2431
[ 3134119ms] [LOG] [Fast Refresh] rebuilding @ http://localhost:3030/_next/static/chunks/04m2_next_dist_01d_w1-._.js:2431
[ 3134189ms] [LOG] [Fast Refresh] done in 170ms @ http://localhost:3030/_next/static/chunks/04m2_next_dist_01d_w1-._.js:2431
[ 3134398ms] [LOG] [Fast Refresh] rebuilding @ http://localhost:3030/_next/static/chunks/04m2_next_dist_01d_w1-._.js:2431
[ 3134404ms] [LOG] [Fast Refresh] done in 108ms @ http://localhost:3030/_next/static/chunks/04m2_next_dist_01d_w1-._.js:2431
[ 3134407ms] [INFO] %c%s%c [setup-health] background: #e6e6e6;background: light-dark(rgba(0,0,0,0.1), rgba(255,255,255,0.25));color: #000000;color: light-dark(#000000, #ffffff);border-radius: 2px  Server   panel-layout {tenantId: cmrvvipw70000oyyo6123270j, userId: cmrvvipyc000aoyyodcu4tftb, score: 40, completedCount: 2, totalCriticalCount: 5} @ http://localhost:3030/_next/static/chunks/04m2_next_dist_01d_w1-._.js:2431
[ 3134831ms] [INFO] %c%s%c [setup-health] background: #e6e6e6;background: light-dark(rgba(0,0,0,0.1), rgba(255,255,255,0.25));color: #000000;color: light-dark(#000000, #ffffff);border-radius: 2px  Server   panel-layout {tenantId: cmrvvipw70000oyyo6123270j, userId: cmrvvipyc000aoyyodcu4tftb, score: 40, completedCount: 2, totalCriticalCount: 5} @ http://localhost:3030/_next/static/chunks/04m2_next_dist_01d_w1-._.js:2431
[ 3135347ms] [LOG] [Fast Refresh] rebuilding @ http://localhost:3030/_next/static/chunks/04m2_next_dist_01d_w1-._.js:2431
[ 3135351ms] [INFO] %c%s%c [setup-health] background: #e6e6e6;background: light-dark(rgba(0,0,0,0.1), rgba(255,255,255,0.25));color: #000000;color: light-dark(#000000, #ffffff);border-radius: 2px  Server   panel-layout {tenantId: cmrvvipw70000oyyo6123270j, userId: cmrvvipyc000aoyyodcu4tftb, score: 40, completedCount: 2, totalCriticalCount: 5} @ http://localhost:3030/_next/static/chunks/04m2_next_dist_01d_w1-._.js:2431
[ 3135418ms] [LOG] [Fast Refresh] done in 177ms @ http://localhost:3030/_next/static/chunks/04m2_next_dist_01d_w1-._.js:2431
[ 3135790ms] [INFO] %c%s%c [setup-health] background: #e6e6e6;background: light-dark(rgba(0,0,0,0.1), rgba(255,255,255,0.25));color: #000000;color: light-dark(#000000, #ffffff);border-radius: 2px  Server   panel-layout {tenantId: cmrvvipw70000oyyo6123270j, userId: cmrvvipyc000aoyyodcu4tftb, score: 40, completedCount: 2, totalCriticalCount: 5} @ http://localhost:3030/_next/static/chunks/04m2_next_dist_01d_w1-._.js:2431
[ 3135825ms] [LOG] [Fast Refresh] rebuilding @ http://localhost:3030/_next/static/chunks/04m2_next_dist_01d_w1-._.js:2431
[ 3135867ms] [LOG] [Fast Refresh] done in 143ms @ http://localhost:3030/_next/static/chunks/04m2_next_dist_01d_w1-._.js:2431
[ 3135972ms] [LOG] [Fast Refresh] rebuilding @ http://localhost:3030/_next/static/chunks/04m2_next_dist_01d_w1-._.js:2431
[ 3135974ms] [LOG] [Fast Refresh] done in 106ms @ http://localhost:3030/_next/static/chunks/04m2_next_dist_01d_w1-._.js:2431
[ 3136442ms] [INFO] %c%s%c [setup-health] background: #e6e6e6;background: light-dark(rgba(0,0,0,0.1), rgba(255,255,255,0.25));color: #000000;color: light-dark(#000000, #ffffff);border-radius: 2px  Server   panel-layout {tenantId: cmrvvipw70000oyyo6123270j, userId: cmrvvipyc000aoyyodcu4tftb, score: 40, completedCount: 2, totalCriticalCount: 5} @ http://localhost:3030/_next/static/chunks/04m2_next_dist_01d_w1-._.js:2431
[ 3136479ms] [LOG] [Fast Refresh] rebuilding @ http://localhost:3030/_next/static/chunks/04m2_next_dist_01d_w1-._.js:2431
[ 3136497ms] [LOG] [Fast Refresh] done in 123ms @ http://localhost:3030/_next/static/chunks/04m2_next_dist_01d_w1-._.js:2431
[ 3136831ms] [INFO] %c%s%c [setup-health] background: #e6e6e6;background: light-dark(rgba(0,0,0,0.1), rgba(255,255,255,0.25));color: #000000;color: light-dark(#000000, #ffffff);border-radius: 2px  Server   panel-layout {tenantId: cmrvvipw70000oyyo6123270j, userId: cmrvvipyc000aoyyodcu4tftb, score: 40, completedCount: 2, totalCriticalCount: 5} @ http://localhost:3030/_next/static/chunks/04m2_next_dist_01d_w1-._.js:2431
[ 3136879ms] [LOG] [Fast Refresh] rebuilding @ http://localhost:3030/_next/static/chunks/04m2_next_dist_01d_w1-._.js:2431
[ 3136909ms] [LOG] [Fast Refresh] done in 133ms @ http://localhost:3030/_next/static/chunks/04m2_next_dist_01d_w1-._.js:2431
[ 3137310ms] [LOG] [Fast Refresh] rebuilding @ http://localhost:3030/_next/static/chunks/04m2_next_dist_01d_w1-._.js:2431
[ 3137434ms] [LOG] [Fast Refresh] done in 234ms @ http://localhost:3030/_next/static/chunks/04m2_next_dist_01d_w1-._.js:2431
[ 3137448ms] [INFO] %c%s%c [setup-health] background: #e6e6e6;background: light-dark(rgba(0,0,0,0.1), rgba(255,255,255,0.25));color: #000000;color: light-dark(#000000, #ffffff);border-radius: 2px  Server   panel-layout {tenantId: cmrvvipw70000oyyo6123270j, userId: cmrvvipyc000aoyyodcu4tftb, score: 40, completedCount: 2, totalCriticalCount: 5} @ http://localhost:3030/_next/static/chunks/04m2_next_dist_01d_w1-._.js:2431
[ 3137542ms] [LOG] [Fast Refresh] rebuilding @ http://localhost:3030/_next/static/chunks/04m2_next_dist_01d_w1-._.js:2431
[ 3137798ms] [INFO] %c%s%c [setup-health] background: #e6e6e6;background: light-dark(rgba(0,0,0,0.1), rgba(255,255,255,0.25));color: #000000;color: light-dark(#000000, #ffffff);border-radius: 2px  Server   panel-layout {tenantId: cmrvvipw70000oyyo6123270j, userId: cmrvvipyc000aoyyodcu4tftb, score: 40, completedCount: 2, totalCriticalCount: 5} @ http://localhost:3030/_next/static/chunks/04m2_next_dist_01d_w1-._.js:2431
[ 3138591ms] [LOG] [Fast Refresh] done in 1153ms @ http://localhost:3030/_next/static/chunks/04m2_next_dist_01d_w1-._.js:2431
[ 3138787ms] [LOG] [Fast Refresh] rebuilding @ http://localhost:3030/_next/static/chunks/04m2_next_dist_01d_w1-._.js:2431
[ 3138960ms] [LOG] [Fast Refresh] done in 275ms @ http://localhost:3030/_next/static/chunks/04m2_next_dist_01d_w1-._.js:2431
[ 3139818ms] [INFO] %c%s%c [setup-health] background: #e6e6e6;background: light-dark(rgba(0,0,0,0.1), rgba(255,255,255,0.25));color: #000000;color: light-dark(#000000, #ffffff);border-radius: 2px  Server   panel-layout {tenantId: cmrvvipw70000oyyo6123270j, userId: cmrvvipyc000aoyyodcu4tftb, score: 40, completedCount: 2, totalCriticalCount: 5} @ http://localhost:3030/_next/static/chunks/04m2_next_dist_01d_w1-._.js:2431
[ 3139948ms] [LOG] [Fast Refresh] rebuilding @ http://localhost:3030/_next/static/chunks/04m2_next_dist_01d_w1-._.js:2431
[ 3140069ms] [LOG] [Fast Refresh] done in 221ms @ http://localhost:3030/_next/static/chunks/04m2_next_dist_01d_w1-._.js:2431
[ 3140242ms] [LOG] [Fast Refresh] rebuilding @ http://localhost:3030/_next/static/chunks/04m2_next_dist_01d_w1-._.js:2431
[ 3140244ms] [LOG] [Fast Refresh] done in 105ms @ http://localhost:3030/_next/static/chunks/04m2_next_dist_01d_w1-._.js:2431
[ 3140432ms] [LOG] [Fast Refresh] rebuilding @ http://localhost:3030/_next/static/chunks/04m2_next_dist_01d_w1-._.js:2431
[ 3140446ms] [LOG] [Fast Refresh] done in 117ms @ http://localhost:3030/_next/static/chunks/04m2_next_dist_01d_w1-._.js:2431
[ 3140589ms] [LOG] [Fast Refresh] rebuilding @ http://localhost:3030/_next/static/chunks/04m2_next_dist_01d_w1-._.js:2431
[ 3140591ms] [INFO] %c%s%c [setup-health] background: #e6e6e6;background: light-dark(rgba(0,0,0,0.1), rgba(255,255,255,0.25));color: #000000;color: light-dark(#000000, #ffffff);border-radius: 2px  Server   panel-layout {tenantId: cmrvvipw70000oyyo6123270j, userId: cmrvvipyc000aoyyodcu4tftb, score: 40, completedCount: 2, totalCriticalCount: 5} @ http://localhost:3030/_next/static/chunks/04m2_next_dist_01d_w1-._.js:2431
[ 3140596ms] [LOG] [Fast Refresh] done in 109ms @ http://localhost:3030/_next/static/chunks/04m2_next_dist_01d_w1-._.js:2431
[ 3140889ms] [INFO] %c%s%c [setup-health] background: #e6e6e6;background: light-dark(rgba(0,0,0,0.1), rgba(255,255,255,0.25));color: #000000;color: light-dark(#000000, #ffffff);border-radius: 2px  Server   panel-layout {tenantId: cmrvvipw70000oyyo6123270j, userId: cmrvvipyc000aoyyodcu4tftb, score: 40, completedCount: 2, totalCriticalCount: 5} @ http://localhost:3030/_next/static/chunks/04m2_next_dist_01d_w1-._.js:2431
[ 3141084ms] [INFO] %c%s%c [setup-health] background: #e6e6e6;background: light-dark(rgba(0,0,0,0.1), rgba(255,255,255,0.25));color: #000000;color: light-dark(#000000, #ffffff);border-radius: 2px  Server   panel-layout {tenantId: cmrvvipw70000oyyo6123270j, userId: cmrvvipyc000aoyyodcu4tftb, score: 40, completedCount: 2, totalCriticalCount: 5} @ http://localhost:3030/_next/static/chunks/04m2_next_dist_01d_w1-._.js:2431
[ 3141210ms] [INFO] %c%s%c [setup-health] background: #e6e6e6;background: light-dark(rgba(0,0,0,0.1), rgba(255,255,255,0.25));color: #000000;color: light-dark(#000000, #ffffff);border-radius: 2px  Server   panel-layout {tenantId: cmrvvipw70000oyyo6123270j, userId: cmrvvipyc000aoyyodcu4tftb, score: 40, completedCount: 2, totalCriticalCount: 5} @ http://localhost:3030/_next/static/chunks/04m2_next_dist_01d_w1-._.js:2431
[ 3141350ms] [INFO] %c%s%c [setup-health] background: #e6e6e6;background: light-dark(rgba(0,0,0,0.1), rgba(255,255,255,0.25));color: #000000;color: light-dark(#000000, #ffffff);border-radius: 2px  Server   panel-layout {tenantId: cmrvvipw70000oyyo6123270j, userId: cmrvvipyc000aoyyodcu4tftb, score: 40, completedCount: 2, totalCriticalCount: 5} @ http://localhost:3030/_next/static/chunks/04m2_next_dist_01d_w1-._.js:2431
[ 3141496ms] [LOG] [Fast Refresh] rebuilding @ http://localhost:3030/_next/static/chunks/04m2_next_dist_01d_w1-._.js:2431
[ 3141527ms] [LOG] [Fast Refresh] done in 139ms @ http://localhost:3030/_next/static/chunks/04m2_next_dist_01d_w1-._.js:2431
[ 3141596ms] [INFO] %c%s%c [setup-health] background: #e6e6e6;background: light-dark(rgba(0,0,0,0.1), rgba(255,255,255,0.25));color: #000000;color: light-dark(#000000, #ffffff);border-radius: 2px  Server   panel-layout {tenantId: cmrvvipw70000oyyo6123270j, userId: cmrvvipyc000aoyyodcu4tftb, score: 40, completedCount: 2, totalCriticalCount: 5} @ http://localhost:3030/_next/static/chunks/04m2_next_dist_01d_w1-._.js:2431
[ 3141640ms] [LOG] [Fast Refresh] rebuilding @ http://localhost:3030/_next/static/chunks/04m2_next_dist_01d_w1-._.js:2431
[ 3141885ms] [LOG] [Fast Refresh] done in 356ms @ http://localhost:3030/_next/static/chunks/04m2_next_dist_01d_w1-._.js:2431
[ 3142019ms] [INFO] %c%s%c [setup-health] background: #e6e6e6;background: light-dark(rgba(0,0,0,0.1), rgba(255,255,255,0.25));color: #000000;color: light-dark(#000000, #ffffff);border-radius: 2px  Server   panel-layout {tenantId: cmrvvipw70000oyyo6123270j, userId: cmrvvipyc000aoyyodcu4tftb, score: 40, completedCount: 2, totalCriticalCount: 5} @ http://localhost:3030/_next/static/chunks/04m2_next_dist_01d_w1-._.js:2431
[ 3142156ms] [INFO] %c%s%c [setup-health] background: #e6e6e6;background: light-dark(rgba(0,0,0,0.1), rgba(255,255,255,0.25));color: #000000;color: light-dark(#000000, #ffffff);border-radius: 2px  Server   panel-layout {tenantId: cmrvvipw70000oyyo6123270j, userId: cmrvvipyc000aoyyodcu4tftb, score: 40, completedCount: 2, totalCriticalCount: 5} @ http://localhost:3030/_next/static/chunks/04m2_next_dist_01d_w1-._.js:2431
[ 3142338ms] [INFO] %c%s%c [setup-health] background: #e6e6e6;background: light-dark(rgba(0,0,0,0.1), rgba(255,255,255,0.25));color: #000000;color: light-dark(#000000, #ffffff);border-radius: 2px  Server   panel-layout {tenantId: cmrvvipw70000oyyo6123270j, userId: cmrvvipyc000aoyyodcu4tftb, score: 40, completedCount: 2, totalCriticalCount: 5} @ http://localhost:3030/_next/static/chunks/04m2_next_dist_01d_w1-._.js:2431
[ 3142469ms] [INFO] %c%s%c [setup-health] background: #e6e6e6;background: light-dark(rgba(0,0,0,0.1), rgba(255,255,255,0.25));color: #000000;color: light-dark(#000000, #ffffff);border-radius: 2px  Server   panel-layout {tenantId: cmrvvipw70000oyyo6123270j, userId: cmrvvipyc000aoyyodcu4tftb, score: 40, completedCount: 2, totalCriticalCount: 5} @ http://localhost:3030/_next/static/chunks/04m2_next_dist_01d_w1-._.js:2431
[ 3142602ms] [INFO] %c%s%c [setup-health] background: #e6e6e6;background: light-dark(rgba(0,0,0,0.1), rgba(255,255,255,0.25));color: #000000;color: light-dark(#000000, #ffffff);border-radius: 2px  Server   panel-layout {tenantId: cmrvvipw70000oyyo6123270j, userId: cmrvvipyc000aoyyodcu4tftb, score: 40, completedCount: 2, totalCriticalCount: 5} @ http://localhost:3030/_next/static/chunks/04m2_next_dist_01d_w1-._.js:2431
[ 3142688ms] [INFO] %c%s%c [setup-health] background: #e6e6e6;background: light-dark(rgba(0,0,0,0.1), rgba(255,255,255,0.25));color: #000000;color: light-dark(#000000, #ffffff);border-radius: 2px  Server   panel-layout {tenantId: cmrvvipw70000oyyo6123270j, userId: cmrvvipyc000aoyyodcu4tftb, score: 40, completedCount: 2, totalCriticalCount: 5} @ http://localhost:3030/_next/static/chunks/04m2_next_dist_01d_w1-._.js:2431
[ 3142780ms] [INFO] %c%s%c [setup-health] background: #e6e6e6;background: light-dark(rgba(0,0,0,0.1), rgba(255,255,255,0.25));color: #000000;color: light-dark(#000000, #ffffff);border-radius: 2px  Server   panel-layout {tenantId: cmrvvipw70000oyyo6123270j, userId: cmrvvipyc000aoyyodcu4tftb, score: 40, completedCount: 2, totalCriticalCount: 5} @ http://localhost:3030/_next/static/chunks/04m2_next_dist_01d_w1-._.js:2431
[ 3142899ms] [INFO] %c%s%c [setup-health] background: #e6e6e6;background: light-dark(rgba(0,0,0,0.1), rgba(255,255,255,0.25));color: #000000;color: light-dark(#000000, #ffffff);border-radius: 2px  Server   panel-layout {tenantId: cmrvvipw70000oyyo6123270j, userId: cmrvvipyc000aoyyodcu4tftb, score: 40, completedCount: 2, totalCriticalCount: 5} @ http://localhost:3030/_next/static/chunks/04m2_next_dist_01d_w1-._.js:2431
[ 3143006ms] [INFO] %c%s%c [setup-health] background: #e6e6e6;background: light-dark(rgba(0,0,0,0.1), rgba(255,255,255,0.25));color: #000000;color: light-dark(#000000, #ffffff);border-radius: 2px  Server   panel-layout {tenantId: cmrvvipw70000oyyo6123270j, userId: cmrvvipyc000aoyyodcu4tftb, score: 40, completedCount: 2, totalCriticalCount: 5} @ http://localhost:3030/_next/static/chunks/04m2_next_dist_01d_w1-._.js:2431
[ 3143114ms] [INFO] %c%s%c [setup-health] background: #e6e6e6;background: light-dark(rgba(0,0,0,0.1), rgba(255,255,255,0.25));color: #000000;color: light-dark(#000000, #ffffff);border-radius: 2px  Server   panel-layout {tenantId: cmrvvipw70000oyyo6123270j, userId: cmrvvipyc000aoyyodcu4tftb, score: 40, completedCount: 2, totalCriticalCount: 5} @ http://localhost:3030/_next/static/chunks/04m2_next_dist_01d_w1-._.js:2431
[ 3143193ms] [INFO] %c%s%c [setup-health] background: #e6e6e6;background: light-dark(rgba(0,0,0,0.1), rgba(255,255,255,0.25));color: #000000;color: light-dark(#000000, #ffffff);border-radius: 2px  Server   panel-layout {tenantId: cmrvvipw70000oyyo6123270j, userId: cmrvvipyc000aoyyodcu4tftb, score: 40, completedCount: 2, totalCriticalCount: 5} @ http://localhost:3030/_next/static/chunks/04m2_next_dist_01d_w1-._.js:2431
[ 3145874ms] [LOG] [Fast Refresh] rebuilding @ http://localhost:3030/_next/static/chunks/04m2_next_dist_01d_w1-._.js:2431
[ 3146545ms] [LOG] [Fast Refresh] done in 774ms @ http://localhost:3030/_next/static/chunks/04m2_next_dist_01d_w1-._.js:2431
[ 3149663ms] [LOG] [Fast Refresh] rebuilding @ http://localhost:3030/_next/static/chunks/04m2_next_dist_01d_w1-._.js:2431
[ 3149835ms] [LOG] [Fast Refresh] done in 276ms @ http://localhost:3030/_next/static/chunks/04m2_next_dist_01d_w1-._.js:2431
[ 3152106ms] [LOG] [Fast Refresh] rebuilding @ http://localhost:3030/_next/static/chunks/04m2_next_dist_01d_w1-._.js:2431
[ 3152289ms] [LOG] [Fast Refresh] done in 289ms @ http://localhost:3030/_next/static/chunks/04m2_next_dist_01d_w1-._.js:2431
[ 3153895ms] [LOG] [Fast Refresh] rebuilding @ http://localhost:3030/_next/static/chunks/04m2_next_dist_01d_w1-._.js:2431
[ 3154052ms] [LOG] [Fast Refresh] done in 269ms @ http://localhost:3030/_next/static/chunks/04m2_next_dist_01d_w1-._.js:2431
[ 3166026ms] [LOG] [Fast Refresh] rebuilding @ http://localhost:3030/_next/static/chunks/04m2_next_dist_01d_w1-._.js:2431
[ 3166407ms] [LOG] [Fast Refresh] done in 488ms @ http://localhost:3030/_next/static/chunks/04m2_next_dist_01d_w1-._.js:2431
[ 3166517ms] [LOG] [Fast Refresh] rebuilding @ http://localhost:3030/_next/static/chunks/04m2_next_dist_01d_w1-._.js:2431
[ 3167964ms] [LOG] [Fast Refresh] done in 1550ms @ http://localhost:3030/_next/static/chunks/04m2_next_dist_01d_w1-._.js:2431
[ 3168069ms] [LOG] [Fast Refresh] rebuilding @ http://localhost:3030/_next/static/chunks/04m2_next_dist_01d_w1-._.js:2431
[ 3168584ms] [LOG] [Fast Refresh] done in 619ms @ http://localhost:3030/_next/static/chunks/04m2_next_dist_01d_w1-._.js:2431
[ 3168773ms] [LOG] [Fast Refresh] rebuilding @ http://localhost:3030/_next/static/chunks/04m2_next_dist_01d_w1-._.js:2431
[ 3168914ms] [LOG] [Fast Refresh] done in 252ms @ http://localhost:3030/_next/static/chunks/04m2_next_dist_01d_w1-._.js:2431
[ 3169306ms] [LOG] [Fast Refresh] rebuilding @ http://localhost:3030/_next/static/chunks/04m2_next_dist_01d_w1-._.js:2431
[ 3169391ms] [LOG] [Fast Refresh] done in 187ms @ http://localhost:3030/_next/static/chunks/04m2_next_dist_01d_w1-._.js:2431
[ 3169406ms] [INFO] %c%s%c [setup-health] background: #e6e6e6;background: light-dark(rgba(0,0,0,0.1), rgba(255,255,255,0.25));color: #000000;color: light-dark(#000000, #ffffff);border-radius: 2px  Server   panel-layout {tenantId: cmrvvipw70000oyyo6123270j, userId: cmrvvipyc000aoyyodcu4tftb, score: 40, completedCount: 2, totalCriticalCount: 5} @ http://localhost:3030/_next/static/chunks/04m2_next_dist_01d_w1-._.js:2431
[ 3169854ms] [LOG] [Fast Refresh] rebuilding @ http://localhost:3030/_next/static/chunks/04m2_next_dist_01d_w1-._.js:2431
[ 3169916ms] [LOG] [Fast Refresh] done in 168ms @ http://localhost:3030/_next/static/chunks/04m2_next_dist_01d_w1-._.js:2431
[ 3169926ms] [INFO] %c%s%c [setup-health] background: #e6e6e6;background: light-dark(rgba(0,0,0,0.1), rgba(255,255,255,0.25));color: #000000;color: light-dark(#000000, #ffffff);border-radius: 2px  Server   panel-layout {tenantId: cmrvvipw70000oyyo6123270j, userId: cmrvvipyc000aoyyodcu4tftb, score: 40, completedCount: 2, totalCriticalCount: 5} @ http://localhost:3030/_next/static/chunks/04m2_next_dist_01d_w1-._.js:2431
[ 3170295ms] [INFO] %c%s%c [setup-health] background: #e6e6e6;background: light-dark(rgba(0,0,0,0.1), rgba(255,255,255,0.25));color: #000000;color: light-dark(#000000, #ffffff);border-radius: 2px  Server   panel-layout {tenantId: cmrvvipw70000oyyo6123270j, userId: cmrvvipyc000aoyyodcu4tftb, score: 40, completedCount: 2, totalCriticalCount: 5} @ http://localhost:3030/_next/static/chunks/04m2_next_dist_01d_w1-._.js:2431
[ 3170523ms] [INFO] %c%s%c [setup-health] background: #e6e6e6;background: light-dark(rgba(0,0,0,0.1), rgba(255,255,255,0.25));color: #000000;color: light-dark(#000000, #ffffff);border-radius: 2px  Server   panel-layout {tenantId: cmrvvipw70000oyyo6123270j, userId: cmrvvipyc000aoyyodcu4tftb, score: 40, completedCount: 2, totalCriticalCount: 5} @ http://localhost:3030/_next/static/chunks/04m2_next_dist_01d_w1-._.js:2431
[ 3170653ms] [INFO] %c%s%c [setup-health] background: #e6e6e6;background: light-dark(rgba(0,0,0,0.1), rgba(255,255,255,0.25));color: #000000;color: light-dark(#000000, #ffffff);border-radius: 2px  Server   panel-layout {tenantId: cmrvvipw70000oyyo6123270j, userId: cmrvvipyc000aoyyodcu4tftb, score: 40, completedCount: 2, totalCriticalCount: 5} @ http://localhost:3030/_next/static/chunks/04m2_next_dist_01d_w1-._.js:2431
[ 3170740ms] [INFO] %c%s%c [setup-health] background: #e6e6e6;background: light-dark(rgba(0,0,0,0.1), rgba(255,255,255,0.25));color: #000000;color: light-dark(#000000, #ffffff);border-radius: 2px  Server   panel-layout {tenantId: cmrvvipw70000oyyo6123270j, userId: cmrvvipyc000aoyyodcu4tftb, score: 40, completedCount: 2, totalCriticalCount: 5} @ http://localhost:3030/_next/static/chunks/04m2_next_dist_01d_w1-._.js:2431
[ 3175034ms] [LOG] [Fast Refresh] rebuilding @ http://localhost:3030/_next/static/chunks/04m2_next_dist_01d_w1-._.js:2431
[ 3175774ms] [LOG] [Fast Refresh] done in 667ms @ http://localhost:3030/_next/static/chunks/04m2_next_dist_01d_w1-._.js:2431
[ 3178178ms] [LOG] [Fast Refresh] rebuilding @ http://localhost:3030/_next/static/chunks/04m2_next_dist_01d_w1-._.js:2431
[ 3178178ms] [LOG] [Fast Refresh] done in 103ms @ http://localhost:3030/_next/static/chunks/04m2_next_dist_01d_w1-._.js:2431
[ 3179229ms] [LOG] [Fast Refresh] rebuilding @ http://localhost:3030/_next/static/chunks/04m2_next_dist_01d_w1-._.js:2431
[ 3179415ms] [LOG] [Fast Refresh] done in 289ms @ http://localhost:3030/_next/static/chunks/04m2_next_dist_01d_w1-._.js:2431
[ 3188180ms] [LOG] [Fast Refresh] rebuilding @ http://localhost:3030/_next/static/chunks/04m2_next_dist_01d_w1-._.js:2431
[ 3188322ms] [LOG] [Fast Refresh] done in 244ms @ http://localhost:3030/_next/static/chunks/04m2_next_dist_01d_w1-._.js:2431
[ 3189496ms] [LOG] [Fast Refresh] rebuilding @ http://localhost:3030/_next/static/chunks/04m2_next_dist_01d_w1-._.js:2431
[ 3189546ms] [LOG] [Fast Refresh] done in 154ms @ http://localhost:3030/_next/static/chunks/04m2_next_dist_01d_w1-._.js:2431
[ 3189653ms] [LOG] [Fast Refresh] rebuilding @ http://localhost:3030/_next/static/chunks/04m2_next_dist_01d_w1-._.js:2431
[ 3189864ms] [LOG] [Fast Refresh] done in 317ms @ http://localhost:3030/_next/static/chunks/04m2_next_dist_01d_w1-._.js:2431
[ 3189983ms] [LOG] [Fast Refresh] rebuilding @ http://localhost:3030/_next/static/chunks/04m2_next_dist_01d_w1-._.js:2431
[ 3189999ms] [LOG] [Fast Refresh] done in 117ms @ http://localhost:3030/_next/static/chunks/04m2_next_dist_01d_w1-._.js:2431
[ 3190154ms] [LOG] [Fast Refresh] rebuilding @ http://localhost:3030/_next/static/chunks/04m2_next_dist_01d_w1-._.js:2431
[ 3190311ms] [LOG] [Fast Refresh] done in 266ms @ http://localhost:3030/_next/static/chunks/04m2_next_dist_01d_w1-._.js:2431
[ 3201795ms] [LOG] [Fast Refresh] rebuilding @ http://localhost:3030/_next/static/chunks/04m2_next_dist_01d_w1-._.js:2431
[ 3202455ms] [LOG] [Fast Refresh] done in 173ms @ http://localhost:3030/_next/static/chunks/04m2_next_dist_01d_w1-._.js:2431
[ 3202657ms] [INFO] %c%s%c [setup-health] background: #e6e6e6;background: light-dark(rgba(0,0,0,0.1), rgba(255,255,255,0.25));color: #000000;color: light-dark(#000000, #ffffff);border-radius: 2px  Server   panel-layout {tenantId: cmrvvipw70000oyyo6123270j, userId: cmrvvipyc000aoyyodcu4tftb, score: 40, completedCount: 2, totalCriticalCount: 5} @ http://localhost:3030/_next/static/chunks/04m2_next_dist_01d_w1-._.js:2431
[ 3212919ms] [LOG] [Fast Refresh] rebuilding @ http://localhost:3030/_next/static/chunks/04m2_next_dist_01d_w1-._.js:2431
[ 3215086ms] [LOG] [Fast Refresh] done in 2255ms @ http://localhost:3030/_next/static/chunks/04m2_next_dist_01d_w1-._.js:2431
[ 3215310ms] [LOG] [Fast Refresh] rebuilding @ http://localhost:3030/_next/static/chunks/04m2_next_dist_01d_w1-._.js:2431
[ 3215341ms] [LOG] [Fast Refresh] done in 134ms @ http://localhost:3030/_next/static/chunks/04m2_next_dist_01d_w1-._.js:2431
[ 3215450ms] [LOG] [Fast Refresh] rebuilding @ http://localhost:3030/_next/static/chunks/04m2_next_dist_01d_w1-._.js:2431
[ 3215498ms] [LOG] [Fast Refresh] done in 156ms @ http://localhost:3030/_next/static/chunks/04m2_next_dist_01d_w1-._.js:2431
[ 3215655ms] [LOG] [Fast Refresh] rebuilding @ http://localhost:3030/_next/static/chunks/04m2_next_dist_01d_w1-._.js:2431
[ 3215718ms] [INFO] %c%s%c [setup-health] background: #e6e6e6;background: light-dark(rgba(0,0,0,0.1), rgba(255,255,255,0.25));color: #000000;color: light-dark(#000000, #ffffff);border-radius: 2px  Server   panel-layout {tenantId: cmrvvipw70000oyyo6123270j, userId: cmrvvipyc000aoyyodcu4tftb, score: 40, completedCount: 2, totalCriticalCount: 5} @ http://localhost:3030/_next/static/chunks/04m2_next_dist_01d_w1-._.js:2431
[ 3215737ms] [LOG] [Fast Refresh] done in 187ms @ http://localhost:3030/_next/static/chunks/04m2_next_dist_01d_w1-._.js:2431
[ 3215977ms] [LOG] [Fast Refresh] rebuilding @ http://localhost:3030/_next/static/chunks/04m2_next_dist_01d_w1-._.js:2431
[ 3215991ms] [LOG] [Fast Refresh] done in 119ms @ http://localhost:3030/_next/static/chunks/04m2_next_dist_01d_w1-._.js:2431
[ 3216311ms] [LOG] [Fast Refresh] rebuilding @ http://localhost:3030/_next/static/chunks/04m2_next_dist_01d_w1-._.js:2431
[ 3216357ms] [LOG] [Fast Refresh] done in 148ms @ http://localhost:3030/_next/static/chunks/04m2_next_dist_01d_w1-._.js:2431
[ 3216369ms] [INFO] %c%s%c [setup-health] background: #e6e6e6;background: light-dark(rgba(0,0,0,0.1), rgba(255,255,255,0.25));color: #000000;color: light-dark(#000000, #ffffff);border-radius: 2px  Server   panel-layout {tenantId: cmrvvipw70000oyyo6123270j, userId: cmrvvipyc000aoyyodcu4tftb, score: 40, completedCount: 2, totalCriticalCount: 5} @ http://localhost:3030/_next/static/chunks/04m2_next_dist_01d_w1-._.js:2431
[ 3216795ms] [INFO] %c%s%c [setup-health] background: #e6e6e6;background: light-dark(rgba(0,0,0,0.1), rgba(255,255,255,0.25));color: #000000;color: light-dark(#000000, #ffffff);border-radius: 2px  Server   panel-layout {tenantId: cmrvvipw70000oyyo6123270j, userId: cmrvvipyc000aoyyodcu4tftb, score: 40, completedCount: 2, totalCriticalCount: 5} @ http://localhost:3030/_next/static/chunks/04m2_next_dist_01d_w1-._.js:2431
[ 3216806ms] [LOG] [Fast Refresh] rebuilding @ http://localhost:3030/_next/static/chunks/04m2_next_dist_01d_w1-._.js:2431
[ 3216845ms] [LOG] [Fast Refresh] done in 140ms @ http://localhost:3030/_next/static/chunks/04m2_next_dist_01d_w1-._.js:2431
[ 3217216ms] [LOG] [Fast Refresh] rebuilding @ http://localhost:3030/_next/static/chunks/04m2_next_dist_01d_w1-._.js:2431
[ 3217249ms] [INFO] %c%s%c [setup-health] background: #e6e6e6;background: light-dark(rgba(0,0,0,0.1), rgba(255,255,255,0.25));color: #000000;color: light-dark(#000000, #ffffff);border-radius: 2px  Server   panel-layout {tenantId: cmrvvipw70000oyyo6123270j, userId: cmrvvipyc000aoyyodcu4tftb, score: 40, completedCount: 2, totalCriticalCount: 5} @ http://localhost:3030/_next/static/chunks/04m2_next_dist_01d_w1-._.js:2431
[ 3217288ms] [LOG] [Fast Refresh] done in 172ms @ http://localhost:3030/_next/static/chunks/04m2_next_dist_01d_w1-._.js:2431
[ 3217583ms] [INFO] %c%s%c [setup-health] background: #e6e6e6;background: light-dark(rgba(0,0,0,0.1), rgba(255,255,255,0.25));color: #000000;color: light-dark(#000000, #ffffff);border-radius: 2px  Server   panel-layout {tenantId: cmrvvipw70000oyyo6123270j, userId: cmrvvipyc000aoyyodcu4tftb, score: 40, completedCount: 2, totalCriticalCount: 5} @ http://localhost:3030/_next/static/chunks/04m2_next_dist_01d_w1-._.js:2431
[ 3217870ms] [LOG] [Fast Refresh] rebuilding @ http://localhost:3030/_next/static/chunks/04m2_next_dist_01d_w1-._.js:2431
[ 3217899ms] [LOG] [Fast Refresh] done in 131ms @ http://localhost:3030/_next/static/chunks/04m2_next_dist_01d_w1-._.js:2431
[ 3217903ms] [INFO] %c%s%c [setup-health] background: #e6e6e6;background: light-dark(rgba(0,0,0,0.1), rgba(255,255,255,0.25));color: #000000;color: light-dark(#000000, #ffffff);border-radius: 2px  Server   panel-layout {tenantId: cmrvvipw70000oyyo6123270j, userId: cmrvvipyc000aoyyodcu4tftb, score: 40, completedCount: 2, totalCriticalCount: 5} @ http://localhost:3030/_next/static/chunks/04m2_next_dist_01d_w1-._.js:2431
[ 3218022ms] [INFO] %c%s%c [setup-health] background: #e6e6e6;background: light-dark(rgba(0,0,0,0.1), rgba(255,255,255,0.25));color: #000000;color: light-dark(#000000, #ffffff);border-radius: 2px  Server   panel-layout {tenantId: cmrvvipw70000oyyo6123270j, userId: cmrvvipyc000aoyyodcu4tftb, score: 40, completedCount: 2, totalCriticalCount: 5} @ http://localhost:3030/_next/static/chunks/04m2_next_dist_01d_w1-._.js:2431
[ 3230778ms] [LOG] [Fast Refresh] rebuilding @ http://localhost:3030/_next/static/chunks/04m2_next_dist_01d_w1-._.js:2431
[ 3231581ms] [LOG] [Fast Refresh] done in 903ms @ http://localhost:3030/_next/static/chunks/04m2_next_dist_01d_w1-._.js:2431
[ 3231716ms] [LOG] [Fast Refresh] rebuilding @ http://localhost:3030/_next/static/chunks/04m2_next_dist_01d_w1-._.js:2431
[ 3231986ms] [LOG] [Fast Refresh] done in 378ms @ http://localhost:3030/_next/static/chunks/04m2_next_dist_01d_w1-._.js:2431
[ 3232160ms] [LOG] [Fast Refresh] rebuilding @ http://localhost:3030/_next/static/chunks/04m2_next_dist_01d_w1-._.js:2431
[ 3232277ms] [LOG] [Fast Refresh] done in 220ms @ http://localhost:3030/_next/static/chunks/04m2_next_dist_01d_w1-._.js:2431
[ 3232678ms] [LOG] [Fast Refresh] rebuilding @ http://localhost:3030/_next/static/chunks/04m2_next_dist_01d_w1-._.js:2431
[ 3232694ms] [LOG] [Fast Refresh] done in 118ms @ http://localhost:3030/_next/static/chunks/04m2_next_dist_01d_w1-._.js:2431
[ 3232796ms] [LOG] [Fast Refresh] rebuilding @ http://localhost:3030/_next/static/chunks/04m2_next_dist_01d_w1-._.js:2431
[ 3232851ms] [LOG] [Fast Refresh] done in 156ms @ http://localhost:3030/_next/static/chunks/04m2_next_dist_01d_w1-._.js:2431
[ 3232971ms] [INFO] %c%s%c [setup-health] background: #e6e6e6;background: light-dark(rgba(0,0,0,0.1), rgba(255,255,255,0.25));color: #000000;color: light-dark(#000000, #ffffff);border-radius: 2px  Server   panel-layout {tenantId: cmrvvipw70000oyyo6123270j, userId: cmrvvipyc000aoyyodcu4tftb, score: 40, completedCount: 2, totalCriticalCount: 5} @ http://localhost:3030/_next/static/chunks/04m2_next_dist_01d_w1-._.js:2431
[ 3233290ms] [LOG] [Fast Refresh] rebuilding @ http://localhost:3030/_next/static/chunks/04m2_next_dist_01d_w1-._.js:2431
[ 3233308ms] [INFO] %c%s%c [setup-health] background: #e6e6e6;background: light-dark(rgba(0,0,0,0.1), rgba(255,255,255,0.25));color: #000000;color: light-dark(#000000, #ffffff);border-radius: 2px  Server   panel-layout {tenantId: cmrvvipw70000oyyo6123270j, userId: cmrvvipyc000aoyyodcu4tftb, score: 40, completedCount: 2, totalCriticalCount: 5} @ http://localhost:3030/_next/static/chunks/04m2_next_dist_01d_w1-._.js:2431
[ 3233332ms] [LOG] [Fast Refresh] done in 144ms @ http://localhost:3030/_next/static/chunks/04m2_next_dist_01d_w1-._.js:2431
[ 3233665ms] [INFO] %c%s%c [setup-health] background: #e6e6e6;background: light-dark(rgba(0,0,0,0.1), rgba(255,255,255,0.25));color: #000000;color: light-dark(#000000, #ffffff);border-radius: 2px  Server   panel-layout {tenantId: cmrvvipw70000oyyo6123270j, userId: cmrvvipyc000aoyyodcu4tftb, score: 40, completedCount: 2, totalCriticalCount: 5} @ http://localhost:3030/_next/static/chunks/04m2_next_dist_01d_w1-._.js:2431
[ 3233937ms] [LOG] [Fast Refresh] rebuilding @ http://localhost:3030/_next/static/chunks/04m2_next_dist_01d_w1-._.js:2431
[ 3233958ms] [LOG] [Fast Refresh] done in 128ms @ http://localhost:3030/_next/static/chunks/04m2_next_dist_01d_w1-._.js:2431
[ 3234177ms] [INFO] %c%s%c [setup-health] background: #e6e6e6;background: light-dark(rgba(0,0,0,0.1), rgba(255,255,255,0.25));color: #000000;color: light-dark(#000000, #ffffff);border-radius: 2px  Server   panel-layout {tenantId: cmrvvipw70000oyyo6123270j, userId: cmrvvipyc000aoyyodcu4tftb, score: 40, completedCount: 2, totalCriticalCount: 5} @ http://localhost:3030/_next/static/chunks/04m2_next_dist_01d_w1-._.js:2431
[ 3234324ms] [INFO] %c%s%c [setup-health] background: #e6e6e6;background: light-dark(rgba(0,0,0,0.1), rgba(255,255,255,0.25));color: #000000;color: light-dark(#000000, #ffffff);border-radius: 2px  Server   panel-layout {tenantId: cmrvvipw70000oyyo6123270j, userId: cmrvvipyc000aoyyodcu4tftb, score: 40, completedCount: 2, totalCriticalCount: 5} @ http://localhost:3030/_next/static/chunks/04m2_next_dist_01d_w1-._.js:2431
[ 3252733ms] [LOG] [Fast Refresh] rebuilding @ http://localhost:3030/_next/static/chunks/04m2_next_dist_01d_w1-._.js:2431
[ 3253336ms] [LOG] [Fast Refresh] done in 711ms @ http://localhost:3030/_next/static/chunks/04m2_next_dist_01d_w1-._.js:2431
[ 3253468ms] [LOG] [Fast Refresh] rebuilding @ http://localhost:3030/_next/static/chunks/04m2_next_dist_01d_w1-._.js:2431
[ 3253562ms] [LOG] [Fast Refresh] done in 198ms @ http://localhost:3030/_next/static/chunks/04m2_next_dist_01d_w1-._.js:2431
[ 3253695ms] [LOG] [Fast Refresh] rebuilding @ http://localhost:3030/_next/static/chunks/04m2_next_dist_01d_w1-._.js:2431
[ 3253749ms] [LOG] [Fast Refresh] done in 165ms @ http://localhost:3030/_next/static/chunks/04m2_next_dist_01d_w1-._.js:2431
[ 3254151ms] [LOG] [Fast Refresh] rebuilding @ http://localhost:3030/_next/static/chunks/04m2_next_dist_01d_w1-._.js:2431
[ 3254180ms] [LOG] [Fast Refresh] done in 130ms @ http://localhost:3030/_next/static/chunks/04m2_next_dist_01d_w1-._.js:2431
[ 3254194ms] [INFO] %c%s%c [setup-health] background: #e6e6e6;background: light-dark(rgba(0,0,0,0.1), rgba(255,255,255,0.25));color: #000000;color: light-dark(#000000, #ffffff);border-radius: 2px  Server   panel-layout {tenantId: cmrvvipw70000oyyo6123270j, userId: cmrvvipyc000aoyyodcu4tftb, score: 40, completedCount: 2, totalCriticalCount: 5} @ http://localhost:3030/_next/static/chunks/04m2_next_dist_01d_w1-._.js:2431
[ 3254615ms] [LOG] [Fast Refresh] rebuilding @ http://localhost:3030/_next/static/chunks/04m2_next_dist_01d_w1-._.js:2431
[ 3254634ms] [LOG] [Fast Refresh] done in 120ms @ http://localhost:3030/_next/static/chunks/04m2_next_dist_01d_w1-._.js:2431
[ 3254636ms] [INFO] %c%s%c [setup-health] background: #e6e6e6;background: light-dark(rgba(0,0,0,0.1), rgba(255,255,255,0.25));color: #000000;color: light-dark(#000000, #ffffff);border-radius: 2px  Server   panel-layout {tenantId: cmrvvipw70000oyyo6123270j, userId: cmrvvipyc000aoyyodcu4tftb, score: 40, completedCount: 2, totalCriticalCount: 5} @ http://localhost:3030/_next/static/chunks/04m2_next_dist_01d_w1-._.js:2431
[ 3254785ms] [INFO] %c%s%c [setup-health] background: #e6e6e6;background: light-dark(rgba(0,0,0,0.1), rgba(255,255,255,0.25));color: #000000;color: light-dark(#000000, #ffffff);border-radius: 2px  Server   panel-layout {tenantId: cmrvvipw70000oyyo6123270j, userId: cmrvvipyc000aoyyodcu4tftb, score: 40, completedCount: 2, totalCriticalCount: 5} @ http://localhost:3030/_next/static/chunks/04m2_next_dist_01d_w1-._.js:2431
[ 3264264ms] [LOG] [Fast Refresh] rebuilding @ http://localhost:3030/_next/static/chunks/04m2_next_dist_01d_w1-._.js:2431
[ 3264627ms] [LOG] [Fast Refresh] done in 464ms @ http://localhost:3030/_next/static/chunks/04m2_next_dist_01d_w1-._.js:2431
[ 3264847ms] [LOG] [Fast Refresh] rebuilding @ http://localhost:3030/_next/static/chunks/04m2_next_dist_01d_w1-._.js:2431
[ 3264947ms] [LOG] [Fast Refresh] done in 201ms @ http://localhost:3030/_next/static/chunks/04m2_next_dist_01d_w1-._.js:2431
[ 3265059ms] [LOG] [Fast Refresh] rebuilding @ http://localhost:3030/_next/static/chunks/04m2_next_dist_01d_w1-._.js:2431
[ 3265128ms] [LOG] [Fast Refresh] done in 170ms @ http://localhost:3030/_next/static/chunks/04m2_next_dist_01d_w1-._.js:2431
[ 3265453ms] [INFO] %c%s%c [setup-health] background: #e6e6e6;background: light-dark(rgba(0,0,0,0.1), rgba(255,255,255,0.25));color: #000000;color: light-dark(#000000, #ffffff);border-radius: 2px  Server   panel-layout {tenantId: cmrvvipw70000oyyo6123270j, userId: cmrvvipyc000aoyyodcu4tftb, score: 40, completedCount: 2, totalCriticalCount: 5} @ http://localhost:3030/_next/static/chunks/04m2_next_dist_01d_w1-._.js:2431
[ 3265599ms] [INFO] %c%s%c [setup-health] background: #e6e6e6;background: light-dark(rgba(0,0,0,0.1), rgba(255,255,255,0.25));color: #000000;color: light-dark(#000000, #ffffff);border-radius: 2px  Server   panel-layout {tenantId: cmrvvipw70000oyyo6123270j, userId: cmrvvipyc000aoyyodcu4tftb, score: 40, completedCount: 2, totalCriticalCount: 5} @ http://localhost:3030/_next/static/chunks/04m2_next_dist_01d_w1-._.js:2431
[ 3272984ms] [LOG] [Fast Refresh] rebuilding @ http://localhost:3030/_next/static/chunks/04m2_next_dist_01d_w1-._.js:2431
[ 3273250ms] [LOG] [Fast Refresh] done in 378ms @ http://localhost:3030/_next/static/chunks/04m2_next_dist_01d_w1-._.js:2431
[ 3273371ms] [LOG] [Fast Refresh] rebuilding @ http://localhost:3030/_next/static/chunks/04m2_next_dist_01d_w1-._.js:2431
[ 3273566ms] [LOG] [Fast Refresh] done in 299ms @ http://localhost:3030/_next/static/chunks/04m2_next_dist_01d_w1-._.js:2431
[ 3273676ms] [LOG] [Fast Refresh] rebuilding @ http://localhost:3030/_next/static/chunks/04m2_next_dist_01d_w1-._.js:2431
[ 3273735ms] [LOG] [Fast Refresh] done in 161ms @ http://localhost:3030/_next/static/chunks/04m2_next_dist_01d_w1-._.js:2431
[ 3274105ms] [INFO] %c%s%c [setup-health] background: #e6e6e6;background: light-dark(rgba(0,0,0,0.1), rgba(255,255,255,0.25));color: #000000;color: light-dark(#000000, #ffffff);border-radius: 2px  Server   panel-layout {tenantId: cmrvvipw70000oyyo6123270j, userId: cmrvvipyc000aoyyodcu4tftb, score: 40, completedCount: 2, totalCriticalCount: 5} @ http://localhost:3030/_next/static/chunks/04m2_next_dist_01d_w1-._.js:2431
[ 3274242ms] [INFO] %c%s%c [setup-health] background: #e6e6e6;background: light-dark(rgba(0,0,0,0.1), rgba(255,255,255,0.25));color: #000000;color: light-dark(#000000, #ffffff);border-radius: 2px  Server   panel-layout {tenantId: cmrvvipw70000oyyo6123270j, userId: cmrvvipyc000aoyyodcu4tftb, score: 40, completedCount: 2, totalCriticalCount: 5} @ http://localhost:3030/_next/static/chunks/04m2_next_dist_01d_w1-._.js:2431
[ 3281438ms] [LOG] [Fast Refresh] rebuilding @ http://localhost:3030/_next/static/chunks/04m2_next_dist_01d_w1-._.js:2431
[ 3281671ms] [LOG] [Fast Refresh] done in 343ms @ http://localhost:3030/_next/static/chunks/04m2_next_dist_01d_w1-._.js:2431
[ 3283438ms] [LOG] [Fast Refresh] rebuilding @ http://localhost:3030/_next/static/chunks/04m2_next_dist_01d_w1-._.js:2431
[ 3284021ms] [LOG] [Fast Refresh] done in 674ms @ http://localhost:3030/_next/static/chunks/04m2_next_dist_01d_w1-._.js:2431
[ 3284161ms] [LOG] [Fast Refresh] rebuilding @ http://localhost:3030/_next/static/chunks/04m2_next_dist_01d_w1-._.js:2431
[ 3284375ms] [LOG] [Fast Refresh] done in 317ms @ http://localhost:3030/_next/static/chunks/04m2_next_dist_01d_w1-._.js:2431
[ 3284534ms] [LOG] [Fast Refresh] rebuilding @ http://localhost:3030/_next/static/chunks/04m2_next_dist_01d_w1-._.js:2431
[ 3285041ms] [LOG] [Fast Refresh] done in 612ms @ http://localhost:3030/_next/static/chunks/04m2_next_dist_01d_w1-._.js:2431
[ 3285751ms] [LOG] [Fast Refresh] rebuilding @ http://localhost:3030/_next/static/chunks/04m2_next_dist_01d_w1-._.js:2431
[ 3285861ms] [LOG] [Fast Refresh] done in 217ms @ http://localhost:3030/_next/static/chunks/04m2_next_dist_01d_w1-._.js:2431
[ 3285903ms] [INFO] %c%s%c [setup-health] background: #e6e6e6;background: light-dark(rgba(0,0,0,0.1), rgba(255,255,255,0.25));color: #000000;color: light-dark(#000000, #ffffff);border-radius: 2px  Server   panel-layout {tenantId: cmrvvipw70000oyyo6123270j, userId: cmrvvipyc000aoyyodcu4tftb, score: 40, completedCount: 2, totalCriticalCount: 5} @ http://localhost:3030/_next/static/chunks/04m2_next_dist_01d_w1-._.js:2431
[ 3286576ms] [LOG] [Fast Refresh] rebuilding @ http://localhost:3030/_next/static/chunks/04m2_next_dist_01d_w1-._.js:2431
[ 3286966ms] [LOG] [Fast Refresh] done in 492ms @ http://localhost:3030/_next/static/chunks/04m2_next_dist_01d_w1-._.js:2431
[ 3286995ms] [INFO] %c%s%c [setup-health] background: #e6e6e6;background: light-dark(rgba(0,0,0,0.1), rgba(255,255,255,0.25));color: #000000;color: light-dark(#000000, #ffffff);border-radius: 2px  Server   panel-layout {tenantId: cmrvvipw70000oyyo6123270j, userId: cmrvvipyc000aoyyodcu4tftb, score: 40, completedCount: 2, totalCriticalCount: 5} @ http://localhost:3030/_next/static/chunks/04m2_next_dist_01d_w1-._.js:2431
[ 3287152ms] [LOG] [Fast Refresh] rebuilding @ http://localhost:3030/_next/static/chunks/04m2_next_dist_01d_w1-._.js:2431
[ 3287159ms] [LOG] [Fast Refresh] done in 110ms @ http://localhost:3030/_next/static/chunks/04m2_next_dist_01d_w1-._.js:2431
[ 3287455ms] [LOG] [Fast Refresh] rebuilding @ http://localhost:3030/_next/static/chunks/04m2_next_dist_01d_w1-._.js:2431
[ 3287516ms] [LOG] [Fast Refresh] done in 161ms @ http://localhost:3030/_next/static/chunks/04m2_next_dist_01d_w1-._.js:2431
[ 3287528ms] [INFO] %c%s%c [setup-health] background: #e6e6e6;background: light-dark(rgba(0,0,0,0.1), rgba(255,255,255,0.25));color: #000000;color: light-dark(#000000, #ffffff);border-radius: 2px  Server   panel-layout {tenantId: cmrvvipw70000oyyo6123270j, userId: cmrvvipyc000aoyyodcu4tftb, score: 40, completedCount: 2, totalCriticalCount: 5} @ http://localhost:3030/_next/static/chunks/04m2_next_dist_01d_w1-._.js:2431
[ 3287629ms] [LOG] [Fast Refresh] rebuilding @ http://localhost:3030/_next/static/chunks/04m2_next_dist_01d_w1-._.js:2431
[ 3287635ms] [LOG] [Fast Refresh] done in 109ms @ http://localhost:3030/_next/static/chunks/04m2_next_dist_01d_w1-._.js:2431
[ 3288045ms] [LOG] [Fast Refresh] rebuilding @ http://localhost:3030/_next/static/chunks/04m2_next_dist_01d_w1-._.js:2431
[ 3288047ms] [LOG] [Fast Refresh] done in 103ms @ http://localhost:3030/_next/static/chunks/04m2_next_dist_01d_w1-._.js:2431
[ 3288155ms] [INFO] %c%s%c [setup-health] background: #e6e6e6;background: light-dark(rgba(0,0,0,0.1), rgba(255,255,255,0.25));color: #000000;color: light-dark(#000000, #ffffff);border-radius: 2px  Server   panel-layout {tenantId: cmrvvipw70000oyyo6123270j, userId: cmrvvipyc000aoyyodcu4tftb, score: 40, completedCount: 2, totalCriticalCount: 5} @ http://localhost:3030/_next/static/chunks/04m2_next_dist_01d_w1-._.js:2431
[ 3288556ms] [LOG] [Fast Refresh] rebuilding @ http://localhost:3030/_next/static/chunks/04m2_next_dist_01d_w1-._.js:2431
[ 3288671ms] [LOG] [Fast Refresh] done in 214ms @ http://localhost:3030/_next/static/chunks/04m2_next_dist_01d_w1-._.js:2431
[ 3288674ms] [INFO] %c%s%c [setup-health] background: #e6e6e6;background: light-dark(rgba(0,0,0,0.1), rgba(255,255,255,0.25));color: #000000;color: light-dark(#000000, #ffffff);border-radius: 2px  Server   panel-layout {tenantId: cmrvvipw70000oyyo6123270j, userId: cmrvvipyc000aoyyodcu4tftb, score: 40, completedCount: 2, totalCriticalCount: 5} @ http://localhost:3030/_next/static/chunks/04m2_next_dist_01d_w1-._.js:2431
[ 3289217ms] [INFO] %c%s%c [setup-health] background: #e6e6e6;background: light-dark(rgba(0,0,0,0.1), rgba(255,255,255,0.25));color: #000000;color: light-dark(#000000, #ffffff);border-radius: 2px  Server   panel-layout {tenantId: cmrvvipw70000oyyo6123270j, userId: cmrvvipyc000aoyyodcu4tftb, score: 40, completedCount: 2, totalCriticalCount: 5} @ http://localhost:3030/_next/static/chunks/04m2_next_dist_01d_w1-._.js:2431
[ 3289570ms] [INFO] %c%s%c [setup-health] background: #e6e6e6;background: light-dark(rgba(0,0,0,0.1), rgba(255,255,255,0.25));color: #000000;color: light-dark(#000000, #ffffff);border-radius: 2px  Server   panel-layout {tenantId: cmrvvipw70000oyyo6123270j, userId: cmrvvipyc000aoyyodcu4tftb, score: 40, completedCount: 2, totalCriticalCount: 5} @ http://localhost:3030/_next/static/chunks/04m2_next_dist_01d_w1-._.js:2431
[ 3289901ms] [INFO] %c%s%c [setup-health] background: #e6e6e6;background: light-dark(rgba(0,0,0,0.1), rgba(255,255,255,0.25));color: #000000;color: light-dark(#000000, #ffffff);border-radius: 2px  Server   panel-layout {tenantId: cmrvvipw70000oyyo6123270j, userId: cmrvvipyc000aoyyodcu4tftb, score: 40, completedCount: 2, totalCriticalCount: 5} @ http://localhost:3030/_next/static/chunks/04m2_next_dist_01d_w1-._.js:2431
[ 3290232ms] [INFO] %c%s%c [setup-health] background: #e6e6e6;background: light-dark(rgba(0,0,0,0.1), rgba(255,255,255,0.25));color: #000000;color: light-dark(#000000, #ffffff);border-radius: 2px  Server   panel-layout {tenantId: cmrvvipw70000oyyo6123270j, userId: cmrvvipyc000aoyyodcu4tftb, score: 40, completedCount: 2, totalCriticalCount: 5} @ http://localhost:3030/_next/static/chunks/04m2_next_dist_01d_w1-._.js:2431
[ 3290377ms] [INFO] %c%s%c [setup-health] background: #e6e6e6;background: light-dark(rgba(0,0,0,0.1), rgba(255,255,255,0.25));color: #000000;color: light-dark(#000000, #ffffff);border-radius: 2px  Server   panel-layout {tenantId: cmrvvipw70000oyyo6123270j, userId: cmrvvipyc000aoyyodcu4tftb, score: 40, completedCount: 2, totalCriticalCount: 5} @ http://localhost:3030/_next/static/chunks/04m2_next_dist_01d_w1-._.js:2431
[ 3302525ms] [LOG] [Fast Refresh] rebuilding @ http://localhost:3030/_next/static/chunks/04m2_next_dist_01d_w1-._.js:2431
[ 3311172ms] [LOG] [Fast Refresh] done in 8422ms @ http://localhost:3030/_next/static/chunks/04m2_next_dist_01d_w1-._.js:2431
[ 3311275ms] [LOG] [Fast Refresh] rebuilding @ http://localhost:3030/_next/static/chunks/04m2_next_dist_01d_w1-._.js:2431
[ 3311353ms] [LOG] [Fast Refresh] done in 179ms @ http://localhost:3030/_next/static/chunks/04m2_next_dist_01d_w1-._.js:2431
[ 3311841ms] [LOG] [Fast Refresh] rebuilding @ http://localhost:3030/_next/static/chunks/04m2_next_dist_01d_w1-._.js:2431
[ 3312268ms] [LOG] [Fast Refresh] done in 531ms @ http://localhost:3030/_next/static/chunks/04m2_next_dist_01d_w1-._.js:2431
[ 3312271ms] [INFO] %c%s%c [setup-health] background: #e6e6e6;background: light-dark(rgba(0,0,0,0.1), rgba(255,255,255,0.25));color: #000000;color: light-dark(#000000, #ffffff);border-radius: 2px  Server   panel-layout {tenantId: cmrvvipw70000oyyo6123270j, userId: cmrvvipyc000aoyyodcu4tftb, score: 40, completedCount: 2, totalCriticalCount: 5} @ http://localhost:3030/_next/static/chunks/04m2_next_dist_01d_w1-._.js:2431
[ 3312429ms] [LOG] [Fast Refresh] rebuilding @ http://localhost:3030/_next/static/chunks/04m2_next_dist_01d_w1-._.js:2431
[ 3312429ms] [LOG] [Fast Refresh] done in 102ms @ http://localhost:3030/_next/static/chunks/04m2_next_dist_01d_w1-._.js:2431
[ 3312614ms] [LOG] [Fast Refresh] rebuilding @ http://localhost:3030/_next/static/chunks/04m2_next_dist_01d_w1-._.js:2431
[ 3312643ms] [LOG] [Fast Refresh] done in 133ms @ http://localhost:3030/_next/static/chunks/04m2_next_dist_01d_w1-._.js:2431
[ 3312746ms] [LOG] [Fast Refresh] rebuilding @ http://localhost:3030/_next/static/chunks/04m2_next_dist_01d_w1-._.js:2431
[ 3312789ms] [LOG] [Fast Refresh] done in 145ms @ http://localhost:3030/_next/static/chunks/04m2_next_dist_01d_w1-._.js:2431
[ 3312891ms] [LOG] [Fast Refresh] rebuilding @ http://localhost:3030/_next/static/chunks/04m2_next_dist_01d_w1-._.js:2431
[ 3312906ms] [LOG] [Fast Refresh] done in 116ms @ http://localhost:3030/_next/static/chunks/04m2_next_dist_01d_w1-._.js:2431
[ 3313007ms] [LOG] [Fast Refresh] rebuilding @ http://localhost:3030/_next/static/chunks/04m2_next_dist_01d_w1-._.js:2431
[ 3313058ms] [LOG] [Fast Refresh] done in 150ms @ http://localhost:3030/_next/static/chunks/04m2_next_dist_01d_w1-._.js:2431
[ 3313083ms] [INFO] %c%s%c [setup-health] background: #e6e6e6;background: light-dark(rgba(0,0,0,0.1), rgba(255,255,255,0.25));color: #000000;color: light-dark(#000000, #ffffff);border-radius: 2px  Server   panel-layout {tenantId: cmrvvipw70000oyyo6123270j, userId: cmrvvipyc000aoyyodcu4tftb, score: 40, completedCount: 2, totalCriticalCount: 5} @ http://localhost:3030/_next/static/chunks/04m2_next_dist_01d_w1-._.js:2431
[ 3313597ms] [LOG] [Fast Refresh] rebuilding @ http://localhost:3030/_next/static/chunks/04m2_next_dist_01d_w1-._.js:2431
[ 3313656ms] [LOG] [Fast Refresh] done in 162ms @ http://localhost:3030/_next/static/chunks/04m2_next_dist_01d_w1-._.js:2431
[ 3313939ms] [INFO] %c%s%c [setup-health] background: #e6e6e6;background: light-dark(rgba(0,0,0,0.1), rgba(255,255,255,0.25));color: #000000;color: light-dark(#000000, #ffffff);border-radius: 2px  Server   panel-layout {tenantId: cmrvvipw70000oyyo6123270j, userId: cmrvvipyc000aoyyodcu4tftb, score: 40, completedCount: 2, totalCriticalCount: 5} @ http://localhost:3030/_next/static/chunks/04m2_next_dist_01d_w1-._.js:2431
[ 3314803ms] [INFO] %c%s%c [setup-health] background: #e6e6e6;background: light-dark(rgba(0,0,0,0.1), rgba(255,255,255,0.25));color: #000000;color: light-dark(#000000, #ffffff);border-radius: 2px  Server   panel-layout {tenantId: cmrvvipw70000oyyo6123270j, userId: cmrvvipyc000aoyyodcu4tftb, score: 40, completedCount: 2, totalCriticalCount: 5} @ http://localhost:3030/_next/static/chunks/04m2_next_dist_01d_w1-._.js:2431
[ 3315123ms] [LOG] [Fast Refresh] rebuilding @ http://localhost:3030/_next/static/chunks/04m2_next_dist_01d_w1-._.js:2431
[ 3315153ms] [LOG] [Fast Refresh] done in 138ms @ http://localhost:3030/_next/static/chunks/04m2_next_dist_01d_w1-._.js:2431
[ 3315295ms] [LOG] [Fast Refresh] rebuilding @ http://localhost:3030/_next/static/chunks/04m2_next_dist_01d_w1-._.js:2431
[ 3315310ms] [LOG] [Fast Refresh] done in 117ms @ http://localhost:3030/_next/static/chunks/04m2_next_dist_01d_w1-._.js:2431
[ 3315431ms] [INFO] %c%s%c [setup-health] background: #e6e6e6;background: light-dark(rgba(0,0,0,0.1), rgba(255,255,255,0.25));color: #000000;color: light-dark(#000000, #ffffff);border-radius: 2px  Server   panel-layout {tenantId: cmrvvipw70000oyyo6123270j, userId: cmrvvipyc000aoyyodcu4tftb, score: 40, completedCount: 2, totalCriticalCount: 5} @ http://localhost:3030/_next/static/chunks/04m2_next_dist_01d_w1-._.js:2431
[ 3315588ms] [LOG] [Fast Refresh] rebuilding @ http://localhost:3030/_next/static/chunks/04m2_next_dist_01d_w1-._.js:2431
[ 3315608ms] [LOG] [Fast Refresh] done in 126ms @ http://localhost:3030/_next/static/chunks/04m2_next_dist_01d_w1-._.js:2431
[ 3315854ms] [LOG] [Fast Refresh] rebuilding @ http://localhost:3030/_next/static/chunks/04m2_next_dist_01d_w1-._.js:2431
[ 3315886ms] [LOG] [Fast Refresh] done in 134ms @ http://localhost:3030/_next/static/chunks/04m2_next_dist_01d_w1-._.js:2431
[ 3316065ms] [LOG] [Fast Refresh] rebuilding @ http://localhost:3030/_next/static/chunks/04m2_next_dist_01d_w1-._.js:2431
[ 3316115ms] [INFO] %c%s%c [setup-health] background: #e6e6e6;background: light-dark(rgba(0,0,0,0.1), rgba(255,255,255,0.25));color: #000000;color: light-dark(#000000, #ffffff);border-radius: 2px  Server   panel-layout {tenantId: cmrvvipw70000oyyo6123270j, userId: cmrvvipyc000aoyyodcu4tftb, score: 40, completedCount: 2, totalCriticalCount: 5} @ http://localhost:3030/_next/static/chunks/04m2_next_dist_01d_w1-._.js:2431
[ 3316145ms] [LOG] [Fast Refresh] done in 183ms @ http://localhost:3030/_next/static/chunks/04m2_next_dist_01d_w1-._.js:2431
[ 3316387ms] [LOG] [Fast Refresh] rebuilding @ http://localhost:3030/_next/static/chunks/04m2_next_dist_01d_w1-._.js:2431
[ 3316394ms] [LOG] [Fast Refresh] done in 109ms @ http://localhost:3030/_next/static/chunks/04m2_next_dist_01d_w1-._.js:2431
[ 3316927ms] [INFO] %c%s%c [setup-health] background: #e6e6e6;background: light-dark(rgba(0,0,0,0.1), rgba(255,255,255,0.25));color: #000000;color: light-dark(#000000, #ffffff);border-radius: 2px  Server   panel-layout {tenantId: cmrvvipw70000oyyo6123270j, userId: cmrvvipyc000aoyyodcu4tftb, score: 40, completedCount: 2, totalCriticalCount: 5} @ http://localhost:3030/_next/static/chunks/04m2_next_dist_01d_w1-._.js:2431
[ 3317269ms] [LOG] [Fast Refresh] rebuilding @ http://localhost:3030/_next/static/chunks/04m2_next_dist_01d_w1-._.js:2431
[ 3317325ms] [LOG] [Fast Refresh] done in 157ms @ http://localhost:3030/_next/static/chunks/04m2_next_dist_01d_w1-._.js:2431
[ 3317426ms] [LOG] [Fast Refresh] rebuilding @ http://localhost:3030/_next/static/chunks/04m2_next_dist_01d_w1-._.js:2431
[ 3317455ms] [LOG] [Fast Refresh] done in 130ms @ http://localhost:3030/_next/static/chunks/04m2_next_dist_01d_w1-._.js:2431
[ 3317559ms] [LOG] [Fast Refresh] rebuilding @ http://localhost:3030/_next/static/chunks/04m2_next_dist_01d_w1-._.js:2431
[ 3317622ms] [LOG] [Fast Refresh] done in 166ms @ http://localhost:3030/_next/static/chunks/04m2_next_dist_01d_w1-._.js:2431
[ 3317650ms] [INFO] %c%s%c [setup-health] background: #e6e6e6;background: light-dark(rgba(0,0,0,0.1), rgba(255,255,255,0.25));color: #000000;color: light-dark(#000000, #ffffff);border-radius: 2px  Server   panel-layout {tenantId: cmrvvipw70000oyyo6123270j, userId: cmrvvipyc000aoyyodcu4tftb, score: 40, completedCount: 2, totalCriticalCount: 5} @ http://localhost:3030/_next/static/chunks/04m2_next_dist_01d_w1-._.js:2431
[ 3317796ms] [LOG] [Fast Refresh] rebuilding @ http://localhost:3030/_next/static/chunks/04m2_next_dist_01d_w1-._.js:2431
[ 3317831ms] [LOG] [Fast Refresh] done in 145ms @ http://localhost:3030/_next/static/chunks/04m2_next_dist_01d_w1-._.js:2431
[ 3318040ms] [LOG] [Fast Refresh] rebuilding @ http://localhost:3030/_next/static/chunks/04m2_next_dist_01d_w1-._.js:2431
[ 3318086ms] [LOG] [Fast Refresh] done in 150ms @ http://localhost:3030/_next/static/chunks/04m2_next_dist_01d_w1-._.js:2431
[ 3318267ms] [LOG] [Fast Refresh] rebuilding @ http://localhost:3030/_next/static/chunks/04m2_next_dist_01d_w1-._.js:2431
[ 3318312ms] [LOG] [Fast Refresh] done in 151ms @ http://localhost:3030/_next/static/chunks/04m2_next_dist_01d_w1-._.js:2431
[ 3318315ms] [INFO] %c%s%c [setup-health] background: #e6e6e6;background: light-dark(rgba(0,0,0,0.1), rgba(255,255,255,0.25));color: #000000;color: light-dark(#000000, #ffffff);border-radius: 2px  Server   panel-layout {tenantId: cmrvvipw70000oyyo6123270j, userId: cmrvvipyc000aoyyodcu4tftb, score: 40, completedCount: 2, totalCriticalCount: 5} @ http://localhost:3030/_next/static/chunks/04m2_next_dist_01d_w1-._.js:2431
[ 3318418ms] [LOG] [Fast Refresh] rebuilding @ http://localhost:3030/_next/static/chunks/04m2_next_dist_01d_w1-._.js:2431
[ 3318458ms] [LOG] [Fast Refresh] done in 144ms @ http://localhost:3030/_next/static/chunks/04m2_next_dist_01d_w1-._.js:2431
[ 3318560ms] [LOG] [Fast Refresh] rebuilding @ http://localhost:3030/_next/static/chunks/04m2_next_dist_01d_w1-._.js:2431
[ 3318566ms] [LOG] [Fast Refresh] done in 107ms @ http://localhost:3030/_next/static/chunks/04m2_next_dist_01d_w1-._.js:2431
[ 3318724ms] [LOG] [Fast Refresh] rebuilding @ http://localhost:3030/_next/static/chunks/04m2_next_dist_01d_w1-._.js:2431
[ 3318725ms] [LOG] [Fast Refresh] done in 103ms @ http://localhost:3030/_next/static/chunks/04m2_next_dist_01d_w1-._.js:2431
[ 3318907ms] [LOG] [Fast Refresh] rebuilding @ http://localhost:3030/_next/static/chunks/04m2_next_dist_01d_w1-._.js:2431
[ 3318966ms] [LOG] [Fast Refresh] done in 162ms @ http://localhost:3030/_next/static/chunks/04m2_next_dist_01d_w1-._.js:2431
[ 3318973ms] [INFO] %c%s%c [setup-health] background: #e6e6e6;background: light-dark(rgba(0,0,0,0.1), rgba(255,255,255,0.25));color: #000000;color: light-dark(#000000, #ffffff);border-radius: 2px  Server   panel-layout {tenantId: cmrvvipw70000oyyo6123270j, userId: cmrvvipyc000aoyyodcu4tftb, score: 40, completedCount: 2, totalCriticalCount: 5} @ http://localhost:3030/_next/static/chunks/04m2_next_dist_01d_w1-._.js:2431
[ 3319320ms] [LOG] [Fast Refresh] rebuilding @ http://localhost:3030/_next/static/chunks/04m2_next_dist_01d_w1-._.js:2431
[ 3319329ms] [LOG] [Fast Refresh] done in 120ms @ http://localhost:3030/_next/static/chunks/04m2_next_dist_01d_w1-._.js:2431
[ 3319522ms] [LOG] [Fast Refresh] rebuilding @ http://localhost:3030/_next/static/chunks/04m2_next_dist_01d_w1-._.js:2431
[ 3319580ms] [LOG] [Fast Refresh] done in 164ms @ http://localhost:3030/_next/static/chunks/04m2_next_dist_01d_w1-._.js:2431
[ 3319581ms] [INFO] %c%s%c [setup-health] background: #e6e6e6;background: light-dark(rgba(0,0,0,0.1), rgba(255,255,255,0.25));color: #000000;color: light-dark(#000000, #ffffff);border-radius: 2px  Server   panel-layout {tenantId: cmrvvipw70000oyyo6123270j, userId: cmrvvipyc000aoyyodcu4tftb, score: 40, completedCount: 2, totalCriticalCount: 5} @ http://localhost:3030/_next/static/chunks/04m2_next_dist_01d_w1-._.js:2431
[ 3319682ms] [LOG] [Fast Refresh] rebuilding @ http://localhost:3030/_next/static/chunks/04m2_next_dist_01d_w1-._.js:2431
[ 3319749ms] [LOG] [Fast Refresh] done in 168ms @ http://localhost:3030/_next/static/chunks/04m2_next_dist_01d_w1-._.js:2431
[ 3320000ms] [LOG] [Fast Refresh] rebuilding @ http://localhost:3030/_next/static/chunks/04m2_next_dist_01d_w1-._.js:2431
[ 3320016ms] [LOG] [Fast Refresh] done in 120ms @ http://localhost:3030/_next/static/chunks/04m2_next_dist_01d_w1-._.js:2431
[ 3320228ms] [LOG] [Fast Refresh] rebuilding @ http://localhost:3030/_next/static/chunks/04m2_next_dist_01d_w1-._.js:2431
[ 3320263ms] [LOG] [Fast Refresh] done in 137ms @ http://localhost:3030/_next/static/chunks/04m2_next_dist_01d_w1-._.js:2431
[ 3320274ms] [INFO] %c%s%c [setup-health] background: #e6e6e6;background: light-dark(rgba(0,0,0,0.1), rgba(255,255,255,0.25));color: #000000;color: light-dark(#000000, #ffffff);border-radius: 2px  Server   panel-layout {tenantId: cmrvvipw70000oyyo6123270j, userId: cmrvvipyc000aoyyodcu4tftb, score: 40, completedCount: 2, totalCriticalCount: 5} @ http://localhost:3030/_next/static/chunks/04m2_next_dist_01d_w1-._.js:2431
[ 3320375ms] [LOG] [Fast Refresh] rebuilding @ http://localhost:3030/_next/static/chunks/04m2_next_dist_01d_w1-._.js:2431
[ 3320406ms] [LOG] [Fast Refresh] done in 142ms @ http://localhost:3030/_next/static/chunks/04m2_next_dist_01d_w1-._.js:2431
[ 3320976ms] [INFO] %c%s%c [setup-health] background: #e6e6e6;background: light-dark(rgba(0,0,0,0.1), rgba(255,255,255,0.25));color: #000000;color: light-dark(#000000, #ffffff);border-radius: 2px  Server   panel-layout {tenantId: cmrvvipw70000oyyo6123270j, userId: cmrvvipyc000aoyyodcu4tftb, score: 40, completedCount: 2, totalCriticalCount: 5} @ http://localhost:3030/_next/static/chunks/04m2_next_dist_01d_w1-._.js:2431
[ 3321285ms] [LOG] [Fast Refresh] rebuilding @ http://localhost:3030/_next/static/chunks/04m2_next_dist_01d_w1-._.js:2431
[ 3321300ms] [LOG] [Fast Refresh] done in 118ms @ http://localhost:3030/_next/static/chunks/04m2_next_dist_01d_w1-._.js:2431
[ 3321567ms] [INFO] %c%s%c [setup-health] background: #e6e6e6;background: light-dark(rgba(0,0,0,0.1), rgba(255,255,255,0.25));color: #000000;color: light-dark(#000000, #ffffff);border-radius: 2px  Server   panel-layout {tenantId: cmrvvipw70000oyyo6123270j, userId: cmrvvipyc000aoyyodcu4tftb, score: 40, completedCount: 2, totalCriticalCount: 5} @ http://localhost:3030/_next/static/chunks/04m2_next_dist_01d_w1-._.js:2431
[ 3321949ms] [LOG] [Fast Refresh] rebuilding @ http://localhost:3030/_next/static/chunks/04m2_next_dist_01d_w1-._.js:2431
[ 3321967ms] [LOG] [Fast Refresh] done in 118ms @ http://localhost:3030/_next/static/chunks/04m2_next_dist_01d_w1-._.js:2431
[ 3322138ms] [LOG] [Fast Refresh] rebuilding @ http://localhost:3030/_next/static/chunks/04m2_next_dist_01d_w1-._.js:2431
[ 3322193ms] [INFO] %c%s%c [setup-health] background: #e6e6e6;background: light-dark(rgba(0,0,0,0.1), rgba(255,255,255,0.25));color: #000000;color: light-dark(#000000, #ffffff);border-radius: 2px  Server   panel-layout {tenantId: cmrvvipw70000oyyo6123270j, userId: cmrvvipyc000aoyyodcu4tftb, score: 40, completedCount: 2, totalCriticalCount: 5} @ http://localhost:3030/_next/static/chunks/04m2_next_dist_01d_w1-._.js:2431
[ 3322210ms] [LOG] [Fast Refresh] done in 175ms @ http://localhost:3030/_next/static/chunks/04m2_next_dist_01d_w1-._.js:2431
[ 3322414ms] [LOG] [Fast Refresh] rebuilding @ http://localhost:3030/_next/static/chunks/04m2_next_dist_01d_w1-._.js:2431
[ 3322418ms] [LOG] [Fast Refresh] done in 107ms @ http://localhost:3030/_next/static/chunks/04m2_next_dist_01d_w1-._.js:2431
[ 3322809ms] [INFO] %c%s%c [setup-health] background: #e6e6e6;background: light-dark(rgba(0,0,0,0.1), rgba(255,255,255,0.25));color: #000000;color: light-dark(#000000, #ffffff);border-radius: 2px  Server   panel-layout {tenantId: cmrvvipw70000oyyo6123270j, userId: cmrvvipyc000aoyyodcu4tftb, score: 40, completedCount: 2, totalCriticalCount: 5} @ http://localhost:3030/_next/static/chunks/04m2_next_dist_01d_w1-._.js:2431
[ 3323110ms] [LOG] [Fast Refresh] rebuilding @ http://localhost:3030/_next/static/chunks/04m2_next_dist_01d_w1-._.js:2431
[ 3323136ms] [LOG] [Fast Refresh] done in 131ms @ http://localhost:3030/_next/static/chunks/04m2_next_dist_01d_w1-._.js:2431
[ 3323337ms] [LOG] [Fast Refresh] rebuilding @ http://localhost:3030/_next/static/chunks/04m2_next_dist_01d_w1-._.js:2431
[ 3323379ms] [LOG] [Fast Refresh] done in 145ms @ http://localhost:3030/_next/static/chunks/04m2_next_dist_01d_w1-._.js:2431
[ 3323396ms] [INFO] %c%s%c [setup-health] background: #e6e6e6;background: light-dark(rgba(0,0,0,0.1), rgba(255,255,255,0.25));color: #000000;color: light-dark(#000000, #ffffff);border-radius: 2px  Server   panel-layout {tenantId: cmrvvipw70000oyyo6123270j, userId: cmrvvipyc000aoyyodcu4tftb, score: 40, completedCount: 2, totalCriticalCount: 5} @ http://localhost:3030/_next/static/chunks/04m2_next_dist_01d_w1-._.js:2431
[ 3323483ms] [LOG] [Fast Refresh] rebuilding @ http://localhost:3030/_next/static/chunks/04m2_next_dist_01d_w1-._.js:2431
[ 3323525ms] [LOG] [Fast Refresh] done in 144ms @ http://localhost:3030/_next/static/chunks/04m2_next_dist_01d_w1-._.js:2431
[ 3323722ms] [LOG] [Fast Refresh] rebuilding @ http://localhost:3030/_next/static/chunks/04m2_next_dist_01d_w1-._.js:2431
[ 3323778ms] [LOG] [Fast Refresh] done in 167ms @ http://localhost:3030/_next/static/chunks/04m2_next_dist_01d_w1-._.js:2431
[ 3323885ms] [LOG] [Fast Refresh] rebuilding @ http://localhost:3030/_next/static/chunks/04m2_next_dist_01d_w1-._.js:2431
[ 3323942ms] [INFO] %c%s%c [setup-health] background: #e6e6e6;background: light-dark(rgba(0,0,0,0.1), rgba(255,255,255,0.25));color: #000000;color: light-dark(#000000, #ffffff);border-radius: 2px  Server   panel-layout {tenantId: cmrvvipw70000oyyo6123270j, userId: cmrvvipyc000aoyyodcu4tftb, score: 40, completedCount: 2, totalCriticalCount: 5} @ http://localhost:3030/_next/static/chunks/04m2_next_dist_01d_w1-._.js:2431
[ 3323963ms] [LOG] [Fast Refresh] done in 182ms @ http://localhost:3030/_next/static/chunks/04m2_next_dist_01d_w1-._.js:2431
[ 3324069ms] [LOG] [Fast Refresh] rebuilding @ http://localhost:3030/_next/static/chunks/04m2_next_dist_01d_w1-._.js:2431
[ 3324082ms] [LOG] [Fast Refresh] done in 116ms @ http://localhost:3030/_next/static/chunks/04m2_next_dist_01d_w1-._.js:2431
[ 3324470ms] [LOG] [Fast Refresh] rebuilding @ http://localhost:3030/_next/static/chunks/04m2_next_dist_01d_w1-._.js:2431
[ 3324585ms] [LOG] [Fast Refresh] done in 217ms @ http://localhost:3030/_next/static/chunks/04m2_next_dist_01d_w1-._.js:2431
[ 3324596ms] [INFO] %c%s%c [setup-health] background: #e6e6e6;background: light-dark(rgba(0,0,0,0.1), rgba(255,255,255,0.25));color: #000000;color: light-dark(#000000, #ffffff);border-radius: 2px  Server   panel-layout {tenantId: cmrvvipw70000oyyo6123270j, userId: cmrvvipyc000aoyyodcu4tftb, score: 40, completedCount: 2, totalCriticalCount: 5} @ http://localhost:3030/_next/static/chunks/04m2_next_dist_01d_w1-._.js:2431
[ 3324869ms] [LOG] [Fast Refresh] rebuilding @ http://localhost:3030/_next/static/chunks/04m2_next_dist_01d_w1-._.js:2431
[ 3324902ms] [LOG] [Fast Refresh] done in 134ms @ http://localhost:3030/_next/static/chunks/04m2_next_dist_01d_w1-._.js:2431
[ 3325122ms] [LOG] [Fast Refresh] rebuilding @ http://localhost:3030/_next/static/chunks/04m2_next_dist_01d_w1-._.js:2431
[ 3325138ms] [INFO] %c%s%c [setup-health] background: #e6e6e6;background: light-dark(rgba(0,0,0,0.1), rgba(255,255,255,0.25));color: #000000;color: light-dark(#000000, #ffffff);border-radius: 2px  Server   panel-layout {tenantId: cmrvvipw70000oyyo6123270j, userId: cmrvvipyc000aoyyodcu4tftb, score: 40, completedCount: 2, totalCriticalCount: 5} @ http://localhost:3030/_next/static/chunks/04m2_next_dist_01d_w1-._.js:2431
[ 3325153ms] [LOG] [Fast Refresh] done in 134ms @ http://localhost:3030/_next/static/chunks/04m2_next_dist_01d_w1-._.js:2431
[ 3325257ms] [LOG] [Fast Refresh] rebuilding @ http://localhost:3030/_next/static/chunks/04m2_next_dist_01d_w1-._.js:2431
[ 3325277ms] [LOG] [Fast Refresh] done in 122ms @ http://localhost:3030/_next/static/chunks/04m2_next_dist_01d_w1-._.js:2431
[ 3325497ms] [LOG] [Fast Refresh] rebuilding @ http://localhost:3030/_next/static/chunks/04m2_next_dist_01d_w1-._.js:2431
[ 3325502ms] [LOG] [Fast Refresh] done in 110ms @ http://localhost:3030/_next/static/chunks/04m2_next_dist_01d_w1-._.js:2431
[ 3325608ms] [LOG] [Fast Refresh] rebuilding @ http://localhost:3030/_next/static/chunks/04m2_next_dist_01d_w1-._.js:2431
[ 3325616ms] [LOG] [Fast Refresh] done in 113ms @ http://localhost:3030/_next/static/chunks/04m2_next_dist_01d_w1-._.js:2431
[ 3325617ms] [INFO] %c%s%c [setup-health] background: #e6e6e6;background: light-dark(rgba(0,0,0,0.1), rgba(255,255,255,0.25));color: #000000;color: light-dark(#000000, #ffffff);border-radius: 2px  Server   panel-layout {tenantId: cmrvvipw70000oyyo6123270j, userId: cmrvvipyc000aoyyodcu4tftb, score: 40, completedCount: 2, totalCriticalCount: 5} @ http://localhost:3030/_next/static/chunks/04m2_next_dist_01d_w1-._.js:2431
[ 3325979ms] [LOG] [Fast Refresh] rebuilding @ http://localhost:3030/_next/static/chunks/04m2_next_dist_01d_w1-._.js:2431
[ 3326025ms] [INFO] %c%s%c [setup-health] background: #e6e6e6;background: light-dark(rgba(0,0,0,0.1), rgba(255,255,255,0.25));color: #000000;color: light-dark(#000000, #ffffff);border-radius: 2px  Server   panel-layout {tenantId: cmrvvipw70000oyyo6123270j, userId: cmrvvipyc000aoyyodcu4tftb, score: 40, completedCount: 2, totalCriticalCount: 5} @ http://localhost:3030/_next/static/chunks/04m2_next_dist_01d_w1-._.js:2431
[ 3326056ms] [LOG] [Fast Refresh] done in 182ms @ http://localhost:3030/_next/static/chunks/04m2_next_dist_01d_w1-._.js:2431
[ 3326473ms] [INFO] %c%s%c [setup-health] background: #e6e6e6;background: light-dark(rgba(0,0,0,0.1), rgba(255,255,255,0.25));color: #000000;color: light-dark(#000000, #ffffff);border-radius: 2px  Server   panel-layout {tenantId: cmrvvipw70000oyyo6123270j, userId: cmrvvipyc000aoyyodcu4tftb, score: 40, completedCount: 2, totalCriticalCount: 5} @ http://localhost:3030/_next/static/chunks/04m2_next_dist_01d_w1-._.js:2431
[ 3326488ms] [LOG] [Fast Refresh] rebuilding @ http://localhost:3030/_next/static/chunks/04m2_next_dist_01d_w1-._.js:2431
[ 3326490ms] [LOG] [Fast Refresh] done in 104ms @ http://localhost:3030/_next/static/chunks/04m2_next_dist_01d_w1-._.js:2431
[ 3326829ms] [LOG] [Fast Refresh] rebuilding @ http://localhost:3030/_next/static/chunks/04m2_next_dist_01d_w1-._.js:2431
[ 3326849ms] [INFO] %c%s%c [setup-health] background: #e6e6e6;background: light-dark(rgba(0,0,0,0.1), rgba(255,255,255,0.25));color: #000000;color: light-dark(#000000, #ffffff);border-radius: 2px  Server   panel-layout {tenantId: cmrvvipw70000oyyo6123270j, userId: cmrvvipyc000aoyyodcu4tftb, score: 40, completedCount: 2, totalCriticalCount: 5} @ http://localhost:3030/_next/static/chunks/04m2_next_dist_01d_w1-._.js:2431
[ 3326859ms] [LOG] [Fast Refresh] done in 133ms @ http://localhost:3030/_next/static/chunks/04m2_next_dist_01d_w1-._.js:2431
[ 3326963ms] [LOG] [Fast Refresh] rebuilding @ http://localhost:3030/_next/static/chunks/04m2_next_dist_01d_w1-._.js:2431
[ 3326993ms] [LOG] [Fast Refresh] done in 130ms @ http://localhost:3030/_next/static/chunks/04m2_next_dist_01d_w1-._.js:2431
[ 3327236ms] [INFO] %c%s%c [setup-health] background: #e6e6e6;background: light-dark(rgba(0,0,0,0.1), rgba(255,255,255,0.25));color: #000000;color: light-dark(#000000, #ffffff);border-radius: 2px  Server   panel-layout {tenantId: cmrvvipw70000oyyo6123270j, userId: cmrvvipyc000aoyyodcu4tftb, score: 40, completedCount: 2, totalCriticalCount: 5} @ http://localhost:3030/_next/static/chunks/04m2_next_dist_01d_w1-._.js:2431
[ 3327478ms] [INFO] %c%s%c [setup-health] background: #e6e6e6;background: light-dark(rgba(0,0,0,0.1), rgba(255,255,255,0.25));color: #000000;color: light-dark(#000000, #ffffff);border-radius: 2px  Server   panel-layout {tenantId: cmrvvipw70000oyyo6123270j, userId: cmrvvipyc000aoyyodcu4tftb, score: 40, completedCount: 2, totalCriticalCount: 5} @ http://localhost:3030/_next/static/chunks/04m2_next_dist_01d_w1-._.js:2431
[ 3327728ms] [LOG] [Fast Refresh] rebuilding @ http://localhost:3030/_next/static/chunks/04m2_next_dist_01d_w1-._.js:2431
[ 3327755ms] [INFO] %c%s%c [setup-health] background: #e6e6e6;background: light-dark(rgba(0,0,0,0.1), rgba(255,255,255,0.25));color: #000000;color: light-dark(#000000, #ffffff);border-radius: 2px  Server   panel-layout {tenantId: cmrvvipw70000oyyo6123270j, userId: cmrvvipyc000aoyyodcu4tftb, score: 40, completedCount: 2, totalCriticalCount: 5} @ http://localhost:3030/_next/static/chunks/04m2_next_dist_01d_w1-._.js:2431
[ 3327766ms] [LOG] [Fast Refresh] done in 142ms @ http://localhost:3030/_next/static/chunks/04m2_next_dist_01d_w1-._.js:2431
[ 3327991ms] [LOG] [Fast Refresh] rebuilding @ http://localhost:3030/_next/static/chunks/04m2_next_dist_01d_w1-._.js:2431
[ 3327996ms] [LOG] [Fast Refresh] done in 105ms @ http://localhost:3030/_next/static/chunks/04m2_next_dist_01d_w1-._.js:2431
[ 3328006ms] [INFO] %c%s%c [setup-health] background: #e6e6e6;background: light-dark(rgba(0,0,0,0.1), rgba(255,255,255,0.25));color: #000000;color: light-dark(#000000, #ffffff);border-radius: 2px  Server   panel-layout {tenantId: cmrvvipw70000oyyo6123270j, userId: cmrvvipyc000aoyyodcu4tftb, score: 40, completedCount: 2, totalCriticalCount: 5} @ http://localhost:3030/_next/static/chunks/04m2_next_dist_01d_w1-._.js:2431
[ 3328193ms] [INFO] %c%s%c [setup-health] background: #e6e6e6;background: light-dark(rgba(0,0,0,0.1), rgba(255,255,255,0.25));color: #000000;color: light-dark(#000000, #ffffff);border-radius: 2px  Server   panel-layout {tenantId: cmrvvipw70000oyyo6123270j, userId: cmrvvipyc000aoyyodcu4tftb, score: 40, completedCount: 2, totalCriticalCount: 5} @ http://localhost:3030/_next/static/chunks/04m2_next_dist_01d_w1-._.js:2431
[ 3328204ms] [LOG] [Fast Refresh] rebuilding @ http://localhost:3030/_next/static/chunks/04m2_next_dist_01d_w1-._.js:2431
[ 3328224ms] [LOG] [Fast Refresh] done in 127ms @ http://localhost:3030/_next/static/chunks/04m2_next_dist_01d_w1-._.js:2431
[ 3328447ms] [LOG] [Fast Refresh] rebuilding @ http://localhost:3030/_next/static/chunks/04m2_next_dist_01d_w1-._.js:2431
[ 3328457ms] [INFO] %c%s%c [setup-health] background: #e6e6e6;background: light-dark(rgba(0,0,0,0.1), rgba(255,255,255,0.25));color: #000000;color: light-dark(#000000, #ffffff);border-radius: 2px  Server   panel-layout {tenantId: cmrvvipw70000oyyo6123270j, userId: cmrvvipyc000aoyyodcu4tftb, score: 40, completedCount: 2, totalCriticalCount: 5} @ http://localhost:3030/_next/static/chunks/04m2_next_dist_01d_w1-._.js:2431
[ 3328473ms] [LOG] [Fast Refresh] done in 127ms @ http://localhost:3030/_next/static/chunks/04m2_next_dist_01d_w1-._.js:2431
[ 3328694ms] [LOG] [Fast Refresh] rebuilding @ http://localhost:3030/_next/static/chunks/04m2_next_dist_01d_w1-._.js:2431
[ 3328712ms] [LOG] [Fast Refresh] done in 120ms @ http://localhost:3030/_next/static/chunks/04m2_next_dist_01d_w1-._.js:2431
[ 3328716ms] [INFO] %c%s%c [setup-health] background: #e6e6e6;background: light-dark(rgba(0,0,0,0.1), rgba(255,255,255,0.25));color: #000000;color: light-dark(#000000, #ffffff);border-radius: 2px  Server   panel-layout {tenantId: cmrvvipw70000oyyo6123270j, userId: cmrvvipyc000aoyyodcu4tftb, score: 40, completedCount: 2, totalCriticalCount: 5} @ http://localhost:3030/_next/static/chunks/04m2_next_dist_01d_w1-._.js:2431
[ 3328932ms] [LOG] [Fast Refresh] rebuilding @ http://localhost:3030/_next/static/chunks/04m2_next_dist_01d_w1-._.js:2431
[ 3328941ms] [LOG] [Fast Refresh] done in 110ms @ http://localhost:3030/_next/static/chunks/04m2_next_dist_01d_w1-._.js:2431
[ 3328951ms] [INFO] %c%s%c [setup-health] background: #e6e6e6;background: light-dark(rgba(0,0,0,0.1), rgba(255,255,255,0.25));color: #000000;color: light-dark(#000000, #ffffff);border-radius: 2px  Server   panel-layout {tenantId: cmrvvipw70000oyyo6123270j, userId: cmrvvipyc000aoyyodcu4tftb, score: 40, completedCount: 2, totalCriticalCount: 5} @ http://localhost:3030/_next/static/chunks/04m2_next_dist_01d_w1-._.js:2431
[ 3329167ms] [LOG] [Fast Refresh] rebuilding @ http://localhost:3030/_next/static/chunks/04m2_next_dist_01d_w1-._.js:2431
[ 3329183ms] [LOG] [Fast Refresh] done in 119ms @ http://localhost:3030/_next/static/chunks/04m2_next_dist_01d_w1-._.js:2431
[ 3329196ms] [INFO] %c%s%c [setup-health] background: #e6e6e6;background: light-dark(rgba(0,0,0,0.1), rgba(255,255,255,0.25));color: #000000;color: light-dark(#000000, #ffffff);border-radius: 2px  Server   panel-layout {tenantId: cmrvvipw70000oyyo6123270j, userId: cmrvvipyc000aoyyodcu4tftb, score: 40, completedCount: 2, totalCriticalCount: 5} @ http://localhost:3030/_next/static/chunks/04m2_next_dist_01d_w1-._.js:2431
[ 3329492ms] [INFO] %c%s%c [setup-health] background: #e6e6e6;background: light-dark(rgba(0,0,0,0.1), rgba(255,255,255,0.25));color: #000000;color: light-dark(#000000, #ffffff);border-radius: 2px  Server   panel-layout {tenantId: cmrvvipw70000oyyo6123270j, userId: cmrvvipyc000aoyyodcu4tftb, score: 40, completedCount: 2, totalCriticalCount: 5} @ http://localhost:3030/_next/static/chunks/04m2_next_dist_01d_w1-._.js:2431
[ 3329727ms] [INFO] %c%s%c [setup-health] background: #e6e6e6;background: light-dark(rgba(0,0,0,0.1), rgba(255,255,255,0.25));color: #000000;color: light-dark(#000000, #ffffff);border-radius: 2px  Server   panel-layout {tenantId: cmrvvipw70000oyyo6123270j, userId: cmrvvipyc000aoyyodcu4tftb, score: 40, completedCount: 2, totalCriticalCount: 5} @ http://localhost:3030/_next/static/chunks/04m2_next_dist_01d_w1-._.js:2431
[ 3329954ms] [LOG] [Fast Refresh] rebuilding @ http://localhost:3030/_next/static/chunks/04m2_next_dist_01d_w1-._.js:2431
[ 3330012ms] [LOG] [Fast Refresh] done in 159ms @ http://localhost:3030/_next/static/chunks/04m2_next_dist_01d_w1-._.js:2431
[ 3330022ms] [INFO] %c%s%c [setup-health] background: #e6e6e6;background: light-dark(rgba(0,0,0,0.1), rgba(255,255,255,0.25));color: #000000;color: light-dark(#000000, #ffffff);border-radius: 2px  Server   panel-layout {tenantId: cmrvvipw70000oyyo6123270j, userId: cmrvvipyc000aoyyodcu4tftb, score: 40, completedCount: 2, totalCriticalCount: 5} @ http://localhost:3030/_next/static/chunks/04m2_next_dist_01d_w1-._.js:2431
[ 3330244ms] [LOG] [Fast Refresh] rebuilding @ http://localhost:3030/_next/static/chunks/04m2_next_dist_01d_w1-._.js:2431
[ 3330289ms] [LOG] [Fast Refresh] done in 156ms @ http://localhost:3030/_next/static/chunks/04m2_next_dist_01d_w1-._.js:2431
[ 3330299ms] [INFO] %c%s%c [setup-health] background: #e6e6e6;background: light-dark(rgba(0,0,0,0.1), rgba(255,255,255,0.25));color: #000000;color: light-dark(#000000, #ffffff);border-radius: 2px  Server   panel-layout {tenantId: cmrvvipw70000oyyo6123270j, userId: cmrvvipyc000aoyyodcu4tftb, score: 40, completedCount: 2, totalCriticalCount: 5} @ http://localhost:3030/_next/static/chunks/04m2_next_dist_01d_w1-._.js:2431
[ 3330568ms] [INFO] %c%s%c [setup-health] background: #e6e6e6;background: light-dark(rgba(0,0,0,0.1), rgba(255,255,255,0.25));color: #000000;color: light-dark(#000000, #ffffff);border-radius: 2px  Server   panel-layout {tenantId: cmrvvipw70000oyyo6123270j, userId: cmrvvipyc000aoyyodcu4tftb, score: 40, completedCount: 2, totalCriticalCount: 5} @ http://localhost:3030/_next/static/chunks/04m2_next_dist_01d_w1-._.js:2431
[ 3330901ms] [INFO] %c%s%c [setup-health] background: #e6e6e6;background: light-dark(rgba(0,0,0,0.1), rgba(255,255,255,0.25));color: #000000;color: light-dark(#000000, #ffffff);border-radius: 2px  Server   panel-layout {tenantId: cmrvvipw70000oyyo6123270j, userId: cmrvvipyc000aoyyodcu4tftb, score: 40, completedCount: 2, totalCriticalCount: 5} @ http://localhost:3030/_next/static/chunks/04m2_next_dist_01d_w1-._.js:2431
[ 3331115ms] [INFO] %c%s%c [setup-health] background: #e6e6e6;background: light-dark(rgba(0,0,0,0.1), rgba(255,255,255,0.25));color: #000000;color: light-dark(#000000, #ffffff);border-radius: 2px  Server   panel-layout {tenantId: cmrvvipw70000oyyo6123270j, userId: cmrvvipyc000aoyyodcu4tftb, score: 40, completedCount: 2, totalCriticalCount: 5} @ http://localhost:3030/_next/static/chunks/04m2_next_dist_01d_w1-._.js:2431
[ 3331268ms] [INFO] %c%s%c [setup-health] background: #e6e6e6;background: light-dark(rgba(0,0,0,0.1), rgba(255,255,255,0.25));color: #000000;color: light-dark(#000000, #ffffff);border-radius: 2px  Server   panel-layout {tenantId: cmrvvipw70000oyyo6123270j, userId: cmrvvipyc000aoyyodcu4tftb, score: 40, completedCount: 2, totalCriticalCount: 5} @ http://localhost:3030/_next/static/chunks/04m2_next_dist_01d_w1-._.js:2431
[ 3333258ms] [LOG] [Fast Refresh] rebuilding @ http://localhost:3030/_next/static/chunks/04m2_next_dist_01d_w1-._.js:2431
[ 3341890ms] [LOG] [Fast Refresh] done in 8685ms @ http://localhost:3030/_next/static/chunks/04m2_next_dist_01d_w1-._.js:2431
[ 3342057ms] [LOG] [Fast Refresh] rebuilding @ http://localhost:3030/_next/static/chunks/04m2_next_dist_01d_w1-._.js:2431
[ 3342531ms] [LOG] [Fast Refresh] done in 575ms @ http://localhost:3030/_next/static/chunks/04m2_next_dist_01d_w1-._.js:2431
[ 3342634ms] [LOG] [Fast Refresh] rebuilding @ http://localhost:3030/_next/static/chunks/04m2_next_dist_01d_w1-._.js:2431
[ 3343255ms] [LOG] [Fast Refresh] done in 722ms @ http://localhost:3030/_next/static/chunks/04m2_next_dist_01d_w1-._.js:2431
[ 3343892ms] [LOG] [Fast Refresh] rebuilding @ http://localhost:3030/_next/static/chunks/04m2_next_dist_01d_w1-._.js:2431
[ 3343999ms] [LOG] [Fast Refresh] done in 208ms @ http://localhost:3030/_next/static/chunks/04m2_next_dist_01d_w1-._.js:2431
[ 3344003ms] [INFO] %c%s%c [setup-health] background: #e6e6e6;background: light-dark(rgba(0,0,0,0.1), rgba(255,255,255,0.25));color: #000000;color: light-dark(#000000, #ffffff);border-radius: 2px  Server   panel-layout {tenantId: cmrvvipw70000oyyo6123270j, userId: cmrvvipyc000aoyyodcu4tftb, score: 40, completedCount: 2, totalCriticalCount: 5} @ http://localhost:3030/_next/static/chunks/04m2_next_dist_01d_w1-._.js:2431
[ 3344265ms] [LOG] [Fast Refresh] rebuilding @ http://localhost:3030/_next/static/chunks/04m2_next_dist_01d_w1-._.js:2431
[ 3344359ms] [LOG] [Fast Refresh] done in 194ms @ http://localhost:3030/_next/static/chunks/04m2_next_dist_01d_w1-._.js:2431
[ 3344477ms] [LOG] [Fast Refresh] rebuilding @ http://localhost:3030/_next/static/chunks/04m2_next_dist_01d_w1-._.js:2431
[ 3348868ms] [LOG] [Fast Refresh] done in 3422ms @ http://localhost:3030/_next/static/chunks/04m2_next_dist_01d_w1-._.js:2431
[ 3349902ms] [INFO] %c%s%c [setup-health] background: #e6e6e6;background: light-dark(rgba(0,0,0,0.1), rgba(255,255,255,0.25));color: #000000;color: light-dark(#000000, #ffffff);border-radius: 2px  Server   panel-layout {tenantId: cmrvvipw70000oyyo6123270j, userId: cmrvvipyc000aoyyodcu4tftb, score: 40, completedCount: 2, totalCriticalCount: 5} @ http://localhost:3030/_next/static/chunks/04m2_next_dist_01d_w1-._.js:2431
[ 3350078ms] [LOG] [Fast Refresh] rebuilding @ http://localhost:3030/_next/static/chunks/04m2_next_dist_01d_w1-._.js:2431
[ 3350206ms] [LOG] [Fast Refresh] done in 230ms @ http://localhost:3030/_next/static/chunks/04m2_next_dist_01d_w1-._.js:2431
[ 3350560ms] [LOG] [Fast Refresh] rebuilding @ http://localhost:3030/_next/static/chunks/04m2_next_dist_01d_w1-._.js:2431
[ 3350720ms] [LOG] [Fast Refresh] done in 260ms @ http://localhost:3030/_next/static/chunks/04m2_next_dist_01d_w1-._.js:2431
[ 3350832ms] [INFO] %c%s%c [setup-health] background: #e6e6e6;background: light-dark(rgba(0,0,0,0.1), rgba(255,255,255,0.25));color: #000000;color: light-dark(#000000, #ffffff);border-radius: 2px  Server   panel-layout {tenantId: cmrvvipw70000oyyo6123270j, userId: cmrvvipyc000aoyyodcu4tftb, score: 40, completedCount: 2, totalCriticalCount: 5} @ http://localhost:3030/_next/static/chunks/04m2_next_dist_01d_w1-._.js:2431
[ 3351429ms] [INFO] %c%s%c [setup-health] background: #e6e6e6;background: light-dark(rgba(0,0,0,0.1), rgba(255,255,255,0.25));color: #000000;color: light-dark(#000000, #ffffff);border-radius: 2px  Server   panel-layout {tenantId: cmrvvipw70000oyyo6123270j, userId: cmrvvipyc000aoyyodcu4tftb, score: 40, completedCount: 2, totalCriticalCount: 5} @ http://localhost:3030/_next/static/chunks/04m2_next_dist_01d_w1-._.js:2431
[ 3351872ms] [INFO] %c%s%c [setup-health] background: #e6e6e6;background: light-dark(rgba(0,0,0,0.1), rgba(255,255,255,0.25));color: #000000;color: light-dark(#000000, #ffffff);border-radius: 2px  Server   panel-layout {tenantId: cmrvvipw70000oyyo6123270j, userId: cmrvvipyc000aoyyodcu4tftb, score: 40, completedCount: 2, totalCriticalCount: 5} @ http://localhost:3030/_next/static/chunks/04m2_next_dist_01d_w1-._.js:2431
[ 3351918ms] [LOG] [Fast Refresh] rebuilding @ http://localhost:3030/_next/static/chunks/04m2_next_dist_01d_w1-._.js:2431
[ 3351951ms] [LOG] [Fast Refresh] done in 136ms @ http://localhost:3030/_next/static/chunks/04m2_next_dist_01d_w1-._.js:2431
[ 3352346ms] [LOG] [Fast Refresh] rebuilding @ http://localhost:3030/_next/static/chunks/04m2_next_dist_01d_w1-._.js:2431
[ 3352377ms] [LOG] [Fast Refresh] done in 132ms @ http://localhost:3030/_next/static/chunks/04m2_next_dist_01d_w1-._.js:2431
[ 3352475ms] [INFO] %c%s%c [setup-health] background: #e6e6e6;background: light-dark(rgba(0,0,0,0.1), rgba(255,255,255,0.25));color: #000000;color: light-dark(#000000, #ffffff);border-radius: 2px  Server   panel-layout {tenantId: cmrvvipw70000oyyo6123270j, userId: cmrvvipyc000aoyyodcu4tftb, score: 40, completedCount: 2, totalCriticalCount: 5} @ http://localhost:3030/_next/static/chunks/04m2_next_dist_01d_w1-._.js:2431
[ 3352481ms] [LOG] [Fast Refresh] rebuilding @ http://localhost:3030/_next/static/chunks/04m2_next_dist_01d_w1-._.js:2431
[ 3352566ms] [LOG] [Fast Refresh] done in 186ms @ http://localhost:3030/_next/static/chunks/04m2_next_dist_01d_w1-._.js:2431
[ 3352826ms] [LOG] [Fast Refresh] rebuilding @ http://localhost:3030/_next/static/chunks/04m2_next_dist_01d_w1-._.js:2431
[ 3352840ms] [LOG] [Fast Refresh] done in 116ms @ http://localhost:3030/_next/static/chunks/04m2_next_dist_01d_w1-._.js:2431
[ 3352985ms] [LOG] [Fast Refresh] rebuilding @ http://localhost:3030/_next/static/chunks/04m2_next_dist_01d_w1-._.js:2431
[ 3353033ms] [LOG] [Fast Refresh] done in 149ms @ http://localhost:3030/_next/static/chunks/04m2_next_dist_01d_w1-._.js:2431
[ 3353134ms] [LOG] [Fast Refresh] rebuilding @ http://localhost:3030/_next/static/chunks/04m2_next_dist_01d_w1-._.js:2431
[ 3353190ms] [INFO] %c%s%c [setup-health] background: #e6e6e6;background: light-dark(rgba(0,0,0,0.1), rgba(255,255,255,0.25));color: #000000;color: light-dark(#000000, #ffffff);border-radius: 2px  Server   panel-layout {tenantId: cmrvvipw70000oyyo6123270j, userId: cmrvvipyc000aoyyodcu4tftb, score: 40, completedCount: 2, totalCriticalCount: 5} @ http://localhost:3030/_next/static/chunks/04m2_next_dist_01d_w1-._.js:2431
[ 3361184ms] [LOG] [Fast Refresh] done in 7924ms @ http://localhost:3030/_next/static/chunks/04m2_next_dist_01d_w1-._.js:2431
[ 3361296ms] [LOG] [Fast Refresh] rebuilding @ http://localhost:3030/_next/static/chunks/04m2_next_dist_01d_w1-._.js:2431
[ 3361317ms] [LOG] [Fast Refresh] done in 123ms @ http://localhost:3030/_next/static/chunks/04m2_next_dist_01d_w1-._.js:2431
[ 3361484ms] [LOG] [Fast Refresh] rebuilding @ http://localhost:3030/_next/static/chunks/04m2_next_dist_01d_w1-._.js:2431
[ 3361489ms] [LOG] [Fast Refresh] done in 117ms @ http://localhost:3030/_next/static/chunks/04m2_next_dist_01d_w1-._.js:2431
[ 3361594ms] [LOG] [Fast Refresh] rebuilding @ http://localhost:3030/_next/static/chunks/04m2_next_dist_01d_w1-._.js:2431
[ 3361694ms] [LOG] [Fast Refresh] done in 203ms @ http://localhost:3030/_next/static/chunks/04m2_next_dist_01d_w1-._.js:2431
[ 3361809ms] [INFO] %c%s%c [setup-health] background: #e6e6e6;background: light-dark(rgba(0,0,0,0.1), rgba(255,255,255,0.25));color: #000000;color: light-dark(#000000, #ffffff);border-radius: 2px  Server   panel-layout {tenantId: cmrvvipw70000oyyo6123270j, userId: cmrvvipyc000aoyyodcu4tftb, score: 40, completedCount: 2, totalCriticalCount: 5} @ http://localhost:3030/_next/static/chunks/04m2_next_dist_01d_w1-._.js:2431
[ 3362309ms] [LOG] [Fast Refresh] rebuilding @ http://localhost:3030/_next/static/chunks/04m2_next_dist_01d_w1-._.js:2431
[ 3362354ms] [LOG] [Fast Refresh] done in 149ms @ http://localhost:3030/_next/static/chunks/04m2_next_dist_01d_w1-._.js:2431
[ 3362451ms] [INFO] %c%s%c [setup-health] background: #e6e6e6;background: light-dark(rgba(0,0,0,0.1), rgba(255,255,255,0.25));color: #000000;color: light-dark(#000000, #ffffff);border-radius: 2px  Server   panel-layout {tenantId: cmrvvipw70000oyyo6123270j, userId: cmrvvipyc000aoyyodcu4tftb, score: 40, completedCount: 2, totalCriticalCount: 5} @ http://localhost:3030/_next/static/chunks/04m2_next_dist_01d_w1-._.js:2431
[ 3362736ms] [LOG] [Fast Refresh] rebuilding @ http://localhost:3030/_next/static/chunks/04m2_next_dist_01d_w1-._.js:2431
[ 3366101ms] [ERROR] Failed to load resource: net::ERR_CONNECTION_RESET @ http://localhost:3030/employees/phase3-runtime-disabled/profile?_rsc=1vcuo:0
[ 3366102ms] [ERROR] Failed to load resource: net::ERR_CONNECTION_RESET @ http://localhost:3030/employees/phase3-runtime-disabled/profile?_rsc=1vcuo:0
[ 3368436ms] [ERROR] Failed to load resource: net::ERR_CONNECTION_REFUSED @ http://localhost:3030/employees/phase3-runtime-disabled/profile?_rsc=1vcuo:0
[ 3368438ms] [ERROR] Failed to fetch RSC payload for http://localhost:3030/employees/phase3-runtime-disabled/profile. Falling back to browser navigation. TypeError: Failed to fetch
    at createFetch (http://localhost:3030/_next/static/chunks/04m2_next_dist_client_0-mnb_3._.js:8084:21)
    at fetchServerResponse (http://localhost:3030/_next/static/chunks/04m2_next_dist_client_0-mnb_3._.js:7928:27)
    at fetchMissingDynamicData (http://localhost:3030/_next/static/chunks/04m2_next_dist_client_0-mnb_3._.js:9341:75)
    at spawnDynamicRequests (http://localhost:3030/_next/static/chunks/04m2_next_dist_client_0-mnb_3._.js:9149:35)
    at navigateToKnownRoute (http://localhost:3030/_next/static/chunks/04m2_next_dist_client_0-mnb_3._.js:10033:54)
    at refreshDynamicData (http://localhost:3030/_next/static/chunks/04m2_next_dist_client_0-mnb_3._.js:10653:49)
    at hmrRefreshReducer (http://localhost:3030/_next/static/chunks/04m2_next_dist_client_0-mnb_3._.js:10802:51)
    at clientReducer (http://localhost:3030/_next/static/chunks/04m2_next_dist_client_0-mnb_3._.js:11398:65)
    at Object.action (http://localhost:3030/_next/static/chunks/04m2_next_dist_client_0-mnb_3._.js:11631:55)
    at runAction (http://localhost:3030/_next/static/chunks/04m2_next_dist_client_0-mnb_3._.js:11536:38)
    at dispatchAction (http://localhost:3030/_next/static/chunks/04m2_next_dist_client_0-mnb_3._.js:11599:9)
    at Object.dispatch (http://localhost:3030/_next/static/chunks/04m2_next_dist_client_0-mnb_3._.js:11629:40)
    at http://localhost:3030/_next/static/chunks/04m2_next_dist_client_0-mnb_3._.js:963:29
    at startTransition (http://localhost:3030/_next/static/chunks/04m2_next_dist_compiled_react-dom_03k2tun._.js:5469:31)
    at nextDispatch (http://localhost:3030/_next/static/chunks/04m2_next_dist_client_0-mnb_3._.js:962:13)
    at dispatchAppRouterAction (http://localhost:3030/_next/static/chunks/04m2_next_dist_client_0-mnb_3._.js:922:5)
    at http://localhost:3030/_next/static/chunks/04m2_next_dist_client_0-mnb_3._.js:11800:61
    at startTransition (http://localhost:3030/_next/static/chunks/04m2_next_dist_compiled_0g.v2rf._.js:1279:31)
    at Object.hmrRefresh (http://localhost:3030/_next/static/chunks/04m2_next_dist_client_0-mnb_3._.js:11799:40)
    at http://localhost:3030/_next/static/chunks/04m2_next_dist_client_0-mnb_3._.js:13967:64
    at startTransition (http://localhost:3030/_next/static/chunks/04m2_next_dist_compiled_0g.v2rf._.js:1279:31)
    at processMessage (http://localhost:3030/_next/static/chunks/04m2_next_dist_client_0-mnb_3._.js:13966:44)
    at WebSocket.handleMessage (http://localhost:3030/_next/static/chunks/04m2_next_dist_client_0-mnb_3._.js:13335:52) @ http://localhost:3030/_next/static/chunks/04m2_next_dist_01d_w1-._.js:3272
[ 3368457ms] [ERROR] WebSocket is already in CLOSING or CLOSED state. @ http://localhost:3030/_next/static/chunks/04m2_next_dist_01d_w1-._.js:2790
[ 3368516ms] [ERROR] Failed to load resource: net::ERR_CONNECTION_REFUSED @ http://localhost:3030/employees/phase3-runtime-disabled/profile?_rsc=1vcuo:0
[ 3368517ms] [ERROR] Failed to fetch RSC payload for http://localhost:3030/employees/phase3-runtime-disabled/profile. Falling back to browser navigation. TypeError: Failed to fetch
    at createFetch (http://localhost:3030/_next/static/chunks/04m2_next_dist_client_0-mnb_3._.js:8084:21)
    at fetchServerResponse (http://localhost:3030/_next/static/chunks/04m2_next_dist_client_0-mnb_3._.js:7928:27)
    at fetchMissingDynamicData (http://localhost:3030/_next/static/chunks/04m2_next_dist_client_0-mnb_3._.js:9341:75)
    at spawnDynamicRequests (http://localhost:3030/_next/static/chunks/04m2_next_dist_client_0-mnb_3._.js:9149:35)
    at navigateToKnownRoute (http://localhost:3030/_next/static/chunks/04m2_next_dist_client_0-mnb_3._.js:10033:54)
    at refreshDynamicData (http://localhost:3030/_next/static/chunks/04m2_next_dist_client_0-mnb_3._.js:10653:49)
    at hmrRefreshReducer (http://localhost:3030/_next/static/chunks/04m2_next_dist_client_0-mnb_3._.js:10802:51)
    at clientReducer (http://localhost:3030/_next/static/chunks/04m2_next_dist_client_0-mnb_3._.js:11398:65)
    at Object.action (http://localhost:3030/_next/static/chunks/04m2_next_dist_client_0-mnb_3._.js:11631:55)
    at runAction (http://localhost:3030/_next/static/chunks/04m2_next_dist_client_0-mnb_3._.js:11536:38)
    at dispatchAction (http://localhost:3030/_next/static/chunks/04m2_next_dist_client_0-mnb_3._.js:11599:9)
    at Object.dispatch (http://localhost:3030/_next/static/chunks/04m2_next_dist_client_0-mnb_3._.js:11629:40)
    at http://localhost:3030/_next/static/chunks/04m2_next_dist_client_0-mnb_3._.js:963:29
    at startTransition (http://localhost:3030/_next/static/chunks/04m2_next_dist_compiled_react-dom_03k2tun._.js:5469:31)
    at nextDispatch (http://localhost:3030/_next/static/chunks/04m2_next_dist_client_0-mnb_3._.js:962:13)
    at dispatchAppRouterAction (http://localhost:3030/_next/static/chunks/04m2_next_dist_client_0-mnb_3._.js:922:5)
    at http://localhost:3030/_next/static/chunks/04m2_next_dist_client_0-mnb_3._.js:11800:61
    at startTransition (http://localhost:3030/_next/static/chunks/04m2_next_dist_compiled_0g.v2rf._.js:1279:31)
    at Object.hmrRefresh (http://localhost:3030/_next/static/chunks/04m2_next_dist_client_0-mnb_3._.js:11799:40)
    at http://localhost:3030/_next/static/chunks/04m2_next_dist_client_0-mnb_3._.js:13967:64
    at startTransition (http://localhost:3030/_next/static/chunks/04m2_next_dist_compiled_0g.v2rf._.js:1279:31)
    at processMessage (http://localhost:3030/_next/static/chunks/04m2_next_dist_client_0-mnb_3._.js:13966:44)
    at WebSocket.handleMessage (http://localhost:3030/_next/static/chunks/04m2_next_dist_client_0-mnb_3._.js:13335:52) @ http://localhost:3030/_next/static/chunks/04m2_next_dist_01d_w1-._.js:3272
[ 3368561ms] [ERROR] WebSocket is already in CLOSING or CLOSED state. @ http://localhost:3030/_next/static/chunks/04m2_next_dist_01d_w1-._.js:2790
[ 3369459ms] [ERROR] WebSocket connection to 'ws://localhost:3030/_next/webpack-hmr?id=CFeBZHiCI8Ohz34IFqeJP' failed: Error in connection establishment: net::ERR_CONNECTION_REFUSED @ http://localhost:3030/_next/static/chunks/04m2_next_dist_client_0-mnb_3._.js:13299
[ 3411746ms] [INFO] %cDownload the React DevTools for a better development experience: https://react.dev/link/react-devtools font-weight:bold @ http://localhost:3030/_next/static/chunks/04m2_next_dist_01d_w1-._.js:2431
[ 3411909ms] [LOG] [HMR] connected @ http://localhost:3030/_next/static/chunks/04m2_next_dist_01d_w1-._.js:2431
[ 3411999ms] [INFO] %c%s%c [setup-health] background: #e6e6e6;background: light-dark(rgba(0,0,0,0.1), rgba(255,255,255,0.25));color: #000000;color: light-dark(#000000, #ffffff);border-radius: 2px  Server   panel-layout {tenantId: cmrvvipw70000oyyo6123270j, userId: cmrvvipyc000aoyyodcu4tftb, score: 40, completedCount: 2, totalCriticalCount: 5} @ http://localhost:3030/_next/static/chunks/04m2_next_dist_01d_w1-._.js:2431
[ 3412143ms] [LOG] [Fast Refresh] rebuilding @ http://localhost:3030/_next/static/chunks/04m2_next_dist_01d_w1-._.js:2431
[ 3412360ms] [LOG] [Fast Refresh] done in 330ms @ http://localhost:3030/_next/static/chunks/04m2_next_dist_01d_w1-._.js:2431
[ 3436894ms] [LOG] [Fast Refresh] rebuilding @ http://localhost:3030/_next/static/chunks/04m2_next_dist_01d_w1-._.js:2431
[ 3437329ms] [LOG] [Fast Refresh] done in 526ms @ http://localhost:3030/_next/static/chunks/04m2_next_dist_01d_w1-._.js:2431
[ 3437460ms] [LOG] [Fast Refresh] rebuilding @ http://localhost:3030/_next/static/chunks/04m2_next_dist_01d_w1-._.js:2431
[ 3437560ms] [LOG] [Fast Refresh] done in 203ms @ http://localhost:3030/_next/static/chunks/04m2_next_dist_01d_w1-._.js:2431
[ 3437692ms] [LOG] [Fast Refresh] rebuilding @ http://localhost:3030/_next/static/chunks/04m2_next_dist_01d_w1-._.js:2431
[ 3437760ms] [LOG] [Fast Refresh] done in 172ms @ http://localhost:3030/_next/static/chunks/04m2_next_dist_01d_w1-._.js:2431
[ 3438046ms] [INFO] %c%s%c [setup-health] background: #e6e6e6;background: light-dark(rgba(0,0,0,0.1), rgba(255,255,255,0.25));color: #000000;color: light-dark(#000000, #ffffff);border-radius: 2px  Server   panel-layout {tenantId: cmrvvipw70000oyyo6123270j, userId: cmrvvipyc000aoyyodcu4tftb, score: 40, completedCount: 2, totalCriticalCount: 5} @ http://localhost:3030/_next/static/chunks/04m2_next_dist_01d_w1-._.js:2431
[ 3438327ms] [INFO] %c%s%c [setup-health] background: #e6e6e6;background: light-dark(rgba(0,0,0,0.1), rgba(255,255,255,0.25));color: #000000;color: light-dark(#000000, #ffffff);border-radius: 2px  Server   panel-layout {tenantId: cmrvvipw70000oyyo6123270j, userId: cmrvvipyc000aoyyodcu4tftb, score: 40, completedCount: 2, totalCriticalCount: 5} @ http://localhost:3030/_next/static/chunks/04m2_next_dist_01d_w1-._.js:2431
[ 3438476ms] [INFO] %c%s%c [setup-health] background: #e6e6e6;background: light-dark(rgba(0,0,0,0.1), rgba(255,255,255,0.25));color: #000000;color: light-dark(#000000, #ffffff);border-radius: 2px  Server   panel-layout {tenantId: cmrvvipw70000oyyo6123270j, userId: cmrvvipyc000aoyyodcu4tftb, score: 40, completedCount: 2, totalCriticalCount: 5} @ http://localhost:3030/_next/static/chunks/04m2_next_dist_01d_w1-._.js:2431
[ 3451558ms] [LOG] [Fast Refresh] rebuilding @ http://localhost:3030/_next/static/chunks/04m2_next_dist_01d_w1-._.js:2431
[ 3452197ms] [LOG] [Fast Refresh] done in 735ms @ http://localhost:3030/_next/static/chunks/04m2_next_dist_01d_w1-._.js:2431
[ 3452328ms] [LOG] [Fast Refresh] rebuilding @ http://localhost:3030/_next/static/chunks/04m2_next_dist_01d_w1-._.js:2431
[ 3452491ms] [LOG] [Fast Refresh] done in 266ms @ http://localhost:3030/_next/static/chunks/04m2_next_dist_01d_w1-._.js:2431
[ 3452621ms] [LOG] [Fast Refresh] rebuilding @ http://localhost:3030/_next/static/chunks/04m2_next_dist_01d_w1-._.js:2431
[ 3453028ms] [LOG] [Fast Refresh] done in 507ms @ http://localhost:3030/_next/static/chunks/04m2_next_dist_01d_w1-._.js:2431
[ 3453410ms] [LOG] [Fast Refresh] rebuilding @ http://localhost:3030/_next/static/chunks/04m2_next_dist_01d_w1-._.js:2431
[ 3453476ms] [LOG] [Fast Refresh] done in 166ms @ http://localhost:3030/_next/static/chunks/04m2_next_dist_01d_w1-._.js:2431
[ 3453560ms] [INFO] %c%s%c [setup-health] background: #e6e6e6;background: light-dark(rgba(0,0,0,0.1), rgba(255,255,255,0.25));color: #000000;color: light-dark(#000000, #ffffff);border-radius: 2px  Server   panel-layout {tenantId: cmrvvipw70000oyyo6123270j, userId: cmrvvipyc000aoyyodcu4tftb, score: 40, completedCount: 2, totalCriticalCount: 5} @ http://localhost:3030/_next/static/chunks/04m2_next_dist_01d_w1-._.js:2431
[ 3453891ms] [LOG] [Fast Refresh] rebuilding @ http://localhost:3030/_next/static/chunks/04m2_next_dist_01d_w1-._.js:2431
[ 3453919ms] [LOG] [Fast Refresh] done in 129ms @ http://localhost:3030/_next/static/chunks/04m2_next_dist_01d_w1-._.js:2431
[ 3453922ms] [INFO] %c%s%c [setup-health] background: #e6e6e6;background: light-dark(rgba(0,0,0,0.1), rgba(255,255,255,0.25));color: #000000;color: light-dark(#000000, #ffffff);border-radius: 2px  Server   panel-layout {tenantId: cmrvvipw70000oyyo6123270j, userId: cmrvvipyc000aoyyodcu4tftb, score: 40, completedCount: 2, totalCriticalCount: 5} @ http://localhost:3030/_next/static/chunks/04m2_next_dist_01d_w1-._.js:2431
[ 3454276ms] [LOG] [Fast Refresh] rebuilding @ http://localhost:3030/_next/static/chunks/04m2_next_dist_01d_w1-._.js:2431
[ 3454299ms] [LOG] [Fast Refresh] done in 127ms @ http://localhost:3030/_next/static/chunks/04m2_next_dist_01d_w1-._.js:2431
[ 3454311ms] [INFO] %c%s%c [setup-health] background: #e6e6e6;background: light-dark(rgba(0,0,0,0.1), rgba(255,255,255,0.25));color: #000000;color: light-dark(#000000, #ffffff);border-radius: 2px  Server   panel-layout {tenantId: cmrvvipw70000oyyo6123270j, userId: cmrvvipyc000aoyyodcu4tftb, score: 40, completedCount: 2, totalCriticalCount: 5} @ http://localhost:3030/_next/static/chunks/04m2_next_dist_01d_w1-._.js:2431
[ 3454687ms] [INFO] %c%s%c [setup-health] background: #e6e6e6;background: light-dark(rgba(0,0,0,0.1), rgba(255,255,255,0.25));color: #000000;color: light-dark(#000000, #ffffff);border-radius: 2px  Server   panel-layout {tenantId: cmrvvipw70000oyyo6123270j, userId: cmrvvipyc000aoyyodcu4tftb, score: 40, completedCount: 2, totalCriticalCount: 5} @ http://localhost:3030/_next/static/chunks/04m2_next_dist_01d_w1-._.js:2431
[ 3454972ms] [LOG] [Fast Refresh] rebuilding @ http://localhost:3030/_next/static/chunks/04m2_next_dist_01d_w1-._.js:2431
[ 3454988ms] [LOG] [Fast Refresh] done in 116ms @ http://localhost:3030/_next/static/chunks/04m2_next_dist_01d_w1-._.js:2431
[ 3454990ms] [INFO] %c%s%c [setup-health] background: #e6e6e6;background: light-dark(rgba(0,0,0,0.1), rgba(255,255,255,0.25));color: #000000;color: light-dark(#000000, #ffffff);border-radius: 2px  Server   panel-layout {tenantId: cmrvvipw70000oyyo6123270j, userId: cmrvvipyc000aoyyodcu4tftb, score: 40, completedCount: 2, totalCriticalCount: 5} @ http://localhost:3030/_next/static/chunks/04m2_next_dist_01d_w1-._.js:2431
[ 3455326ms] [INFO] %c%s%c [setup-health] background: #e6e6e6;background: light-dark(rgba(0,0,0,0.1), rgba(255,255,255,0.25));color: #000000;color: light-dark(#000000, #ffffff);border-radius: 2px  Server   panel-layout {tenantId: cmrvvipw70000oyyo6123270j, userId: cmrvvipyc000aoyyodcu4tftb, score: 40, completedCount: 2, totalCriticalCount: 5} @ http://localhost:3030/_next/static/chunks/04m2_next_dist_01d_w1-._.js:2431
[ 3455542ms] [LOG] [Fast Refresh] rebuilding @ http://localhost:3030/_next/static/chunks/04m2_next_dist_01d_w1-._.js:2431
[ 3455629ms] [LOG] [Fast Refresh] done in 192ms @ http://localhost:3030/_next/static/chunks/04m2_next_dist_01d_w1-._.js:2431
[ 3455666ms] [INFO] %c%s%c [setup-health] background: #e6e6e6;background: light-dark(rgba(0,0,0,0.1), rgba(255,255,255,0.25));color: #000000;color: light-dark(#000000, #ffffff);border-radius: 2px  Server   panel-layout {tenantId: cmrvvipw70000oyyo6123270j, userId: cmrvvipyc000aoyyodcu4tftb, score: 40, completedCount: 2, totalCriticalCount: 5} @ http://localhost:3030/_next/static/chunks/04m2_next_dist_01d_w1-._.js:2431
[ 3455820ms] [INFO] %c%s%c [setup-health] background: #e6e6e6;background: light-dark(rgba(0,0,0,0.1), rgba(255,255,255,0.25));color: #000000;color: light-dark(#000000, #ffffff);border-radius: 2px  Server   panel-layout {tenantId: cmrvvipw70000oyyo6123270j, userId: cmrvvipyc000aoyyodcu4tftb, score: 40, completedCount: 2, totalCriticalCount: 5} @ http://localhost:3030/_next/static/chunks/04m2_next_dist_01d_w1-._.js:2431
[ 3466995ms] [ERROR] WebSocket connection to 'ws://localhost:3030/_next/webpack-hmr?id=otDZQGDekcpluAOVnIOzS' failed: Error in connection establishment: net::ERR_CONNECTION_REFUSED @ http://localhost:3030/_next/static/chunks/04m2_next_dist_client_0-mnb_3._.js:13299
[ 3470339ms] [ERROR] WebSocket connection to 'ws://localhost:3030/_next/webpack-hmr?id=otDZQGDekcpluAOVnIOzS' failed: Error in connection establishment: net::ERR_CONNECTION_REFUSED @ http://localhost:3030/_next/static/chunks/04m2_next_dist_client_0-mnb_3._.js:13299
[ 3473698ms] [ERROR] WebSocket connection to 'ws://localhost:3030/_next/webpack-hmr?id=otDZQGDekcpluAOVnIOzS' failed: Error in connection establishment: net::ERR_CONNECTION_REFUSED @ http://localhost:3030/_next/static/chunks/04m2_next_dist_client_0-mnb_3._.js:13299
[ 3477039ms] [ERROR] WebSocket connection to 'ws://localhost:3030/_next/webpack-hmr?id=otDZQGDekcpluAOVnIOzS' failed: Error in connection establishment: net::ERR_CONNECTION_REFUSED @ http://localhost:3030/_next/static/chunks/04m2_next_dist_client_0-mnb_3._.js:13299
[ 3480387ms] [ERROR] WebSocket connection to 'ws://localhost:3030/_next/webpack-hmr?id=otDZQGDekcpluAOVnIOzS' failed: Error in connection establishment: net::ERR_CONNECTION_REFUSED @ http://localhost:3030/_next/static/chunks/04m2_next_dist_client_0-mnb_3._.js:13299
[ 3487743ms] [ERROR] WebSocket connection to 'ws://localhost:3030/_next/webpack-hmr?id=otDZQGDekcpluAOVnIOzS' failed: Error in connection establishment: net::ERR_CONNECTION_REFUSED @ http://localhost:3030/_next/static/chunks/04m2_next_dist_client_0-mnb_3._.js:13299
[ 3495108ms] [ERROR] WebSocket connection to 'ws://localhost:3030/_next/webpack-hmr?id=otDZQGDekcpluAOVnIOzS' failed: Error in connection establishment: net::ERR_CONNECTION_REFUSED @ http://localhost:3030/_next/static/chunks/04m2_next_dist_client_0-mnb_3._.js:13299
[ 3502172ms] [LOG] [HMR] connected @ http://localhost:3030/_next/static/chunks/04m2_next_dist_01d_w1-._.js:2431
[ 3505292ms] [INFO] %cDownload the React DevTools for a better development experience: https://react.dev/link/react-devtools font-weight:bold @ http://localhost:3030/_next/static/chunks/04m2_next_dist_01d_w1-._.js:2431
[ 3505344ms] [LOG] [HMR] connected @ http://localhost:3030/_next/static/chunks/04m2_next_dist_01d_w1-._.js:2431
[ 3505389ms] [INFO] %c%s%c [setup-health] background: #e6e6e6;background: light-dark(rgba(0,0,0,0.1), rgba(255,255,255,0.25));color: #000000;color: light-dark(#000000, #ffffff);border-radius: 2px  Server   panel-layout {tenantId: cmrvvipw70000oyyo6123270j, userId: cmrvvipyc000aoyyodcu4tftb, score: 40, completedCount: 2, totalCriticalCount: 5} @ http://localhost:3030/_next/static/chunks/04m2_next_dist_01d_w1-._.js:2431
[ 3505508ms] [LOG] [Fast Refresh] rebuilding @ http://localhost:3030/_next/static/chunks/04m2_next_dist_01d_w1-._.js:2431
[ 3505594ms] [LOG] [Fast Refresh] done in 193ms @ http://localhost:3030/_next/static/chunks/04m2_next_dist_01d_w1-._.js:2431
[ 3505731ms] [LOG] [Fast Refresh] rebuilding @ http://localhost:3030/_next/static/chunks/04m2_next_dist_01d_w1-._.js:2431
[ 3505810ms] [LOG] [Fast Refresh] done in 182ms @ http://localhost:3030/_next/static/chunks/04m2_next_dist_01d_w1-._.js:2431
[ 3506053ms] [LOG] [Fast Refresh] rebuilding @ http://localhost:3030/_next/static/chunks/04m2_next_dist_01d_w1-._.js:2431
[ 3506079ms] [LOG] [Fast Refresh] done in 136ms @ http://localhost:3030/_next/static/chunks/04m2_next_dist_01d_w1-._.js:2431
[ 3506230ms] [LOG] [Fast Refresh] rebuilding @ http://localhost:3030/_next/static/chunks/04m2_next_dist_01d_w1-._.js:2431
[ 3506232ms] [LOG] [Fast Refresh] done in 103ms @ http://localhost:3030/_next/static/chunks/04m2_next_dist_01d_w1-._.js:2431
[ 3510012ms] [LOG] [Fast Refresh] rebuilding @ http://localhost:3030/_next/static/chunks/04m2_next_dist_01d_w1-._.js:2431
[ 3510035ms] [LOG] [Fast Refresh] done in 128ms @ http://localhost:3030/_next/static/chunks/04m2_next_dist_01d_w1-._.js:2431
[ 3510136ms] [LOG] [Fast Refresh] rebuilding @ http://localhost:3030/_next/static/chunks/04m2_next_dist_01d_w1-._.js:2431
[ 3510393ms] [LOG] [Fast Refresh] done in 357ms @ http://localhost:3030/_next/static/chunks/04m2_next_dist_01d_w1-._.js:2431
[ 3513720ms] [LOG] [Fast Refresh] rebuilding @ http://localhost:3030/_next/static/chunks/04m2_next_dist_01d_w1-._.js:2431
[ 3514584ms] [LOG] [Fast Refresh] done in 978ms @ http://localhost:3030/_next/static/chunks/04m2_next_dist_01d_w1-._.js:2431
[ 3524601ms] [LOG] [Fast Refresh] rebuilding @ http://localhost:3030/_next/static/chunks/04m2_next_dist_01d_w1-._.js:2431
[ 3524602ms] [LOG] [Fast Refresh] done in 104ms @ http://localhost:3030/_next/static/chunks/04m2_next_dist_01d_w1-._.js:2431
[ 3525849ms] [LOG] [Fast Refresh] rebuilding @ http://localhost:3030/_next/static/chunks/04m2_next_dist_01d_w1-._.js:2431
[ 3526054ms] [LOG] [Fast Refresh] done in 320ms @ http://localhost:3030/_next/static/chunks/04m2_next_dist_01d_w1-._.js:2431
[ 3534042ms] [LOG] [Fast Refresh] rebuilding @ http://localhost:3030/_next/static/chunks/04m2_next_dist_01d_w1-._.js:2431
[ 3534213ms] [LOG] [Fast Refresh] done in 274ms @ http://localhost:3030/_next/static/chunks/04m2_next_dist_01d_w1-._.js:2431
[ 3536368ms] [LOG] [Fast Refresh] rebuilding @ http://localhost:3030/_next/static/chunks/04m2_next_dist_01d_w1-._.js:2431
[ 3536634ms] [LOG] [Fast Refresh] done in 376ms @ http://localhost:3030/_next/static/chunks/04m2_next_dist_01d_w1-._.js:2431
[ 3552355ms] [LOG] [Fast Refresh] rebuilding @ http://localhost:3030/_next/static/chunks/04m2_next_dist_01d_w1-._.js:2431
[ 3552545ms] [LOG] [Fast Refresh] done in 293ms @ http://localhost:3030/_next/static/chunks/04m2_next_dist_01d_w1-._.js:2431
[ 3554360ms] [LOG] [Fast Refresh] rebuilding @ http://localhost:3030/_next/static/chunks/04m2_next_dist_01d_w1-._.js:2431
[ 3554549ms] [LOG] [Fast Refresh] done in 291ms @ http://localhost:3030/_next/static/chunks/04m2_next_dist_01d_w1-._.js:2431
[ 3570982ms] [LOG] [Fast Refresh] rebuilding @ http://localhost:3030/_next/static/chunks/04m2_next_dist_01d_w1-._.js:2431
[ 3571202ms] [LOG] [Fast Refresh] done in 321ms @ http://localhost:3030/_next/static/chunks/04m2_next_dist_01d_w1-._.js:2431
[ 3574846ms] [LOG] [Fast Refresh] rebuilding @ http://localhost:3030/_next/static/chunks/04m2_next_dist_01d_w1-._.js:2431
[ 3575002ms] [LOG] [Fast Refresh] done in 270ms @ http://localhost:3030/_next/static/chunks/04m2_next_dist_01d_w1-._.js:2431
[ 3576825ms] [LOG] [Fast Refresh] rebuilding @ http://localhost:3030/_next/static/chunks/04m2_next_dist_01d_w1-._.js:2431
[ 3577016ms] [LOG] [Fast Refresh] done in 292ms @ http://localhost:3030/_next/static/chunks/04m2_next_dist_01d_w1-._.js:2431
[ 3585699ms] [LOG] [Fast Refresh] rebuilding @ http://localhost:3030/_next/static/chunks/04m2_next_dist_01d_w1-._.js:2431
[ 3585856ms] [LOG] [Fast Refresh] done in 259ms @ http://localhost:3030/_next/static/chunks/04m2_next_dist_01d_w1-._.js:2431
[ 3588151ms] [LOG] [Fast Refresh] rebuilding @ http://localhost:3030/_next/static/chunks/04m2_next_dist_01d_w1-._.js:2431
[ 3588307ms] [LOG] [Fast Refresh] done in 271ms @ http://localhost:3030/_next/static/chunks/04m2_next_dist_01d_w1-._.js:2431
[ 3596743ms] [LOG] [Fast Refresh] rebuilding @ http://localhost:3030/_next/static/chunks/04m2_next_dist_01d_w1-._.js:2431
[ 3596933ms] [LOG] [Fast Refresh] done in 304ms @ http://localhost:3030/_next/static/chunks/04m2_next_dist_01d_w1-._.js:2431
[ 3600414ms] [LOG] [Fast Refresh] rebuilding @ http://localhost:3030/_next/static/chunks/04m2_next_dist_01d_w1-._.js:2431
[ 3600572ms] [LOG] [Fast Refresh] done in 272ms @ http://localhost:3030/_next/static/chunks/04m2_next_dist_01d_w1-._.js:2431
[ 3602202ms] [LOG] [Fast Refresh] rebuilding @ http://localhost:3030/_next/static/chunks/04m2_next_dist_01d_w1-._.js:2431
[ 3602404ms] [LOG] [Fast Refresh] done in 319ms @ http://localhost:3030/_next/static/chunks/04m2_next_dist_01d_w1-._.js:2431
[ 4072456ms] [LOG] [Fast Refresh] rebuilding @ http://localhost:3030/_next/static/chunks/04m2_next_dist_01d_w1-._.js:2431
[ 4072711ms] [LOG] [Fast Refresh] done in 365ms @ http://localhost:3030/_next/static/chunks/04m2_next_dist_01d_w1-._.js:2431
[ 4078460ms] [LOG] [Fast Refresh] rebuilding @ http://localhost:3030/_next/static/chunks/04m2_next_dist_01d_w1-._.js:2431
[ 4078999ms] [LOG] [Fast Refresh] done in 641ms @ http://localhost:3030/_next/static/chunks/04m2_next_dist_01d_w1-._.js:2431
[ 4079141ms] [LOG] [Fast Refresh] rebuilding @ http://localhost:3030/_next/static/chunks/04m2_next_dist_01d_w1-._.js:2431
[ 4079172ms] [LOG] [Fast Refresh] done in 133ms @ http://localhost:3030/_next/static/chunks/04m2_next_dist_01d_w1-._.js:2431
[ 4079285ms] [LOG] [Fast Refresh] rebuilding @ http://localhost:3030/_next/static/chunks/04m2_next_dist_01d_w1-._.js:2431
[ 4079412ms] [LOG] [Fast Refresh] done in 240ms @ http://localhost:3030/_next/static/chunks/04m2_next_dist_01d_w1-._.js:2431
[ 4079517ms] [LOG] [Fast Refresh] rebuilding @ http://localhost:3030/_next/static/chunks/04m2_next_dist_01d_w1-._.js:2431
[ 4079681ms] [LOG] [Fast Refresh] done in 267ms @ http://localhost:3030/_next/static/chunks/04m2_next_dist_01d_w1-._.js:2431
[ 4080013ms] [INFO] %c%s%c [setup-health] background: #e6e6e6;background: light-dark(rgba(0,0,0,0.1), rgba(255,255,255,0.25));color: #000000;color: light-dark(#000000, #ffffff);border-radius: 2px  Server   panel-layout {tenantId: cmrvvipw70000oyyo6123270j, userId: cmrvvipyc000aoyyodcu4tftb, score: 40, completedCount: 2, totalCriticalCount: 5} @ http://localhost:3030/_next/static/chunks/04m2_next_dist_01d_w1-._.js:2431
[ 4101965ms] [LOG] [Fast Refresh] rebuilding @ http://localhost:3030/_next/static/chunks/04m2_next_dist_01d_w1-._.js:2431
[ 4102269ms] [LOG] [Fast Refresh] done in 402ms @ http://localhost:3030/_next/static/chunks/04m2_next_dist_01d_w1-._.js:2431
[ 4102417ms] [LOG] [Fast Refresh] rebuilding @ http://localhost:3030/_next/static/chunks/04m2_next_dist_01d_w1-._.js:2431
[ 4102527ms] [LOG] [Fast Refresh] done in 213ms @ http://localhost:3030/_next/static/chunks/04m2_next_dist_01d_w1-._.js:2431
[ 4102684ms] [LOG] [Fast Refresh] rebuilding @ http://localhost:3030/_next/static/chunks/04m2_next_dist_01d_w1-._.js:2431
[ 4102858ms] [LOG] [Fast Refresh] done in 278ms @ http://localhost:3030/_next/static/chunks/04m2_next_dist_01d_w1-._.js:2431
[ 4103205ms] [INFO] %c%s%c [setup-health] background: #e6e6e6;background: light-dark(rgba(0,0,0,0.1), rgba(255,255,255,0.25));color: #000000;color: light-dark(#000000, #ffffff);border-radius: 2px  Server   panel-layout {tenantId: cmrvvipw70000oyyo6123270j, userId: cmrvvipyc000aoyyodcu4tftb, score: 40, completedCount: 2, totalCriticalCount: 5} @ http://localhost:3030/_next/static/chunks/04m2_next_dist_01d_w1-._.js:2431
[ 4103228ms] [LOG] [Fast Refresh] rebuilding @ http://localhost:3030/_next/static/chunks/04m2_next_dist_01d_w1-._.js:2431
[ 4103264ms] [LOG] [Fast Refresh] done in 141ms @ http://localhost:3030/_next/static/chunks/04m2_next_dist_01d_w1-._.js:2431
[ 4103366ms] [LOG] [Fast Refresh] rebuilding @ http://localhost:3030/_next/static/chunks/04m2_next_dist_01d_w1-._.js:2431
[ 4103369ms] [LOG] [Fast Refresh] done in 105ms @ http://localhost:3030/_next/static/chunks/04m2_next_dist_01d_w1-._.js:2431
[ 4103486ms] [INFO] %c%s%c [setup-health] background: #e6e6e6;background: light-dark(rgba(0,0,0,0.1), rgba(255,255,255,0.25));color: #000000;color: light-dark(#000000, #ffffff);border-radius: 2px  Server   panel-layout {tenantId: cmrvvipw70000oyyo6123270j, userId: cmrvvipyc000aoyyodcu4tftb, score: 40, completedCount: 2, totalCriticalCount: 5} @ http://localhost:3030/_next/static/chunks/04m2_next_dist_01d_w1-._.js:2431
[ 4136025ms] [LOG] [Fast Refresh] rebuilding @ http://localhost:3030/_next/static/chunks/04m2_next_dist_01d_w1-._.js:2431
[ 4136236ms] [LOG] [Fast Refresh] done in 311ms @ http://localhost:3030/_next/static/chunks/04m2_next_dist_01d_w1-._.js:2431
[ 4209407ms] [LOG] [Fast Refresh] rebuilding @ http://localhost:3030/_next/static/chunks/04m2_next_dist_01d_w1-._.js:2431
[ 4209690ms] [LOG] [Fast Refresh] done in 396ms @ http://localhost:3030/_next/static/chunks/04m2_next_dist_01d_w1-._.js:2431
[ 4284790ms] [LOG] [Fast Refresh] rebuilding @ http://localhost:3030/_next/static/chunks/04m2_next_dist_01d_w1-._.js:2431
[ 4285090ms] [LOG] [Fast Refresh] done in 413ms @ http://localhost:3030/_next/static/chunks/04m2_next_dist_01d_w1-._.js:2431
[ 4304011ms] [LOG] [Fast Refresh] rebuilding @ http://localhost:3030/_next/static/chunks/04m2_next_dist_01d_w1-._.js:2431
[ 4304346ms] [LOG] [Fast Refresh] done in 450ms @ http://localhost:3030/_next/static/chunks/04m2_next_dist_01d_w1-._.js:2431
[ 4306291ms] [LOG] [Fast Refresh] rebuilding @ http://localhost:3030/_next/static/chunks/04m2_next_dist_01d_w1-._.js:2431
[ 4306606ms] [LOG] [Fast Refresh] done in 430ms @ http://localhost:3030/_next/static/chunks/04m2_next_dist_01d_w1-._.js:2431
[ 4308005ms] [LOG] [Fast Refresh] rebuilding @ http://localhost:3030/_next/static/chunks/04m2_next_dist_01d_w1-._.js:2431
[ 4308147ms] [LOG] [Fast Refresh] done in 256ms @ http://localhost:3030/_next/static/chunks/04m2_next_dist_01d_w1-._.js:2431
[ 4311947ms] [LOG] [Fast Refresh] rebuilding @ http://localhost:3030/_next/static/chunks/04m2_next_dist_01d_w1-._.js:2431
[ 4312246ms] [LOG] [Fast Refresh] done in 399ms @ http://localhost:3030/_next/static/chunks/04m2_next_dist_01d_w1-._.js:2431
[ 4314009ms] [LOG] [Fast Refresh] rebuilding @ http://localhost:3030/_next/static/chunks/04m2_next_dist_01d_w1-._.js:2431
[ 4314195ms] [LOG] [Fast Refresh] done in 296ms @ http://localhost:3030/_next/static/chunks/04m2_next_dist_01d_w1-._.js:2431
[ 4365013ms] [LOG] [Fast Refresh] rebuilding @ http://localhost:3030/_next/static/chunks/04m2_next_dist_01d_w1-._.js:2431
[ 4365295ms] [LOG] [Fast Refresh] done in 394ms @ http://localhost:3030/_next/static/chunks/04m2_next_dist_01d_w1-._.js:2431
[ 4367433ms] [LOG] [Fast Refresh] rebuilding @ http://localhost:3030/_next/static/chunks/04m2_next_dist_01d_w1-._.js:2431
[ 4367621ms] [LOG] [Fast Refresh] done in 303ms @ http://localhost:3030/_next/static/chunks/04m2_next_dist_01d_w1-._.js:2431
[ 4374293ms] [LOG] [Fast Refresh] rebuilding @ http://localhost:3030/_next/static/chunks/04m2_next_dist_01d_w1-._.js:2431
[ 4374481ms] [LOG] [Fast Refresh] done in 289ms @ http://localhost:3030/_next/static/chunks/04m2_next_dist_01d_w1-._.js:2431
[ 4382480ms] [LOG] [Fast Refresh] rebuilding @ http://localhost:3030/_next/static/chunks/04m2_next_dist_01d_w1-._.js:2431
[ 4382745ms] [LOG] [Fast Refresh] done in 380ms @ http://localhost:3030/_next/static/chunks/04m2_next_dist_01d_w1-._.js:2431
[ 4386097ms] [LOG] [Fast Refresh] rebuilding @ http://localhost:3030/_next/static/chunks/04m2_next_dist_01d_w1-._.js:2431
[ 4386336ms] [LOG] [Fast Refresh] done in 351ms @ http://localhost:3030/_next/static/chunks/04m2_next_dist_01d_w1-._.js:2431
[ 4393569ms] [LOG] [Fast Refresh] rebuilding @ http://localhost:3030/_next/static/chunks/04m2_next_dist_01d_w1-._.js:2431
[ 4393755ms] [LOG] [Fast Refresh] done in 291ms @ http://localhost:3030/_next/static/chunks/04m2_next_dist_01d_w1-._.js:2431
[ 4394877ms] [LOG] [Fast Refresh] rebuilding @ http://localhost:3030/_next/static/chunks/04m2_next_dist_01d_w1-._.js:2431
[ 4400188ms] [LOG] [Fast Refresh] done in 5417ms @ http://localhost:3030/_next/static/chunks/04m2_next_dist_01d_w1-._.js:2431
[ 4401771ms] [LOG] [Fast Refresh] rebuilding @ http://localhost:3030/_next/static/chunks/04m2_next_dist_01d_w1-._.js:2431
[ 4401810ms] [LOG] [Fast Refresh] done in 145ms @ http://localhost:3030/_next/static/chunks/04m2_next_dist_01d_w1-._.js:2431
[ 4401925ms] [LOG] [Fast Refresh] rebuilding @ http://localhost:3030/_next/static/chunks/04m2_next_dist_01d_w1-._.js:2431
[ 4402130ms] [LOG] [Fast Refresh] done in 319ms @ http://localhost:3030/_next/static/chunks/04m2_next_dist_01d_w1-._.js:2431
[ 4409943ms] [LOG] [Fast Refresh] rebuilding @ http://localhost:3030/_next/static/chunks/04m2_next_dist_01d_w1-._.js:2431
[ 4410180ms] [LOG] [Fast Refresh] done in 348ms @ http://localhost:3030/_next/static/chunks/04m2_next_dist_01d_w1-._.js:2431
[ 4411854ms] [LOG] [Fast Refresh] rebuilding @ http://localhost:3030/_next/static/chunks/04m2_next_dist_01d_w1-._.js:2431
[ 4412057ms] [LOG] [Fast Refresh] done in 319ms @ http://localhost:3030/_next/static/chunks/04m2_next_dist_01d_w1-._.js:2431
[ 4436167ms] [LOG] [Fast Refresh] rebuilding @ http://localhost:3030/_next/static/chunks/04m2_next_dist_01d_w1-._.js:2431
[ 4436495ms] [LOG] [Fast Refresh] done in 445ms @ http://localhost:3030/_next/static/chunks/04m2_next_dist_01d_w1-._.js:2431
[ 4443402ms] [LOG] [Fast Refresh] rebuilding @ http://localhost:3030/_next/static/chunks/04m2_next_dist_01d_w1-._.js:2431
[ 4443620ms] [LOG] [Fast Refresh] done in 329ms @ http://localhost:3030/_next/static/chunks/04m2_next_dist_01d_w1-._.js:2431
[ 4514824ms] [LOG] [Fast Refresh] rebuilding @ http://localhost:3030/_next/static/chunks/04m2_next_dist_01d_w1-._.js:2431
[ 4515090ms] [LOG] [Fast Refresh] done in 378ms @ http://localhost:3030/_next/static/chunks/04m2_next_dist_01d_w1-._.js:2431
[ 4524472ms] [LOG] [Fast Refresh] rebuilding @ http://localhost:3030/_next/static/chunks/04m2_next_dist_01d_w1-._.js:2431
[ 4524644ms] [LOG] [Fast Refresh] done in 287ms @ http://localhost:3030/_next/static/chunks/04m2_next_dist_01d_w1-._.js:2431
[ 4525972ms] [LOG] [Fast Refresh] rebuilding @ http://localhost:3030/_next/static/chunks/04m2_next_dist_01d_w1-._.js:2431
[ 4526149ms] [LOG] [Fast Refresh] done in 291ms @ http://localhost:3030/_next/static/chunks/04m2_next_dist_01d_w1-._.js:2431
[ 4536008ms] [ERROR] WebSocket connection to 'ws://localhost:3030/_next/webpack-hmr?id=1ZompSg59GbI8JRPRK7Uj' failed: Error in connection establishment: net::ERR_CONNECTION_REFUSED @ http://localhost:3030/_next/static/chunks/04m2_next_dist_client_0-mnb_3._.js:13299
[ 4539367ms] [ERROR] WebSocket connection to 'ws://localhost:3030/_next/webpack-hmr?id=1ZompSg59GbI8JRPRK7Uj' failed: Error in connection establishment: net::ERR_CONNECTION_REFUSED @ http://localhost:3030/_next/static/chunks/04m2_next_dist_client_0-mnb_3._.js:13299
[ 4542724ms] [ERROR] WebSocket connection to 'ws://localhost:3030/_next/webpack-hmr?id=1ZompSg59GbI8JRPRK7Uj' failed: Error in connection establishment: net::ERR_CONNECTION_REFUSED @ http://localhost:3030/_next/static/chunks/04m2_next_dist_client_0-mnb_3._.js:13299
[ 4546095ms] [ERROR] WebSocket connection to 'ws://localhost:3030/_next/webpack-hmr?id=1ZompSg59GbI8JRPRK7Uj' failed: Error in connection establishment: net::ERR_CONNECTION_REFUSED @ http://localhost:3030/_next/static/chunks/04m2_next_dist_client_0-mnb_3._.js:13299
[ 4549464ms] [ERROR] WebSocket connection to 'ws://localhost:3030/_next/webpack-hmr?id=1ZompSg59GbI8JRPRK7Uj' failed: Error in connection establishment: net::ERR_CONNECTION_REFUSED @ http://localhost:3030/_next/static/chunks/04m2_next_dist_client_0-mnb_3._.js:13299
[ 4556819ms] [ERROR] WebSocket connection to 'ws://localhost:3030/_next/webpack-hmr?id=1ZompSg59GbI8JRPRK7Uj' failed: Error in connection establishment: net::ERR_CONNECTION_REFUSED @ http://localhost:3030/_next/static/chunks/04m2_next_dist_client_0-mnb_3._.js:13299
[ 4564203ms] [ERROR] WebSocket connection to 'ws://localhost:3030/_next/webpack-hmr?id=1ZompSg59GbI8JRPRK7Uj' failed: Error in connection establishment: net::ERR_CONNECTION_REFUSED @ http://localhost:3030/_next/static/chunks/04m2_next_dist_client_0-mnb_3._.js:13299
[ 4571581ms] [ERROR] WebSocket connection to 'ws://localhost:3030/_next/webpack-hmr?id=1ZompSg59GbI8JRPRK7Uj' failed: Error in connection establishment: net::ERR_CONNECTION_REFUSED @ http://localhost:3030/_next/static/chunks/04m2_next_dist_client_0-mnb_3._.js:13299
[ 4578927ms] [ERROR] WebSocket connection to 'ws://localhost:3030/_next/webpack-hmr?id=1ZompSg59GbI8JRPRK7Uj' failed: Error in connection establishment: net::ERR_CONNECTION_REFUSED @ http://localhost:3030/_next/static/chunks/04m2_next_dist_client_0-mnb_3._.js:13299
[ 4586277ms] [ERROR] WebSocket connection to 'ws://localhost:3030/_next/webpack-hmr?id=1ZompSg59GbI8JRPRK7Uj' failed: Error in connection establishment: net::ERR_CONNECTION_REFUSED @ http://localhost:3030/_next/static/chunks/04m2_next_dist_client_0-mnb_3._.js:13299
[ 4593704ms] [ERROR] WebSocket connection to 'ws://localhost:3030/_next/webpack-hmr?id=1ZompSg59GbI8JRPRK7Uj' failed: Error in connection establishment: net::ERR_CONNECTION_REFUSED @ http://localhost:3030/_next/static/chunks/04m2_next_dist_client_0-mnb_3._.js:13299
[ 4601128ms] [ERROR] WebSocket connection to 'ws://localhost:3030/_next/webpack-hmr?id=1ZompSg59GbI8JRPRK7Uj' failed: Error in connection establishment: net::ERR_CONNECTION_REFUSED @ http://localhost:3030/_next/static/chunks/04m2_next_dist_client_0-mnb_3._.js:13299
[ 5010698ms] [ERROR] Failed to load resource: the server responded with a status of 500 (Internal Server Error) @ http://localhost:3030/employees/phase3-runtime-disabled/profile:0
[ 5011202ms] [INFO] %cDownload the React DevTools for a better development experience: https://react.dev/link/react-devtools font-weight:bold @ http://localhost:3030/_next/static/chunks/04m2_next_dist_01d_w1-._.js:2431
[ 5011329ms] [LOG] [HMR] connected @ http://localhost:3030/_next/static/chunks/04m2_next_dist_01d_w1-._.js:2431
[ 5011349ms] [LOG] %c%s%c prisma:error background: #e6e6e6;background: light-dark(rgba(0,0,0,0.1), rgba(255,255,255,0.25));color: #000000;color: light-dark(#000000, #ffffff);border-radius: 2px  Server   
Invalid `prisma.appUser.findUnique()` invocation:


Prisma Client could not locate the Query Engine for runtime "windows".

This is likely caused by tooling that has not copied "query_engine-windows.dll.node" to the deployment folder.
Ensure that you ran `prisma generate` and that "query_engine-windows.dll.node" has been copied to "node_modules\.prisma\client".

We would appreciate if you could take the time to share some information with us.
Please help us by answering a few questions: https://pris.ly/engine-not-found-tooling-investigation

The following locations have been searched:
  C:\Users\Administrator\Desktop\first-unit-next\vahedyek\apps\dastranj-panel\node_modules\.prisma\client
  C:\ROOT\Desktop\first-unit-next\vahedyek\apps\dastranj-panel\node_modules\.prisma\client
  /tmp/prisma-engines
  C:\Users\Administrator\Desktop\first-unit-next\vahedyek\apps\dastranj-panel\prisma @ http://localhost:3030/_next/static/chunks/04m2_next_dist_01d_w1-._.js:2431
[ 5011352ms] [LOG] %c%s%c prisma:error background: #e6e6e6;background: light-dark(rgba(0,0,0,0.1), rgba(255,255,255,0.25));color: #000000;color: light-dark(#000000, #ffffff);border-radius: 2px  Server   
Invalid `prisma.appUser.findUnique()` invocation:


Prisma Client could not locate the Query Engine for runtime "windows".

This is likely caused by tooling that has not copied "query_engine-windows.dll.node" to the deployment folder.
Ensure that you ran `prisma generate` and that "query_engine-windows.dll.node" has been copied to "node_modules\.prisma\client".

We would appreciate if you could take the time to share some information with us.
Please help us by answering a few questions: https://pris.ly/engine-not-found-tooling-investigation

The following locations have been searched:
  C:\Users\Administrator\Desktop\first-unit-next\vahedyek\apps\dastranj-panel\node_modules\.prisma\client
  C:\ROOT\Desktop\first-unit-next\vahedyek\apps\dastranj-panel\node_modules\.prisma\client
  /tmp/prisma-engines
  C:\Users\Administrator\Desktop\first-unit-next\vahedyek\apps\dastranj-panel\prisma @ http://localhost:3030/_next/static/chunks/04m2_next_dist_01d_w1-._.js:2431
[ 5011457ms] PrismaClientInitializationError: 
Invalid `prisma.appUser.findUnique()` invocation:


Prisma Client could not locate the Query Engine for runtime "windows".

This is likely caused by tooling that has not copied "query_engine-windows.dll.node" to the deployment folder.
Ensure that you ran `prisma generate` and that "query_engine-windows.dll.node" has been copied to "node_modules\.prisma\client".

We would appreciate if you could take the time to share some information with us.
Please help us by answering a few questions: https://pris.ly/engine-not-found-tooling-investigation

The following locations have been searched:
  C:\Users\Administrator\Desktop\first-unit-next\vahedyek\apps\dastranj-panel\node_modules\.prisma\client
  C:\ROOT\Desktop\first-unit-next\vahedyek\apps\dastranj-panel\node_modules\.prisma\client
  /tmp/prisma-engines
  C:\Users\Administrator\Desktop\first-unit-next\vahedyek\apps\dastranj-panel\prisma
    at  getAuthContextFromPayload (about://React/Server/C:%5CUsers%5CAdministrator%5CDesktop%5Cfirst-unit-next%5Cvahedyek%5Capps%5Cdastranj-panel%5C.next%5Cdev%5Cserver%5Cchunks%5Cssr%5C%5Broot-of-the-server%5D__0yhe2wo._.js?0:465:18)
    at  PanelLayout (about://React/Server/C:%5CUsers%5CAdministrator%5CDesktop%5Cfirst-unit-next%5Cvahedyek%5Capps%5Cdastranj-panel%5C.next%5Cdev%5Cserver%5Cchunks%5Cssr%5C%5Broot-of-the-server%5D__0yhe2wo._.js?1:1080:21)
    at resolveErrorDev (http://localhost:3030/_next/static/chunks/04m2_next_dist_compiled_react-server-dom-turbopack_0m1uz4p._.js:1919:105)
    at processFullStringRow (http://localhost:3030/_next/static/chunks/04m2_next_dist_compiled_react-server-dom-turbopack_0m1uz4p._.js:2434:29)
    at processFullBinaryRow (http://localhost:3030/_next/static/chunks/04m2_next_dist_compiled_react-server-dom-turbopack_0m1uz4p._.js:2393:9)
    at processBinaryChunk (http://localhost:3030/_next/static/chunks/04m2_next_dist_compiled_react-server-dom-turbopack_0m1uz4p._.js:2502:221)
    at progress (http://localhost:3030/_next/static/chunks/04m2_next_dist_compiled_react-server-dom-turbopack_0m1uz4p._.js:2689:13)
[ 5014582ms] [WARNING] The resource https://cdnjs.cloudflare.com/ajax/libs/font-awesome/6.4.0/css/all.min.css was preloaded using link preload but not used within a few seconds from the window's load event. Please make sure it has an appropriate `as` value and it is preloaded intentionally. @ http://localhost:3030/employees/phase3-runtime-disabled/profile:0
[ 5058413ms] [LOG] [Fast Refresh] rebuilding @ http://localhost:3030/_next/static/chunks/04m2_next_dist_01d_w1-._.js:2431
[ 5058806ms] [LOG] [Fast Refresh] done in 498ms @ http://localhost:3030/_next/static/chunks/04m2_next_dist_01d_w1-._.js:2431
[ 5087485ms] [LOG] [Fast Refresh] rebuilding @ http://localhost:3030/_next/static/chunks/04m2_next_dist_01d_w1-._.js:2431
[ 5090783ms] [ERROR] WebSocket connection to 'ws://localhost:3030/_next/webpack-hmr?id=aebBu4IuM-_dwRAi_UZdo' failed: Error in connection establishment: net::ERR_CONNECTION_REFUSED @ http://localhost:3030/_next/static/chunks/04m2_next_dist_client_0-mnb_3._.js:13299
[ 5094119ms] [ERROR] WebSocket connection to 'ws://localhost:3030/_next/webpack-hmr?id=aebBu4IuM-_dwRAi_UZdo' failed: Error in connection establishment: net::ERR_CONNECTION_REFUSED @ http://localhost:3030/_next/static/chunks/04m2_next_dist_client_0-mnb_3._.js:13299
[ 5095537ms] [LOG] [HMR] connected @ http://localhost:3030/_next/static/chunks/04m2_next_dist_01d_w1-._.js:2431
[ 5098549ms] [WARNING] The resource https://cdnjs.cloudflare.com/ajax/libs/font-awesome/6.4.0/css/all.min.css was preloaded using link preload but not used within a few seconds from the window's load event. Please make sure it has an appropriate `as` value and it is preloaded intentionally. @ http://localhost:3030/employees/phase3-runtime-disabled/profile:0
[ 5100028ms] [INFO] %cDownload the React DevTools for a better development experience: https://react.dev/link/react-devtools font-weight:bold @ http://localhost:3030/_next/static/chunks/04m2_next_dist_01d_w1-._.js:2431
[ 5100156ms] [LOG] [HMR] connected @ http://localhost:3030/_next/static/chunks/04m2_next_dist_01d_w1-._.js:2431
[ 5100219ms] [INFO] %c%s%c [setup-health] background: #e6e6e6;background: light-dark(rgba(0,0,0,0.1), rgba(255,255,255,0.25));color: #000000;color: light-dark(#000000, #ffffff);border-radius: 2px  Server   panel-layout hidden because permission=false {tenantId: cmrvvipw70000oyyo6123270j, userId: cmrvvipyc000aoyyodcu4tftb, roleKeys: Array(1)} @ http://localhost:3030/_next/static/chunks/04m2_next_dist_01d_w1-._.js:2431
[ 5102504ms] [LOG] [Fast Refresh] rebuilding @ http://localhost:3030/_next/static/chunks/04m2_next_dist_01d_w1-._.js:2431
[ 5103411ms] [LOG] [Fast Refresh] done in 1017ms @ http://localhost:3030/_next/static/chunks/04m2_next_dist_01d_w1-._.js:2431
[ 5110806ms] [LOG] [Fast Refresh] rebuilding @ http://localhost:3030/_next/static/chunks/04m2_next_dist_01d_w1-._.js:2431
[ 5111057ms] [LOG] [Fast Refresh] done in 365ms @ http://localhost:3030/_next/static/chunks/04m2_next_dist_01d_w1-._.js:2431
[ 5112714ms] [LOG] [Fast Refresh] rebuilding @ http://localhost:3030/_next/static/chunks/04m2_next_dist_01d_w1-._.js:2431
[ 5112901ms] [LOG] [Fast Refresh] done in 289ms @ http://localhost:3030/_next/static/chunks/04m2_next_dist_01d_w1-._.js:2431
[ 5132818ms] [LOG] [Fast Refresh] rebuilding @ http://localhost:3030/_next/static/chunks/04m2_next_dist_01d_w1-._.js:2431
[ 5133055ms] [LOG] [Fast Refresh] done in 352ms @ http://localhost:3030/_next/static/chunks/04m2_next_dist_01d_w1-._.js:2431
[ 5134895ms] [LOG] [Fast Refresh] rebuilding @ http://localhost:3030/_next/static/chunks/04m2_next_dist_01d_w1-._.js:2431
[ 5135083ms] [LOG] [Fast Refresh] done in 299ms @ http://localhost:3030/_next/static/chunks/04m2_next_dist_01d_w1-._.js:2431
[ 5184084ms] [LOG] [Fast Refresh] rebuilding @ http://localhost:3030/_next/static/chunks/04m2_next_dist_01d_w1-._.js:2431
[ 5184342ms] [LOG] [Fast Refresh] done in 362ms @ http://localhost:3030/_next/static/chunks/04m2_next_dist_01d_w1-._.js:2431
[ 5211108ms] [LOG] [Fast Refresh] rebuilding @ http://localhost:3030/_next/static/chunks/04m2_next_dist_01d_w1-._.js:2431
[ 5211300ms] [LOG] [Fast Refresh] done in 294ms @ http://localhost:3030/_next/static/chunks/04m2_next_dist_01d_w1-._.js:2431
[ 5224676ms] [LOG] [Fast Refresh] rebuilding @ http://localhost:3030/_next/static/chunks/04m2_next_dist_01d_w1-._.js:2431
[ 5224972ms] [LOG] [Fast Refresh] done in 412ms @ http://localhost:3030/_next/static/chunks/04m2_next_dist_01d_w1-._.js:2431
[ 5227596ms] [LOG] [Fast Refresh] rebuilding @ http://localhost:3030/_next/static/chunks/04m2_next_dist_01d_w1-._.js:2431
[ 5227817ms] [LOG] [Fast Refresh] done in 323ms @ http://localhost:3030/_next/static/chunks/04m2_next_dist_01d_w1-._.js:2431
[ 5258398ms] [LOG] [Fast Refresh] rebuilding @ http://localhost:3030/_next/static/chunks/04m2_next_dist_01d_w1-._.js:2431
[ 5258619ms] [LOG] [Fast Refresh] done in 323ms @ http://localhost:3030/_next/static/chunks/04m2_next_dist_01d_w1-._.js:2431
[ 5260250ms] [LOG] [Fast Refresh] rebuilding @ http://localhost:3030/_next/static/chunks/04m2_next_dist_01d_w1-._.js:2431
[ 5260407ms] [LOG] [Fast Refresh] done in 273ms @ http://localhost:3030/_next/static/chunks/04m2_next_dist_01d_w1-._.js:2431
[ 5274106ms] [ERROR] WebSocket connection to 'ws://localhost:3030/_next/webpack-hmr?id=FeWxkdXqImQn2OmbTRFJf' failed: Error in connection establishment: net::ERR_CONNECTION_REFUSED @ http://localhost:3030/_next/static/chunks/04m2_next_dist_client_0-mnb_3._.js:13299
[ 5277459ms] [ERROR] WebSocket connection to 'ws://localhost:3030/_next/webpack-hmr?id=FeWxkdXqImQn2OmbTRFJf' failed: Error in connection establishment: net::ERR_CONNECTION_REFUSED @ http://localhost:3030/_next/static/chunks/04m2_next_dist_client_0-mnb_3._.js:13299
[ 5280840ms] [ERROR] WebSocket connection to 'ws://localhost:3030/_next/webpack-hmr?id=FeWxkdXqImQn2OmbTRFJf' failed: Error in connection establishment: net::ERR_CONNECTION_REFUSED @ http://localhost:3030/_next/static/chunks/04m2_next_dist_client_0-mnb_3._.js:13299
[ 5284214ms] [ERROR] WebSocket connection to 'ws://localhost:3030/_next/webpack-hmr?id=FeWxkdXqImQn2OmbTRFJf' failed: Error in connection establishment: net::ERR_CONNECTION_REFUSED @ http://localhost:3030/_next/static/chunks/04m2_next_dist_client_0-mnb_3._.js:13299
[ 5287597ms] [ERROR] WebSocket connection to 'ws://localhost:3030/_next/webpack-hmr?id=FeWxkdXqImQn2OmbTRFJf' failed: Error in connection establishment: net::ERR_CONNECTION_REFUSED @ http://localhost:3030/_next/static/chunks/04m2_next_dist_client_0-mnb_3._.js:13299
[ 5294981ms] [ERROR] WebSocket connection to 'ws://localhost:3030/_next/webpack-hmr?id=FeWxkdXqImQn2OmbTRFJf' failed: Error in connection establishment: net::ERR_CONNECTION_REFUSED @ http://localhost:3030/_next/static/chunks/04m2_next_dist_client_0-mnb_3._.js:13299
[ 5302324ms] [ERROR] WebSocket connection to 'ws://localhost:3030/_next/webpack-hmr?id=FeWxkdXqImQn2OmbTRFJf' failed: Error in connection establishment: net::ERR_CONNECTION_REFUSED @ http://localhost:3030/_next/static/chunks/04m2_next_dist_client_0-mnb_3._.js:13299
[ 5309706ms] [ERROR] WebSocket connection to 'ws://localhost:3030/_next/webpack-hmr?id=FeWxkdXqImQn2OmbTRFJf' failed: Error in connection establishment: net::ERR_CONNECTION_REFUSED @ http://localhost:3030/_next/static/chunks/04m2_next_dist_client_0-mnb_3._.js:13299
[ 5317096ms] [ERROR] WebSocket connection to 'ws://localhost:3030/_next/webpack-hmr?id=FeWxkdXqImQn2OmbTRFJf' failed: Error in connection establishment: net::ERR_CONNECTION_REFUSED @ http://localhost:3030/_next/static/chunks/04m2_next_dist_client_0-mnb_3._.js:13299
[ 5324462ms] [ERROR] WebSocket connection to 'ws://localhost:3030/_next/webpack-hmr?id=FeWxkdXqImQn2OmbTRFJf' failed: Error in connection establishment: net::ERR_CONNECTION_REFUSED @ http://localhost:3030/_next/static/chunks/04m2_next_dist_client_0-mnb_3._.js:13299
[ 5331882ms] [ERROR] WebSocket connection to 'ws://localhost:3030/_next/webpack-hmr?id=FeWxkdXqImQn2OmbTRFJf' failed: Error in connection establishment: net::ERR_CONNECTION_REFUSED @ http://localhost:3030/_next/static/chunks/04m2_next_dist_client_0-mnb_3._.js:13299
[ 5339337ms] [ERROR] WebSocket connection to 'ws://localhost:3030/_next/webpack-hmr?id=FeWxkdXqImQn2OmbTRFJf' failed: Error in connection establishment: net::ERR_CONNECTION_REFUSED @ http://localhost:3030/_next/static/chunks/04m2_next_dist_client_0-mnb_3._.js:13299
[ 9956709ms] [INFO] %cDownload the React DevTools for a better development experience: https://react.dev/link/react-devtools font-weight:bold @ http://localhost:3030/_next/static/chunks/04m2_next_dist_01d_w1-._.js:2431
[ 9956894ms] [LOG] [HMR] connected @ http://localhost:3030/_next/static/chunks/04m2_next_dist_01d_w1-._.js:2431
[ 9956930ms] [INFO] %c%s%c [setup-health] background: #e6e6e6;background: light-dark(rgba(0,0,0,0.1), rgba(255,255,255,0.25));color: #000000;color: light-dark(#000000, #ffffff);border-radius: 2px  Server   panel-layout hidden because permission=false {tenantId: cmrvvipw70000oyyo6123270j, userId: cmrvvipyc000aoyyodcu4tftb, roleKeys: Array(1)} @ http://localhost:3030/_next/static/chunks/04m2_next_dist_01d_w1-._.js:2431
[10044258ms] [LOG] [Fast Refresh] rebuilding @ http://localhost:3030/_next/static/chunks/04m2_next_dist_01d_w1-._.js:2431
[10044466ms] [LOG] [Fast Refresh] done in 308ms @ http://localhost:3030/_next/static/chunks/04m2_next_dist_01d_w1-._.js:2431
[10050920ms] [LOG] [Fast Refresh] rebuilding @ http://localhost:3030/_next/static/chunks/04m2_next_dist_01d_w1-._.js:2431
[10051102ms] [LOG] [Fast Refresh] done in 284ms @ http://localhost:3030/_next/static/chunks/04m2_next_dist_01d_w1-._.js:2431
[10075752ms] [LOG] [Fast Refresh] rebuilding @ http://localhost:3030/_next/static/chunks/04m2_next_dist_01d_w1-._.js:2431
[10075990ms] [LOG] [Fast Refresh] done in 353ms @ http://localhost:3030/_next/static/chunks/04m2_next_dist_01d_w1-._.js:2431
[10098096ms] [LOG] [Fast Refresh] rebuilding @ http://localhost:3030/_next/static/chunks/04m2_next_dist_01d_w1-._.js:2431
[10098317ms] [LOG] [Fast Refresh] done in 329ms @ http://localhost:3030/_next/static/chunks/04m2_next_dist_01d_w1-._.js:2431
[10192019ms] [LOG] [Fast Refresh] rebuilding @ http://localhost:3030/_next/static/chunks/04m2_next_dist_01d_w1-._.js:2431
[10192437ms] [LOG] [Fast Refresh] done in 532ms @ http://localhost:3030/_next/static/chunks/04m2_next_dist_01d_w1-._.js:2431
[10209117ms] [LOG] [Fast Refresh] rebuilding @ http://localhost:3030/_next/static/chunks/04m2_next_dist_01d_w1-._.js:2431
[10209382ms] [LOG] [Fast Refresh] done in 367ms @ http://localhost:3030/_next/static/chunks/04m2_next_dist_01d_w1-._.js:2431
[10219471ms] [LOG] [Fast Refresh] rebuilding @ http://localhost:3030/_next/static/chunks/04m2_next_dist_01d_w1-._.js:2431
[10221172ms] [LOG] [Fast Refresh] done in 1811ms @ http://localhost:3030/_next/static/chunks/04m2_next_dist_01d_w1-._.js:2431
[10221183ms] [INFO] %c%s%c [setup-health] background: #e6e6e6;background: light-dark(rgba(0,0,0,0.1), rgba(255,255,255,0.25));color: #000000;color: light-dark(#000000, #ffffff);border-radius: 2px  Server   panel-layout hidden because permission=false {tenantId: cmrvvipw70000oyyo6123270j, userId: cmrvvipyc000aoyyodcu4tftb, roleKeys: Array(1)} @ http://localhost:3030/_next/static/chunks/04m2_next_dist_01d_w1-._.js:2431
[10221194ms] [INFO] %c%s%c [setup-health] background: #e6e6e6;background: light-dark(rgba(0,0,0,0.1), rgba(255,255,255,0.25));color: #000000;color: light-dark(#000000, #ffffff);border-radius: 2px  Server   panel-layout hidden because permission=false {tenantId: cmrvvipw70000oyyo6123270j, userId: cmrvvipyc000aoyyodcu4tftb, roleKeys: Array(1)} @ http://localhost:3030/_next/static/chunks/04m2_next_dist_01d_w1-._.js:2431
[10221278ms] [INFO] %c%s%c [setup-health] background: #e6e6e6;background: light-dark(rgba(0,0,0,0.1), rgba(255,255,255,0.25));color: #000000;color: light-dark(#000000, #ffffff);border-radius: 2px  Server   panel-layout hidden because permission=false {tenantId: cmrvvipw70000oyyo6123270j, userId: cmrvvipyc000aoyyodcu4tftb, roleKeys: Array(1)} @ http://localhost:3030/_next/static/chunks/04m2_next_dist_01d_w1-._.js:2431
[10221314ms] [INFO] %c%s%c [setup-health] background: #e6e6e6;background: light-dark(rgba(0,0,0,0.1), rgba(255,255,255,0.25));color: #000000;color: light-dark(#000000, #ffffff);border-radius: 2px  Server   panel-layout hidden because permission=false {tenantId: cmrvvipw70000oyyo6123270j, userId: cmrvvipyc000aoyyodcu4tftb, roleKeys: Array(1)} @ http://localhost:3030/_next/static/chunks/04m2_next_dist_01d_w1-._.js:2431
[10221487ms] [LOG] [Fast Refresh] rebuilding @ http://localhost:3030/_next/static/chunks/04m2_next_dist_01d_w1-._.js:2431
[10221492ms] [LOG] [Fast Refresh] done in 115ms @ http://localhost:3030/_next/static/chunks/04m2_next_dist_01d_w1-._.js:2431
[10221760ms] [LOG] [Fast Refresh] rebuilding @ http://localhost:3030/_next/static/chunks/04m2_next_dist_01d_w1-._.js:2431
[10221821ms] [LOG] [Fast Refresh] done in 161ms @ http://localhost:3030/_next/static/chunks/04m2_next_dist_01d_w1-._.js:2431
[10221850ms] [INFO] %c%s%c [setup-health] background: #e6e6e6;background: light-dark(rgba(0,0,0,0.1), rgba(255,255,255,0.25));color: #000000;color: light-dark(#000000, #ffffff);border-radius: 2px  Server   panel-layout hidden because permission=false {tenantId: cmrvvipw70000oyyo6123270j, userId: cmrvvipyc000aoyyodcu4tftb, roleKeys: Array(1)} @ http://localhost:3030/_next/static/chunks/04m2_next_dist_01d_w1-._.js:2431
[10222966ms] [INFO] %c%s%c [setup-health] background: #e6e6e6;background: light-dark(rgba(0,0,0,0.1), rgba(255,255,255,0.25));color: #000000;color: light-dark(#000000, #ffffff);border-radius: 2px  Server   panel-layout hidden because permission=false {tenantId: cmrvvipw70000oyyo6123270j, userId: cmrvvipyc000aoyyodcu4tftb, roleKeys: Array(1)} @ http://localhost:3030/_next/static/chunks/04m2_next_dist_01d_w1-._.js:2431
[10223010ms] [LOG] [Fast Refresh] rebuilding @ http://localhost:3030/_next/static/chunks/04m2_next_dist_01d_w1-._.js:2431
[10223199ms] [LOG] [Fast Refresh] done in 293ms @ http://localhost:3030/_next/static/chunks/04m2_next_dist_01d_w1-._.js:2431
[10223407ms] [LOG] [Fast Refresh] rebuilding @ http://localhost:3030/_next/static/chunks/04m2_next_dist_01d_w1-._.js:2431
[10223490ms] [LOG] [Fast Refresh] done in 186ms @ http://localhost:3030/_next/static/chunks/04m2_next_dist_01d_w1-._.js:2431
[10223662ms] [LOG] [Fast Refresh] rebuilding @ http://localhost:3030/_next/static/chunks/04m2_next_dist_01d_w1-._.js:2431
[10223734ms] [LOG] [Fast Refresh] done in 174ms @ http://localhost:3030/_next/static/chunks/04m2_next_dist_01d_w1-._.js:2431
[10223849ms] [LOG] [Fast Refresh] rebuilding @ http://localhost:3030/_next/static/chunks/04m2_next_dist_01d_w1-._.js:2431
[10224157ms] [LOG] [Fast Refresh] done in 410ms @ http://localhost:3030/_next/static/chunks/04m2_next_dist_01d_w1-._.js:2431
[10224253ms] [INFO] %c%s%c [setup-health] background: #e6e6e6;background: light-dark(rgba(0,0,0,0.1), rgba(255,255,255,0.25));color: #000000;color: light-dark(#000000, #ffffff);border-radius: 2px  Server   panel-layout hidden because permission=false {tenantId: cmrvvipw70000oyyo6123270j, userId: cmrvvipyc000aoyyodcu4tftb, roleKeys: Array(1)} @ http://localhost:3030/_next/static/chunks/04m2_next_dist_01d_w1-._.js:2431
[10224260ms] [LOG] [Fast Refresh] rebuilding @ http://localhost:3030/_next/static/chunks/04m2_next_dist_01d_w1-._.js:2431
[10224425ms] [LOG] [Fast Refresh] done in 266ms @ http://localhost:3030/_next/static/chunks/04m2_next_dist_01d_w1-._.js:2431
[10224917ms] [LOG] [Fast Refresh] rebuilding @ http://localhost:3030/_next/static/chunks/04m2_next_dist_01d_w1-._.js:2431
[10224919ms] [LOG] [Fast Refresh] done in 123ms @ http://localhost:3030/_next/static/chunks/04m2_next_dist_01d_w1-._.js:2431
[10225260ms] [LOG] [Fast Refresh] rebuilding @ http://localhost:3030/_next/static/chunks/04m2_next_dist_01d_w1-._.js:2431
[10225333ms] [LOG] [Fast Refresh] done in 178ms @ http://localhost:3030/_next/static/chunks/04m2_next_dist_01d_w1-._.js:2431
[10225521ms] [INFO] %c%s%c [setup-health] background: #e6e6e6;background: light-dark(rgba(0,0,0,0.1), rgba(255,255,255,0.25));color: #000000;color: light-dark(#000000, #ffffff);border-radius: 2px  Server   panel-layout hidden because permission=false {tenantId: cmrvvipw70000oyyo6123270j, userId: cmrvvipyc000aoyyodcu4tftb, roleKeys: Array(1)} @ http://localhost:3030/_next/static/chunks/04m2_next_dist_01d_w1-._.js:2431
[10225539ms] [LOG] [Fast Refresh] rebuilding @ http://localhost:3030/_next/static/chunks/04m2_next_dist_01d_w1-._.js:2431
[10225555ms] [LOG] [Fast Refresh] done in 116ms @ http://localhost:3030/_next/static/chunks/04m2_next_dist_01d_w1-._.js:2431
[10225660ms] [LOG] [Fast Refresh] rebuilding @ http://localhost:3030/_next/static/chunks/04m2_next_dist_01d_w1-._.js:2431
[10225878ms] [LOG] [Fast Refresh] done in 321ms @ http://localhost:3030/_next/static/chunks/04m2_next_dist_01d_w1-._.js:2431
[10225986ms] [LOG] [Fast Refresh] rebuilding @ http://localhost:3030/_next/static/chunks/04m2_next_dist_01d_w1-._.js:2431
[10225997ms] [LOG] [Fast Refresh] done in 117ms @ http://localhost:3030/_next/static/chunks/04m2_next_dist_01d_w1-._.js:2431
[10226372ms] [LOG] [Fast Refresh] rebuilding @ http://localhost:3030/_next/static/chunks/04m2_next_dist_01d_w1-._.js:2431
[10226707ms] [LOG] [Fast Refresh] done in 441ms @ http://localhost:3030/_next/static/chunks/04m2_next_dist_01d_w1-._.js:2431
[10226907ms] [INFO] %c%s%c [setup-health] background: #e6e6e6;background: light-dark(rgba(0,0,0,0.1), rgba(255,255,255,0.25));color: #000000;color: light-dark(#000000, #ffffff);border-radius: 2px  Server   panel-layout hidden because permission=false {tenantId: cmrvvipw70000oyyo6123270j, userId: cmrvvipyc000aoyyodcu4tftb, roleKeys: Array(1)} @ http://localhost:3030/_next/static/chunks/04m2_next_dist_01d_w1-._.js:2431
[10226929ms] [LOG] [Fast Refresh] rebuilding @ http://localhost:3030/_next/static/chunks/04m2_next_dist_01d_w1-._.js:2431
[10227106ms] [LOG] [Fast Refresh] done in 278ms @ http://localhost:3030/_next/static/chunks/04m2_next_dist_01d_w1-._.js:2431
[10227398ms] [LOG] [Fast Refresh] rebuilding @ http://localhost:3030/_next/static/chunks/04m2_next_dist_01d_w1-._.js:2431
[10227507ms] [LOG] [Fast Refresh] done in 215ms @ http://localhost:3030/_next/static/chunks/04m2_next_dist_01d_w1-._.js:2431
[10227612ms] [LOG] [Fast Refresh] rebuilding @ http://localhost:3030/_next/static/chunks/04m2_next_dist_01d_w1-._.js:2431
[10227634ms] [LOG] [Fast Refresh] done in 127ms @ http://localhost:3030/_next/static/chunks/04m2_next_dist_01d_w1-._.js:2431
[10227823ms] [LOG] [Fast Refresh] rebuilding @ http://localhost:3030/_next/static/chunks/04m2_next_dist_01d_w1-._.js:2431
[10227904ms] [LOG] [Fast Refresh] done in 182ms @ http://localhost:3030/_next/static/chunks/04m2_next_dist_01d_w1-._.js:2431
[10228170ms] [LOG] [Fast Refresh] rebuilding @ http://localhost:3030/_next/static/chunks/04m2_next_dist_01d_w1-._.js:2431
[10228186ms] [INFO] %c%s%c [setup-health] background: #e6e6e6;background: light-dark(rgba(0,0,0,0.1), rgba(255,255,255,0.25));color: #000000;color: light-dark(#000000, #ffffff);border-radius: 2px  Server   panel-layout hidden because permission=false {tenantId: cmrvvipw70000oyyo6123270j, userId: cmrvvipyc000aoyyodcu4tftb, roleKeys: Array(1)} @ http://localhost:3030/_next/static/chunks/04m2_next_dist_01d_w1-._.js:2431
[10228317ms] [LOG] [Fast Refresh] done in 250ms @ http://localhost:3030/_next/static/chunks/04m2_next_dist_01d_w1-._.js:2431
[10228929ms] [LOG] [Fast Refresh] rebuilding @ http://localhost:3030/_next/static/chunks/04m2_next_dist_01d_w1-._.js:2431
[10229026ms] [LOG] [Fast Refresh] done in 201ms @ http://localhost:3030/_next/static/chunks/04m2_next_dist_01d_w1-._.js:2431
[10229331ms] [LOG] [Fast Refresh] rebuilding @ http://localhost:3030/_next/static/chunks/04m2_next_dist_01d_w1-._.js:2431
[10229427ms] [LOG] [Fast Refresh] done in 202ms @ http://localhost:3030/_next/static/chunks/04m2_next_dist_01d_w1-._.js:2431
[10229601ms] [INFO] %c%s%c [setup-health] background: #e6e6e6;background: light-dark(rgba(0,0,0,0.1), rgba(255,255,255,0.25));color: #000000;color: light-dark(#000000, #ffffff);border-radius: 2px  Server   panel-layout hidden because permission=false {tenantId: cmrvvipw70000oyyo6123270j, userId: cmrvvipyc000aoyyodcu4tftb, roleKeys: Array(1)} @ http://localhost:3030/_next/static/chunks/04m2_next_dist_01d_w1-._.js:2431
[10229892ms] [LOG] [Fast Refresh] rebuilding @ http://localhost:3030/_next/static/chunks/04m2_next_dist_01d_w1-._.js:2431
[10230066ms] [LOG] [Fast Refresh] done in 280ms @ http://localhost:3030/_next/static/chunks/04m2_next_dist_01d_w1-._.js:2431
[10230746ms] [LOG] [Fast Refresh] rebuilding @ http://localhost:3030/_next/static/chunks/04m2_next_dist_01d_w1-._.js:2431
[10230813ms] [INFO] %c%s%c [setup-health] background: #e6e6e6;background: light-dark(rgba(0,0,0,0.1), rgba(255,255,255,0.25));color: #000000;color: light-dark(#000000, #ffffff);border-radius: 2px  Server   panel-layout hidden because permission=false {tenantId: cmrvvipw70000oyyo6123270j, userId: cmrvvipyc000aoyyodcu4tftb, roleKeys: Array(1)} @ http://localhost:3030/_next/static/chunks/04m2_next_dist_01d_w1-._.js:2431
[10230826ms] [LOG] [Fast Refresh] done in 189ms @ http://localhost:3030/_next/static/chunks/04m2_next_dist_01d_w1-._.js:2431
[10231186ms] [LOG] [Fast Refresh] rebuilding @ http://localhost:3030/_next/static/chunks/04m2_next_dist_01d_w1-._.js:2431
[10231292ms] [LOG] [Fast Refresh] done in 214ms @ http://localhost:3030/_next/static/chunks/04m2_next_dist_01d_w1-._.js:2431
[10231396ms] [LOG] [Fast Refresh] rebuilding @ http://localhost:3030/_next/static/chunks/04m2_next_dist_01d_w1-._.js:2431
[10231457ms] [LOG] [Fast Refresh] done in 162ms @ http://localhost:3030/_next/static/chunks/04m2_next_dist_01d_w1-._.js:2431
[10231674ms] [LOG] [Fast Refresh] rebuilding @ http://localhost:3030/_next/static/chunks/04m2_next_dist_01d_w1-._.js:2431
[10231812ms] [LOG] [Fast Refresh] done in 250ms @ http://localhost:3030/_next/static/chunks/04m2_next_dist_01d_w1-._.js:2431
[10231916ms] [LOG] [Fast Refresh] rebuilding @ http://localhost:3030/_next/static/chunks/04m2_next_dist_01d_w1-._.js:2431
[10231989ms] [LOG] [Fast Refresh] done in 175ms @ http://localhost:3030/_next/static/chunks/04m2_next_dist_01d_w1-._.js:2431
[10231999ms] [INFO] %c%s%c [setup-health] background: #e6e6e6;background: light-dark(rgba(0,0,0,0.1), rgba(255,255,255,0.25));color: #000000;color: light-dark(#000000, #ffffff);border-radius: 2px  Server   panel-layout hidden because permission=false {tenantId: cmrvvipw70000oyyo6123270j, userId: cmrvvipyc000aoyyodcu4tftb, roleKeys: Array(1)} @ http://localhost:3030/_next/static/chunks/04m2_next_dist_01d_w1-._.js:2431
[10232094ms] [LOG] [Fast Refresh] rebuilding @ http://localhost:3030/_next/static/chunks/04m2_next_dist_01d_w1-._.js:2431
[10232266ms] [LOG] [Fast Refresh] done in 276ms @ http://localhost:3030/_next/static/chunks/04m2_next_dist_01d_w1-._.js:2431
[10232435ms] [LOG] [Fast Refresh] rebuilding @ http://localhost:3030/_next/static/chunks/04m2_next_dist_01d_w1-._.js:2431
[10232639ms] [LOG] [Fast Refresh] done in 315ms @ http://localhost:3030/_next/static/chunks/04m2_next_dist_01d_w1-._.js:2431
[10233064ms] [LOG] [Fast Refresh] rebuilding @ http://localhost:3030/_next/static/chunks/04m2_next_dist_01d_w1-._.js:2431
[10233150ms] [LOG] [Fast Refresh] done in 199ms @ http://localhost:3030/_next/static/chunks/04m2_next_dist_01d_w1-._.js:2431
[10233308ms] [INFO] %c%s%c [setup-health] background: #e6e6e6;background: light-dark(rgba(0,0,0,0.1), rgba(255,255,255,0.25));color: #000000;color: light-dark(#000000, #ffffff);border-radius: 2px  Server   panel-layout hidden because permission=false {tenantId: cmrvvipw70000oyyo6123270j, userId: cmrvvipyc000aoyyodcu4tftb, roleKeys: Array(1)} @ http://localhost:3030/_next/static/chunks/04m2_next_dist_01d_w1-._.js:2431
[10233441ms] [LOG] [Fast Refresh] rebuilding @ http://localhost:3030/_next/static/chunks/04m2_next_dist_01d_w1-._.js:2431
[10233698ms] [LOG] [Fast Refresh] done in 359ms @ http://localhost:3030/_next/static/chunks/04m2_next_dist_01d_w1-._.js:2431
[10234251ms] [LOG] [Fast Refresh] rebuilding @ http://localhost:3030/_next/static/chunks/04m2_next_dist_01d_w1-._.js:2431
[10234389ms] [LOG] [Fast Refresh] done in 239ms @ http://localhost:3030/_next/static/chunks/04m2_next_dist_01d_w1-._.js:2431
[10234573ms] [LOG] [Fast Refresh] rebuilding @ http://localhost:3030/_next/static/chunks/04m2_next_dist_01d_w1-._.js:2431
[10234588ms] [INFO] %c%s%c [setup-health] background: #e6e6e6;background: light-dark(rgba(0,0,0,0.1), rgba(255,255,255,0.25));color: #000000;color: light-dark(#000000, #ffffff);border-radius: 2px  Server   panel-layout hidden because permission=false {tenantId: cmrvvipw70000oyyo6123270j, userId: cmrvvipyc000aoyyodcu4tftb, roleKeys: Array(1)} @ http://localhost:3030/_next/static/chunks/04m2_next_dist_01d_w1-._.js:2431
[10234817ms] [LOG] [Fast Refresh] done in 346ms @ http://localhost:3030/_next/static/chunks/04m2_next_dist_01d_w1-._.js:2431
[10235032ms] [LOG] [Fast Refresh] rebuilding @ http://localhost:3030/_next/static/chunks/04m2_next_dist_01d_w1-._.js:2431
[10235108ms] [LOG] [Fast Refresh] done in 177ms @ http://localhost:3030/_next/static/chunks/04m2_next_dist_01d_w1-._.js:2431
[10235679ms] [LOG] [Fast Refresh] rebuilding @ http://localhost:3030/_next/static/chunks/04m2_next_dist_01d_w1-._.js:2431
[10235773ms] [LOG] [Fast Refresh] done in 198ms @ http://localhost:3030/_next/static/chunks/04m2_next_dist_01d_w1-._.js:2431
[10235800ms] [INFO] %c%s%c [setup-health] background: #e6e6e6;background: light-dark(rgba(0,0,0,0.1), rgba(255,255,255,0.25));color: #000000;color: light-dark(#000000, #ffffff);border-radius: 2px  Server   panel-layout hidden because permission=false {tenantId: cmrvvipw70000oyyo6123270j, userId: cmrvvipyc000aoyyodcu4tftb, roleKeys: Array(1)} @ http://localhost:3030/_next/static/chunks/04m2_next_dist_01d_w1-._.js:2431
[10236147ms] [LOG] [Fast Refresh] rebuilding @ http://localhost:3030/_next/static/chunks/04m2_next_dist_01d_w1-._.js:2431
[10236405ms] [LOG] [Fast Refresh] done in 362ms @ http://localhost:3030/_next/static/chunks/04m2_next_dist_01d_w1-._.js:2431
[10236873ms] [LOG] [Fast Refresh] rebuilding @ http://localhost:3030/_next/static/chunks/04m2_next_dist_01d_w1-._.js:2431
[10237041ms] [LOG] [Fast Refresh] done in 268ms @ http://localhost:3030/_next/static/chunks/04m2_next_dist_01d_w1-._.js:2431
[10237203ms] [INFO] %c%s%c [setup-health] background: #e6e6e6;background: light-dark(rgba(0,0,0,0.1), rgba(255,255,255,0.25));color: #000000;color: light-dark(#000000, #ffffff);border-radius: 2px  Server   panel-layout hidden because permission=false {tenantId: cmrvvipw70000oyyo6123270j, userId: cmrvvipyc000aoyyodcu4tftb, roleKeys: Array(1)} @ http://localhost:3030/_next/static/chunks/04m2_next_dist_01d_w1-._.js:2431
[10237362ms] [LOG] [Fast Refresh] rebuilding @ http://localhost:3030/_next/static/chunks/04m2_next_dist_01d_w1-._.js:2431
[10237538ms] [LOG] [Fast Refresh] done in 288ms @ http://localhost:3030/_next/static/chunks/04m2_next_dist_01d_w1-._.js:2431
[10238105ms] [LOG] [Fast Refresh] rebuilding @ http://localhost:3030/_next/static/chunks/04m2_next_dist_01d_w1-._.js:2431
[10238206ms] [LOG] [Fast Refresh] done in 202ms @ http://localhost:3030/_next/static/chunks/04m2_next_dist_01d_w1-._.js:2431
[10238375ms] [LOG] [Fast Refresh] rebuilding @ http://localhost:3030/_next/static/chunks/04m2_next_dist_01d_w1-._.js:2431
[10238447ms] [INFO] %c%s%c [setup-health] background: #e6e6e6;background: light-dark(rgba(0,0,0,0.1), rgba(255,255,255,0.25));color: #000000;color: light-dark(#000000, #ffffff);border-radius: 2px  Server   panel-layout hidden because permission=false {tenantId: cmrvvipw70000oyyo6123270j, userId: cmrvvipyc000aoyyodcu4tftb, roleKeys: Array(1)} @ http://localhost:3030/_next/static/chunks/04m2_next_dist_01d_w1-._.js:2431
[10238614ms] [LOG] [Fast Refresh] done in 344ms @ http://localhost:3030/_next/static/chunks/04m2_next_dist_01d_w1-._.js:2431
[10238855ms] [LOG] [Fast Refresh] rebuilding @ http://localhost:3030/_next/static/chunks/04m2_next_dist_01d_w1-._.js:2431
[10238959ms] [LOG] [Fast Refresh] done in 207ms @ http://localhost:3030/_next/static/chunks/04m2_next_dist_01d_w1-._.js:2431
[10239064ms] [LOG] [Fast Refresh] rebuilding @ http://localhost:3030/_next/static/chunks/04m2_next_dist_01d_w1-._.js:2431
[10239078ms] [LOG] [Fast Refresh] done in 118ms @ http://localhost:3030/_next/static/chunks/04m2_next_dist_01d_w1-._.js:2431
[10239184ms] [LOG] [Fast Refresh] rebuilding @ http://localhost:3030/_next/static/chunks/04m2_next_dist_01d_w1-._.js:2431
[10239204ms] [LOG] [Fast Refresh] done in 124ms @ http://localhost:3030/_next/static/chunks/04m2_next_dist_01d_w1-._.js:2431
[10239306ms] [LOG] [Fast Refresh] rebuilding @ http://localhost:3030/_next/static/chunks/04m2_next_dist_01d_w1-._.js:2431
[10239415ms] [LOG] [Fast Refresh] done in 211ms @ http://localhost:3030/_next/static/chunks/04m2_next_dist_01d_w1-._.js:2431
[10239680ms] [INFO] %c%s%c [setup-health] background: #e6e6e6;background: light-dark(rgba(0,0,0,0.1), rgba(255,255,255,0.25));color: #000000;color: light-dark(#000000, #ffffff);border-radius: 2px  Server   panel-layout hidden because permission=false {tenantId: cmrvvipw70000oyyo6123270j, userId: cmrvvipyc000aoyyodcu4tftb, roleKeys: Array(1)} @ http://localhost:3030/_next/static/chunks/04m2_next_dist_01d_w1-._.js:2431
[10239829ms] [LOG] [Fast Refresh] rebuilding @ http://localhost:3030/_next/static/chunks/04m2_next_dist_01d_w1-._.js:2431
[10240122ms] [LOG] [Fast Refresh] done in 400ms @ http://localhost:3030/_next/static/chunks/04m2_next_dist_01d_w1-._.js:2431
[10240722ms] [LOG] [Fast Refresh] rebuilding @ http://localhost:3030/_next/static/chunks/04m2_next_dist_01d_w1-._.js:2431
[10240818ms] [LOG] [Fast Refresh] done in 202ms @ http://localhost:3030/_next/static/chunks/04m2_next_dist_01d_w1-._.js:2431
[10241032ms] [INFO] %c%s%c [setup-health] background: #e6e6e6;background: light-dark(rgba(0,0,0,0.1), rgba(255,255,255,0.25));color: #000000;color: light-dark(#000000, #ffffff);border-radius: 2px  Server   panel-layout hidden because permission=false {tenantId: cmrvvipw70000oyyo6123270j, userId: cmrvvipyc000aoyyodcu4tftb, roleKeys: Array(1)} @ http://localhost:3030/_next/static/chunks/04m2_next_dist_01d_w1-._.js:2431
[10241364ms] [LOG] [Fast Refresh] rebuilding @ http://localhost:3030/_next/static/chunks/04m2_next_dist_01d_w1-._.js:2431
[10241539ms] [LOG] [Fast Refresh] done in 278ms @ http://localhost:3030/_next/static/chunks/04m2_next_dist_01d_w1-._.js:2431
[10241652ms] [LOG] [Fast Refresh] rebuilding @ http://localhost:3030/_next/static/chunks/04m2_next_dist_01d_w1-._.js:2431
[10241657ms] [LOG] [Fast Refresh] done in 118ms @ http://localhost:3030/_next/static/chunks/04m2_next_dist_01d_w1-._.js:2431
[10241759ms] [LOG] [Fast Refresh] rebuilding @ http://localhost:3030/_next/static/chunks/04m2_next_dist_01d_w1-._.js:2431
[10241792ms] [LOG] [Fast Refresh] done in 133ms @ http://localhost:3030/_next/static/chunks/04m2_next_dist_01d_w1-._.js:2431
[10241893ms] [LOG] [Fast Refresh] rebuilding @ http://localhost:3030/_next/static/chunks/04m2_next_dist_01d_w1-._.js:2431
[10242032ms] [LOG] [Fast Refresh] done in 240ms @ http://localhost:3030/_next/static/chunks/04m2_next_dist_01d_w1-._.js:2431
[10242255ms] [LOG] [Fast Refresh] rebuilding @ http://localhost:3030/_next/static/chunks/04m2_next_dist_01d_w1-._.js:2431
[10242259ms] [INFO] %c%s%c [setup-health] background: #e6e6e6;background: light-dark(rgba(0,0,0,0.1), rgba(255,255,255,0.25));color: #000000;color: light-dark(#000000, #ffffff);border-radius: 2px  Server   panel-layout hidden because permission=false {tenantId: cmrvvipw70000oyyo6123270j, userId: cmrvvipyc000aoyyodcu4tftb, roleKeys: Array(1)} @ http://localhost:3030/_next/static/chunks/04m2_next_dist_01d_w1-._.js:2431
[10242446ms] [LOG] [Fast Refresh] done in 293ms @ http://localhost:3030/_next/static/chunks/04m2_next_dist_01d_w1-._.js:2431
[10242712ms] [LOG] [Fast Refresh] rebuilding @ http://localhost:3030/_next/static/chunks/04m2_next_dist_01d_w1-._.js:2431
[10242819ms] [LOG] [Fast Refresh] done in 211ms @ http://localhost:3030/_next/static/chunks/04m2_next_dist_01d_w1-._.js:2431
[10243161ms] [LOG] [Fast Refresh] rebuilding @ http://localhost:3030/_next/static/chunks/04m2_next_dist_01d_w1-._.js:2431
[10243275ms] [LOG] [Fast Refresh] done in 217ms @ http://localhost:3030/_next/static/chunks/04m2_next_dist_01d_w1-._.js:2431
[10243472ms] [LOG] [Fast Refresh] rebuilding @ http://localhost:3030/_next/static/chunks/04m2_next_dist_01d_w1-._.js:2431
[10243577ms] [INFO] %c%s%c [setup-health] background: #e6e6e6;background: light-dark(rgba(0,0,0,0.1), rgba(255,255,255,0.25));color: #000000;color: light-dark(#000000, #ffffff);border-radius: 2px  Server   panel-layout hidden because permission=false {tenantId: cmrvvipw70000oyyo6123270j, userId: cmrvvipyc000aoyyodcu4tftb, roleKeys: Array(1)} @ http://localhost:3030/_next/static/chunks/04m2_next_dist_01d_w1-._.js:2431
[10243766ms] [LOG] [Fast Refresh] done in 395ms @ http://localhost:3030/_next/static/chunks/04m2_next_dist_01d_w1-._.js:2431
[10244510ms] [LOG] [Fast Refresh] rebuilding @ http://localhost:3030/_next/static/chunks/04m2_next_dist_01d_w1-._.js:2431
[10244671ms] [LOG] [Fast Refresh] done in 267ms @ http://localhost:3030/_next/static/chunks/04m2_next_dist_01d_w1-._.js:2431
[10244882ms] [INFO] %c%s%c [setup-health] background: #e6e6e6;background: light-dark(rgba(0,0,0,0.1), rgba(255,255,255,0.25));color: #000000;color: light-dark(#000000, #ffffff);border-radius: 2px  Server   panel-layout hidden because permission=false {tenantId: cmrvvipw70000oyyo6123270j, userId: cmrvvipyc000aoyyodcu4tftb, roleKeys: Array(1)} @ http://localhost:3030/_next/static/chunks/04m2_next_dist_01d_w1-._.js:2431
[10245177ms] [LOG] [Fast Refresh] rebuilding @ http://localhost:3030/_next/static/chunks/04m2_next_dist_01d_w1-._.js:2431
[10245300ms] [LOG] [Fast Refresh] done in 230ms @ http://localhost:3030/_next/static/chunks/04m2_next_dist_01d_w1-._.js:2431
[10245413ms] [LOG] [Fast Refresh] rebuilding @ http://localhost:3030/_next/static/chunks/04m2_next_dist_01d_w1-._.js:2431
[10245444ms] [LOG] [Fast Refresh] done in 142ms @ http://localhost:3030/_next/static/chunks/04m2_next_dist_01d_w1-._.js:2431
[10245699ms] [LOG] [Fast Refresh] rebuilding @ http://localhost:3030/_next/static/chunks/04m2_next_dist_01d_w1-._.js:2431
[10245843ms] [LOG] [Fast Refresh] done in 252ms @ http://localhost:3030/_next/static/chunks/04m2_next_dist_01d_w1-._.js:2431
[10246043ms] [LOG] [Fast Refresh] rebuilding @ http://localhost:3030/_next/static/chunks/04m2_next_dist_01d_w1-._.js:2431
[10246048ms] [INFO] %c%s%c [setup-health] background: #e6e6e6;background: light-dark(rgba(0,0,0,0.1), rgba(255,255,255,0.25));color: #000000;color: light-dark(#000000, #ffffff);border-radius: 2px  Server   panel-layout hidden because permission=false {tenantId: cmrvvipw70000oyyo6123270j, userId: cmrvvipyc000aoyyodcu4tftb, roleKeys: Array(1)} @ http://localhost:3030/_next/static/chunks/04m2_next_dist_01d_w1-._.js:2431
[10246234ms] [LOG] [Fast Refresh] done in 297ms @ http://localhost:3030/_next/static/chunks/04m2_next_dist_01d_w1-._.js:2431
[10246431ms] [LOG] [Fast Refresh] rebuilding @ http://localhost:3030/_next/static/chunks/04m2_next_dist_01d_w1-._.js:2431
[10246590ms] [LOG] [Fast Refresh] done in 261ms @ http://localhost:3030/_next/static/chunks/04m2_next_dist_01d_w1-._.js:2431
[10246949ms] [LOG] [Fast Refresh] rebuilding @ http://localhost:3030/_next/static/chunks/04m2_next_dist_01d_w1-._.js:2431
[10247004ms] [LOG] [Fast Refresh] done in 163ms @ http://localhost:3030/_next/static/chunks/04m2_next_dist_01d_w1-._.js:2431
[10247327ms] [LOG] [Fast Refresh] rebuilding @ http://localhost:3030/_next/static/chunks/04m2_next_dist_01d_w1-._.js:2431
[10247388ms] [INFO] %c%s%c [setup-health] background: #e6e6e6;background: light-dark(rgba(0,0,0,0.1), rgba(255,255,255,0.25));color: #000000;color: light-dark(#000000, #ffffff);border-radius: 2px  Server   panel-layout hidden because permission=false {tenantId: cmrvvipw70000oyyo6123270j, userId: cmrvvipyc000aoyyodcu4tftb, roleKeys: Array(1)} @ http://localhost:3030/_next/static/chunks/04m2_next_dist_01d_w1-._.js:2431
[10247514ms] [LOG] [Fast Refresh] done in 293ms @ http://localhost:3030/_next/static/chunks/04m2_next_dist_01d_w1-._.js:2431
[10248138ms] [LOG] [Fast Refresh] rebuilding @ http://localhost:3030/_next/static/chunks/04m2_next_dist_01d_w1-._.js:2431
[10248154ms] [LOG] [Fast Refresh] done in 119ms @ http://localhost:3030/_next/static/chunks/04m2_next_dist_01d_w1-._.js:2431
[10248617ms] [LOG] [Fast Refresh] rebuilding @ http://localhost:3030/_next/static/chunks/04m2_next_dist_01d_w1-._.js:2431
[10248700ms] [LOG] [Fast Refresh] done in 184ms @ http://localhost:3030/_next/static/chunks/04m2_next_dist_01d_w1-._.js:2431
[10248725ms] [INFO] %c%s%c [setup-health] background: #e6e6e6;background: light-dark(rgba(0,0,0,0.1), rgba(255,255,255,0.25));color: #000000;color: light-dark(#000000, #ffffff);border-radius: 2px  Server   panel-layout hidden because permission=false {tenantId: cmrvvipw70000oyyo6123270j, userId: cmrvvipyc000aoyyodcu4tftb, roleKeys: Array(1)} @ http://localhost:3030/_next/static/chunks/04m2_next_dist_01d_w1-._.js:2431
[10248803ms] [LOG] [Fast Refresh] rebuilding @ http://localhost:3030/_next/static/chunks/04m2_next_dist_01d_w1-._.js:2431
[10248889ms] [LOG] [Fast Refresh] done in 187ms @ http://localhost:3030/_next/static/chunks/04m2_next_dist_01d_w1-._.js:2431
[10249002ms] [LOG] [Fast Refresh] rebuilding @ http://localhost:3030/_next/static/chunks/04m2_next_dist_01d_w1-._.js:2431
[10249168ms] [LOG] [Fast Refresh] done in 277ms @ http://localhost:3030/_next/static/chunks/04m2_next_dist_01d_w1-._.js:2431
[10249988ms] [LOG] [Fast Refresh] rebuilding @ http://localhost:3030/_next/static/chunks/04m2_next_dist_01d_w1-._.js:2431
[10249997ms] [LOG] [Fast Refresh] done in 109ms @ http://localhost:3030/_next/static/chunks/04m2_next_dist_01d_w1-._.js:2431
[10250164ms] [LOG] [Fast Refresh] rebuilding @ http://localhost:3030/_next/static/chunks/04m2_next_dist_01d_w1-._.js:2431
[10250276ms] [LOG] [Fast Refresh] done in 211ms @ http://localhost:3030/_next/static/chunks/04m2_next_dist_01d_w1-._.js:2431
[10250471ms] [LOG] [Fast Refresh] rebuilding @ http://localhost:3030/_next/static/chunks/04m2_next_dist_01d_w1-._.js:2431
[10250516ms] [LOG] [Fast Refresh] done in 157ms @ http://localhost:3030/_next/static/chunks/04m2_next_dist_01d_w1-._.js:2431
[10250525ms] [INFO] %c%s%c [setup-health] background: #e6e6e6;background: light-dark(rgba(0,0,0,0.1), rgba(255,255,255,0.25));color: #000000;color: light-dark(#000000, #ffffff);border-radius: 2px  Server   panel-layout hidden because permission=false {tenantId: cmrvvipw70000oyyo6123270j, userId: cmrvvipyc000aoyyodcu4tftb, roleKeys: Array(1)} @ http://localhost:3030/_next/static/chunks/04m2_next_dist_01d_w1-._.js:2431
[10250623ms] [LOG] [Fast Refresh] rebuilding @ http://localhost:3030/_next/static/chunks/04m2_next_dist_01d_w1-._.js:2431
[10250756ms] [LOG] [Fast Refresh] done in 235ms @ http://localhost:3030/_next/static/chunks/04m2_next_dist_01d_w1-._.js:2431
[10250859ms] [LOG] [Fast Refresh] rebuilding @ http://localhost:3030/_next/static/chunks/04m2_next_dist_01d_w1-._.js:2431
[10250983ms] [LOG] [Fast Refresh] done in 225ms @ http://localhost:3030/_next/static/chunks/04m2_next_dist_01d_w1-._.js:2431
[10251247ms] [LOG] [Fast Refresh] rebuilding @ http://localhost:3030/_next/static/chunks/04m2_next_dist_01d_w1-._.js:2431
[10251302ms] [LOG] [Fast Refresh] done in 162ms @ http://localhost:3030/_next/static/chunks/04m2_next_dist_01d_w1-._.js:2431
[10251473ms] [LOG] [Fast Refresh] rebuilding @ http://localhost:3030/_next/static/chunks/04m2_next_dist_01d_w1-._.js:2431
[10251700ms] [LOG] [Fast Refresh] done in 334ms @ http://localhost:3030/_next/static/chunks/04m2_next_dist_01d_w1-._.js:2431
[10251922ms] [INFO] %c%s%c [setup-health] background: #e6e6e6;background: light-dark(rgba(0,0,0,0.1), rgba(255,255,255,0.25));color: #000000;color: light-dark(#000000, #ffffff);border-radius: 2px  Server   panel-layout hidden because permission=false {tenantId: cmrvvipw70000oyyo6123270j, userId: cmrvvipyc000aoyyodcu4tftb, roleKeys: Array(1)} @ http://localhost:3030/_next/static/chunks/04m2_next_dist_01d_w1-._.js:2431
[10252303ms] [LOG] [Fast Refresh] rebuilding @ http://localhost:3030/_next/static/chunks/04m2_next_dist_01d_w1-._.js:2431
[10252463ms] [LOG] [Fast Refresh] done in 261ms @ http://localhost:3030/_next/static/chunks/04m2_next_dist_01d_w1-._.js:2431
[10252980ms] [LOG] [Fast Refresh] rebuilding @ http://localhost:3030/_next/static/chunks/04m2_next_dist_01d_w1-._.js:2431
[10253088ms] [LOG] [Fast Refresh] done in 212ms @ http://localhost:3030/_next/static/chunks/04m2_next_dist_01d_w1-._.js:2431
[10253231ms] [INFO] %c%s%c [setup-health] background: #e6e6e6;background: light-dark(rgba(0,0,0,0.1), rgba(255,255,255,0.25));color: #000000;color: light-dark(#000000, #ffffff);border-radius: 2px  Server   panel-layout hidden because permission=false {tenantId: cmrvvipw70000oyyo6123270j, userId: cmrvvipyc000aoyyodcu4tftb, roleKeys: Array(1)} @ http://localhost:3030/_next/static/chunks/04m2_next_dist_01d_w1-._.js:2431
[10253567ms] [LOG] [Fast Refresh] rebuilding @ http://localhost:3030/_next/static/chunks/04m2_next_dist_01d_w1-._.js:2431
[10253741ms] [LOG] [Fast Refresh] done in 279ms @ http://localhost:3030/_next/static/chunks/04m2_next_dist_01d_w1-._.js:2431
[10254061ms] [LOG] [Fast Refresh] rebuilding @ http://localhost:3030/_next/static/chunks/04m2_next_dist_01d_w1-._.js:2431
[10254196ms] [LOG] [Fast Refresh] done in 238ms @ http://localhost:3030/_next/static/chunks/04m2_next_dist_01d_w1-._.js:2431
[10254367ms] [INFO] %c%s%c [setup-health] background: #e6e6e6;background: light-dark(rgba(0,0,0,0.1), rgba(255,255,255,0.25));color: #000000;color: light-dark(#000000, #ffffff);border-radius: 2px  Server   panel-layout hidden because permission=false {tenantId: cmrvvipw70000oyyo6123270j, userId: cmrvvipyc000aoyyodcu4tftb, roleKeys: Array(1)} @ http://localhost:3030/_next/static/chunks/04m2_next_dist_01d_w1-._.js:2431
[10254380ms] [LOG] [Fast Refresh] rebuilding @ http://localhost:3030/_next/static/chunks/04m2_next_dist_01d_w1-._.js:2431
[10254559ms] [LOG] [Fast Refresh] done in 284ms @ http://localhost:3030/_next/static/chunks/04m2_next_dist_01d_w1-._.js:2431
[10254874ms] [LOG] [Fast Refresh] rebuilding @ http://localhost:3030/_next/static/chunks/04m2_next_dist_01d_w1-._.js:2431
[10254945ms] [LOG] [Fast Refresh] done in 174ms @ http://localhost:3030/_next/static/chunks/04m2_next_dist_01d_w1-._.js:2431
[10255049ms] [LOG] [Fast Refresh] rebuilding @ http://localhost:3030/_next/static/chunks/04m2_next_dist_01d_w1-._.js:2431
[10255091ms] [LOG] [Fast Refresh] done in 145ms @ http://localhost:3030/_next/static/chunks/04m2_next_dist_01d_w1-._.js:2431
[10255203ms] [LOG] [Fast Refresh] rebuilding @ http://localhost:3030/_next/static/chunks/04m2_next_dist_01d_w1-._.js:2431
[10255476ms] [LOG] [Fast Refresh] done in 383ms @ http://localhost:3030/_next/static/chunks/04m2_next_dist_01d_w1-._.js:2431
[10255740ms] [INFO] %c%s%c [setup-health] background: #e6e6e6;background: light-dark(rgba(0,0,0,0.1), rgba(255,255,255,0.25));color: #000000;color: light-dark(#000000, #ffffff);border-radius: 2px  Server   panel-layout hidden because permission=false {tenantId: cmrvvipw70000oyyo6123270j, userId: cmrvvipyc000aoyyodcu4tftb, roleKeys: Array(1)} @ http://localhost:3030/_next/static/chunks/04m2_next_dist_01d_w1-._.js:2431
[10256100ms] [LOG] [Fast Refresh] rebuilding @ http://localhost:3030/_next/static/chunks/04m2_next_dist_01d_w1-._.js:2431
[10256229ms] [LOG] [Fast Refresh] done in 232ms @ http://localhost:3030/_next/static/chunks/04m2_next_dist_01d_w1-._.js:2431
[10256447ms] [LOG] [Fast Refresh] rebuilding @ http://localhost:3030/_next/static/chunks/04m2_next_dist_01d_w1-._.js:2431
[10256517ms] [LOG] [Fast Refresh] done in 174ms @ http://localhost:3030/_next/static/chunks/04m2_next_dist_01d_w1-._.js:2431
[10256618ms] [LOG] [Fast Refresh] rebuilding @ http://localhost:3030/_next/static/chunks/04m2_next_dist_01d_w1-._.js:2431
[10256636ms] [LOG] [Fast Refresh] done in 119ms @ http://localhost:3030/_next/static/chunks/04m2_next_dist_01d_w1-._.js:2431
[10257139ms] [LOG] [Fast Refresh] rebuilding @ http://localhost:3030/_next/static/chunks/04m2_next_dist_01d_w1-._.js:2431
[10257140ms] [INFO] %c%s%c [setup-health] background: #e6e6e6;background: light-dark(rgba(0,0,0,0.1), rgba(255,255,255,0.25));color: #000000;color: light-dark(#000000, #ffffff);border-radius: 2px  Server   panel-layout hidden because permission=false {tenantId: cmrvvipw70000oyyo6123270j, userId: cmrvvipyc000aoyyodcu4tftb, roleKeys: Array(1)} @ http://localhost:3030/_next/static/chunks/04m2_next_dist_01d_w1-._.js:2431
[10257213ms] [LOG] [Fast Refresh] done in 216ms @ http://localhost:3030/_next/static/chunks/04m2_next_dist_01d_w1-._.js:2431
[10257339ms] [LOG] [Fast Refresh] rebuilding @ http://localhost:3030/_next/static/chunks/04m2_next_dist_01d_w1-._.js:2431
[10257600ms] [LOG] [Fast Refresh] done in 374ms @ http://localhost:3030/_next/static/chunks/04m2_next_dist_01d_w1-._.js:2431
[10257707ms] [LOG] [Fast Refresh] rebuilding @ http://localhost:3030/_next/static/chunks/04m2_next_dist_01d_w1-._.js:2431
[10257770ms] [LOG] [Fast Refresh] done in 169ms @ http://localhost:3030/_next/static/chunks/04m2_next_dist_01d_w1-._.js:2431
[10257938ms] [LOG] [Fast Refresh] rebuilding @ http://localhost:3030/_next/static/chunks/04m2_next_dist_01d_w1-._.js:2431
[10258040ms] [LOG] [Fast Refresh] done in 215ms @ http://localhost:3030/_next/static/chunks/04m2_next_dist_01d_w1-._.js:2431
[10258213ms] [INFO] %c%s%c [setup-health] background: #e6e6e6;background: light-dark(rgba(0,0,0,0.1), rgba(255,255,255,0.25));color: #000000;color: light-dark(#000000, #ffffff);border-radius: 2px  Server   panel-layout hidden because permission=false {tenantId: cmrvvipw70000oyyo6123270j, userId: cmrvvipyc000aoyyodcu4tftb, roleKeys: Array(1)} @ http://localhost:3030/_next/static/chunks/04m2_next_dist_01d_w1-._.js:2431
[10258248ms] [LOG] [Fast Refresh] rebuilding @ http://localhost:3030/_next/static/chunks/04m2_next_dist_01d_w1-._.js:2431
[10258491ms] [LOG] [Fast Refresh] done in 349ms @ http://localhost:3030/_next/static/chunks/04m2_next_dist_01d_w1-._.js:2431
[10258729ms] [LOG] [Fast Refresh] rebuilding @ http://localhost:3030/_next/static/chunks/04m2_next_dist_01d_w1-._.js:2431
[10258835ms] [LOG] [Fast Refresh] done in 210ms @ http://localhost:3030/_next/static/chunks/04m2_next_dist_01d_w1-._.js:2431
[10258939ms] [LOG] [Fast Refresh] rebuilding @ http://localhost:3030/_next/static/chunks/04m2_next_dist_01d_w1-._.js:2431
[10258965ms] [LOG] [Fast Refresh] done in 129ms @ http://localhost:3030/_next/static/chunks/04m2_next_dist_01d_w1-._.js:2431
[10259105ms] [LOG] [Fast Refresh] rebuilding @ http://localhost:3030/_next/static/chunks/04m2_next_dist_01d_w1-._.js:2431
[10259116ms] [LOG] [Fast Refresh] done in 118ms @ http://localhost:3030/_next/static/chunks/04m2_next_dist_01d_w1-._.js:2431
[10259219ms] [LOG] [Fast Refresh] rebuilding @ http://localhost:3030/_next/static/chunks/04m2_next_dist_01d_w1-._.js:2431
[10259248ms] [LOG] [Fast Refresh] done in 131ms @ http://localhost:3030/_next/static/chunks/04m2_next_dist_01d_w1-._.js:2431
[10259353ms] [LOG] [Fast Refresh] rebuilding @ http://localhost:3030/_next/static/chunks/04m2_next_dist_01d_w1-._.js:2431
[10259426ms] [LOG] [Fast Refresh] done in 176ms @ http://localhost:3030/_next/static/chunks/04m2_next_dist_01d_w1-._.js:2431
[10259639ms] [INFO] %c%s%c [setup-health] background: #e6e6e6;background: light-dark(rgba(0,0,0,0.1), rgba(255,255,255,0.25));color: #000000;color: light-dark(#000000, #ffffff);border-radius: 2px  Server   panel-layout hidden because permission=false {tenantId: cmrvvipw70000oyyo6123270j, userId: cmrvvipyc000aoyyodcu4tftb, roleKeys: Array(1)} @ http://localhost:3030/_next/static/chunks/04m2_next_dist_01d_w1-._.js:2431
[10259997ms] [LOG] [Fast Refresh] rebuilding @ http://localhost:3030/_next/static/chunks/04m2_next_dist_01d_w1-._.js:2431
[10260157ms] [LOG] [Fast Refresh] done in 271ms @ http://localhost:3030/_next/static/chunks/04m2_next_dist_01d_w1-._.js:2431
[10260408ms] [LOG] [Fast Refresh] rebuilding @ http://localhost:3030/_next/static/chunks/04m2_next_dist_01d_w1-._.js:2431
[10260477ms] [LOG] [Fast Refresh] done in 169ms @ http://localhost:3030/_next/static/chunks/04m2_next_dist_01d_w1-._.js:2431
[10260794ms] [LOG] [Fast Refresh] rebuilding @ http://localhost:3030/_next/static/chunks/04m2_next_dist_01d_w1-._.js:2431
[10260880ms] [LOG] [Fast Refresh] done in 187ms @ http://localhost:3030/_next/static/chunks/04m2_next_dist_01d_w1-._.js:2431
[10260907ms] [INFO] %c%s%c [setup-health] background: #e6e6e6;background: light-dark(rgba(0,0,0,0.1), rgba(255,255,255,0.25));color: #000000;color: light-dark(#000000, #ffffff);border-radius: 2px  Server   panel-layout hidden because permission=false {tenantId: cmrvvipw70000oyyo6123270j, userId: cmrvvipyc000aoyyodcu4tftb, roleKeys: Array(1)} @ http://localhost:3030/_next/static/chunks/04m2_next_dist_01d_w1-._.js:2431
[10260985ms] [LOG] [Fast Refresh] rebuilding @ http://localhost:3030/_next/static/chunks/04m2_next_dist_01d_w1-._.js:2431
[10261040ms] [LOG] [Fast Refresh] done in 160ms @ http://localhost:3030/_next/static/chunks/04m2_next_dist_01d_w1-._.js:2431
[10261143ms] [LOG] [Fast Refresh] rebuilding @ http://localhost:3030/_next/static/chunks/04m2_next_dist_01d_w1-._.js:2431
[10261228ms] [LOG] [Fast Refresh] done in 186ms @ http://localhost:3030/_next/static/chunks/04m2_next_dist_01d_w1-._.js:2431
[10261341ms] [LOG] [Fast Refresh] rebuilding @ http://localhost:3030/_next/static/chunks/04m2_next_dist_01d_w1-._.js:2431
[10261361ms] [LOG] [Fast Refresh] done in 128ms @ http://localhost:3030/_next/static/chunks/04m2_next_dist_01d_w1-._.js:2431
[10261583ms] [LOG] [Fast Refresh] rebuilding @ http://localhost:3030/_next/static/chunks/04m2_next_dist_01d_w1-._.js:2431
[10261587ms] [LOG] [Fast Refresh] done in 108ms @ http://localhost:3030/_next/static/chunks/04m2_next_dist_01d_w1-._.js:2431
[10261757ms] [LOG] [Fast Refresh] rebuilding @ http://localhost:3030/_next/static/chunks/04m2_next_dist_01d_w1-._.js:2431
[10261841ms] [LOG] [Fast Refresh] done in 187ms @ http://localhost:3030/_next/static/chunks/04m2_next_dist_01d_w1-._.js:2431
[10262063ms] [LOG] [Fast Refresh] rebuilding @ http://localhost:3030/_next/static/chunks/04m2_next_dist_01d_w1-._.js:2431
[10262078ms] [INFO] %c%s%c [setup-health] background: #e6e6e6;background: light-dark(rgba(0,0,0,0.1), rgba(255,255,255,0.25));color: #000000;color: light-dark(#000000, #ffffff);border-radius: 2px  Server   panel-layout hidden because permission=false {tenantId: cmrvvipw70000oyyo6123270j, userId: cmrvvipyc000aoyyodcu4tftb, roleKeys: Array(1)} @ http://localhost:3030/_next/static/chunks/04m2_next_dist_01d_w1-._.js:2431
[10262336ms] [LOG] [Fast Refresh] done in 374ms @ http://localhost:3030/_next/static/chunks/04m2_next_dist_01d_w1-._.js:2431
[10262598ms] [LOG] [Fast Refresh] rebuilding @ http://localhost:3030/_next/static/chunks/04m2_next_dist_01d_w1-._.js:2431
[10262721ms] [LOG] [Fast Refresh] done in 230ms @ http://localhost:3030/_next/static/chunks/04m2_next_dist_01d_w1-._.js:2431
[10262833ms] [LOG] [Fast Refresh] rebuilding @ http://localhost:3030/_next/static/chunks/04m2_next_dist_01d_w1-._.js:2431
[10262880ms] [LOG] [Fast Refresh] done in 158ms @ http://localhost:3030/_next/static/chunks/04m2_next_dist_01d_w1-._.js:2431
[10263210ms] [LOG] [Fast Refresh] rebuilding @ http://localhost:3030/_next/static/chunks/04m2_next_dist_01d_w1-._.js:2431
[10263281ms] [LOG] [Fast Refresh] done in 173ms @ http://localhost:3030/_next/static/chunks/04m2_next_dist_01d_w1-._.js:2431
[10263386ms] [LOG] [Fast Refresh] rebuilding @ http://localhost:3030/_next/static/chunks/04m2_next_dist_01d_w1-._.js:2431
[10263491ms] [LOG] [Fast Refresh] done in 207ms @ http://localhost:3030/_next/static/chunks/04m2_next_dist_01d_w1-._.js:2431
[10263519ms] [INFO] %c%s%c [setup-health] background: #e6e6e6;background: light-dark(rgba(0,0,0,0.1), rgba(255,255,255,0.25));color: #000000;color: light-dark(#000000, #ffffff);border-radius: 2px  Server   panel-layout hidden because permission=false {tenantId: cmrvvipw70000oyyo6123270j, userId: cmrvvipyc000aoyyodcu4tftb, roleKeys: Array(1)} @ http://localhost:3030/_next/static/chunks/04m2_next_dist_01d_w1-._.js:2431
[10263594ms] [LOG] [Fast Refresh] rebuilding @ http://localhost:3030/_next/static/chunks/04m2_next_dist_01d_w1-._.js:2431
[10263749ms] [LOG] [Fast Refresh] done in 258ms @ http://localhost:3030/_next/static/chunks/04m2_next_dist_01d_w1-._.js:2431
[10263959ms] [LOG] [Fast Refresh] rebuilding @ http://localhost:3030/_next/static/chunks/04m2_next_dist_01d_w1-._.js:2431
[10264089ms] [LOG] [Fast Refresh] done in 236ms @ http://localhost:3030/_next/static/chunks/04m2_next_dist_01d_w1-._.js:2431
[10264325ms] [LOG] [Fast Refresh] rebuilding @ http://localhost:3030/_next/static/chunks/04m2_next_dist_01d_w1-._.js:2431
[10264373ms] [LOG] [Fast Refresh] done in 153ms @ http://localhost:3030/_next/static/chunks/04m2_next_dist_01d_w1-._.js:2431
[10264474ms] [LOG] [Fast Refresh] rebuilding @ http://localhost:3030/_next/static/chunks/04m2_next_dist_01d_w1-._.js:2431
[10264547ms] [LOG] [Fast Refresh] done in 174ms @ http://localhost:3030/_next/static/chunks/04m2_next_dist_01d_w1-._.js:2431
[10264653ms] [LOG] [Fast Refresh] rebuilding @ http://localhost:3030/_next/static/chunks/04m2_next_dist_01d_w1-._.js:2431
[10264667ms] [LOG] [Fast Refresh] done in 118ms @ http://localhost:3030/_next/static/chunks/04m2_next_dist_01d_w1-._.js:2431
[10264757ms] [INFO] %c%s%c [setup-health] background: #e6e6e6;background: light-dark(rgba(0,0,0,0.1), rgba(255,255,255,0.25));color: #000000;color: light-dark(#000000, #ffffff);border-radius: 2px  Server   panel-layout hidden because permission=false {tenantId: cmrvvipw70000oyyo6123270j, userId: cmrvvipyc000aoyyodcu4tftb, roleKeys: Array(1)} @ http://localhost:3030/_next/static/chunks/04m2_next_dist_01d_w1-._.js:2431
[10264769ms] [LOG] [Fast Refresh] rebuilding @ http://localhost:3030/_next/static/chunks/04m2_next_dist_01d_w1-._.js:2431
[10264921ms] [LOG] [Fast Refresh] done in 252ms @ http://localhost:3030/_next/static/chunks/04m2_next_dist_01d_w1-._.js:2431
[10265358ms] [LOG] [Fast Refresh] rebuilding @ http://localhost:3030/_next/static/chunks/04m2_next_dist_01d_w1-._.js:2431
[10265438ms] [LOG] [Fast Refresh] done in 190ms @ http://localhost:3030/_next/static/chunks/04m2_next_dist_01d_w1-._.js:2431
[10265581ms] [LOG] [Fast Refresh] rebuilding @ http://localhost:3030/_next/static/chunks/04m2_next_dist_01d_w1-._.js:2431
[10265670ms] [LOG] [Fast Refresh] done in 191ms @ http://localhost:3030/_next/static/chunks/04m2_next_dist_01d_w1-._.js:2431
[10265923ms] [INFO] %c%s%c [setup-health] background: #e6e6e6;background: light-dark(rgba(0,0,0,0.1), rgba(255,255,255,0.25));color: #000000;color: light-dark(#000000, #ffffff);border-radius: 2px  Server   panel-layout hidden because permission=false {tenantId: cmrvvipw70000oyyo6123270j, userId: cmrvvipyc000aoyyodcu4tftb, roleKeys: Array(1)} @ http://localhost:3030/_next/static/chunks/04m2_next_dist_01d_w1-._.js:2431
[10265960ms] [LOG] [Fast Refresh] rebuilding @ http://localhost:3030/_next/static/chunks/04m2_next_dist_01d_w1-._.js:2431
[10266187ms] [LOG] [Fast Refresh] done in 338ms @ http://localhost:3030/_next/static/chunks/04m2_next_dist_01d_w1-._.js:2431
[10266452ms] [LOG] [Fast Refresh] rebuilding @ http://localhost:3030/_next/static/chunks/04m2_next_dist_01d_w1-._.js:2431
[10266544ms] [LOG] [Fast Refresh] done in 197ms @ http://localhost:3030/_next/static/chunks/04m2_next_dist_01d_w1-._.js:2431
[10266648ms] [LOG] [Fast Refresh] rebuilding @ http://localhost:3030/_next/static/chunks/04m2_next_dist_01d_w1-._.js:2431
[10266803ms] [LOG] [Fast Refresh] done in 257ms @ http://localhost:3030/_next/static/chunks/04m2_next_dist_01d_w1-._.js:2431
[10267013ms] [LOG] [Fast Refresh] rebuilding @ http://localhost:3030/_next/static/chunks/04m2_next_dist_01d_w1-._.js:2431
[10267081ms] [LOG] [Fast Refresh] done in 177ms @ http://localhost:3030/_next/static/chunks/04m2_next_dist_01d_w1-._.js:2431
[10267360ms] [INFO] %c%s%c [setup-health] background: #e6e6e6;background: light-dark(rgba(0,0,0,0.1), rgba(255,255,255,0.25));color: #000000;color: light-dark(#000000, #ffffff);border-radius: 2px  Server   panel-layout hidden because permission=false {tenantId: cmrvvipw70000oyyo6123270j, userId: cmrvvipyc000aoyyodcu4tftb, roleKeys: Array(1)} @ http://localhost:3030/_next/static/chunks/04m2_next_dist_01d_w1-._.js:2431
[10267507ms] [LOG] [Fast Refresh] rebuilding @ http://localhost:3030/_next/static/chunks/04m2_next_dist_01d_w1-._.js:2431
[10267604ms] [LOG] [Fast Refresh] done in 206ms @ http://localhost:3030/_next/static/chunks/04m2_next_dist_01d_w1-._.js:2431
[10268398ms] [LOG] [Fast Refresh] rebuilding @ http://localhost:3030/_next/static/chunks/04m2_next_dist_01d_w1-._.js:2431
[10268508ms] [LOG] [Fast Refresh] done in 218ms @ http://localhost:3030/_next/static/chunks/04m2_next_dist_01d_w1-._.js:2431
[10268609ms] [LOG] [Fast Refresh] rebuilding @ http://localhost:3030/_next/static/chunks/04m2_next_dist_01d_w1-._.js:2431
[10268656ms] [LOG] [Fast Refresh] done in 147ms @ http://localhost:3030/_next/static/chunks/04m2_next_dist_01d_w1-._.js:2431
[10268665ms] [INFO] %c%s%c [setup-health] background: #e6e6e6;background: light-dark(rgba(0,0,0,0.1), rgba(255,255,255,0.25));color: #000000;color: light-dark(#000000, #ffffff);border-radius: 2px  Server   panel-layout hidden because permission=false {tenantId: cmrvvipw70000oyyo6123270j, userId: cmrvvipyc000aoyyodcu4tftb, roleKeys: Array(1)} @ http://localhost:3030/_next/static/chunks/04m2_next_dist_01d_w1-._.js:2431
[10268758ms] [LOG] [Fast Refresh] rebuilding @ http://localhost:3030/_next/static/chunks/04m2_next_dist_01d_w1-._.js:2431
[10268909ms] [LOG] [Fast Refresh] done in 252ms @ http://localhost:3030/_next/static/chunks/04m2_next_dist_01d_w1-._.js:2431
[10269011ms] [LOG] [Fast Refresh] rebuilding @ http://localhost:3030/_next/static/chunks/04m2_next_dist_01d_w1-._.js:2431
[10269111ms] [LOG] [Fast Refresh] done in 200ms @ http://localhost:3030/_next/static/chunks/04m2_next_dist_01d_w1-._.js:2431
[10269916ms] [LOG] [Fast Refresh] rebuilding @ http://localhost:3030/_next/static/chunks/04m2_next_dist_01d_w1-._.js:2431
[10269963ms] [LOG] [Fast Refresh] done in 150ms @ http://localhost:3030/_next/static/chunks/04m2_next_dist_01d_w1-._.js:2431
[10269990ms] [INFO] %c%s%c [setup-health] background: #e6e6e6;background: light-dark(rgba(0,0,0,0.1), rgba(255,255,255,0.25));color: #000000;color: light-dark(#000000, #ffffff);border-radius: 2px  Server   panel-layout hidden because permission=false {tenantId: cmrvvipw70000oyyo6123270j, userId: cmrvvipyc000aoyyodcu4tftb, roleKeys: Array(1)} @ http://localhost:3030/_next/static/chunks/04m2_next_dist_01d_w1-._.js:2431
[10270065ms] [LOG] [Fast Refresh] rebuilding @ http://localhost:3030/_next/static/chunks/04m2_next_dist_01d_w1-._.js:2431
[10270202ms] [LOG] [Fast Refresh] done in 237ms @ http://localhost:3030/_next/static/chunks/04m2_next_dist_01d_w1-._.js:2431
[10270533ms] [LOG] [Fast Refresh] rebuilding @ http://localhost:3030/_next/static/chunks/04m2_next_dist_01d_w1-._.js:2431
[10270703ms] [LOG] [Fast Refresh] done in 274ms @ http://localhost:3030/_next/static/chunks/04m2_next_dist_01d_w1-._.js:2431
[10271105ms] [LOG] [Fast Refresh] rebuilding @ http://localhost:3030/_next/static/chunks/04m2_next_dist_01d_w1-._.js:2431
[10271283ms] [LOG] [Fast Refresh] done in 282ms @ http://localhost:3030/_next/static/chunks/04m2_next_dist_01d_w1-._.js:2431
[10271652ms] [INFO] %c%s%c [setup-health] background: #e6e6e6;background: light-dark(rgba(0,0,0,0.1), rgba(255,255,255,0.25));color: #000000;color: light-dark(#000000, #ffffff);border-radius: 2px  Server   panel-layout hidden because permission=false {tenantId: cmrvvipw70000oyyo6123270j, userId: cmrvvipyc000aoyyodcu4tftb, roleKeys: Array(1)} @ http://localhost:3030/_next/static/chunks/04m2_next_dist_01d_w1-._.js:2431
[10271802ms] [LOG] [Fast Refresh] rebuilding @ http://localhost:3030/_next/static/chunks/04m2_next_dist_01d_w1-._.js:2431
[10272042ms] [LOG] [Fast Refresh] done in 347ms @ http://localhost:3030/_next/static/chunks/04m2_next_dist_01d_w1-._.js:2431
[10272144ms] [LOG] [Fast Refresh] rebuilding @ http://localhost:3030/_next/static/chunks/04m2_next_dist_01d_w1-._.js:2431
[10272347ms] [LOG] [Fast Refresh] done in 305ms @ http://localhost:3030/_next/static/chunks/04m2_next_dist_01d_w1-._.js:2431
[10272558ms] [LOG] [Fast Refresh] rebuilding @ http://localhost:3030/_next/static/chunks/04m2_next_dist_01d_w1-._.js:2431
[10272615ms] [LOG] [Fast Refresh] done in 157ms @ http://localhost:3030/_next/static/chunks/04m2_next_dist_01d_w1-._.js:2431
[10273071ms] [INFO] %c%s%c [setup-health] background: #e6e6e6;background: light-dark(rgba(0,0,0,0.1), rgba(255,255,255,0.25));color: #000000;color: light-dark(#000000, #ffffff);border-radius: 2px  Server   panel-layout hidden because permission=false {tenantId: cmrvvipw70000oyyo6123270j, userId: cmrvvipyc000aoyyodcu4tftb, roleKeys: Array(1)} @ http://localhost:3030/_next/static/chunks/04m2_next_dist_01d_w1-._.js:2431
[10273098ms] [LOG] [Fast Refresh] rebuilding @ http://localhost:3030/_next/static/chunks/04m2_next_dist_01d_w1-._.js:2431
[10273231ms] [LOG] [Fast Refresh] done in 239ms @ http://localhost:3030/_next/static/chunks/04m2_next_dist_01d_w1-._.js:2431
[10273612ms] [LOG] [Fast Refresh] rebuilding @ http://localhost:3030/_next/static/chunks/04m2_next_dist_01d_w1-._.js:2431
[10273657ms] [LOG] [Fast Refresh] done in 145ms @ http://localhost:3030/_next/static/chunks/04m2_next_dist_01d_w1-._.js:2431
[10273959ms] [LOG] [Fast Refresh] rebuilding @ http://localhost:3030/_next/static/chunks/04m2_next_dist_01d_w1-._.js:2431
[10274112ms] [LOG] [Fast Refresh] done in 259ms @ http://localhost:3030/_next/static/chunks/04m2_next_dist_01d_w1-._.js:2431
[10274374ms] [INFO] %c%s%c [setup-health] background: #e6e6e6;background: light-dark(rgba(0,0,0,0.1), rgba(255,255,255,0.25));color: #000000;color: light-dark(#000000, #ffffff);border-radius: 2px  Server   panel-layout hidden because permission=false {tenantId: cmrvvipw70000oyyo6123270j, userId: cmrvvipyc000aoyyodcu4tftb, roleKeys: Array(1)} @ http://localhost:3030/_next/static/chunks/04m2_next_dist_01d_w1-._.js:2431
[10274507ms] [LOG] [Fast Refresh] rebuilding @ http://localhost:3030/_next/static/chunks/04m2_next_dist_01d_w1-._.js:2431
[10274830ms] [LOG] [Fast Refresh] done in 424ms @ http://localhost:3030/_next/static/chunks/04m2_next_dist_01d_w1-._.js:2431
[10275406ms] [LOG] [Fast Refresh] rebuilding @ http://localhost:3030/_next/static/chunks/04m2_next_dist_01d_w1-._.js:2431
[10275495ms] [LOG] [Fast Refresh] done in 197ms @ http://localhost:3030/_next/static/chunks/04m2_next_dist_01d_w1-._.js:2431
[10275788ms] [LOG] [Fast Refresh] rebuilding @ http://localhost:3030/_next/static/chunks/04m2_next_dist_01d_w1-._.js:2431
[10275846ms] [INFO] %c%s%c [setup-health] background: #e6e6e6;background: light-dark(rgba(0,0,0,0.1), rgba(255,255,255,0.25));color: #000000;color: light-dark(#000000, #ffffff);border-radius: 2px  Server   panel-layout hidden because permission=false {tenantId: cmrvvipw70000oyyo6123270j, userId: cmrvvipyc000aoyyodcu4tftb, roleKeys: Array(1)} @ http://localhost:3030/_next/static/chunks/04m2_next_dist_01d_w1-._.js:2431
[10275978ms] [LOG] [Fast Refresh] done in 297ms @ http://localhost:3030/_next/static/chunks/04m2_next_dist_01d_w1-._.js:2431
[10276336ms] [LOG] [Fast Refresh] rebuilding @ http://localhost:3030/_next/static/chunks/04m2_next_dist_01d_w1-._.js:2431
[10276485ms] [LOG] [Fast Refresh] done in 256ms @ http://localhost:3030/_next/static/chunks/04m2_next_dist_01d_w1-._.js:2431
[10276697ms] [LOG] [Fast Refresh] rebuilding @ http://localhost:3030/_next/static/chunks/04m2_next_dist_01d_w1-._.js:2431
[10276754ms] [LOG] [Fast Refresh] done in 160ms @ http://localhost:3030/_next/static/chunks/04m2_next_dist_01d_w1-._.js:2431
[10276865ms] [LOG] [Fast Refresh] rebuilding @ http://localhost:3030/_next/static/chunks/04m2_next_dist_01d_w1-._.js:2431
[10276882ms] [LOG] [Fast Refresh] done in 124ms @ http://localhost:3030/_next/static/chunks/04m2_next_dist_01d_w1-._.js:2431
[10277162ms] [LOG] [Fast Refresh] rebuilding @ http://localhost:3030/_next/static/chunks/04m2_next_dist_01d_w1-._.js:2431
[10277232ms] [LOG] [Fast Refresh] done in 176ms @ http://localhost:3030/_next/static/chunks/04m2_next_dist_01d_w1-._.js:2431
[10277336ms] [LOG] [Fast Refresh] rebuilding @ http://localhost:3030/_next/static/chunks/04m2_next_dist_01d_w1-._.js:2431
[10277336ms] [INFO] %c%s%c [setup-health] background: #e6e6e6;background: light-dark(rgba(0,0,0,0.1), rgba(255,255,255,0.25));color: #000000;color: light-dark(#000000, #ffffff);border-radius: 2px  Server   panel-layout hidden because permission=false {tenantId: cmrvvipw70000oyyo6123270j, userId: cmrvvipyc000aoyyodcu4tftb, roleKeys: Array(1)} @ http://localhost:3030/_next/static/chunks/04m2_next_dist_01d_w1-._.js:2431
[10277371ms] [LOG] [Fast Refresh] done in 139ms @ http://localhost:3030/_next/static/chunks/04m2_next_dist_01d_w1-._.js:2431
[10277549ms] [LOG] [Fast Refresh] rebuilding @ http://localhost:3030/_next/static/chunks/04m2_next_dist_01d_w1-._.js:2431
[10277646ms] [LOG] [Fast Refresh] done in 199ms @ http://localhost:3030/_next/static/chunks/04m2_next_dist_01d_w1-._.js:2431
[10278034ms] [LOG] [Fast Refresh] rebuilding @ http://localhost:3030/_next/static/chunks/04m2_next_dist_01d_w1-._.js:2431
[10278098ms] [LOG] [Fast Refresh] done in 165ms @ http://localhost:3030/_next/static/chunks/04m2_next_dist_01d_w1-._.js:2431
[10278468ms] [LOG] [Fast Refresh] rebuilding @ http://localhost:3030/_next/static/chunks/04m2_next_dist_01d_w1-._.js:2431
[10278568ms] [LOG] [Fast Refresh] done in 200ms @ http://localhost:3030/_next/static/chunks/04m2_next_dist_01d_w1-._.js:2431
[10278578ms] [INFO] %c%s%c [setup-health] background: #e6e6e6;background: light-dark(rgba(0,0,0,0.1), rgba(255,255,255,0.25));color: #000000;color: light-dark(#000000, #ffffff);border-radius: 2px  Server   panel-layout hidden because permission=false {tenantId: cmrvvipw70000oyyo6123270j, userId: cmrvvipyc000aoyyodcu4tftb, roleKeys: Array(1)} @ http://localhost:3030/_next/static/chunks/04m2_next_dist_01d_w1-._.js:2431
[10279083ms] [LOG] [Fast Refresh] rebuilding @ http://localhost:3030/_next/static/chunks/04m2_next_dist_01d_w1-._.js:2431
[10279152ms] [LOG] [Fast Refresh] done in 171ms @ http://localhost:3030/_next/static/chunks/04m2_next_dist_01d_w1-._.js:2431
[10279253ms] [LOG] [Fast Refresh] rebuilding @ http://localhost:3030/_next/static/chunks/04m2_next_dist_01d_w1-._.js:2431
[10279350ms] [LOG] [Fast Refresh] done in 197ms @ http://localhost:3030/_next/static/chunks/04m2_next_dist_01d_w1-._.js:2431
[10279788ms] [LOG] [Fast Refresh] rebuilding @ http://localhost:3030/_next/static/chunks/04m2_next_dist_01d_w1-._.js:2431
[10279855ms] [LOG] [Fast Refresh] done in 176ms @ http://localhost:3030/_next/static/chunks/04m2_next_dist_01d_w1-._.js:2431
[10279959ms] [LOG] [Fast Refresh] rebuilding @ http://localhost:3030/_next/static/chunks/04m2_next_dist_01d_w1-._.js:2431
[10280059ms] [LOG] [Fast Refresh] done in 204ms @ http://localhost:3030/_next/static/chunks/04m2_next_dist_01d_w1-._.js:2431
[10280122ms] [INFO] %c%s%c [setup-health] background: #e6e6e6;background: light-dark(rgba(0,0,0,0.1), rgba(255,255,255,0.25));color: #000000;color: light-dark(#000000, #ffffff);border-radius: 2px  Server   panel-layout hidden because permission=false {tenantId: cmrvvipw70000oyyo6123270j, userId: cmrvvipyc000aoyyodcu4tftb, roleKeys: Array(1)} @ http://localhost:3030/_next/static/chunks/04m2_next_dist_01d_w1-._.js:2431
[10280167ms] [LOG] [Fast Refresh] rebuilding @ http://localhost:3030/_next/static/chunks/04m2_next_dist_01d_w1-._.js:2431
[10280312ms] [LOG] [Fast Refresh] done in 251ms @ http://localhost:3030/_next/static/chunks/04m2_next_dist_01d_w1-._.js:2431
[10280590ms] [LOG] [Fast Refresh] rebuilding @ http://localhost:3030/_next/static/chunks/04m2_next_dist_01d_w1-._.js:2431
[10280673ms] [LOG] [Fast Refresh] done in 191ms @ http://localhost:3030/_next/static/chunks/04m2_next_dist_01d_w1-._.js:2431
[10280867ms] [LOG] [Fast Refresh] rebuilding @ http://localhost:3030/_next/static/chunks/04m2_next_dist_01d_w1-._.js:2431
[10280909ms] [LOG] [Fast Refresh] done in 145ms @ http://localhost:3030/_next/static/chunks/04m2_next_dist_01d_w1-._.js:2431
[10281013ms] [LOG] [Fast Refresh] rebuilding @ http://localhost:3030/_next/static/chunks/04m2_next_dist_01d_w1-._.js:2431
[10281124ms] [LOG] [Fast Refresh] done in 214ms @ http://localhost:3030/_next/static/chunks/04m2_next_dist_01d_w1-._.js:2431
[10281226ms] [LOG] [Fast Refresh] rebuilding @ http://localhost:3030/_next/static/chunks/04m2_next_dist_01d_w1-._.js:2431
[10281315ms] [LOG] [Fast Refresh] done in 190ms @ http://localhost:3030/_next/static/chunks/04m2_next_dist_01d_w1-._.js:2431
[10281353ms] [INFO] %c%s%c [setup-health] background: #e6e6e6;background: light-dark(rgba(0,0,0,0.1), rgba(255,255,255,0.25));color: #000000;color: light-dark(#000000, #ffffff);border-radius: 2px  Server   panel-layout hidden because permission=false {tenantId: cmrvvipw70000oyyo6123270j, userId: cmrvvipyc000aoyyodcu4tftb, roleKeys: Array(1)} @ http://localhost:3030/_next/static/chunks/04m2_next_dist_01d_w1-._.js:2431
[10281802ms] [LOG] [Fast Refresh] rebuilding @ http://localhost:3030/_next/static/chunks/04m2_next_dist_01d_w1-._.js:2431
[10281874ms] [LOG] [Fast Refresh] done in 175ms @ http://localhost:3030/_next/static/chunks/04m2_next_dist_01d_w1-._.js:2431
[10282281ms] [LOG] [Fast Refresh] rebuilding @ http://localhost:3030/_next/static/chunks/04m2_next_dist_01d_w1-._.js:2431
[10282340ms] [LOG] [Fast Refresh] done in 167ms @ http://localhost:3030/_next/static/chunks/04m2_next_dist_01d_w1-._.js:2431
[10282442ms] [LOG] [Fast Refresh] rebuilding @ http://localhost:3030/_next/static/chunks/04m2_next_dist_01d_w1-._.js:2431
[10282498ms] [LOG] [Fast Refresh] done in 156ms @ http://localhost:3030/_next/static/chunks/04m2_next_dist_01d_w1-._.js:2431
[10282602ms] [LOG] [Fast Refresh] rebuilding @ http://localhost:3030/_next/static/chunks/04m2_next_dist_01d_w1-._.js:2431
[10282685ms] [LOG] [Fast Refresh] done in 183ms @ http://localhost:3030/_next/static/chunks/04m2_next_dist_01d_w1-._.js:2431
[10282690ms] [INFO] %c%s%c [setup-health] background: #e6e6e6;background: light-dark(rgba(0,0,0,0.1), rgba(255,255,255,0.25));color: #000000;color: light-dark(#000000, #ffffff);border-radius: 2px  Server   panel-layout hidden because permission=false {tenantId: cmrvvipw70000oyyo6123270j, userId: cmrvvipyc000aoyyodcu4tftb, roleKeys: Array(1)} @ http://localhost:3030/_next/static/chunks/04m2_next_dist_01d_w1-._.js:2431
[10282791ms] [LOG] [Fast Refresh] rebuilding @ http://localhost:3030/_next/static/chunks/04m2_next_dist_01d_w1-._.js:2431
[10282982ms] [LOG] [Fast Refresh] done in 294ms @ http://localhost:3030/_next/static/chunks/04m2_next_dist_01d_w1-._.js:2431
[10283259ms] [LOG] [Fast Refresh] rebuilding @ http://localhost:3030/_next/static/chunks/04m2_next_dist_01d_w1-._.js:2431
[10283356ms] [LOG] [Fast Refresh] done in 200ms @ http://localhost:3030/_next/static/chunks/04m2_next_dist_01d_w1-._.js:2431
[10283791ms] [LOG] [Fast Refresh] rebuilding @ http://localhost:3030/_next/static/chunks/04m2_next_dist_01d_w1-._.js:2431
[10283940ms] [LOG] [Fast Refresh] done in 251ms @ http://localhost:3030/_next/static/chunks/04m2_next_dist_01d_w1-._.js:2431
[10284297ms] [INFO] %c%s%c [setup-health] background: #e6e6e6;background: light-dark(rgba(0,0,0,0.1), rgba(255,255,255,0.25));color: #000000;color: light-dark(#000000, #ffffff);border-radius: 2px  Server   panel-layout hidden because permission=false {tenantId: cmrvvipw70000oyyo6123270j, userId: cmrvvipyc000aoyyodcu4tftb, roleKeys: Array(1)} @ http://localhost:3030/_next/static/chunks/04m2_next_dist_01d_w1-._.js:2431
[10284443ms] [LOG] [Fast Refresh] rebuilding @ http://localhost:3030/_next/static/chunks/04m2_next_dist_01d_w1-._.js:2431
[10284582ms] [LOG] [Fast Refresh] done in 244ms @ http://localhost:3030/_next/static/chunks/04m2_next_dist_01d_w1-._.js:2431
[10284696ms] [LOG] [Fast Refresh] rebuilding @ http://localhost:3030/_next/static/chunks/04m2_next_dist_01d_w1-._.js:2431
[10284816ms] [LOG] [Fast Refresh] done in 225ms @ http://localhost:3030/_next/static/chunks/04m2_next_dist_01d_w1-._.js:2431
[10285203ms] [LOG] [Fast Refresh] rebuilding @ http://localhost:3030/_next/static/chunks/04m2_next_dist_01d_w1-._.js:2431
[10285328ms] [LOG] [Fast Refresh] done in 225ms @ http://localhost:3030/_next/static/chunks/04m2_next_dist_01d_w1-._.js:2431
[10285474ms] [INFO] %c%s%c [setup-health] background: #e6e6e6;background: light-dark(rgba(0,0,0,0.1), rgba(255,255,255,0.25));color: #000000;color: light-dark(#000000, #ffffff);border-radius: 2px  Server   panel-layout hidden because permission=false {tenantId: cmrvvipw70000oyyo6123270j, userId: cmrvvipyc000aoyyodcu4tftb, roleKeys: Array(1)} @ http://localhost:3030/_next/static/chunks/04m2_next_dist_01d_w1-._.js:2431
[10285632ms] [LOG] [Fast Refresh] rebuilding @ http://localhost:3030/_next/static/chunks/04m2_next_dist_01d_w1-._.js:2431
[10285743ms] [LOG] [Fast Refresh] done in 213ms @ http://localhost:3030/_next/static/chunks/04m2_next_dist_01d_w1-._.js:2431
[10285847ms] [LOG] [Fast Refresh] rebuilding @ http://localhost:3030/_next/static/chunks/04m2_next_dist_01d_w1-._.js:2431
[10285931ms] [LOG] [Fast Refresh] done in 187ms @ http://localhost:3030/_next/static/chunks/04m2_next_dist_01d_w1-._.js:2431
[10286042ms] [LOG] [Fast Refresh] rebuilding @ http://localhost:3030/_next/static/chunks/04m2_next_dist_01d_w1-._.js:2431
[10286140ms] [LOG] [Fast Refresh] done in 199ms @ http://localhost:3030/_next/static/chunks/04m2_next_dist_01d_w1-._.js:2431
[10286325ms] [LOG] [Fast Refresh] rebuilding @ http://localhost:3030/_next/static/chunks/04m2_next_dist_01d_w1-._.js:2431
[10286390ms] [LOG] [Fast Refresh] done in 167ms @ http://localhost:3030/_next/static/chunks/04m2_next_dist_01d_w1-._.js:2431
[10286502ms] [LOG] [Fast Refresh] rebuilding @ http://localhost:3030/_next/static/chunks/04m2_next_dist_01d_w1-._.js:2431
[10286513ms] [LOG] [Fast Refresh] done in 116ms @ http://localhost:3030/_next/static/chunks/04m2_next_dist_01d_w1-._.js:2431
[10286621ms] [INFO] %c%s%c [setup-health] background: #e6e6e6;background: light-dark(rgba(0,0,0,0.1), rgba(255,255,255,0.25));color: #000000;color: light-dark(#000000, #ffffff);border-radius: 2px  Server   panel-layout hidden because permission=false {tenantId: cmrvvipw70000oyyo6123270j, userId: cmrvvipyc000aoyyodcu4tftb, roleKeys: Array(1)} @ http://localhost:3030/_next/static/chunks/04m2_next_dist_01d_w1-._.js:2431
[10286806ms] [LOG] [Fast Refresh] rebuilding @ http://localhost:3030/_next/static/chunks/04m2_next_dist_01d_w1-._.js:2431
[10286951ms] [LOG] [Fast Refresh] done in 254ms @ http://localhost:3030/_next/static/chunks/04m2_next_dist_01d_w1-._.js:2431
[10287055ms] [LOG] [Fast Refresh] rebuilding @ http://localhost:3030/_next/static/chunks/04m2_next_dist_01d_w1-._.js:2431
[10287101ms] [LOG] [Fast Refresh] done in 148ms @ http://localhost:3030/_next/static/chunks/04m2_next_dist_01d_w1-._.js:2431
[10287201ms] [LOG] [Fast Refresh] rebuilding @ http://localhost:3030/_next/static/chunks/04m2_next_dist_01d_w1-._.js:2431
[10287264ms] [LOG] [Fast Refresh] done in 162ms @ http://localhost:3030/_next/static/chunks/04m2_next_dist_01d_w1-._.js:2431
[10287442ms] [LOG] [Fast Refresh] rebuilding @ http://localhost:3030/_next/static/chunks/04m2_next_dist_01d_w1-._.js:2431
[10287527ms] [LOG] [Fast Refresh] done in 188ms @ http://localhost:3030/_next/static/chunks/04m2_next_dist_01d_w1-._.js:2431
[10287819ms] [LOG] [Fast Refresh] rebuilding @ http://localhost:3030/_next/static/chunks/04m2_next_dist_01d_w1-._.js:2431
[10287835ms] [INFO] %c%s%c [setup-health] background: #e6e6e6;background: light-dark(rgba(0,0,0,0.1), rgba(255,255,255,0.25));color: #000000;color: light-dark(#000000, #ffffff);border-radius: 2px  Server   panel-layout hidden because permission=false {tenantId: cmrvvipw70000oyyo6123270j, userId: cmrvvipyc000aoyyodcu4tftb, roleKeys: Array(1)} @ http://localhost:3030/_next/static/chunks/04m2_next_dist_01d_w1-._.js:2431
[10287984ms] [LOG] [Fast Refresh] done in 270ms @ http://localhost:3030/_next/static/chunks/04m2_next_dist_01d_w1-._.js:2431
[10288286ms] [LOG] [Fast Refresh] rebuilding @ http://localhost:3030/_next/static/chunks/04m2_next_dist_01d_w1-._.js:2431
[10288433ms] [LOG] [Fast Refresh] done in 255ms @ http://localhost:3030/_next/static/chunks/04m2_next_dist_01d_w1-._.js:2431
[10288631ms] [LOG] [Fast Refresh] rebuilding @ http://localhost:3030/_next/static/chunks/04m2_next_dist_01d_w1-._.js:2431
[10288687ms] [LOG] [Fast Refresh] done in 158ms @ http://localhost:3030/_next/static/chunks/04m2_next_dist_01d_w1-._.js:2431
[10288789ms] [LOG] [Fast Refresh] rebuilding @ http://localhost:3030/_next/static/chunks/04m2_next_dist_01d_w1-._.js:2431
[10288872ms] [LOG] [Fast Refresh] done in 184ms @ http://localhost:3030/_next/static/chunks/04m2_next_dist_01d_w1-._.js:2431
[10288976ms] [LOG] [Fast Refresh] rebuilding @ http://localhost:3030/_next/static/chunks/04m2_next_dist_01d_w1-._.js:2431
[10289077ms] [LOG] [Fast Refresh] done in 202ms @ http://localhost:3030/_next/static/chunks/04m2_next_dist_01d_w1-._.js:2431
[10289138ms] [INFO] %c%s%c [setup-health] background: #e6e6e6;background: light-dark(rgba(0,0,0,0.1), rgba(255,255,255,0.25));color: #000000;color: light-dark(#000000, #ffffff);border-radius: 2px  Server   panel-layout hidden because permission=false {tenantId: cmrvvipw70000oyyo6123270j, userId: cmrvvipyc000aoyyodcu4tftb, roleKeys: Array(1)} @ http://localhost:3030/_next/static/chunks/04m2_next_dist_01d_w1-._.js:2431
[10289185ms] [LOG] [Fast Refresh] rebuilding @ http://localhost:3030/_next/static/chunks/04m2_next_dist_01d_w1-._.js:2431
[10289290ms] [LOG] [Fast Refresh] done in 213ms @ http://localhost:3030/_next/static/chunks/04m2_next_dist_01d_w1-._.js:2431
[10289740ms] [LOG] [Fast Refresh] rebuilding @ http://localhost:3030/_next/static/chunks/04m2_next_dist_01d_w1-._.js:2431
[10289835ms] [LOG] [Fast Refresh] done in 200ms @ http://localhost:3030/_next/static/chunks/04m2_next_dist_01d_w1-._.js:2431
[10290006ms] [LOG] [Fast Refresh] rebuilding @ http://localhost:3030/_next/static/chunks/04m2_next_dist_01d_w1-._.js:2431
[10290118ms] [LOG] [Fast Refresh] done in 213ms @ http://localhost:3030/_next/static/chunks/04m2_next_dist_01d_w1-._.js:2431
[10290329ms] [LOG] [Fast Refresh] rebuilding @ http://localhost:3030/_next/static/chunks/04m2_next_dist_01d_w1-._.js:2431
[10290330ms] [INFO] %c%s%c [setup-health] background: #e6e6e6;background: light-dark(rgba(0,0,0,0.1), rgba(255,255,255,0.25));color: #000000;color: light-dark(#000000, #ffffff);border-radius: 2px  Server   panel-layout hidden because permission=false {tenantId: cmrvvipw70000oyyo6123270j, userId: cmrvvipyc000aoyyodcu4tftb, roleKeys: Array(1)} @ http://localhost:3030/_next/static/chunks/04m2_next_dist_01d_w1-._.js:2431
[10290570ms] [LOG] [Fast Refresh] done in 346ms @ http://localhost:3030/_next/static/chunks/04m2_next_dist_01d_w1-._.js:2431
[10290807ms] [LOG] [Fast Refresh] rebuilding @ http://localhost:3030/_next/static/chunks/04m2_next_dist_01d_w1-._.js:2431
[10290918ms] [LOG] [Fast Refresh] done in 219ms @ http://localhost:3030/_next/static/chunks/04m2_next_dist_01d_w1-._.js:2431
[10291172ms] [LOG] [Fast Refresh] rebuilding @ http://localhost:3030/_next/static/chunks/04m2_next_dist_01d_w1-._.js:2431
[10291233ms] [LOG] [Fast Refresh] done in 167ms @ http://localhost:3030/_next/static/chunks/04m2_next_dist_01d_w1-._.js:2431
[10291336ms] [LOG] [Fast Refresh] rebuilding @ http://localhost:3030/_next/static/chunks/04m2_next_dist_01d_w1-._.js:2431
[10291492ms] [LOG] [Fast Refresh] done in 256ms @ http://localhost:3030/_next/static/chunks/04m2_next_dist_01d_w1-._.js:2431
[10291497ms] [INFO] %c%s%c [setup-health] background: #e6e6e6;background: light-dark(rgba(0,0,0,0.1), rgba(255,255,255,0.25));color: #000000;color: light-dark(#000000, #ffffff);border-radius: 2px  Server   panel-layout hidden because permission=false {tenantId: cmrvvipw70000oyyo6123270j, userId: cmrvvipyc000aoyyodcu4tftb, roleKeys: Array(1)} @ http://localhost:3030/_next/static/chunks/04m2_next_dist_01d_w1-._.js:2431
[10291943ms] [LOG] [Fast Refresh] rebuilding @ http://localhost:3030/_next/static/chunks/04m2_next_dist_01d_w1-._.js:2431
[10292022ms] [LOG] [Fast Refresh] done in 189ms @ http://localhost:3030/_next/static/chunks/04m2_next_dist_01d_w1-._.js:2431
[10292186ms] [LOG] [Fast Refresh] rebuilding @ http://localhost:3030/_next/static/chunks/04m2_next_dist_01d_w1-._.js:2431
[10292209ms] [LOG] [Fast Refresh] done in 129ms @ http://localhost:3030/_next/static/chunks/04m2_next_dist_01d_w1-._.js:2431
[10292310ms] [LOG] [Fast Refresh] rebuilding @ http://localhost:3030/_next/static/chunks/04m2_next_dist_01d_w1-._.js:2431
[10292416ms] [LOG] [Fast Refresh] done in 207ms @ http://localhost:3030/_next/static/chunks/04m2_next_dist_01d_w1-._.js:2431
[10292524ms] [LOG] [Fast Refresh] rebuilding @ http://localhost:3030/_next/static/chunks/04m2_next_dist_01d_w1-._.js:2431
[10292610ms] [LOG] [Fast Refresh] done in 193ms @ http://localhost:3030/_next/static/chunks/04m2_next_dist_01d_w1-._.js:2431
[10292636ms] [INFO] %c%s%c [setup-health] background: #e6e6e6;background: light-dark(rgba(0,0,0,0.1), rgba(255,255,255,0.25));color: #000000;color: light-dark(#000000, #ffffff);border-radius: 2px  Server   panel-layout hidden because permission=false {tenantId: cmrvvipw70000oyyo6123270j, userId: cmrvvipyc000aoyyodcu4tftb, roleKeys: Array(1)} @ http://localhost:3030/_next/static/chunks/04m2_next_dist_01d_w1-._.js:2431
[10292981ms] [LOG] [Fast Refresh] rebuilding @ http://localhost:3030/_next/static/chunks/04m2_next_dist_01d_w1-._.js:2431
[10293080ms] [LOG] [Fast Refresh] done in 205ms @ http://localhost:3030/_next/static/chunks/04m2_next_dist_01d_w1-._.js:2431
[10293291ms] [LOG] [Fast Refresh] rebuilding @ http://localhost:3030/_next/static/chunks/04m2_next_dist_01d_w1-._.js:2431
[10293371ms] [LOG] [Fast Refresh] done in 185ms @ http://localhost:3030/_next/static/chunks/04m2_next_dist_01d_w1-._.js:2431
[10293543ms] [LOG] [Fast Refresh] rebuilding @ http://localhost:3030/_next/static/chunks/04m2_next_dist_01d_w1-._.js:2431
[10293581ms] [LOG] [Fast Refresh] done in 141ms @ http://localhost:3030/_next/static/chunks/04m2_next_dist_01d_w1-._.js:2431
[10293684ms] [LOG] [Fast Refresh] rebuilding @ http://localhost:3030/_next/static/chunks/04m2_next_dist_01d_w1-._.js:2431
[10293704ms] [LOG] [Fast Refresh] done in 121ms @ http://localhost:3030/_next/static/chunks/04m2_next_dist_01d_w1-._.js:2431
[10293823ms] [INFO] %c%s%c [setup-health] background: #e6e6e6;background: light-dark(rgba(0,0,0,0.1), rgba(255,255,255,0.25));color: #000000;color: light-dark(#000000, #ffffff);border-radius: 2px  Server   panel-layout hidden because permission=false {tenantId: cmrvvipw70000oyyo6123270j, userId: cmrvvipyc000aoyyodcu4tftb, roleKeys: Array(1)} @ http://localhost:3030/_next/static/chunks/04m2_next_dist_01d_w1-._.js:2431
[10294262ms] [LOG] [Fast Refresh] rebuilding @ http://localhost:3030/_next/static/chunks/04m2_next_dist_01d_w1-._.js:2431
[10294315ms] [LOG] [Fast Refresh] done in 154ms @ http://localhost:3030/_next/static/chunks/04m2_next_dist_01d_w1-._.js:2431
[10294661ms] [LOG] [Fast Refresh] rebuilding @ http://localhost:3030/_next/static/chunks/04m2_next_dist_01d_w1-._.js:2431
[10294720ms] [LOG] [Fast Refresh] done in 161ms @ http://localhost:3030/_next/static/chunks/04m2_next_dist_01d_w1-._.js:2431
[10294924ms] [LOG] [Fast Refresh] rebuilding @ http://localhost:3030/_next/static/chunks/04m2_next_dist_01d_w1-._.js:2431
[10294932ms] [INFO] %c%s%c [setup-health] background: #e6e6e6;background: light-dark(rgba(0,0,0,0.1), rgba(255,255,255,0.25));color: #000000;color: light-dark(#000000, #ffffff);border-radius: 2px  Server   panel-layout hidden because permission=false {tenantId: cmrvvipw70000oyyo6123270j, userId: cmrvvipyc000aoyyodcu4tftb, roleKeys: Array(1)} @ http://localhost:3030/_next/static/chunks/04m2_next_dist_01d_w1-._.js:2431
[10295054ms] [LOG] [Fast Refresh] done in 241ms @ http://localhost:3030/_next/static/chunks/04m2_next_dist_01d_w1-._.js:2431
[10295303ms] [LOG] [Fast Refresh] rebuilding @ http://localhost:3030/_next/static/chunks/04m2_next_dist_01d_w1-._.js:2431
[10295556ms] [LOG] [Fast Refresh] done in 356ms @ http://localhost:3030/_next/static/chunks/04m2_next_dist_01d_w1-._.js:2431
[10295848ms] [LOG] [Fast Refresh] rebuilding @ http://localhost:3030/_next/static/chunks/04m2_next_dist_01d_w1-._.js:2431
[10295880ms] [LOG] [Fast Refresh] done in 134ms @ http://localhost:3030/_next/static/chunks/04m2_next_dist_01d_w1-._.js:2431
[10296103ms] [INFO] %c%s%c [setup-health] background: #e6e6e6;background: light-dark(rgba(0,0,0,0.1), rgba(255,255,255,0.25));color: #000000;color: light-dark(#000000, #ffffff);border-radius: 2px  Server   panel-layout hidden because permission=false {tenantId: cmrvvipw70000oyyo6123270j, userId: cmrvvipyc000aoyyodcu4tftb, roleKeys: Array(1)} @ http://localhost:3030/_next/static/chunks/04m2_next_dist_01d_w1-._.js:2431
[10296235ms] [LOG] [Fast Refresh] rebuilding @ http://localhost:3030/_next/static/chunks/04m2_next_dist_01d_w1-._.js:2431
[10296387ms] [LOG] [Fast Refresh] done in 258ms @ http://localhost:3030/_next/static/chunks/04m2_next_dist_01d_w1-._.js:2431
[10296665ms] [LOG] [Fast Refresh] rebuilding @ http://localhost:3030/_next/static/chunks/04m2_next_dist_01d_w1-._.js:2431
[10296774ms] [LOG] [Fast Refresh] done in 215ms @ http://localhost:3030/_next/static/chunks/04m2_next_dist_01d_w1-._.js:2431
[10296957ms] [LOG] [Fast Refresh] rebuilding @ http://localhost:3030/_next/static/chunks/04m2_next_dist_01d_w1-._.js:2431
[10297065ms] [LOG] [Fast Refresh] done in 211ms @ http://localhost:3030/_next/static/chunks/04m2_next_dist_01d_w1-._.js:2431
[10297241ms] [INFO] %c%s%c [setup-health] background: #e6e6e6;background: light-dark(rgba(0,0,0,0.1), rgba(255,255,255,0.25));color: #000000;color: light-dark(#000000, #ffffff);border-radius: 2px  Server   panel-layout hidden because permission=false {tenantId: cmrvvipw70000oyyo6123270j, userId: cmrvvipyc000aoyyodcu4tftb, roleKeys: Array(1)} @ http://localhost:3030/_next/static/chunks/04m2_next_dist_01d_w1-._.js:2431
[10297277ms] [LOG] [Fast Refresh] rebuilding @ http://localhost:3030/_next/static/chunks/04m2_next_dist_01d_w1-._.js:2431
[10297465ms] [LOG] [Fast Refresh] done in 291ms @ http://localhost:3030/_next/static/chunks/04m2_next_dist_01d_w1-._.js:2431
[10297692ms] [LOG] [Fast Refresh] rebuilding @ http://localhost:3030/_next/static/chunks/04m2_next_dist_01d_w1-._.js:2431
[10297800ms] [LOG] [Fast Refresh] done in 213ms @ http://localhost:3030/_next/static/chunks/04m2_next_dist_01d_w1-._.js:2431
[10297906ms] [LOG] [Fast Refresh] rebuilding @ http://localhost:3030/_next/static/chunks/04m2_next_dist_01d_w1-._.js:2431
[10297919ms] [LOG] [Fast Refresh] done in 119ms @ http://localhost:3030/_next/static/chunks/04m2_next_dist_01d_w1-._.js:2431
[10298074ms] [LOG] [Fast Refresh] rebuilding @ http://localhost:3030/_next/static/chunks/04m2_next_dist_01d_w1-._.js:2431
[10298074ms] [LOG] [Fast Refresh] done in 102ms @ http://localhost:3030/_next/static/chunks/04m2_next_dist_01d_w1-._.js:2431
[10298329ms] [LOG] [Fast Refresh] rebuilding @ http://localhost:3030/_next/static/chunks/04m2_next_dist_01d_w1-._.js:2431
[10298387ms] [LOG] [Fast Refresh] done in 159ms @ http://localhost:3030/_next/static/chunks/04m2_next_dist_01d_w1-._.js:2431
[10298415ms] [INFO] %c%s%c [setup-health] background: #e6e6e6;background: light-dark(rgba(0,0,0,0.1), rgba(255,255,255,0.25));color: #000000;color: light-dark(#000000, #ffffff);border-radius: 2px  Server   panel-layout hidden because permission=false {tenantId: cmrvvipw70000oyyo6123270j, userId: cmrvvipyc000aoyyodcu4tftb, roleKeys: Array(1)} @ http://localhost:3030/_next/static/chunks/04m2_next_dist_01d_w1-._.js:2431
[10298493ms] [LOG] [Fast Refresh] rebuilding @ http://localhost:3030/_next/static/chunks/04m2_next_dist_01d_w1-._.js:2431
[10298613ms] [LOG] [Fast Refresh] done in 225ms @ http://localhost:3030/_next/static/chunks/04m2_next_dist_01d_w1-._.js:2431
[10298812ms] [LOG] [Fast Refresh] rebuilding @ http://localhost:3030/_next/static/chunks/04m2_next_dist_01d_w1-._.js:2431
[10298927ms] [LOG] [Fast Refresh] done in 222ms @ http://localhost:3030/_next/static/chunks/04m2_next_dist_01d_w1-._.js:2431
[10299035ms] [LOG] [Fast Refresh] rebuilding @ http://localhost:3030/_next/static/chunks/04m2_next_dist_01d_w1-._.js:2431
[10299039ms] [LOG] [Fast Refresh] done in 108ms @ http://localhost:3030/_next/static/chunks/04m2_next_dist_01d_w1-._.js:2431
[10299141ms] [LOG] [Fast Refresh] rebuilding @ http://localhost:3030/_next/static/chunks/04m2_next_dist_01d_w1-._.js:2431
[10299146ms] [LOG] [Fast Refresh] done in 107ms @ http://localhost:3030/_next/static/chunks/04m2_next_dist_01d_w1-._.js:2431
[10299255ms] [LOG] [Fast Refresh] rebuilding @ http://localhost:3030/_next/static/chunks/04m2_next_dist_01d_w1-._.js:2431
[10299288ms] [LOG] [Fast Refresh] done in 141ms @ http://localhost:3030/_next/static/chunks/04m2_next_dist_01d_w1-._.js:2431
[10299393ms] [LOG] [Fast Refresh] rebuilding @ http://localhost:3030/_next/static/chunks/04m2_next_dist_01d_w1-._.js:2431
[10299469ms] [LOG] [Fast Refresh] done in 180ms @ http://localhost:3030/_next/static/chunks/04m2_next_dist_01d_w1-._.js:2431
[10299483ms] [INFO] %c%s%c [setup-health] background: #e6e6e6;background: light-dark(rgba(0,0,0,0.1), rgba(255,255,255,0.25));color: #000000;color: light-dark(#000000, #ffffff);border-radius: 2px  Server   panel-layout hidden because permission=false {tenantId: cmrvvipw70000oyyo6123270j, userId: cmrvvipyc000aoyyodcu4tftb, roleKeys: Array(1)} @ http://localhost:3030/_next/static/chunks/04m2_next_dist_01d_w1-._.js:2431
[10299582ms] [LOG] [Fast Refresh] rebuilding @ http://localhost:3030/_next/static/chunks/04m2_next_dist_01d_w1-._.js:2431
[10299655ms] [LOG] [Fast Refresh] done in 182ms @ http://localhost:3030/_next/static/chunks/04m2_next_dist_01d_w1-._.js:2431
[10299768ms] [LOG] [Fast Refresh] rebuilding @ http://localhost:3030/_next/static/chunks/04m2_next_dist_01d_w1-._.js:2431
[10299802ms] [LOG] [Fast Refresh] done in 144ms @ http://localhost:3030/_next/static/chunks/04m2_next_dist_01d_w1-._.js:2431
[10299909ms] [LOG] [Fast Refresh] rebuilding @ http://localhost:3030/_next/static/chunks/04m2_next_dist_01d_w1-._.js:2431
[10300014ms] [LOG] [Fast Refresh] done in 208ms @ http://localhost:3030/_next/static/chunks/04m2_next_dist_01d_w1-._.js:2431
[10300127ms] [LOG] [Fast Refresh] rebuilding @ http://localhost:3030/_next/static/chunks/04m2_next_dist_01d_w1-._.js:2431
[10300232ms] [LOG] [Fast Refresh] done in 216ms @ http://localhost:3030/_next/static/chunks/04m2_next_dist_01d_w1-._.js:2431
[10300375ms] [LOG] [Fast Refresh] rebuilding @ http://localhost:3030/_next/static/chunks/04m2_next_dist_01d_w1-._.js:2431
[10300481ms] [LOG] [Fast Refresh] done in 213ms @ http://localhost:3030/_next/static/chunks/04m2_next_dist_01d_w1-._.js:2431
[10300669ms] [INFO] %c%s%c [setup-health] background: #e6e6e6;background: light-dark(rgba(0,0,0,0.1), rgba(255,255,255,0.25));color: #000000;color: light-dark(#000000, #ffffff);border-radius: 2px  Server   panel-layout hidden because permission=false {tenantId: cmrvvipw70000oyyo6123270j, userId: cmrvvipyc000aoyyodcu4tftb, roleKeys: Array(1)} @ http://localhost:3030/_next/static/chunks/04m2_next_dist_01d_w1-._.js:2431
[10300703ms] [LOG] [Fast Refresh] rebuilding @ http://localhost:3030/_next/static/chunks/04m2_next_dist_01d_w1-._.js:2431
[10300919ms] [LOG] [Fast Refresh] done in 319ms @ http://localhost:3030/_next/static/chunks/04m2_next_dist_01d_w1-._.js:2431
[10301597ms] [LOG] [Fast Refresh] rebuilding @ http://localhost:3030/_next/static/chunks/04m2_next_dist_01d_w1-._.js:2431
[10301664ms] [LOG] [Fast Refresh] done in 174ms @ http://localhost:3030/_next/static/chunks/04m2_next_dist_01d_w1-._.js:2431
[10301768ms] [LOG] [Fast Refresh] rebuilding @ http://localhost:3030/_next/static/chunks/04m2_next_dist_01d_w1-._.js:2431
[10301788ms] [LOG] [Fast Refresh] done in 122ms @ http://localhost:3030/_next/static/chunks/04m2_next_dist_01d_w1-._.js:2431
[10301889ms] [LOG] [Fast Refresh] rebuilding @ http://localhost:3030/_next/static/chunks/04m2_next_dist_01d_w1-._.js:2431
[10301919ms] [INFO] %c%s%c [setup-health] background: #e6e6e6;background: light-dark(rgba(0,0,0,0.1), rgba(255,255,255,0.25));color: #000000;color: light-dark(#000000, #ffffff);border-radius: 2px  Server   panel-layout hidden because permission=false {tenantId: cmrvvipw70000oyyo6123270j, userId: cmrvvipyc000aoyyodcu4tftb, roleKeys: Array(1)} @ http://localhost:3030/_next/static/chunks/04m2_next_dist_01d_w1-._.js:2431
[10302055ms] [LOG] [Fast Refresh] done in 267ms @ http://localhost:3030/_next/static/chunks/04m2_next_dist_01d_w1-._.js:2431
[10302572ms] [LOG] [Fast Refresh] rebuilding @ http://localhost:3030/_next/static/chunks/04m2_next_dist_01d_w1-._.js:2431
[10302574ms] [LOG] [Fast Refresh] done in 107ms @ http://localhost:3030/_next/static/chunks/04m2_next_dist_01d_w1-._.js:2431
[10302744ms] [LOG] [Fast Refresh] rebuilding @ http://localhost:3030/_next/static/chunks/04m2_next_dist_01d_w1-._.js:2431
[10302775ms] [LOG] [Fast Refresh] done in 133ms @ http://localhost:3030/_next/static/chunks/04m2_next_dist_01d_w1-._.js:2431
[10302883ms] [LOG] [Fast Refresh] rebuilding @ http://localhost:3030/_next/static/chunks/04m2_next_dist_01d_w1-._.js:2431
[10302990ms] [LOG] [Fast Refresh] done in 212ms @ http://localhost:3030/_next/static/chunks/04m2_next_dist_01d_w1-._.js:2431
[10303004ms] [INFO] %c%s%c [setup-health] background: #e6e6e6;background: light-dark(rgba(0,0,0,0.1), rgba(255,255,255,0.25));color: #000000;color: light-dark(#000000, #ffffff);border-radius: 2px  Server   panel-layout hidden because permission=false {tenantId: cmrvvipw70000oyyo6123270j, userId: cmrvvipyc000aoyyodcu4tftb, roleKeys: Array(1)} @ http://localhost:3030/_next/static/chunks/04m2_next_dist_01d_w1-._.js:2431
[10303346ms] [LOG] [Fast Refresh] rebuilding @ http://localhost:3030/_next/static/chunks/04m2_next_dist_01d_w1-._.js:2431
[10303442ms] [LOG] [Fast Refresh] done in 207ms @ http://localhost:3030/_next/static/chunks/04m2_next_dist_01d_w1-._.js:2431
[10303542ms] [LOG] [Fast Refresh] rebuilding @ http://localhost:3030/_next/static/chunks/04m2_next_dist_01d_w1-._.js:2431
[10303547ms] [LOG] [Fast Refresh] done in 104ms @ http://localhost:3030/_next/static/chunks/04m2_next_dist_01d_w1-._.js:2431
[10303649ms] [LOG] [Fast Refresh] rebuilding @ http://localhost:3030/_next/static/chunks/04m2_next_dist_01d_w1-._.js:2431
[10303701ms] [LOG] [Fast Refresh] done in 152ms @ http://localhost:3030/_next/static/chunks/04m2_next_dist_01d_w1-._.js:2431
[10303861ms] [LOG] [Fast Refresh] rebuilding @ http://localhost:3030/_next/static/chunks/04m2_next_dist_01d_w1-._.js:2431
[10303921ms] [LOG] [Fast Refresh] done in 161ms @ http://localhost:3030/_next/static/chunks/04m2_next_dist_01d_w1-._.js:2431
[10304030ms] [LOG] [Fast Refresh] rebuilding @ http://localhost:3030/_next/static/chunks/04m2_next_dist_01d_w1-._.js:2431
[10304031ms] [LOG] [Fast Refresh] done in 106ms @ http://localhost:3030/_next/static/chunks/04m2_next_dist_01d_w1-._.js:2431
[10304117ms] [INFO] %c%s%c [setup-health] background: #e6e6e6;background: light-dark(rgba(0,0,0,0.1), rgba(255,255,255,0.25));color: #000000;color: light-dark(#000000, #ffffff);border-radius: 2px  Server   panel-layout hidden because permission=false {tenantId: cmrvvipw70000oyyo6123270j, userId: cmrvvipyc000aoyyodcu4tftb, roleKeys: Array(1)} @ http://localhost:3030/_next/static/chunks/04m2_next_dist_01d_w1-._.js:2431
[10304495ms] [LOG] [Fast Refresh] rebuilding @ http://localhost:3030/_next/static/chunks/04m2_next_dist_01d_w1-._.js:2431
[10304562ms] [LOG] [Fast Refresh] done in 175ms @ http://localhost:3030/_next/static/chunks/04m2_next_dist_01d_w1-._.js:2431
[10304665ms] [LOG] [Fast Refresh] rebuilding @ http://localhost:3030/_next/static/chunks/04m2_next_dist_01d_w1-._.js:2431
[10304749ms] [LOG] [Fast Refresh] done in 186ms @ http://localhost:3030/_next/static/chunks/04m2_next_dist_01d_w1-._.js:2431
[10304944ms] [LOG] [Fast Refresh] rebuilding @ http://localhost:3030/_next/static/chunks/04m2_next_dist_01d_w1-._.js:2431
[10305001ms] [LOG] [Fast Refresh] done in 158ms @ http://localhost:3030/_next/static/chunks/04m2_next_dist_01d_w1-._.js:2431
[10305241ms] [INFO] %c%s%c [setup-health] background: #e6e6e6;background: light-dark(rgba(0,0,0,0.1), rgba(255,255,255,0.25));color: #000000;color: light-dark(#000000, #ffffff);border-radius: 2px  Server   panel-layout hidden because permission=false {tenantId: cmrvvipw70000oyyo6123270j, userId: cmrvvipyc000aoyyodcu4tftb, roleKeys: Array(1)} @ http://localhost:3030/_next/static/chunks/04m2_next_dist_01d_w1-._.js:2431
[10305604ms] [LOG] [Fast Refresh] rebuilding @ http://localhost:3030/_next/static/chunks/04m2_next_dist_01d_w1-._.js:2431
[10305639ms] [LOG] [Fast Refresh] done in 173ms @ http://localhost:3030/_next/static/chunks/04m2_next_dist_01d_w1-._.js:2431
[10306094ms] [LOG] [Fast Refresh] rebuilding @ http://localhost:3030/_next/static/chunks/04m2_next_dist_01d_w1-._.js:2431
[10306165ms] [LOG] [Fast Refresh] done in 176ms @ http://localhost:3030/_next/static/chunks/04m2_next_dist_01d_w1-._.js:2431
[10306274ms] [LOG] [Fast Refresh] rebuilding @ http://localhost:3030/_next/static/chunks/04m2_next_dist_01d_w1-._.js:2431
[10306388ms] [LOG] [Fast Refresh] done in 218ms @ http://localhost:3030/_next/static/chunks/04m2_next_dist_01d_w1-._.js:2431
[10306402ms] [INFO] %c%s%c [setup-health] background: #e6e6e6;background: light-dark(rgba(0,0,0,0.1), rgba(255,255,255,0.25));color: #000000;color: light-dark(#000000, #ffffff);border-radius: 2px  Server   panel-layout hidden because permission=false {tenantId: cmrvvipw70000oyyo6123270j, userId: cmrvvipyc000aoyyodcu4tftb, roleKeys: Array(1)} @ http://localhost:3030/_next/static/chunks/04m2_next_dist_01d_w1-._.js:2431
[10306762ms] [LOG] [Fast Refresh] rebuilding @ http://localhost:3030/_next/static/chunks/04m2_next_dist_01d_w1-._.js:2431
[10306857ms] [LOG] [Fast Refresh] done in 201ms @ http://localhost:3030/_next/static/chunks/04m2_next_dist_01d_w1-._.js:2431
[10307118ms] [LOG] [Fast Refresh] rebuilding @ http://localhost:3030/_next/static/chunks/04m2_next_dist_01d_w1-._.js:2431
[10307136ms] [LOG] [Fast Refresh] done in 119ms @ http://localhost:3030/_next/static/chunks/04m2_next_dist_01d_w1-._.js:2431
[10307291ms] [LOG] [Fast Refresh] rebuilding @ http://localhost:3030/_next/static/chunks/04m2_next_dist_01d_w1-._.js:2431
[10307378ms] [LOG] [Fast Refresh] done in 187ms @ http://localhost:3030/_next/static/chunks/04m2_next_dist_01d_w1-._.js:2431
[10307577ms] [INFO] %c%s%c [setup-health] background: #e6e6e6;background: light-dark(rgba(0,0,0,0.1), rgba(255,255,255,0.25));color: #000000;color: light-dark(#000000, #ffffff);border-radius: 2px  Server   panel-layout hidden because permission=false {tenantId: cmrvvipw70000oyyo6123270j, userId: cmrvvipyc000aoyyodcu4tftb, roleKeys: Array(1)} @ http://localhost:3030/_next/static/chunks/04m2_next_dist_01d_w1-._.js:2431
[10307601ms] [LOG] [Fast Refresh] rebuilding @ http://localhost:3030/_next/static/chunks/04m2_next_dist_01d_w1-._.js:2431
[10307825ms] [LOG] [Fast Refresh] done in 328ms @ http://localhost:3030/_next/static/chunks/04m2_next_dist_01d_w1-._.js:2431
[10308097ms] [LOG] [Fast Refresh] rebuilding @ http://localhost:3030/_next/static/chunks/04m2_next_dist_01d_w1-._.js:2431
[10308326ms] [LOG] [Fast Refresh] done in 334ms @ http://localhost:3030/_next/static/chunks/04m2_next_dist_01d_w1-._.js:2431
[10308436ms] [LOG] [Fast Refresh] rebuilding @ http://localhost:3030/_next/static/chunks/04m2_next_dist_01d_w1-._.js:2431
[10308978ms] [INFO] %c%s%c [setup-health] background: #e6e6e6;background: light-dark(rgba(0,0,0,0.1), rgba(255,255,255,0.25));color: #000000;color: light-dark(#000000, #ffffff);border-radius: 2px  Server   panel-layout hidden because permission=false {tenantId: cmrvvipw70000oyyo6123270j, userId: cmrvvipyc000aoyyodcu4tftb, roleKeys: Array(1)} @ http://localhost:3030/_next/static/chunks/04m2_next_dist_01d_w1-._.js:2431
[10310525ms] [LOG] [Fast Refresh] done in 1831ms @ http://localhost:3030/_next/static/chunks/04m2_next_dist_01d_w1-._.js:2431
[10310828ms] [LOG] [Fast Refresh] rebuilding @ http://localhost:3030/_next/static/chunks/04m2_next_dist_01d_w1-._.js:2431
[10311041ms] [LOG] [Fast Refresh] done in 329ms @ http://localhost:3030/_next/static/chunks/04m2_next_dist_01d_w1-._.js:2431
[10311403ms] [LOG] [Fast Refresh] rebuilding @ http://localhost:3030/_next/static/chunks/04m2_next_dist_01d_w1-._.js:2431
[10311604ms] [INFO] %c%s%c [setup-health] background: #e6e6e6;background: light-dark(rgba(0,0,0,0.1), rgba(255,255,255,0.25));color: #000000;color: light-dark(#000000, #ffffff);border-radius: 2px  Server   panel-layout hidden because permission=false {tenantId: cmrvvipw70000oyyo6123270j, userId: cmrvvipyc000aoyyodcu4tftb, roleKeys: Array(1)} @ http://localhost:3030/_next/static/chunks/04m2_next_dist_01d_w1-._.js:2431
[10313340ms] [LOG] [Fast Refresh] done in 2038ms @ http://localhost:3030/_next/static/chunks/04m2_next_dist_01d_w1-._.js:2431
[10317827ms] [LOG] [Fast Refresh] rebuilding @ http://localhost:3030/_next/static/chunks/04m2_next_dist_01d_w1-._.js:2431
[10317872ms] [LOG] [Fast Refresh] done in 149ms @ http://localhost:3030/_next/static/chunks/04m2_next_dist_01d_w1-._.js:2431
[10317899ms] [INFO] %c%s%c [setup-health] background: #e6e6e6;background: light-dark(rgba(0,0,0,0.1), rgba(255,255,255,0.25));color: #000000;color: light-dark(#000000, #ffffff);border-radius: 2px  Server   panel-layout hidden because permission=false {tenantId: cmrvvipw70000oyyo6123270j, userId: cmrvvipyc000aoyyodcu4tftb, roleKeys: Array(1)} @ http://localhost:3030/_next/static/chunks/04m2_next_dist_01d_w1-._.js:2431
[10317974ms] [LOG] [Fast Refresh] rebuilding @ http://localhost:3030/_next/static/chunks/04m2_next_dist_01d_w1-._.js:2431
[10318207ms] [LOG] [Fast Refresh] done in 333ms @ http://localhost:3030/_next/static/chunks/04m2_next_dist_01d_w1-._.js:2431
[10319151ms] [LOG] [Fast Refresh] rebuilding @ http://localhost:3030/_next/static/chunks/04m2_next_dist_01d_w1-._.js:2431
[10319247ms] [LOG] [Fast Refresh] done in 785ms @ http://localhost:3030/_next/static/chunks/04m2_next_dist_01d_w1-._.js:2431
[10319542ms] [INFO] %c%s%c [setup-health] background: #e6e6e6;background: light-dark(rgba(0,0,0,0.1), rgba(255,255,255,0.25));color: #000000;color: light-dark(#000000, #ffffff);border-radius: 2px  Server   panel-layout hidden because permission=false {tenantId: cmrvvipw70000oyyo6123270j, userId: cmrvvipyc000aoyyodcu4tftb, roleKeys: Array(1)} @ http://localhost:3030/_next/static/chunks/04m2_next_dist_01d_w1-._.js:2431
[10319659ms] [LOG] [Fast Refresh] rebuilding @ http://localhost:3030/_next/static/chunks/04m2_next_dist_01d_w1-._.js:2431
[10319939ms] [LOG] [Fast Refresh] done in 389ms @ http://localhost:3030/_next/static/chunks/04m2_next_dist_01d_w1-._.js:2431
[10320055ms] [INFO] %c%s%c [setup-health] background: #e6e6e6;background: light-dark(rgba(0,0,0,0.1), rgba(255,255,255,0.25));color: #000000;color: light-dark(#000000, #ffffff);border-radius: 2px  Server   panel-layout hidden because permission=false {tenantId: cmrvvipw70000oyyo6123270j, userId: cmrvvipyc000aoyyodcu4tftb, roleKeys: Array(1)} @ http://localhost:3030/_next/static/chunks/04m2_next_dist_01d_w1-._.js:2431
[10320232ms] [LOG] [Fast Refresh] rebuilding @ http://localhost:3030/_next/static/chunks/04m2_next_dist_01d_w1-._.js:2431
[10320396ms] [LOG] [Fast Refresh] done in 267ms @ http://localhost:3030/_next/static/chunks/04m2_next_dist_01d_w1-._.js:2431
[10320603ms] [LOG] [Fast Refresh] rebuilding @ http://localhost:3030/_next/static/chunks/04m2_next_dist_01d_w1-._.js:2431
[10320729ms] [LOG] [Fast Refresh] done in 230ms @ http://localhost:3030/_next/static/chunks/04m2_next_dist_01d_w1-._.js:2431
[10320869ms] [LOG] [Fast Refresh] rebuilding @ http://localhost:3030/_next/static/chunks/04m2_next_dist_01d_w1-._.js:2431
[10320876ms] [LOG] [Fast Refresh] done in 110ms @ http://localhost:3030/_next/static/chunks/04m2_next_dist_01d_w1-._.js:2431
[10320966ms] [INFO] %c%s%c [setup-health] background: #e6e6e6;background: light-dark(rgba(0,0,0,0.1), rgba(255,255,255,0.25));color: #000000;color: light-dark(#000000, #ffffff);border-radius: 2px  Server   panel-layout hidden because permission=false {tenantId: cmrvvipw70000oyyo6123270j, userId: cmrvvipyc000aoyyodcu4tftb, roleKeys: Array(1)} @ http://localhost:3030/_next/static/chunks/04m2_next_dist_01d_w1-._.js:2431
[10320990ms] [LOG] [Fast Refresh] rebuilding @ http://localhost:3030/_next/static/chunks/04m2_next_dist_01d_w1-._.js:2431
[10321178ms] [LOG] [Fast Refresh] done in 291ms @ http://localhost:3030/_next/static/chunks/04m2_next_dist_01d_w1-._.js:2431
[10321282ms] [LOG] [Fast Refresh] rebuilding @ http://localhost:3030/_next/static/chunks/04m2_next_dist_01d_w1-._.js:2431
[10321339ms] [LOG] [Fast Refresh] done in 159ms @ http://localhost:3030/_next/static/chunks/04m2_next_dist_01d_w1-._.js:2431
[10321468ms] [LOG] [Fast Refresh] rebuilding @ http://localhost:3030/_next/static/chunks/04m2_next_dist_01d_w1-._.js:2431
[10321580ms] [LOG] [Fast Refresh] done in 216ms @ http://localhost:3030/_next/static/chunks/04m2_next_dist_01d_w1-._.js:2431
[10321684ms] [LOG] [Fast Refresh] rebuilding @ http://localhost:3030/_next/static/chunks/04m2_next_dist_01d_w1-._.js:2431
[10321757ms] [LOG] [Fast Refresh] done in 174ms @ http://localhost:3030/_next/static/chunks/04m2_next_dist_01d_w1-._.js:2431
[10321862ms] [LOG] [Fast Refresh] rebuilding @ http://localhost:3030/_next/static/chunks/04m2_next_dist_01d_w1-._.js:2431
[10321955ms] [LOG] [Fast Refresh] done in 194ms @ http://localhost:3030/_next/static/chunks/04m2_next_dist_01d_w1-._.js:2431
[10322075ms] [INFO] %c%s%c [setup-health] background: #e6e6e6;background: light-dark(rgba(0,0,0,0.1), rgba(255,255,255,0.25));color: #000000;color: light-dark(#000000, #ffffff);border-radius: 2px  Server   panel-layout hidden because permission=false {tenantId: cmrvvipw70000oyyo6123270j, userId: cmrvvipyc000aoyyodcu4tftb, roleKeys: Array(1)} @ http://localhost:3030/_next/static/chunks/04m2_next_dist_01d_w1-._.js:2431
[10322448ms] [LOG] [Fast Refresh] rebuilding @ http://localhost:3030/_next/static/chunks/04m2_next_dist_01d_w1-._.js:2431
[10322456ms] [LOG] [Fast Refresh] done in 112ms @ http://localhost:3030/_next/static/chunks/04m2_next_dist_01d_w1-._.js:2431
[10322564ms] [LOG] [Fast Refresh] rebuilding @ http://localhost:3030/_next/static/chunks/04m2_next_dist_01d_w1-._.js:2431
[10322658ms] [LOG] [Fast Refresh] done in 200ms @ http://localhost:3030/_next/static/chunks/04m2_next_dist_01d_w1-._.js:2431
[10322762ms] [LOG] [Fast Refresh] rebuilding @ http://localhost:3030/_next/static/chunks/04m2_next_dist_01d_w1-._.js:2431
[10322764ms] [LOG] [Fast Refresh] done in 104ms @ http://localhost:3030/_next/static/chunks/04m2_next_dist_01d_w1-._.js:2431
[10322870ms] [LOG] [Fast Refresh] rebuilding @ http://localhost:3030/_next/static/chunks/04m2_next_dist_01d_w1-._.js:2431
[10322935ms] [LOG] [Fast Refresh] done in 170ms @ http://localhost:3030/_next/static/chunks/04m2_next_dist_01d_w1-._.js:2431
[10323043ms] [LOG] [Fast Refresh] rebuilding @ http://localhost:3030/_next/static/chunks/04m2_next_dist_01d_w1-._.js:2431
[10323084ms] [LOG] [Fast Refresh] done in 149ms @ http://localhost:3030/_next/static/chunks/04m2_next_dist_01d_w1-._.js:2431
[10323113ms] [INFO] %c%s%c [setup-health] background: #e6e6e6;background: light-dark(rgba(0,0,0,0.1), rgba(255,255,255,0.25));color: #000000;color: light-dark(#000000, #ffffff);border-radius: 2px  Server   panel-layout hidden because permission=false {tenantId: cmrvvipw70000oyyo6123270j, userId: cmrvvipyc000aoyyodcu4tftb, roleKeys: Array(1)} @ http://localhost:3030/_next/static/chunks/04m2_next_dist_01d_w1-._.js:2431
[10323190ms] [LOG] [Fast Refresh] rebuilding @ http://localhost:3030/_next/static/chunks/04m2_next_dist_01d_w1-._.js:2431
[10323352ms] [LOG] [Fast Refresh] done in 266ms @ http://localhost:3030/_next/static/chunks/04m2_next_dist_01d_w1-._.js:2431
[10323454ms] [LOG] [Fast Refresh] rebuilding @ http://localhost:3030/_next/static/chunks/04m2_next_dist_01d_w1-._.js:2431
[10323532ms] [LOG] [Fast Refresh] done in 178ms @ http://localhost:3030/_next/static/chunks/04m2_next_dist_01d_w1-._.js:2431
[10323683ms] [LOG] [Fast Refresh] rebuilding @ http://localhost:3030/_next/static/chunks/04m2_next_dist_01d_w1-._.js:2431
[10323752ms] [LOG] [Fast Refresh] done in 178ms @ http://localhost:3030/_next/static/chunks/04m2_next_dist_01d_w1-._.js:2431
[10323855ms] [LOG] [Fast Refresh] rebuilding @ http://localhost:3030/_next/static/chunks/04m2_next_dist_01d_w1-._.js:2431
[10323875ms] [LOG] [Fast Refresh] done in 122ms @ http://localhost:3030/_next/static/chunks/04m2_next_dist_01d_w1-._.js:2431
[10324251ms] [INFO] %c%s%c [setup-health] background: #e6e6e6;background: light-dark(rgba(0,0,0,0.1), rgba(255,255,255,0.25));color: #000000;color: light-dark(#000000, #ffffff);border-radius: 2px  Server   panel-layout hidden because permission=false {tenantId: cmrvvipw70000oyyo6123270j, userId: cmrvvipyc000aoyyodcu4tftb, roleKeys: Array(1)} @ http://localhost:3030/_next/static/chunks/04m2_next_dist_01d_w1-._.js:2431
[10324299ms] [LOG] [Fast Refresh] rebuilding @ http://localhost:3030/_next/static/chunks/04m2_next_dist_01d_w1-._.js:2431
[10324443ms] [LOG] [Fast Refresh] done in 250ms @ http://localhost:3030/_next/static/chunks/04m2_next_dist_01d_w1-._.js:2431
[10324551ms] [LOG] [Fast Refresh] rebuilding @ http://localhost:3030/_next/static/chunks/04m2_next_dist_01d_w1-._.js:2431
[10324596ms] [LOG] [Fast Refresh] done in 152ms @ http://localhost:3030/_next/static/chunks/04m2_next_dist_01d_w1-._.js:2431
[10324698ms] [LOG] [Fast Refresh] rebuilding @ http://localhost:3030/_next/static/chunks/04m2_next_dist_01d_w1-._.js:2431
[10324810ms] [LOG] [Fast Refresh] done in 213ms @ http://localhost:3030/_next/static/chunks/04m2_next_dist_01d_w1-._.js:2431
[10325020ms] [LOG] [Fast Refresh] rebuilding @ http://localhost:3030/_next/static/chunks/04m2_next_dist_01d_w1-._.js:2431
[10325149ms] [LOG] [Fast Refresh] done in 237ms @ http://localhost:3030/_next/static/chunks/04m2_next_dist_01d_w1-._.js:2431
[10325257ms] [LOG] [Fast Refresh] rebuilding @ http://localhost:3030/_next/static/chunks/04m2_next_dist_01d_w1-._.js:2431
[10325276ms] [LOG] [Fast Refresh] done in 124ms @ http://localhost:3030/_next/static/chunks/04m2_next_dist_01d_w1-._.js:2431
[10325369ms] [INFO] %c%s%c [setup-health] background: #e6e6e6;background: light-dark(rgba(0,0,0,0.1), rgba(255,255,255,0.25));color: #000000;color: light-dark(#000000, #ffffff);border-radius: 2px  Server   panel-layout hidden because permission=false {tenantId: cmrvvipw70000oyyo6123270j, userId: cmrvvipyc000aoyyodcu4tftb, roleKeys: Array(1)} @ http://localhost:3030/_next/static/chunks/04m2_next_dist_01d_w1-._.js:2431
[10325379ms] [LOG] [Fast Refresh] rebuilding @ http://localhost:3030/_next/static/chunks/04m2_next_dist_01d_w1-._.js:2431
[10325540ms] [LOG] [Fast Refresh] done in 263ms @ http://localhost:3030/_next/static/chunks/04m2_next_dist_01d_w1-._.js:2431
[10325889ms] [LOG] [Fast Refresh] rebuilding @ http://localhost:3030/_next/static/chunks/04m2_next_dist_01d_w1-._.js:2431
[10325985ms] [LOG] [Fast Refresh] done in 207ms @ http://localhost:3030/_next/static/chunks/04m2_next_dist_01d_w1-._.js:2431
[10326191ms] [LOG] [Fast Refresh] rebuilding @ http://localhost:3030/_next/static/chunks/04m2_next_dist_01d_w1-._.js:2431
[10326292ms] [LOG] [Fast Refresh] done in 202ms @ http://localhost:3030/_next/static/chunks/04m2_next_dist_01d_w1-._.js:2431
[10326433ms] [INFO] %c%s%c [setup-health] background: #e6e6e6;background: light-dark(rgba(0,0,0,0.1), rgba(255,255,255,0.25));color: #000000;color: light-dark(#000000, #ffffff);border-radius: 2px  Server   panel-layout hidden because permission=false {tenantId: cmrvvipw70000oyyo6123270j, userId: cmrvvipyc000aoyyodcu4tftb, roleKeys: Array(1)} @ http://localhost:3030/_next/static/chunks/04m2_next_dist_01d_w1-._.js:2431
[10326451ms] [LOG] [Fast Refresh] rebuilding @ http://localhost:3030/_next/static/chunks/04m2_next_dist_01d_w1-._.js:2431
[10326704ms] [LOG] [Fast Refresh] done in 357ms @ http://localhost:3030/_next/static/chunks/04m2_next_dist_01d_w1-._.js:2431
[10326819ms] [LOG] [Fast Refresh] rebuilding @ http://localhost:3030/_next/static/chunks/04m2_next_dist_01d_w1-._.js:2431
[10328565ms] [INFO] %c%s%c [setup-health] background: #e6e6e6;background: light-dark(rgba(0,0,0,0.1), rgba(255,255,255,0.25));color: #000000;color: light-dark(#000000, #ffffff);border-radius: 2px  Server   panel-layout hidden because permission=false {tenantId: cmrvvipw70000oyyo6123270j, userId: cmrvvipyc000aoyyodcu4tftb, roleKeys: Array(1)} @ http://localhost:3030/_next/static/chunks/04m2_next_dist_01d_w1-._.js:2431
[10328646ms] [LOG] [Fast Refresh] done in 1935ms @ http://localhost:3030/_next/static/chunks/04m2_next_dist_01d_w1-._.js:2431
[10329594ms] [LOG] [Fast Refresh] rebuilding @ http://localhost:3030/_next/static/chunks/04m2_next_dist_01d_w1-._.js:2431
[10329933ms] [INFO] %c%s%c [setup-health] background: #e6e6e6;background: light-dark(rgba(0,0,0,0.1), rgba(255,255,255,0.25));color: #000000;color: light-dark(#000000, #ffffff);border-radius: 2px  Server   panel-layout hidden because permission=false {tenantId: cmrvvipw70000oyyo6123270j, userId: cmrvvipyc000aoyyodcu4tftb, roleKeys: Array(1)} @ http://localhost:3030/_next/static/chunks/04m2_next_dist_01d_w1-._.js:2431
[10329984ms] [LOG] [Fast Refresh] done in 494ms @ http://localhost:3030/_next/static/chunks/04m2_next_dist_01d_w1-._.js:2431
[10330405ms] [INFO] %c%s%c [setup-health] background: #e6e6e6;background: light-dark(rgba(0,0,0,0.1), rgba(255,255,255,0.25));color: #000000;color: light-dark(#000000, #ffffff);border-radius: 2px  Server   panel-layout hidden because permission=false {tenantId: cmrvvipw70000oyyo6123270j, userId: cmrvvipyc000aoyyodcu4tftb, roleKeys: Array(1)} @ http://localhost:3030/_next/static/chunks/04m2_next_dist_01d_w1-._.js:2431
[10330529ms] [LOG] [Fast Refresh] rebuilding @ http://localhost:3030/_next/static/chunks/04m2_next_dist_01d_w1-._.js:2431
[10330650ms] [LOG] [Fast Refresh] done in 229ms @ http://localhost:3030/_next/static/chunks/04m2_next_dist_01d_w1-._.js:2431
[10330753ms] [LOG] [Fast Refresh] rebuilding @ http://localhost:3030/_next/static/chunks/04m2_next_dist_01d_w1-._.js:2431
[10330797ms] [LOG] [Fast Refresh] done in 147ms @ http://localhost:3030/_next/static/chunks/04m2_next_dist_01d_w1-._.js:2431
[10330800ms] [INFO] %c%s%c [setup-health] background: #e6e6e6;background: light-dark(rgba(0,0,0,0.1), rgba(255,255,255,0.25));color: #000000;color: light-dark(#000000, #ffffff);border-radius: 2px  Server   panel-layout hidden because permission=false {tenantId: cmrvvipw70000oyyo6123270j, userId: cmrvvipyc000aoyyodcu4tftb, roleKeys: Array(1)} @ http://localhost:3030/_next/static/chunks/04m2_next_dist_01d_w1-._.js:2431
[10330912ms] [LOG] [Fast Refresh] rebuilding @ http://localhost:3030/_next/static/chunks/04m2_next_dist_01d_w1-._.js:2431
[10331053ms] [LOG] [Fast Refresh] done in 253ms @ http://localhost:3030/_next/static/chunks/04m2_next_dist_01d_w1-._.js:2431
[10331475ms] [LOG] [Fast Refresh] rebuilding @ http://localhost:3030/_next/static/chunks/04m2_next_dist_01d_w1-._.js:2431
[10331544ms] [LOG] [Fast Refresh] done in 178ms @ http://localhost:3030/_next/static/chunks/04m2_next_dist_01d_w1-._.js:2431
[10331647ms] [LOG] [Fast Refresh] rebuilding @ http://localhost:3030/_next/static/chunks/04m2_next_dist_01d_w1-._.js:2431
[10331754ms] [LOG] [Fast Refresh] done in 208ms @ http://localhost:3030/_next/static/chunks/04m2_next_dist_01d_w1-._.js:2431
[10331860ms] [LOG] [Fast Refresh] rebuilding @ http://localhost:3030/_next/static/chunks/04m2_next_dist_01d_w1-._.js:2431
[10331973ms] [LOG] [Fast Refresh] done in 217ms @ http://localhost:3030/_next/static/chunks/04m2_next_dist_01d_w1-._.js:2431
[10332146ms] [INFO] %c%s%c [setup-health] background: #e6e6e6;background: light-dark(rgba(0,0,0,0.1), rgba(255,255,255,0.25));color: #000000;color: light-dark(#000000, #ffffff);border-radius: 2px  Server   panel-layout hidden because permission=false {tenantId: cmrvvipw70000oyyo6123270j, userId: cmrvvipyc000aoyyodcu4tftb, roleKeys: Array(1)} @ http://localhost:3030/_next/static/chunks/04m2_next_dist_01d_w1-._.js:2431
[10332318ms] [LOG] [Fast Refresh] rebuilding @ http://localhost:3030/_next/static/chunks/04m2_next_dist_01d_w1-._.js:2431
[10332425ms] [LOG] [Fast Refresh] done in 212ms @ http://localhost:3030/_next/static/chunks/04m2_next_dist_01d_w1-._.js:2431
[10332595ms] [LOG] [Fast Refresh] rebuilding @ http://localhost:3030/_next/static/chunks/04m2_next_dist_01d_w1-._.js:2431
[10332610ms] [LOG] [Fast Refresh] done in 116ms @ http://localhost:3030/_next/static/chunks/04m2_next_dist_01d_w1-._.js:2431
[10332994ms] [LOG] [Fast Refresh] rebuilding @ http://localhost:3030/_next/static/chunks/04m2_next_dist_01d_w1-._.js:2431
[10333095ms] [LOG] [Fast Refresh] done in 204ms @ http://localhost:3030/_next/static/chunks/04m2_next_dist_01d_w1-._.js:2431
[10333207ms] [LOG] [Fast Refresh] rebuilding @ http://localhost:3030/_next/static/chunks/04m2_next_dist_01d_w1-._.js:2431
[10333253ms] [LOG] [Fast Refresh] done in 152ms @ http://localhost:3030/_next/static/chunks/04m2_next_dist_01d_w1-._.js:2431
[10333257ms] [INFO] %c%s%c [setup-health] background: #e6e6e6;background: light-dark(rgba(0,0,0,0.1), rgba(255,255,255,0.25));color: #000000;color: light-dark(#000000, #ffffff);border-radius: 2px  Server   panel-layout hidden because permission=false {tenantId: cmrvvipw70000oyyo6123270j, userId: cmrvvipyc000aoyyodcu4tftb, roleKeys: Array(1)} @ http://localhost:3030/_next/static/chunks/04m2_next_dist_01d_w1-._.js:2431
[10333356ms] [LOG] [Fast Refresh] rebuilding @ http://localhost:3030/_next/static/chunks/04m2_next_dist_01d_w1-._.js:2431
[10333729ms] [LOG] [Fast Refresh] done in 475ms @ http://localhost:3030/_next/static/chunks/04m2_next_dist_01d_w1-._.js:2431
[10333838ms] [LOG] [Fast Refresh] rebuilding @ http://localhost:3030/_next/static/chunks/04m2_next_dist_01d_w1-._.js:2431
[10333840ms] [LOG] [Fast Refresh] done in 109ms @ http://localhost:3030/_next/static/chunks/04m2_next_dist_01d_w1-._.js:2431
[10334047ms] [LOG] [Fast Refresh] rebuilding @ http://localhost:3030/_next/static/chunks/04m2_next_dist_01d_w1-._.js:2431
[10334148ms] [LOG] [Fast Refresh] done in 203ms @ http://localhost:3030/_next/static/chunks/04m2_next_dist_01d_w1-._.js:2431
[10334261ms] [LOG] [Fast Refresh] rebuilding @ http://localhost:3030/_next/static/chunks/04m2_next_dist_01d_w1-._.js:2431
[10334307ms] [LOG] [Fast Refresh] done in 154ms @ http://localhost:3030/_next/static/chunks/04m2_next_dist_01d_w1-._.js:2431
[10334421ms] [LOG] [Fast Refresh] rebuilding @ http://localhost:3030/_next/static/chunks/04m2_next_dist_01d_w1-._.js:2431
[10334493ms] [LOG] [Fast Refresh] done in 184ms @ http://localhost:3030/_next/static/chunks/04m2_next_dist_01d_w1-._.js:2431
[10334520ms] [INFO] %c%s%c [setup-health] background: #e6e6e6;background: light-dark(rgba(0,0,0,0.1), rgba(255,255,255,0.25));color: #000000;color: light-dark(#000000, #ffffff);border-radius: 2px  Server   panel-layout hidden because permission=false {tenantId: cmrvvipw70000oyyo6123270j, userId: cmrvvipyc000aoyyodcu4tftb, roleKeys: Array(1)} @ http://localhost:3030/_next/static/chunks/04m2_next_dist_01d_w1-._.js:2431
[10334623ms] [LOG] [Fast Refresh] rebuilding @ http://localhost:3030/_next/static/chunks/04m2_next_dist_01d_w1-._.js:2431
[10334785ms] [LOG] [Fast Refresh] done in 267ms @ http://localhost:3030/_next/static/chunks/04m2_next_dist_01d_w1-._.js:2431
[10335131ms] [LOG] [Fast Refresh] rebuilding @ http://localhost:3030/_next/static/chunks/04m2_next_dist_01d_w1-._.js:2431
[10335412ms] [LOG] [Fast Refresh] done in 390ms @ http://localhost:3030/_next/static/chunks/04m2_next_dist_01d_w1-._.js:2431
[10336289ms] [INFO] %c%s%c [setup-health] background: #e6e6e6;background: light-dark(rgba(0,0,0,0.1), rgba(255,255,255,0.25));color: #000000;color: light-dark(#000000, #ffffff);border-radius: 2px  Server   panel-layout hidden because permission=false {tenantId: cmrvvipw70000oyyo6123270j, userId: cmrvvipyc000aoyyodcu4tftb, roleKeys: Array(1)} @ http://localhost:3030/_next/static/chunks/04m2_next_dist_01d_w1-._.js:2431
[10336425ms] [LOG] [Fast Refresh] rebuilding @ http://localhost:3030/_next/static/chunks/04m2_next_dist_01d_w1-._.js:2431
[10336546ms] [LOG] [Fast Refresh] done in 242ms @ http://localhost:3030/_next/static/chunks/04m2_next_dist_01d_w1-._.js:2431
[10336728ms] [LOG] [Fast Refresh] rebuilding @ http://localhost:3030/_next/static/chunks/04m2_next_dist_01d_w1-._.js:2431
[10336733ms] [LOG] [Fast Refresh] done in 114ms @ http://localhost:3030/_next/static/chunks/04m2_next_dist_01d_w1-._.js:2431
[10336835ms] [LOG] [Fast Refresh] rebuilding @ http://localhost:3030/_next/static/chunks/04m2_next_dist_01d_w1-._.js:2431
[10336855ms] [LOG] [Fast Refresh] done in 122ms @ http://localhost:3030/_next/static/chunks/04m2_next_dist_01d_w1-._.js:2431
[10336967ms] [LOG] [Fast Refresh] rebuilding @ http://localhost:3030/_next/static/chunks/04m2_next_dist_01d_w1-._.js:2431
[10337080ms] [LOG] [Fast Refresh] done in 223ms @ http://localhost:3030/_next/static/chunks/04m2_next_dist_01d_w1-._.js:2431
[10337398ms] [LOG] [Fast Refresh] rebuilding @ http://localhost:3030/_next/static/chunks/04m2_next_dist_01d_w1-._.js:2431
[10337573ms] [INFO] %c%s%c [setup-health] background: #e6e6e6;background: light-dark(rgba(0,0,0,0.1), rgba(255,255,255,0.25));color: #000000;color: light-dark(#000000, #ffffff);border-radius: 2px  Server   panel-layout hidden because permission=false {tenantId: cmrvvipw70000oyyo6123270j, userId: cmrvvipyc000aoyyodcu4tftb, roleKeys: Array(1)} @ http://localhost:3030/_next/static/chunks/04m2_next_dist_01d_w1-._.js:2431
[10337583ms] [LOG] [Fast Refresh] done in 288ms @ http://localhost:3030/_next/static/chunks/04m2_next_dist_01d_w1-._.js:2431
[10337754ms] [LOG] [Fast Refresh] rebuilding @ http://localhost:3030/_next/static/chunks/04m2_next_dist_01d_w1-._.js:2431
[10337851ms] [LOG] [Fast Refresh] done in 200ms @ http://localhost:3030/_next/static/chunks/04m2_next_dist_01d_w1-._.js:2431
[10337954ms] [LOG] [Fast Refresh] rebuilding @ http://localhost:3030/_next/static/chunks/04m2_next_dist_01d_w1-._.js:2431
[10338000ms] [LOG] [Fast Refresh] done in 149ms @ http://localhost:3030/_next/static/chunks/04m2_next_dist_01d_w1-._.js:2431
[10338101ms] [LOG] [Fast Refresh] rebuilding @ http://localhost:3030/_next/static/chunks/04m2_next_dist_01d_w1-._.js:2431
[10338174ms] [LOG] [Fast Refresh] done in 173ms @ http://localhost:3030/_next/static/chunks/04m2_next_dist_01d_w1-._.js:2431
[10338289ms] [LOG] [Fast Refresh] rebuilding @ http://localhost:3030/_next/static/chunks/04m2_next_dist_01d_w1-._.js:2431
[10338439ms] [LOG] [Fast Refresh] done in 263ms @ http://localhost:3030/_next/static/chunks/04m2_next_dist_01d_w1-._.js:2431
[10338465ms] [INFO] %c%s%c [setup-health] background: #e6e6e6;background: light-dark(rgba(0,0,0,0.1), rgba(255,255,255,0.25));color: #000000;color: light-dark(#000000, #ffffff);border-radius: 2px  Server   panel-layout hidden because permission=false {tenantId: cmrvvipw70000oyyo6123270j, userId: cmrvvipyc000aoyyodcu4tftb, roleKeys: Array(1)} @ http://localhost:3030/_next/static/chunks/04m2_next_dist_01d_w1-._.js:2431
[10339023ms] [LOG] [Fast Refresh] rebuilding @ http://localhost:3030/_next/static/chunks/04m2_next_dist_01d_w1-._.js:2431
[10339068ms] [LOG] [Fast Refresh] done in 148ms @ http://localhost:3030/_next/static/chunks/04m2_next_dist_01d_w1-._.js:2431
[10339464ms] [LOG] [Fast Refresh] rebuilding @ http://localhost:3030/_next/static/chunks/04m2_next_dist_01d_w1-._.js:2431
[10339504ms] [LOG] [Fast Refresh] done in 148ms @ http://localhost:3030/_next/static/chunks/04m2_next_dist_01d_w1-._.js:2431
[10339612ms] [LOG] [Fast Refresh] rebuilding @ http://localhost:3030/_next/static/chunks/04m2_next_dist_01d_w1-._.js:2431
[10339629ms] [LOG] [Fast Refresh] done in 121ms @ http://localhost:3030/_next/static/chunks/04m2_next_dist_01d_w1-._.js:2431
[10339705ms] [INFO] %c%s%c [setup-health] background: #e6e6e6;background: light-dark(rgba(0,0,0,0.1), rgba(255,255,255,0.25));color: #000000;color: light-dark(#000000, #ffffff);border-radius: 2px  Server   panel-layout hidden because permission=false {tenantId: cmrvvipw70000oyyo6123270j, userId: cmrvvipyc000aoyyodcu4tftb, roleKeys: Array(1)} @ http://localhost:3030/_next/static/chunks/04m2_next_dist_01d_w1-._.js:2431
[10339737ms] [LOG] [Fast Refresh] rebuilding @ http://localhost:3030/_next/static/chunks/04m2_next_dist_01d_w1-._.js:2431
[10339918ms] [LOG] [Fast Refresh] done in 281ms @ http://localhost:3030/_next/static/chunks/04m2_next_dist_01d_w1-._.js:2431
[10340119ms] [LOG] [Fast Refresh] rebuilding @ http://localhost:3030/_next/static/chunks/04m2_next_dist_01d_w1-._.js:2431
[10340134ms] [LOG] [Fast Refresh] done in 123ms @ http://localhost:3030/_next/static/chunks/04m2_next_dist_01d_w1-._.js:2431
[10340236ms] [LOG] [Fast Refresh] rebuilding @ http://localhost:3030/_next/static/chunks/04m2_next_dist_01d_w1-._.js:2431
[10340320ms] [LOG] [Fast Refresh] done in 185ms @ http://localhost:3030/_next/static/chunks/04m2_next_dist_01d_w1-._.js:2431
[10340422ms] [LOG] [Fast Refresh] rebuilding @ http://localhost:3030/_next/static/chunks/04m2_next_dist_01d_w1-._.js:2431
[10340497ms] [LOG] [Fast Refresh] done in 176ms @ http://localhost:3030/_next/static/chunks/04m2_next_dist_01d_w1-._.js:2431
[10340609ms] [LOG] [Fast Refresh] rebuilding @ http://localhost:3030/_next/static/chunks/04m2_next_dist_01d_w1-._.js:2431
[10340627ms] [LOG] [Fast Refresh] done in 127ms @ http://localhost:3030/_next/static/chunks/04m2_next_dist_01d_w1-._.js:2431
[10340923ms] [INFO] %c%s%c [setup-health] background: #e6e6e6;background: light-dark(rgba(0,0,0,0.1), rgba(255,255,255,0.25));color: #000000;color: light-dark(#000000, #ffffff);border-radius: 2px  Server   panel-layout hidden because permission=false {tenantId: cmrvvipw70000oyyo6123270j, userId: cmrvvipyc000aoyyodcu4tftb, roleKeys: Array(1)} @ http://localhost:3030/_next/static/chunks/04m2_next_dist_01d_w1-._.js:2431
[10341002ms] [LOG] [Fast Refresh] rebuilding @ http://localhost:3030/_next/static/chunks/04m2_next_dist_01d_w1-._.js:2431
[10341097ms] [LOG] [Fast Refresh] done in 201ms @ http://localhost:3030/_next/static/chunks/04m2_next_dist_01d_w1-._.js:2431
[10341198ms] [LOG] [Fast Refresh] rebuilding @ http://localhost:3030/_next/static/chunks/04m2_next_dist_01d_w1-._.js:2431
[10341430ms] [LOG] [Fast Refresh] done in 333ms @ http://localhost:3030/_next/static/chunks/04m2_next_dist_01d_w1-._.js:2431
[10341902ms] [LOG] [Fast Refresh] rebuilding @ http://localhost:3030/_next/static/chunks/04m2_next_dist_01d_w1-._.js:2431
[10343296ms] [INFO] %c%s%c [setup-health] background: #e6e6e6;background: light-dark(rgba(0,0,0,0.1), rgba(255,255,255,0.25));color: #000000;color: light-dark(#000000, #ffffff);border-radius: 2px  Server   panel-layout hidden because permission=false {tenantId: cmrvvipw70000oyyo6123270j, userId: cmrvvipyc000aoyyodcu4tftb, roleKeys: Array(1)} @ http://localhost:3030/_next/static/chunks/04m2_next_dist_01d_w1-._.js:2431
[10343298ms] [LOG] [Fast Refresh] done in 1393ms @ http://localhost:3030/_next/static/chunks/04m2_next_dist_01d_w1-._.js:2431
[10343450ms] [LOG] [Fast Refresh] rebuilding @ http://localhost:3030/_next/static/chunks/04m2_next_dist_01d_w1-._.js:2431
[10343565ms] [LOG] [Fast Refresh] done in 216ms @ http://localhost:3030/_next/static/chunks/04m2_next_dist_01d_w1-._.js:2431
[10343599ms] [INFO] %c%s%c [setup-health] background: #e6e6e6;background: light-dark(rgba(0,0,0,0.1), rgba(255,255,255,0.25));color: #000000;color: light-dark(#000000, #ffffff);border-radius: 2px  Server   panel-layout hidden because permission=false {tenantId: cmrvvipw70000oyyo6123270j, userId: cmrvvipyc000aoyyodcu4tftb, roleKeys: Array(1)} @ http://localhost:3030/_next/static/chunks/04m2_next_dist_01d_w1-._.js:2431
[10343625ms] [INFO] %c%s%c [setup-health] background: #e6e6e6;background: light-dark(rgba(0,0,0,0.1), rgba(255,255,255,0.25));color: #000000;color: light-dark(#000000, #ffffff);border-radius: 2px  Server   panel-layout hidden because permission=false {tenantId: cmrvvipw70000oyyo6123270j, userId: cmrvvipyc000aoyyodcu4tftb, roleKeys: Array(1)} @ http://localhost:3030/_next/static/chunks/04m2_next_dist_01d_w1-._.js:2431
[10343759ms] [LOG] [Fast Refresh] rebuilding @ http://localhost:3030/_next/static/chunks/04m2_next_dist_01d_w1-._.js:2431
[10343762ms] [LOG] [Fast Refresh] done in 106ms @ http://localhost:3030/_next/static/chunks/04m2_next_dist_01d_w1-._.js:2431
[10343908ms] [LOG] [Fast Refresh] rebuilding @ http://localhost:3030/_next/static/chunks/04m2_next_dist_01d_w1-._.js:2431
[10344071ms] [LOG] [Fast Refresh] done in 266ms @ http://localhost:3030/_next/static/chunks/04m2_next_dist_01d_w1-._.js:2431
[10344361ms] [LOG] [Fast Refresh] rebuilding @ http://localhost:3030/_next/static/chunks/04m2_next_dist_01d_w1-._.js:2431
[10344415ms] [LOG] [Fast Refresh] done in 159ms @ http://localhost:3030/_next/static/chunks/04m2_next_dist_01d_w1-._.js:2431
[10344518ms] [LOG] [Fast Refresh] rebuilding @ http://localhost:3030/_next/static/chunks/04m2_next_dist_01d_w1-._.js:2431
[10344671ms] [LOG] [Fast Refresh] done in 255ms @ http://localhost:3030/_next/static/chunks/04m2_next_dist_01d_w1-._.js:2431
[10344771ms] [LOG] [Fast Refresh] rebuilding @ http://localhost:3030/_next/static/chunks/04m2_next_dist_01d_w1-._.js:2431
[10344904ms] [LOG] [Fast Refresh] done in 233ms @ http://localhost:3030/_next/static/chunks/04m2_next_dist_01d_w1-._.js:2431
[10344979ms] [INFO] %c%s%c [setup-health] background: #e6e6e6;background: light-dark(rgba(0,0,0,0.1), rgba(255,255,255,0.25));color: #000000;color: light-dark(#000000, #ffffff);border-radius: 2px  Server   panel-layout hidden because permission=false {tenantId: cmrvvipw70000oyyo6123270j, userId: cmrvvipyc000aoyyodcu4tftb, roleKeys: Array(1)} @ http://localhost:3030/_next/static/chunks/04m2_next_dist_01d_w1-._.js:2431
[10345230ms] [LOG] [Fast Refresh] rebuilding @ http://localhost:3030/_next/static/chunks/04m2_next_dist_01d_w1-._.js:2431
[10345312ms] [LOG] [Fast Refresh] done in 195ms @ http://localhost:3030/_next/static/chunks/04m2_next_dist_01d_w1-._.js:2431
[10345517ms] [LOG] [Fast Refresh] rebuilding @ http://localhost:3030/_next/static/chunks/04m2_next_dist_01d_w1-._.js:2431
[10345589ms] [LOG] [Fast Refresh] done in 176ms @ http://localhost:3030/_next/static/chunks/04m2_next_dist_01d_w1-._.js:2431
[10345692ms] [LOG] [Fast Refresh] rebuilding @ http://localhost:3030/_next/static/chunks/04m2_next_dist_01d_w1-._.js:2431
[10345812ms] [LOG] [Fast Refresh] done in 223ms @ http://localhost:3030/_next/static/chunks/04m2_next_dist_01d_w1-._.js:2431
[10346057ms] [LOG] [Fast Refresh] rebuilding @ http://localhost:3030/_next/static/chunks/04m2_next_dist_01d_w1-._.js:2431
[10346144ms] [LOG] [Fast Refresh] done in 194ms @ http://localhost:3030/_next/static/chunks/04m2_next_dist_01d_w1-._.js:2431
[10346251ms] [LOG] [Fast Refresh] rebuilding @ http://localhost:3030/_next/static/chunks/04m2_next_dist_01d_w1-._.js:2431
[10346294ms] [LOG] [Fast Refresh] done in 149ms @ http://localhost:3030/_next/static/chunks/04m2_next_dist_01d_w1-._.js:2431
[10346318ms] [INFO] %c%s%c [setup-health] background: #e6e6e6;background: light-dark(rgba(0,0,0,0.1), rgba(255,255,255,0.25));color: #000000;color: light-dark(#000000, #ffffff);border-radius: 2px  Server   panel-layout hidden because permission=false {tenantId: cmrvvipw70000oyyo6123270j, userId: cmrvvipyc000aoyyodcu4tftb, roleKeys: Array(1)} @ http://localhost:3030/_next/static/chunks/04m2_next_dist_01d_w1-._.js:2431
[10346398ms] [LOG] [Fast Refresh] rebuilding @ http://localhost:3030/_next/static/chunks/04m2_next_dist_01d_w1-._.js:2431
[10346471ms] [LOG] [Fast Refresh] done in 175ms @ http://localhost:3030/_next/static/chunks/04m2_next_dist_01d_w1-._.js:2431
[10346829ms] [LOG] [Fast Refresh] rebuilding @ http://localhost:3030/_next/static/chunks/04m2_next_dist_01d_w1-._.js:2431
[10347019ms] [LOG] [Fast Refresh] done in 295ms @ http://localhost:3030/_next/static/chunks/04m2_next_dist_01d_w1-._.js:2431
[10347131ms] [LOG] [Fast Refresh] rebuilding @ http://localhost:3030/_next/static/chunks/04m2_next_dist_01d_w1-._.js:2431
[10347180ms] [LOG] [Fast Refresh] done in 149ms @ http://localhost:3030/_next/static/chunks/04m2_next_dist_01d_w1-._.js:2431
[10347292ms] [LOG] [Fast Refresh] rebuilding @ http://localhost:3030/_next/static/chunks/04m2_next_dist_01d_w1-._.js:2431
[10347337ms] [LOG] [Fast Refresh] done in 152ms @ http://localhost:3030/_next/static/chunks/04m2_next_dist_01d_w1-._.js:2431
[10347384ms] [INFO] %c%s%c [setup-health] background: #e6e6e6;background: light-dark(rgba(0,0,0,0.1), rgba(255,255,255,0.25));color: #000000;color: light-dark(#000000, #ffffff);border-radius: 2px  Server   panel-layout hidden because permission=false {tenantId: cmrvvipw70000oyyo6123270j, userId: cmrvvipyc000aoyyodcu4tftb, roleKeys: Array(1)} @ http://localhost:3030/_next/static/chunks/04m2_next_dist_01d_w1-._.js:2431
[10347441ms] [LOG] [Fast Refresh] rebuilding @ http://localhost:3030/_next/static/chunks/04m2_next_dist_01d_w1-._.js:2431
[10347480ms] [LOG] [Fast Refresh] done in 141ms @ http://localhost:3030/_next/static/chunks/04m2_next_dist_01d_w1-._.js:2431
[10347586ms] [LOG] [Fast Refresh] rebuilding @ http://localhost:3030/_next/static/chunks/04m2_next_dist_01d_w1-._.js:2431
[10347657ms] [LOG] [Fast Refresh] done in 176ms @ http://localhost:3030/_next/static/chunks/04m2_next_dist_01d_w1-._.js:2431
[10347962ms] [LOG] [Fast Refresh] rebuilding @ http://localhost:3030/_next/static/chunks/04m2_next_dist_01d_w1-._.js:2431
[10348099ms] [LOG] [Fast Refresh] done in 238ms @ http://localhost:3030/_next/static/chunks/04m2_next_dist_01d_w1-._.js:2431
[10348200ms] [LOG] [Fast Refresh] rebuilding @ http://localhost:3030/_next/static/chunks/04m2_next_dist_01d_w1-._.js:2431
[10348285ms] [LOG] [Fast Refresh] done in 185ms @ http://localhost:3030/_next/static/chunks/04m2_next_dist_01d_w1-._.js:2431
[10348426ms] [LOG] [Fast Refresh] rebuilding @ http://localhost:3030/_next/static/chunks/04m2_next_dist_01d_w1-._.js:2431
[10348447ms] [LOG] [Fast Refresh] done in 125ms @ http://localhost:3030/_next/static/chunks/04m2_next_dist_01d_w1-._.js:2431
[10348495ms] [INFO] %c%s%c [setup-health] background: #e6e6e6;background: light-dark(rgba(0,0,0,0.1), rgba(255,255,255,0.25));color: #000000;color: light-dark(#000000, #ffffff);border-radius: 2px  Server   panel-layout hidden because permission=false {tenantId: cmrvvipw70000oyyo6123270j, userId: cmrvvipyc000aoyyodcu4tftb, roleKeys: Array(1)} @ http://localhost:3030/_next/static/chunks/04m2_next_dist_01d_w1-._.js:2431
[10348559ms] [LOG] [Fast Refresh] rebuilding @ http://localhost:3030/_next/static/chunks/04m2_next_dist_01d_w1-._.js:2431
[10348683ms] [LOG] [Fast Refresh] done in 230ms @ http://localhost:3030/_next/static/chunks/04m2_next_dist_01d_w1-._.js:2431
[10349068ms] [LOG] [Fast Refresh] rebuilding @ http://localhost:3030/_next/static/chunks/04m2_next_dist_01d_w1-._.js:2431
[10349176ms] [LOG] [Fast Refresh] done in 216ms @ http://localhost:3030/_next/static/chunks/04m2_next_dist_01d_w1-._.js:2431
[10349406ms] [LOG] [Fast Refresh] rebuilding @ http://localhost:3030/_next/static/chunks/04m2_next_dist_01d_w1-._.js:2431
[10349540ms] [LOG] [Fast Refresh] done in 242ms @ http://localhost:3030/_next/static/chunks/04m2_next_dist_01d_w1-._.js:2431
[10349633ms] [INFO] %c%s%c [setup-health] background: #e6e6e6;background: light-dark(rgba(0,0,0,0.1), rgba(255,255,255,0.25));color: #000000;color: light-dark(#000000, #ffffff);border-radius: 2px  Server   panel-layout hidden because permission=false {tenantId: cmrvvipw70000oyyo6123270j, userId: cmrvvipyc000aoyyodcu4tftb, roleKeys: Array(1)} @ http://localhost:3030/_next/static/chunks/04m2_next_dist_01d_w1-._.js:2431
[10349651ms] [LOG] [Fast Refresh] rebuilding @ http://localhost:3030/_next/static/chunks/04m2_next_dist_01d_w1-._.js:2431
[10349751ms] [LOG] [Fast Refresh] done in 203ms @ http://localhost:3030/_next/static/chunks/04m2_next_dist_01d_w1-._.js:2431
[10349992ms] [LOG] [Fast Refresh] rebuilding @ http://localhost:3030/_next/static/chunks/04m2_next_dist_01d_w1-._.js:2431
[10350068ms] [LOG] [Fast Refresh] done in 181ms @ http://localhost:3030/_next/static/chunks/04m2_next_dist_01d_w1-._.js:2431
[10350171ms] [LOG] [Fast Refresh] rebuilding @ http://localhost:3030/_next/static/chunks/04m2_next_dist_01d_w1-._.js:2431
[10350414ms] [LOG] [Fast Refresh] done in 343ms @ http://localhost:3030/_next/static/chunks/04m2_next_dist_01d_w1-._.js:2431
[10350519ms] [LOG] [Fast Refresh] rebuilding @ http://localhost:3030/_next/static/chunks/04m2_next_dist_01d_w1-._.js:2431
[10350578ms] [LOG] [Fast Refresh] done in 162ms @ http://localhost:3030/_next/static/chunks/04m2_next_dist_01d_w1-._.js:2431
[10350680ms] [LOG] [Fast Refresh] rebuilding @ http://localhost:3030/_next/static/chunks/04m2_next_dist_01d_w1-._.js:2431
[10350713ms] [LOG] [Fast Refresh] done in 135ms @ http://localhost:3030/_next/static/chunks/04m2_next_dist_01d_w1-._.js:2431
[10350845ms] [INFO] %c%s%c [setup-health] background: #e6e6e6;background: light-dark(rgba(0,0,0,0.1), rgba(255,255,255,0.25));color: #000000;color: light-dark(#000000, #ffffff);border-radius: 2px  Server   panel-layout hidden because permission=false {tenantId: cmrvvipw70000oyyo6123270j, userId: cmrvvipyc000aoyyodcu4tftb, roleKeys: Array(1)} @ http://localhost:3030/_next/static/chunks/04m2_next_dist_01d_w1-._.js:2431
[10350937ms] [LOG] [Fast Refresh] rebuilding @ http://localhost:3030/_next/static/chunks/04m2_next_dist_01d_w1-._.js:2431
[10351043ms] [LOG] [Fast Refresh] done in 210ms @ http://localhost:3030/_next/static/chunks/04m2_next_dist_01d_w1-._.js:2431
[10351350ms] [LOG] [Fast Refresh] rebuilding @ http://localhost:3030/_next/static/chunks/04m2_next_dist_01d_w1-._.js:2431
[10351408ms] [LOG] [Fast Refresh] done in 166ms @ http://localhost:3030/_next/static/chunks/04m2_next_dist_01d_w1-._.js:2431
[10351614ms] [LOG] [Fast Refresh] rebuilding @ http://localhost:3030/_next/static/chunks/04m2_next_dist_01d_w1-._.js:2431
[10351726ms] [LOG] [Fast Refresh] done in 213ms @ http://localhost:3030/_next/static/chunks/04m2_next_dist_01d_w1-._.js:2431
[10351835ms] [LOG] [Fast Refresh] rebuilding @ http://localhost:3030/_next/static/chunks/04m2_next_dist_01d_w1-._.js:2431
[10351913ms] [INFO] %c%s%c [setup-health] background: #e6e6e6;background: light-dark(rgba(0,0,0,0.1), rgba(255,255,255,0.25));color: #000000;color: light-dark(#000000, #ffffff);border-radius: 2px  Server   panel-layout hidden because permission=false {tenantId: cmrvvipw70000oyyo6123270j, userId: cmrvvipyc000aoyyodcu4tftb, roleKeys: Array(1)} @ http://localhost:3030/_next/static/chunks/04m2_next_dist_01d_w1-._.js:2431
[10351950ms] [LOG] [Fast Refresh] done in 222ms @ http://localhost:3030/_next/static/chunks/04m2_next_dist_01d_w1-._.js:2431
[10352053ms] [LOG] [Fast Refresh] rebuilding @ http://localhost:3030/_next/static/chunks/04m2_next_dist_01d_w1-._.js:2431
[10352114ms] [LOG] [Fast Refresh] done in 163ms @ http://localhost:3030/_next/static/chunks/04m2_next_dist_01d_w1-._.js:2431
[10352227ms] [LOG] [Fast Refresh] rebuilding @ http://localhost:3030/_next/static/chunks/04m2_next_dist_01d_w1-._.js:2431
[10352341ms] [LOG] [Fast Refresh] done in 226ms @ http://localhost:3030/_next/static/chunks/04m2_next_dist_01d_w1-._.js:2431
[10352536ms] [LOG] [Fast Refresh] rebuilding @ http://localhost:3030/_next/static/chunks/04m2_next_dist_01d_w1-._.js:2431
[10352660ms] [LOG] [Fast Refresh] done in 224ms @ http://localhost:3030/_next/static/chunks/04m2_next_dist_01d_w1-._.js:2431
[10352767ms] [LOG] [Fast Refresh] rebuilding @ http://localhost:3030/_next/static/chunks/04m2_next_dist_01d_w1-._.js:2431
[10352977ms] [LOG] [Fast Refresh] done in 317ms @ http://localhost:3030/_next/static/chunks/04m2_next_dist_01d_w1-._.js:2431
[10353056ms] [INFO] %c%s%c [setup-health] background: #e6e6e6;background: light-dark(rgba(0,0,0,0.1), rgba(255,255,255,0.25));color: #000000;color: light-dark(#000000, #ffffff);border-radius: 2px  Server   panel-layout hidden because permission=false {tenantId: cmrvvipw70000oyyo6123270j, userId: cmrvvipyc000aoyyodcu4tftb, roleKeys: Array(1)} @ http://localhost:3030/_next/static/chunks/04m2_next_dist_01d_w1-._.js:2431
[10353082ms] [LOG] [Fast Refresh] rebuilding @ http://localhost:3030/_next/static/chunks/04m2_next_dist_01d_w1-._.js:2431
[10353167ms] [LOG] [Fast Refresh] done in 189ms @ http://localhost:3030/_next/static/chunks/04m2_next_dist_01d_w1-._.js:2431
[10353564ms] [LOG] [Fast Refresh] rebuilding @ http://localhost:3030/_next/static/chunks/04m2_next_dist_01d_w1-._.js:2431
[10353737ms] [LOG] [Fast Refresh] done in 281ms @ http://localhost:3030/_next/static/chunks/04m2_next_dist_01d_w1-._.js:2431
[10353841ms] [LOG] [Fast Refresh] rebuilding @ http://localhost:3030/_next/static/chunks/04m2_next_dist_01d_w1-._.js:2431
[10354009ms] [LOG] [Fast Refresh] done in 269ms @ http://localhost:3030/_next/static/chunks/04m2_next_dist_01d_w1-._.js:2431
[10354140ms] [INFO] %c%s%c [setup-health] background: #e6e6e6;background: light-dark(rgba(0,0,0,0.1), rgba(255,255,255,0.25));color: #000000;color: light-dark(#000000, #ffffff);border-radius: 2px  Server   panel-layout hidden because permission=false {tenantId: cmrvvipw70000oyyo6123270j, userId: cmrvvipyc000aoyyodcu4tftb, roleKeys: Array(1)} @ http://localhost:3030/_next/static/chunks/04m2_next_dist_01d_w1-._.js:2431
[10354231ms] [LOG] [Fast Refresh] rebuilding @ http://localhost:3030/_next/static/chunks/04m2_next_dist_01d_w1-._.js:2431
[10354307ms] [LOG] [Fast Refresh] done in 181ms @ http://localhost:3030/_next/static/chunks/04m2_next_dist_01d_w1-._.js:2431
[10354415ms] [LOG] [Fast Refresh] rebuilding @ http://localhost:3030/_next/static/chunks/04m2_next_dist_01d_w1-._.js:2431
[10354497ms] [LOG] [Fast Refresh] done in 187ms @ http://localhost:3030/_next/static/chunks/04m2_next_dist_01d_w1-._.js:2431
[10354601ms] [LOG] [Fast Refresh] rebuilding @ http://localhost:3030/_next/static/chunks/04m2_next_dist_01d_w1-._.js:2431
[10354702ms] [LOG] [Fast Refresh] done in 203ms @ http://localhost:3030/_next/static/chunks/04m2_next_dist_01d_w1-._.js:2431
[10354814ms] [LOG] [Fast Refresh] rebuilding @ http://localhost:3030/_next/static/chunks/04m2_next_dist_01d_w1-._.js:2431
[10354863ms] [LOG] [Fast Refresh] done in 156ms @ http://localhost:3030/_next/static/chunks/04m2_next_dist_01d_w1-._.js:2431
[10354974ms] [LOG] [Fast Refresh] rebuilding @ http://localhost:3030/_next/static/chunks/04m2_next_dist_01d_w1-._.js:2431
[10355115ms] [LOG] [Fast Refresh] done in 246ms @ http://localhost:3030/_next/static/chunks/04m2_next_dist_01d_w1-._.js:2431
[10355339ms] [INFO] %c%s%c [setup-health] background: #e6e6e6;background: light-dark(rgba(0,0,0,0.1), rgba(255,255,255,0.25));color: #000000;color: light-dark(#000000, #ffffff);border-radius: 2px  Server   panel-layout hidden because permission=false {tenantId: cmrvvipw70000oyyo6123270j, userId: cmrvvipyc000aoyyodcu4tftb, roleKeys: Array(1)} @ http://localhost:3030/_next/static/chunks/04m2_next_dist_01d_w1-._.js:2431
[10355407ms] [LOG] [Fast Refresh] rebuilding @ http://localhost:3030/_next/static/chunks/04m2_next_dist_01d_w1-._.js:2431
[10355462ms] [LOG] [Fast Refresh] done in 162ms @ http://localhost:3030/_next/static/chunks/04m2_next_dist_01d_w1-._.js:2431
[10355564ms] [LOG] [Fast Refresh] rebuilding @ http://localhost:3030/_next/static/chunks/04m2_next_dist_01d_w1-._.js:2431
[10355570ms] [LOG] [Fast Refresh] done in 107ms @ http://localhost:3030/_next/static/chunks/04m2_next_dist_01d_w1-._.js:2431
[10355682ms] [LOG] [Fast Refresh] rebuilding @ http://localhost:3030/_next/static/chunks/04m2_next_dist_01d_w1-._.js:2431
[10355698ms] [LOG] [Fast Refresh] done in 129ms @ http://localhost:3030/_next/static/chunks/04m2_next_dist_01d_w1-._.js:2431
[10355965ms] [LOG] [Fast Refresh] rebuilding @ http://localhost:3030/_next/static/chunks/04m2_next_dist_01d_w1-._.js:2431
[10356063ms] [LOG] [Fast Refresh] done in 204ms @ http://localhost:3030/_next/static/chunks/04m2_next_dist_01d_w1-._.js:2431
[10356169ms] [LOG] [Fast Refresh] rebuilding @ http://localhost:3030/_next/static/chunks/04m2_next_dist_01d_w1-._.js:2431
[10356202ms] [LOG] [Fast Refresh] done in 136ms @ http://localhost:3030/_next/static/chunks/04m2_next_dist_01d_w1-._.js:2431
[10356309ms] [LOG] [Fast Refresh] rebuilding @ http://localhost:3030/_next/static/chunks/04m2_next_dist_01d_w1-._.js:2431
[10356528ms] [LOG] [Fast Refresh] done in 324ms @ http://localhost:3030/_next/static/chunks/04m2_next_dist_01d_w1-._.js:2431
[10356541ms] [INFO] %c%s%c [setup-health] background: #e6e6e6;background: light-dark(rgba(0,0,0,0.1), rgba(255,255,255,0.25));color: #000000;color: light-dark(#000000, #ffffff);border-radius: 2px  Server   panel-layout hidden because permission=false {tenantId: cmrvvipw70000oyyo6123270j, userId: cmrvvipyc000aoyyodcu4tftb, roleKeys: Array(1)} @ http://localhost:3030/_next/static/chunks/04m2_next_dist_01d_w1-._.js:2431
[10356938ms] [LOG] [Fast Refresh] rebuilding @ http://localhost:3030/_next/static/chunks/04m2_next_dist_01d_w1-._.js:2431
[10357004ms] [LOG] [Fast Refresh] done in 172ms @ http://localhost:3030/_next/static/chunks/04m2_next_dist_01d_w1-._.js:2431
[10357108ms] [LOG] [Fast Refresh] rebuilding @ http://localhost:3030/_next/static/chunks/04m2_next_dist_01d_w1-._.js:2431
[10357262ms] [LOG] [Fast Refresh] done in 257ms @ http://localhost:3030/_next/static/chunks/04m2_next_dist_01d_w1-._.js:2431
[10357376ms] [LOG] [Fast Refresh] rebuilding @ http://localhost:3030/_next/static/chunks/04m2_next_dist_01d_w1-._.js:2431
[10357436ms] [LOG] [Fast Refresh] done in 174ms @ http://localhost:3030/_next/static/chunks/04m2_next_dist_01d_w1-._.js:2431
[10357544ms] [LOG] [Fast Refresh] rebuilding @ http://localhost:3030/_next/static/chunks/04m2_next_dist_01d_w1-._.js:2431
[10357554ms] [LOG] [Fast Refresh] done in 117ms @ http://localhost:3030/_next/static/chunks/04m2_next_dist_01d_w1-._.js:2431
[10357604ms] [INFO] %c%s%c [setup-health] background: #e6e6e6;background: light-dark(rgba(0,0,0,0.1), rgba(255,255,255,0.25));color: #000000;color: light-dark(#000000, #ffffff);border-radius: 2px  Server   panel-layout hidden because permission=false {tenantId: cmrvvipw70000oyyo6123270j, userId: cmrvvipyc000aoyyodcu4tftb, roleKeys: Array(1)} @ http://localhost:3030/_next/static/chunks/04m2_next_dist_01d_w1-._.js:2431
[10357775ms] [LOG] [Fast Refresh] rebuilding @ http://localhost:3030/_next/static/chunks/04m2_next_dist_01d_w1-._.js:2431
[10357902ms] [LOG] [Fast Refresh] done in 240ms @ http://localhost:3030/_next/static/chunks/04m2_next_dist_01d_w1-._.js:2431
[10358127ms] [LOG] [Fast Refresh] rebuilding @ http://localhost:3030/_next/static/chunks/04m2_next_dist_01d_w1-._.js:2431
[10358166ms] [LOG] [Fast Refresh] done in 144ms @ http://localhost:3030/_next/static/chunks/04m2_next_dist_01d_w1-._.js:2431
[10358269ms] [LOG] [Fast Refresh] rebuilding @ http://localhost:3030/_next/static/chunks/04m2_next_dist_01d_w1-._.js:2431
[10358408ms] [LOG] [Fast Refresh] done in 241ms @ http://localhost:3030/_next/static/chunks/04m2_next_dist_01d_w1-._.js:2431
[10358818ms] [INFO] %c%s%c [setup-health] background: #e6e6e6;background: light-dark(rgba(0,0,0,0.1), rgba(255,255,255,0.25));color: #000000;color: light-dark(#000000, #ffffff);border-radius: 2px  Server   panel-layout hidden because permission=false {tenantId: cmrvvipw70000oyyo6123270j, userId: cmrvvipyc000aoyyodcu4tftb, roleKeys: Array(1)} @ http://localhost:3030/_next/static/chunks/04m2_next_dist_01d_w1-._.js:2431
[10359084ms] [LOG] [Fast Refresh] rebuilding @ http://localhost:3030/_next/static/chunks/04m2_next_dist_01d_w1-._.js:2431
[10359158ms] [LOG] [Fast Refresh] done in 180ms @ http://localhost:3030/_next/static/chunks/04m2_next_dist_01d_w1-._.js:2431
[10359269ms] [LOG] [Fast Refresh] rebuilding @ http://localhost:3030/_next/static/chunks/04m2_next_dist_01d_w1-._.js:2431
[10359301ms] [LOG] [Fast Refresh] done in 137ms @ http://localhost:3030/_next/static/chunks/04m2_next_dist_01d_w1-._.js:2431
[10359403ms] [LOG] [Fast Refresh] rebuilding @ http://localhost:3030/_next/static/chunks/04m2_next_dist_01d_w1-._.js:2431
[10359538ms] [LOG] [Fast Refresh] done in 236ms @ http://localhost:3030/_next/static/chunks/04m2_next_dist_01d_w1-._.js:2431
[10359644ms] [LOG] [Fast Refresh] rebuilding @ http://localhost:3030/_next/static/chunks/04m2_next_dist_01d_w1-._.js:2431
[10359701ms] [LOG] [Fast Refresh] done in 162ms @ http://localhost:3030/_next/static/chunks/04m2_next_dist_01d_w1-._.js:2431
[10359803ms] [LOG] [Fast Refresh] rebuilding @ http://localhost:3030/_next/static/chunks/04m2_next_dist_01d_w1-._.js:2431
[10359943ms] [LOG] [Fast Refresh] done in 240ms @ http://localhost:3030/_next/static/chunks/04m2_next_dist_01d_w1-._.js:2431
[10359958ms] [INFO] %c%s%c [setup-health] background: #e6e6e6;background: light-dark(rgba(0,0,0,0.1), rgba(255,255,255,0.25));color: #000000;color: light-dark(#000000, #ffffff);border-radius: 2px  Server   panel-layout hidden because permission=false {tenantId: cmrvvipw70000oyyo6123270j, userId: cmrvvipyc000aoyyodcu4tftb, roleKeys: Array(1)} @ http://localhost:3030/_next/static/chunks/04m2_next_dist_01d_w1-._.js:2431
[10360166ms] [LOG] [Fast Refresh] rebuilding @ http://localhost:3030/_next/static/chunks/04m2_next_dist_01d_w1-._.js:2431
[10360208ms] [LOG] [Fast Refresh] done in 144ms @ http://localhost:3030/_next/static/chunks/04m2_next_dist_01d_w1-._.js:2431
[10360309ms] [LOG] [Fast Refresh] rebuilding @ http://localhost:3030/_next/static/chunks/04m2_next_dist_01d_w1-._.js:2431
[10360383ms] [LOG] [Fast Refresh] done in 174ms @ http://localhost:3030/_next/static/chunks/04m2_next_dist_01d_w1-._.js:2431
[10360495ms] [LOG] [Fast Refresh] rebuilding @ http://localhost:3030/_next/static/chunks/04m2_next_dist_01d_w1-._.js:2431
[10360609ms] [LOG] [Fast Refresh] done in 226ms @ http://localhost:3030/_next/static/chunks/04m2_next_dist_01d_w1-._.js:2431
[10360711ms] [LOG] [Fast Refresh] rebuilding @ http://localhost:3030/_next/static/chunks/04m2_next_dist_01d_w1-._.js:2431
[10360752ms] [LOG] [Fast Refresh] done in 141ms @ http://localhost:3030/_next/static/chunks/04m2_next_dist_01d_w1-._.js:2431
[10360857ms] [LOG] [Fast Refresh] rebuilding @ http://localhost:3030/_next/static/chunks/04m2_next_dist_01d_w1-._.js:2431
[10360907ms] [LOG] [Fast Refresh] done in 151ms @ http://localhost:3030/_next/static/chunks/04m2_next_dist_01d_w1-._.js:2431
[10360971ms] [INFO] %c%s%c [setup-health] background: #e6e6e6;background: light-dark(rgba(0,0,0,0.1), rgba(255,255,255,0.25));color: #000000;color: light-dark(#000000, #ffffff);border-radius: 2px  Server   panel-layout hidden because permission=false {tenantId: cmrvvipw70000oyyo6123270j, userId: cmrvvipyc000aoyyodcu4tftb, roleKeys: Array(1)} @ http://localhost:3030/_next/static/chunks/04m2_next_dist_01d_w1-._.js:2431
[10361037ms] [LOG] [Fast Refresh] rebuilding @ http://localhost:3030/_next/static/chunks/04m2_next_dist_01d_w1-._.js:2431
[10361236ms] [LOG] [Fast Refresh] done in 300ms @ http://localhost:3030/_next/static/chunks/04m2_next_dist_01d_w1-._.js:2431
[10362071ms] [INFO] %c%s%c [setup-health] background: #e6e6e6;background: light-dark(rgba(0,0,0,0.1), rgba(255,255,255,0.25));color: #000000;color: light-dark(#000000, #ffffff);border-radius: 2px  Server   panel-layout hidden because permission=false {tenantId: cmrvvipw70000oyyo6123270j, userId: cmrvvipyc000aoyyodcu4tftb, roleKeys: Array(1)} @ http://localhost:3030/_next/static/chunks/04m2_next_dist_01d_w1-._.js:2431
[10362170ms] [LOG] [Fast Refresh] rebuilding @ http://localhost:3030/_next/static/chunks/04m2_next_dist_01d_w1-._.js:2431
[10362197ms] [LOG] [Fast Refresh] done in 133ms @ http://localhost:3030/_next/static/chunks/04m2_next_dist_01d_w1-._.js:2431
[10362301ms] [LOG] [Fast Refresh] rebuilding @ http://localhost:3030/_next/static/chunks/04m2_next_dist_01d_w1-._.js:2431
[10362369ms] [LOG] [Fast Refresh] done in 170ms @ http://localhost:3030/_next/static/chunks/04m2_next_dist_01d_w1-._.js:2431
[10362474ms] [LOG] [Fast Refresh] rebuilding @ http://localhost:3030/_next/static/chunks/04m2_next_dist_01d_w1-._.js:2431
[10362610ms] [LOG] [Fast Refresh] done in 240ms @ http://localhost:3030/_next/static/chunks/04m2_next_dist_01d_w1-._.js:2431
[10362714ms] [LOG] [Fast Refresh] rebuilding @ http://localhost:3030/_next/static/chunks/04m2_next_dist_01d_w1-._.js:2431
[10362809ms] [LOG] [Fast Refresh] done in 198ms @ http://localhost:3030/_next/static/chunks/04m2_next_dist_01d_w1-._.js:2431
[10363127ms] [LOG] [Fast Refresh] rebuilding @ http://localhost:3030/_next/static/chunks/04m2_next_dist_01d_w1-._.js:2431
[10363264ms] [LOG] [Fast Refresh] done in 241ms @ http://localhost:3030/_next/static/chunks/04m2_next_dist_01d_w1-._.js:2431
[10363287ms] [INFO] %c%s%c [setup-health] background: #e6e6e6;background: light-dark(rgba(0,0,0,0.1), rgba(255,255,255,0.25));color: #000000;color: light-dark(#000000, #ffffff);border-radius: 2px  Server   panel-layout hidden because permission=false {tenantId: cmrvvipw70000oyyo6123270j, userId: cmrvvipyc000aoyyodcu4tftb, roleKeys: Array(1)} @ http://localhost:3030/_next/static/chunks/04m2_next_dist_01d_w1-._.js:2431
[10363378ms] [LOG] [Fast Refresh] rebuilding @ http://localhost:3030/_next/static/chunks/04m2_next_dist_01d_w1-._.js:2431
[10363399ms] [LOG] [Fast Refresh] done in 134ms @ http://localhost:3030/_next/static/chunks/04m2_next_dist_01d_w1-._.js:2431
[10363685ms] [LOG] [Fast Refresh] rebuilding @ http://localhost:3030/_next/static/chunks/04m2_next_dist_01d_w1-._.js:2431
[10363689ms] [LOG] [Fast Refresh] done in 111ms @ http://localhost:3030/_next/static/chunks/04m2_next_dist_01d_w1-._.js:2431
[10363878ms] [LOG] [Fast Refresh] rebuilding @ http://localhost:3030/_next/static/chunks/04m2_next_dist_01d_w1-._.js:2431
[10364060ms] [LOG] [Fast Refresh] done in 290ms @ http://localhost:3030/_next/static/chunks/04m2_next_dist_01d_w1-._.js:2431
[10364258ms] [LOG] [Fast Refresh] rebuilding @ http://localhost:3030/_next/static/chunks/04m2_next_dist_01d_w1-._.js:2431
[10364319ms] [LOG] [Fast Refresh] done in 164ms @ http://localhost:3030/_next/static/chunks/04m2_next_dist_01d_w1-._.js:2431
[10364394ms] [INFO] %c%s%c [setup-health] background: #e6e6e6;background: light-dark(rgba(0,0,0,0.1), rgba(255,255,255,0.25));color: #000000;color: light-dark(#000000, #ffffff);border-radius: 2px  Server   panel-layout hidden because permission=false {tenantId: cmrvvipw70000oyyo6123270j, userId: cmrvvipyc000aoyyodcu4tftb, roleKeys: Array(1)} @ http://localhost:3030/_next/static/chunks/04m2_next_dist_01d_w1-._.js:2431
[10364564ms] [LOG] [Fast Refresh] rebuilding @ http://localhost:3030/_next/static/chunks/04m2_next_dist_01d_w1-._.js:2431
[10364692ms] [LOG] [Fast Refresh] done in 231ms @ http://localhost:3030/_next/static/chunks/04m2_next_dist_01d_w1-._.js:2431
[10364804ms] [LOG] [Fast Refresh] rebuilding @ http://localhost:3030/_next/static/chunks/04m2_next_dist_01d_w1-._.js:2431
[10364838ms] [LOG] [Fast Refresh] done in 141ms @ http://localhost:3030/_next/static/chunks/04m2_next_dist_01d_w1-._.js:2431
[10364952ms] [LOG] [Fast Refresh] rebuilding @ http://localhost:3030/_next/static/chunks/04m2_next_dist_01d_w1-._.js:2431
[10365034ms] [LOG] [Fast Refresh] done in 196ms @ http://localhost:3030/_next/static/chunks/04m2_next_dist_01d_w1-._.js:2431
[10365138ms] [LOG] [Fast Refresh] rebuilding @ http://localhost:3030/_next/static/chunks/04m2_next_dist_01d_w1-._.js:2431
[10365172ms] [LOG] [Fast Refresh] done in 136ms @ http://localhost:3030/_next/static/chunks/04m2_next_dist_01d_w1-._.js:2431
[10365275ms] [LOG] [Fast Refresh] rebuilding @ http://localhost:3030/_next/static/chunks/04m2_next_dist_01d_w1-._.js:2431
[10365405ms] [LOG] [Fast Refresh] done in 232ms @ http://localhost:3030/_next/static/chunks/04m2_next_dist_01d_w1-._.js:2431
[10365530ms] [INFO] %c%s%c [setup-health] background: #e6e6e6;background: light-dark(rgba(0,0,0,0.1), rgba(255,255,255,0.25));color: #000000;color: light-dark(#000000, #ffffff);border-radius: 2px  Server   panel-layout hidden because permission=false {tenantId: cmrvvipw70000oyyo6123270j, userId: cmrvvipyc000aoyyodcu4tftb, roleKeys: Array(1)} @ http://localhost:3030/_next/static/chunks/04m2_next_dist_01d_w1-._.js:2431
[10365626ms] [LOG] [Fast Refresh] rebuilding @ http://localhost:3030/_next/static/chunks/04m2_next_dist_01d_w1-._.js:2431
[10365737ms] [LOG] [Fast Refresh] done in 211ms @ http://localhost:3030/_next/static/chunks/04m2_next_dist_01d_w1-._.js:2431
[10365845ms] [LOG] [Fast Refresh] rebuilding @ http://localhost:3030/_next/static/chunks/04m2_next_dist_01d_w1-._.js:2431
[10366006ms] [LOG] [Fast Refresh] done in 265ms @ http://localhost:3030/_next/static/chunks/04m2_next_dist_01d_w1-._.js:2431
[10366123ms] [LOG] [Fast Refresh] rebuilding @ http://localhost:3030/_next/static/chunks/04m2_next_dist_01d_w1-._.js:2431
[10366198ms] [LOG] [Fast Refresh] done in 185ms @ http://localhost:3030/_next/static/chunks/04m2_next_dist_01d_w1-._.js:2431
[10366713ms] [LOG] [Fast Refresh] rebuilding @ http://localhost:3030/_next/static/chunks/04m2_next_dist_01d_w1-._.js:2431
[10366717ms] [INFO] %c%s%c [setup-health] background: #e6e6e6;background: light-dark(rgba(0,0,0,0.1), rgba(255,255,255,0.25));color: #000000;color: light-dark(#000000, #ffffff);border-radius: 2px  Server   panel-layout hidden because permission=false {tenantId: cmrvvipw70000oyyo6123270j, userId: cmrvvipyc000aoyyodcu4tftb, roleKeys: Array(1)} @ http://localhost:3030/_next/static/chunks/04m2_next_dist_01d_w1-._.js:2431
[10366797ms] [LOG] [Fast Refresh] done in 185ms @ http://localhost:3030/_next/static/chunks/04m2_next_dist_01d_w1-._.js:2431
[10367107ms] [LOG] [Fast Refresh] rebuilding @ http://localhost:3030/_next/static/chunks/04m2_next_dist_01d_w1-._.js:2431
[10367131ms] [LOG] [Fast Refresh] done in 144ms @ http://localhost:3030/_next/static/chunks/04m2_next_dist_01d_w1-._.js:2431
[10367273ms] [LOG] [Fast Refresh] rebuilding @ http://localhost:3030/_next/static/chunks/04m2_next_dist_01d_w1-._.js:2431
[10367570ms] [LOG] [Fast Refresh] done in 400ms @ http://localhost:3030/_next/static/chunks/04m2_next_dist_01d_w1-._.js:2431
[10367889ms] [INFO] %c%s%c [setup-health] background: #e6e6e6;background: light-dark(rgba(0,0,0,0.1), rgba(255,255,255,0.25));color: #000000;color: light-dark(#000000, #ffffff);border-radius: 2px  Server   panel-layout hidden because permission=false {tenantId: cmrvvipw70000oyyo6123270j, userId: cmrvvipyc000aoyyodcu4tftb, roleKeys: Array(1)} @ http://localhost:3030/_next/static/chunks/04m2_next_dist_01d_w1-._.js:2431
[10368049ms] [LOG] [Fast Refresh] rebuilding @ http://localhost:3030/_next/static/chunks/04m2_next_dist_01d_w1-._.js:2431
[10368174ms] [LOG] [Fast Refresh] done in 230ms @ http://localhost:3030/_next/static/chunks/04m2_next_dist_01d_w1-._.js:2431
[10368478ms] [LOG] [Fast Refresh] rebuilding @ http://localhost:3030/_next/static/chunks/04m2_next_dist_01d_w1-._.js:2431
[10368559ms] [LOG] [Fast Refresh] done in 185ms @ http://localhost:3030/_next/static/chunks/04m2_next_dist_01d_w1-._.js:2431
[10368768ms] [LOG] [Fast Refresh] rebuilding @ http://localhost:3030/_next/static/chunks/04m2_next_dist_01d_w1-._.js:2431
[10368828ms] [LOG] [Fast Refresh] done in 161ms @ http://localhost:3030/_next/static/chunks/04m2_next_dist_01d_w1-._.js:2431
[10368940ms] [LOG] [Fast Refresh] rebuilding @ http://localhost:3030/_next/static/chunks/04m2_next_dist_01d_w1-._.js:2431
[10368975ms] [LOG] [Fast Refresh] done in 140ms @ http://localhost:3030/_next/static/chunks/04m2_next_dist_01d_w1-._.js:2431
[10369013ms] [INFO] %c%s%c [setup-health] background: #e6e6e6;background: light-dark(rgba(0,0,0,0.1), rgba(255,255,255,0.25));color: #000000;color: light-dark(#000000, #ffffff);border-radius: 2px  Server   panel-layout hidden because permission=false {tenantId: cmrvvipw70000oyyo6123270j, userId: cmrvvipyc000aoyyodcu4tftb, roleKeys: Array(1)} @ http://localhost:3030/_next/static/chunks/04m2_next_dist_01d_w1-._.js:2431
[10369086ms] [LOG] [Fast Refresh] rebuilding @ http://localhost:3030/_next/static/chunks/04m2_next_dist_01d_w1-._.js:2431
[10369251ms] [LOG] [Fast Refresh] done in 269ms @ http://localhost:3030/_next/static/chunks/04m2_next_dist_01d_w1-._.js:2431
[10369383ms] [LOG] [Fast Refresh] rebuilding @ http://localhost:3030/_next/static/chunks/04m2_next_dist_01d_w1-._.js:2431
[10369506ms] [LOG] [Fast Refresh] done in 228ms @ http://localhost:3030/_next/static/chunks/04m2_next_dist_01d_w1-._.js:2431
[10369607ms] [LOG] [Fast Refresh] rebuilding @ http://localhost:3030/_next/static/chunks/04m2_next_dist_01d_w1-._.js:2431
[10369769ms] [LOG] [Fast Refresh] done in 262ms @ http://localhost:3030/_next/static/chunks/04m2_next_dist_01d_w1-._.js:2431
[10369874ms] [LOG] [Fast Refresh] rebuilding @ http://localhost:3030/_next/static/chunks/04m2_next_dist_01d_w1-._.js:2431
[10369907ms] [LOG] [Fast Refresh] done in 137ms @ http://localhost:3030/_next/static/chunks/04m2_next_dist_01d_w1-._.js:2431
[10370012ms] [LOG] [Fast Refresh] rebuilding @ http://localhost:3030/_next/static/chunks/04m2_next_dist_01d_w1-._.js:2431
[10370161ms] [LOG] [Fast Refresh] done in 253ms @ http://localhost:3030/_next/static/chunks/04m2_next_dist_01d_w1-._.js:2431
[10370166ms] [INFO] %c%s%c [setup-health] background: #e6e6e6;background: light-dark(rgba(0,0,0,0.1), rgba(255,255,255,0.25));color: #000000;color: light-dark(#000000, #ffffff);border-radius: 2px  Server   panel-layout hidden because permission=false {tenantId: cmrvvipw70000oyyo6123270j, userId: cmrvvipyc000aoyyodcu4tftb, roleKeys: Array(1)} @ http://localhost:3030/_next/static/chunks/04m2_next_dist_01d_w1-._.js:2431
[10370668ms] [LOG] [Fast Refresh] rebuilding @ http://localhost:3030/_next/static/chunks/04m2_next_dist_01d_w1-._.js:2431
[10370850ms] [LOG] [Fast Refresh] done in 292ms @ http://localhost:3030/_next/static/chunks/04m2_next_dist_01d_w1-._.js:2431
[10371222ms] [INFO] %c%s%c [setup-health] background: #e6e6e6;background: light-dark(rgba(0,0,0,0.1), rgba(255,255,255,0.25));color: #000000;color: light-dark(#000000, #ffffff);border-radius: 2px  Server   panel-layout hidden because permission=false {tenantId: cmrvvipw70000oyyo6123270j, userId: cmrvvipyc000aoyyodcu4tftb, roleKeys: Array(1)} @ http://localhost:3030/_next/static/chunks/04m2_next_dist_01d_w1-._.js:2431
[10371268ms] [LOG] [Fast Refresh] rebuilding @ http://localhost:3030/_next/static/chunks/04m2_next_dist_01d_w1-._.js:2431
[10371410ms] [LOG] [Fast Refresh] done in 248ms @ http://localhost:3030/_next/static/chunks/04m2_next_dist_01d_w1-._.js:2431
[10371866ms] [LOG] [Fast Refresh] rebuilding @ http://localhost:3030/_next/static/chunks/04m2_next_dist_01d_w1-._.js:2431
[10371987ms] [LOG] [Fast Refresh] done in 226ms @ http://localhost:3030/_next/static/chunks/04m2_next_dist_01d_w1-._.js:2431
[10372088ms] [LOG] [Fast Refresh] rebuilding @ http://localhost:3030/_next/static/chunks/04m2_next_dist_01d_w1-._.js:2431
[10372095ms] [LOG] [Fast Refresh] done in 108ms @ http://localhost:3030/_next/static/chunks/04m2_next_dist_01d_w1-._.js:2431
[10372197ms] [LOG] [Fast Refresh] rebuilding @ http://localhost:3030/_next/static/chunks/04m2_next_dist_01d_w1-._.js:2431
[10372306ms] [LOG] [Fast Refresh] done in 209ms @ http://localhost:3030/_next/static/chunks/04m2_next_dist_01d_w1-._.js:2431
[10372408ms] [LOG] [Fast Refresh] rebuilding @ http://localhost:3030/_next/static/chunks/04m2_next_dist_01d_w1-._.js:2431
[10372442ms] [LOG] [Fast Refresh] done in 136ms @ http://localhost:3030/_next/static/chunks/04m2_next_dist_01d_w1-._.js:2431
[10372455ms] [INFO] %c%s%c [setup-health] background: #e6e6e6;background: light-dark(rgba(0,0,0,0.1), rgba(255,255,255,0.25));color: #000000;color: light-dark(#000000, #ffffff);border-radius: 2px  Server   panel-layout hidden because permission=false {tenantId: cmrvvipw70000oyyo6123270j, userId: cmrvvipyc000aoyyodcu4tftb, roleKeys: Array(1)} @ http://localhost:3030/_next/static/chunks/04m2_next_dist_01d_w1-._.js:2431
[10372852ms] [LOG] [Fast Refresh] rebuilding @ http://localhost:3030/_next/static/chunks/04m2_next_dist_01d_w1-._.js:2431
[10372986ms] [LOG] [Fast Refresh] done in 241ms @ http://localhost:3030/_next/static/chunks/04m2_next_dist_01d_w1-._.js:2431
[10373359ms] [LOG] [Fast Refresh] rebuilding @ http://localhost:3030/_next/static/chunks/04m2_next_dist_01d_w1-._.js:2431
[10373399ms] [LOG] [Fast Refresh] done in 146ms @ http://localhost:3030/_next/static/chunks/04m2_next_dist_01d_w1-._.js:2431
[10373504ms] [LOG] [Fast Refresh] rebuilding @ http://localhost:3030/_next/static/chunks/04m2_next_dist_01d_w1-._.js:2431
[10373613ms] [INFO] %c%s%c [setup-health] background: #e6e6e6;background: light-dark(rgba(0,0,0,0.1), rgba(255,255,255,0.25));color: #000000;color: light-dark(#000000, #ffffff);border-radius: 2px  Server   panel-layout hidden because permission=false {tenantId: cmrvvipw70000oyyo6123270j, userId: cmrvvipyc000aoyyodcu4tftb, roleKeys: Array(1)} @ http://localhost:3030/_next/static/chunks/04m2_next_dist_01d_w1-._.js:2431
[10373662ms] [LOG] [Fast Refresh] done in 263ms @ http://localhost:3030/_next/static/chunks/04m2_next_dist_01d_w1-._.js:2431
[10373768ms] [LOG] [Fast Refresh] rebuilding @ http://localhost:3030/_next/static/chunks/04m2_next_dist_01d_w1-._.js:2431
[10373839ms] [LOG] [Fast Refresh] done in 175ms @ http://localhost:3030/_next/static/chunks/04m2_next_dist_01d_w1-._.js:2431
[10374037ms] [LOG] [Fast Refresh] rebuilding @ http://localhost:3030/_next/static/chunks/04m2_next_dist_01d_w1-._.js:2431
[10374042ms] [LOG] [Fast Refresh] done in 110ms @ http://localhost:3030/_next/static/chunks/04m2_next_dist_01d_w1-._.js:2431
[10374142ms] [LOG] [Fast Refresh] rebuilding @ http://localhost:3030/_next/static/chunks/04m2_next_dist_01d_w1-._.js:2431
[10374336ms] [LOG] [Fast Refresh] done in 293ms @ http://localhost:3030/_next/static/chunks/04m2_next_dist_01d_w1-._.js:2431
[10374697ms] [INFO] %c%s%c [setup-health] background: #e6e6e6;background: light-dark(rgba(0,0,0,0.1), rgba(255,255,255,0.25));color: #000000;color: light-dark(#000000, #ffffff);border-radius: 2px  Server   panel-layout hidden because permission=false {tenantId: cmrvvipw70000oyyo6123270j, userId: cmrvvipyc000aoyyodcu4tftb, roleKeys: Array(1)} @ http://localhost:3030/_next/static/chunks/04m2_next_dist_01d_w1-._.js:2431
[10374795ms] [LOG] [Fast Refresh] rebuilding @ http://localhost:3030/_next/static/chunks/04m2_next_dist_01d_w1-._.js:2431
[10374830ms] [LOG] [Fast Refresh] done in 143ms @ http://localhost:3030/_next/static/chunks/04m2_next_dist_01d_w1-._.js:2431
[10375305ms] [LOG] [Fast Refresh] rebuilding @ http://localhost:3030/_next/static/chunks/04m2_next_dist_01d_w1-._.js:2431
[10375371ms] [LOG] [Fast Refresh] done in 168ms @ http://localhost:3030/_next/static/chunks/04m2_next_dist_01d_w1-._.js:2431
[10375797ms] [LOG] [Fast Refresh] rebuilding @ http://localhost:3030/_next/static/chunks/04m2_next_dist_01d_w1-._.js:2431
[10375813ms] [LOG] [Fast Refresh] done in 120ms @ http://localhost:3030/_next/static/chunks/04m2_next_dist_01d_w1-._.js:2431
[10375839ms] [INFO] %c%s%c [setup-health] background: #e6e6e6;background: light-dark(rgba(0,0,0,0.1), rgba(255,255,255,0.25));color: #000000;color: light-dark(#000000, #ffffff);border-radius: 2px  Server   panel-layout hidden because permission=false {tenantId: cmrvvipw70000oyyo6123270j, userId: cmrvvipyc000aoyyodcu4tftb, roleKeys: Array(1)} @ http://localhost:3030/_next/static/chunks/04m2_next_dist_01d_w1-._.js:2431
[10375943ms] [LOG] [Fast Refresh] rebuilding @ http://localhost:3030/_next/static/chunks/04m2_next_dist_01d_w1-._.js:2431
[10376021ms] [LOG] [Fast Refresh] done in 183ms @ http://localhost:3030/_next/static/chunks/04m2_next_dist_01d_w1-._.js:2431
[10376236ms] [LOG] [Fast Refresh] rebuilding @ http://localhost:3030/_next/static/chunks/04m2_next_dist_01d_w1-._.js:2431
[10376344ms] [LOG] [Fast Refresh] done in 211ms @ http://localhost:3030/_next/static/chunks/04m2_next_dist_01d_w1-._.js:2431
[10376853ms] [LOG] [Fast Refresh] rebuilding @ http://localhost:3030/_next/static/chunks/04m2_next_dist_01d_w1-._.js:2431
[10376974ms] [LOG] [Fast Refresh] done in 223ms @ http://localhost:3030/_next/static/chunks/04m2_next_dist_01d_w1-._.js:2431
[10376983ms] [INFO] %c%s%c [setup-health] background: #e6e6e6;background: light-dark(rgba(0,0,0,0.1), rgba(255,255,255,0.25));color: #000000;color: light-dark(#000000, #ffffff);border-radius: 2px  Server   panel-layout hidden because permission=false {tenantId: cmrvvipw70000oyyo6123270j, userId: cmrvvipyc000aoyyodcu4tftb, roleKeys: Array(1)} @ http://localhost:3030/_next/static/chunks/04m2_next_dist_01d_w1-._.js:2431
[10377244ms] [LOG] [Fast Refresh] rebuilding @ http://localhost:3030/_next/static/chunks/04m2_next_dist_01d_w1-._.js:2431
[10377284ms] [LOG] [Fast Refresh] done in 147ms @ http://localhost:3030/_next/static/chunks/04m2_next_dist_01d_w1-._.js:2431
[10377386ms] [LOG] [Fast Refresh] rebuilding @ http://localhost:3030/_next/static/chunks/04m2_next_dist_01d_w1-._.js:2431
[10377483ms] [LOG] [Fast Refresh] done in 199ms @ http://localhost:3030/_next/static/chunks/04m2_next_dist_01d_w1-._.js:2431
[10377596ms] [LOG] [Fast Refresh] rebuilding @ http://localhost:3030/_next/static/chunks/04m2_next_dist_01d_w1-._.js:2431
[10377826ms] [LOG] [Fast Refresh] done in 333ms @ http://localhost:3030/_next/static/chunks/04m2_next_dist_01d_w1-._.js:2431
[10378137ms] [INFO] %c%s%c [setup-health] background: #e6e6e6;background: light-dark(rgba(0,0,0,0.1), rgba(255,255,255,0.25));color: #000000;color: light-dark(#000000, #ffffff);border-radius: 2px  Server   panel-layout hidden because permission=false {tenantId: cmrvvipw70000oyyo6123270j, userId: cmrvvipyc000aoyyodcu4tftb, roleKeys: Array(1)} @ http://localhost:3030/_next/static/chunks/04m2_next_dist_01d_w1-._.js:2431
[10378186ms] [LOG] [Fast Refresh] rebuilding @ http://localhost:3030/_next/static/chunks/04m2_next_dist_01d_w1-._.js:2431
[10378244ms] [LOG] [Fast Refresh] done in 163ms @ http://localhost:3030/_next/static/chunks/04m2_next_dist_01d_w1-._.js:2431
[10378363ms] [LOG] [Fast Refresh] rebuilding @ http://localhost:3030/_next/static/chunks/04m2_next_dist_01d_w1-._.js:2431
[10378481ms] [LOG] [Fast Refresh] done in 220ms @ http://localhost:3030/_next/static/chunks/04m2_next_dist_01d_w1-._.js:2431
[10378693ms] [LOG] [Fast Refresh] rebuilding @ http://localhost:3030/_next/static/chunks/04m2_next_dist_01d_w1-._.js:2431
[10378697ms] [LOG] [Fast Refresh] done in 118ms @ http://localhost:3030/_next/static/chunks/04m2_next_dist_01d_w1-._.js:2431
[10378809ms] [LOG] [Fast Refresh] rebuilding @ http://localhost:3030/_next/static/chunks/04m2_next_dist_01d_w1-._.js:2431
[10378844ms] [LOG] [Fast Refresh] done in 142ms @ http://localhost:3030/_next/static/chunks/04m2_next_dist_01d_w1-._.js:2431
[10378946ms] [LOG] [Fast Refresh] rebuilding @ http://localhost:3030/_next/static/chunks/04m2_next_dist_01d_w1-._.js:2431
[10378985ms] [LOG] [Fast Refresh] done in 139ms @ http://localhost:3030/_next/static/chunks/04m2_next_dist_01d_w1-._.js:2431
[10379089ms] [LOG] [Fast Refresh] rebuilding @ http://localhost:3030/_next/static/chunks/04m2_next_dist_01d_w1-._.js:2431
[10379175ms] [LOG] [Fast Refresh] done in 189ms @ http://localhost:3030/_next/static/chunks/04m2_next_dist_01d_w1-._.js:2431
[10379267ms] [INFO] %c%s%c [setup-health] background: #e6e6e6;background: light-dark(rgba(0,0,0,0.1), rgba(255,255,255,0.25));color: #000000;color: light-dark(#000000, #ffffff);border-radius: 2px  Server   panel-layout hidden because permission=false {tenantId: cmrvvipw70000oyyo6123270j, userId: cmrvvipyc000aoyyodcu4tftb, roleKeys: Array(1)} @ http://localhost:3030/_next/static/chunks/04m2_next_dist_01d_w1-._.js:2431
[10379356ms] [LOG] [Fast Refresh] rebuilding @ http://localhost:3030/_next/static/chunks/04m2_next_dist_01d_w1-._.js:2431
[10379423ms] [LOG] [Fast Refresh] done in 167ms @ http://localhost:3030/_next/static/chunks/04m2_next_dist_01d_w1-._.js:2431
[10379624ms] [LOG] [Fast Refresh] rebuilding @ http://localhost:3030/_next/static/chunks/04m2_next_dist_01d_w1-._.js:2431
[10379656ms] [LOG] [Fast Refresh] done in 135ms @ http://localhost:3030/_next/static/chunks/04m2_next_dist_01d_w1-._.js:2431
[10379758ms] [LOG] [Fast Refresh] rebuilding @ http://localhost:3030/_next/static/chunks/04m2_next_dist_01d_w1-._.js:2431
[10380335ms] [INFO] %c%s%c [setup-health] background: #e6e6e6;background: light-dark(rgba(0,0,0,0.1), rgba(255,255,255,0.25));color: #000000;color: light-dark(#000000, #ffffff);border-radius: 2px  Server   panel-layout hidden because permission=false {tenantId: cmrvvipw70000oyyo6123270j, userId: cmrvvipyc000aoyyodcu4tftb, roleKeys: Array(1)} @ http://localhost:3030/_next/static/chunks/04m2_next_dist_01d_w1-._.js:2431
[10382244ms] [LOG] [Fast Refresh] done in 2586ms @ http://localhost:3030/_next/static/chunks/04m2_next_dist_01d_w1-._.js:2431
[10382279ms] [INFO] %c%s%c [setup-health] background: #e6e6e6;background: light-dark(rgba(0,0,0,0.1), rgba(255,255,255,0.25));color: #000000;color: light-dark(#000000, #ffffff);border-radius: 2px  Server   panel-layout hidden because permission=false {tenantId: cmrvvipw70000oyyo6123270j, userId: cmrvvipyc000aoyyodcu4tftb, roleKeys: Array(1)} @ http://localhost:3030/_next/static/chunks/04m2_next_dist_01d_w1-._.js:2431
[10382532ms] [LOG] [Fast Refresh] rebuilding @ http://localhost:3030/_next/static/chunks/04m2_next_dist_01d_w1-._.js:2431
[10382564ms] [LOG] [Fast Refresh] done in 133ms @ http://localhost:3030/_next/static/chunks/04m2_next_dist_01d_w1-._.js:2431
[10382668ms] [LOG] [Fast Refresh] rebuilding @ http://localhost:3030/_next/static/chunks/04m2_next_dist_01d_w1-._.js:2431
[10382713ms] [LOG] [Fast Refresh] done in 147ms @ http://localhost:3030/_next/static/chunks/04m2_next_dist_01d_w1-._.js:2431
[10382819ms] [LOG] [Fast Refresh] rebuilding @ http://localhost:3030/_next/static/chunks/04m2_next_dist_01d_w1-._.js:2431
[10382846ms] [LOG] [Fast Refresh] done in 128ms @ http://localhost:3030/_next/static/chunks/04m2_next_dist_01d_w1-._.js:2431
[10382853ms] [INFO] %c%s%c [setup-health] background: #e6e6e6;background: light-dark(rgba(0,0,0,0.1), rgba(255,255,255,0.25));color: #000000;color: light-dark(#000000, #ffffff);border-radius: 2px  Server   panel-layout hidden because permission=false {tenantId: cmrvvipw70000oyyo6123270j, userId: cmrvvipyc000aoyyodcu4tftb, roleKeys: Array(1)} @ http://localhost:3030/_next/static/chunks/04m2_next_dist_01d_w1-._.js:2431
[10382957ms] [LOG] [Fast Refresh] rebuilding @ http://localhost:3030/_next/static/chunks/04m2_next_dist_01d_w1-._.js:2431
[10383005ms] [LOG] [Fast Refresh] done in 154ms @ http://localhost:3030/_next/static/chunks/04m2_next_dist_01d_w1-._.js:2431
[10383106ms] [LOG] [Fast Refresh] rebuilding @ http://localhost:3030/_next/static/chunks/04m2_next_dist_01d_w1-._.js:2431
[10383109ms] [LOG] [Fast Refresh] done in 102ms @ http://localhost:3030/_next/static/chunks/04m2_next_dist_01d_w1-._.js:2431
[10383337ms] [LOG] [Fast Refresh] rebuilding @ http://localhost:3030/_next/static/chunks/04m2_next_dist_01d_w1-._.js:2431
[10383520ms] [LOG] [Fast Refresh] done in 288ms @ http://localhost:3030/_next/static/chunks/04m2_next_dist_01d_w1-._.js:2431
[10383625ms] [LOG] [Fast Refresh] rebuilding @ http://localhost:3030/_next/static/chunks/04m2_next_dist_01d_w1-._.js:2431
[10383696ms] [LOG] [Fast Refresh] done in 175ms @ http://localhost:3030/_next/static/chunks/04m2_next_dist_01d_w1-._.js:2431
[10383812ms] [LOG] [Fast Refresh] rebuilding @ http://localhost:3030/_next/static/chunks/04m2_next_dist_01d_w1-._.js:2431
[10383833ms] [LOG] [Fast Refresh] done in 133ms @ http://localhost:3030/_next/static/chunks/04m2_next_dist_01d_w1-._.js:2431
[10383844ms] [INFO] %c%s%c [setup-health] background: #e6e6e6;background: light-dark(rgba(0,0,0,0.1), rgba(255,255,255,0.25));color: #000000;color: light-dark(#000000, #ffffff);border-radius: 2px  Server   panel-layout hidden because permission=false {tenantId: cmrvvipw70000oyyo6123270j, userId: cmrvvipyc000aoyyodcu4tftb, roleKeys: Array(1)} @ http://localhost:3030/_next/static/chunks/04m2_next_dist_01d_w1-._.js:2431
[10383945ms] [LOG] [Fast Refresh] rebuilding @ http://localhost:3030/_next/static/chunks/04m2_next_dist_01d_w1-._.js:2431
[10384098ms] [LOG] [Fast Refresh] done in 264ms @ http://localhost:3030/_next/static/chunks/04m2_next_dist_01d_w1-._.js:2431
[10384390ms] [LOG] [Fast Refresh] rebuilding @ http://localhost:3030/_next/static/chunks/04m2_next_dist_01d_w1-._.js:2431
[10384593ms] [LOG] [Fast Refresh] done in 306ms @ http://localhost:3030/_next/static/chunks/04m2_next_dist_01d_w1-._.js:2431
[10385152ms] [INFO] %c%s%c [setup-health] background: #e6e6e6;background: light-dark(rgba(0,0,0,0.1), rgba(255,255,255,0.25));color: #000000;color: light-dark(#000000, #ffffff);border-radius: 2px  Server   panel-layout hidden because permission=false {tenantId: cmrvvipw70000oyyo6123270j, userId: cmrvvipyc000aoyyodcu4tftb, roleKeys: Array(1)} @ http://localhost:3030/_next/static/chunks/04m2_next_dist_01d_w1-._.js:2431
[10385180ms] [LOG] [Fast Refresh] rebuilding @ http://localhost:3030/_next/static/chunks/04m2_next_dist_01d_w1-._.js:2431
[10385181ms] [LOG] [Fast Refresh] done in 122ms @ http://localhost:3030/_next/static/chunks/04m2_next_dist_01d_w1-._.js:2431
[10385575ms] [LOG] [Fast Refresh] rebuilding @ http://localhost:3030/_next/static/chunks/04m2_next_dist_01d_w1-._.js:2431
[10385682ms] [LOG] [Fast Refresh] done in 207ms @ http://localhost:3030/_next/static/chunks/04m2_next_dist_01d_w1-._.js:2431
[10386267ms] [INFO] %c%s%c [setup-health] background: #e6e6e6;background: light-dark(rgba(0,0,0,0.1), rgba(255,255,255,0.25));color: #000000;color: light-dark(#000000, #ffffff);border-radius: 2px  Server   panel-layout hidden because permission=false {tenantId: cmrvvipw70000oyyo6123270j, userId: cmrvvipyc000aoyyodcu4tftb, roleKeys: Array(1)} @ http://localhost:3030/_next/static/chunks/04m2_next_dist_01d_w1-._.js:2431
[10386284ms] [LOG] [Fast Refresh] rebuilding @ http://localhost:3030/_next/static/chunks/04m2_next_dist_01d_w1-._.js:2431
[10386394ms] [LOG] [Fast Refresh] done in 217ms @ http://localhost:3030/_next/static/chunks/04m2_next_dist_01d_w1-._.js:2431
[10386631ms] [LOG] [Fast Refresh] rebuilding @ http://localhost:3030/_next/static/chunks/04m2_next_dist_01d_w1-._.js:2431
[10386688ms] [LOG] [Fast Refresh] done in 161ms @ http://localhost:3030/_next/static/chunks/04m2_next_dist_01d_w1-._.js:2431
[10386800ms] [LOG] [Fast Refresh] rebuilding @ http://localhost:3030/_next/static/chunks/04m2_next_dist_01d_w1-._.js:2431
[10386995ms] [LOG] [Fast Refresh] done in 302ms @ http://localhost:3030/_next/static/chunks/04m2_next_dist_01d_w1-._.js:2431
[10387578ms] [LOG] [Fast Refresh] rebuilding @ http://localhost:3030/_next/static/chunks/04m2_next_dist_01d_w1-._.js:2431
[10387929ms] [LOG] [Fast Refresh] done in 457ms @ http://localhost:3030/_next/static/chunks/04m2_next_dist_01d_w1-._.js:2431
[10387979ms] [INFO] %c%s%c [setup-health] background: #e6e6e6;background: light-dark(rgba(0,0,0,0.1), rgba(255,255,255,0.25));color: #000000;color: light-dark(#000000, #ffffff);border-radius: 2px  Server   panel-layout hidden because permission=false {tenantId: cmrvvipw70000oyyo6123270j, userId: cmrvvipyc000aoyyodcu4tftb, roleKeys: Array(1)} @ http://localhost:3030/_next/static/chunks/04m2_next_dist_01d_w1-._.js:2431
[10388181ms] [LOG] [Fast Refresh] rebuilding @ http://localhost:3030/_next/static/chunks/04m2_next_dist_01d_w1-._.js:2431
[10388257ms] [LOG] [Fast Refresh] done in 183ms @ http://localhost:3030/_next/static/chunks/04m2_next_dist_01d_w1-._.js:2431
[10388359ms] [LOG] [Fast Refresh] rebuilding @ http://localhost:3030/_next/static/chunks/04m2_next_dist_01d_w1-._.js:2431
[10388459ms] [LOG] [Fast Refresh] done in 201ms @ http://localhost:3030/_next/static/chunks/04m2_next_dist_01d_w1-._.js:2431
[10388575ms] [LOG] [Fast Refresh] rebuilding @ http://localhost:3030/_next/static/chunks/04m2_next_dist_01d_w1-._.js:2431
[10388721ms] [LOG] [Fast Refresh] done in 253ms @ http://localhost:3030/_next/static/chunks/04m2_next_dist_01d_w1-._.js:2431
[10388966ms] [LOG] [Fast Refresh] rebuilding @ http://localhost:3030/_next/static/chunks/04m2_next_dist_01d_w1-._.js:2431
[10389044ms] [LOG] [Fast Refresh] done in 198ms @ http://localhost:3030/_next/static/chunks/04m2_next_dist_01d_w1-._.js:2431
[10389151ms] [LOG] [Fast Refresh] rebuilding @ http://localhost:3030/_next/static/chunks/04m2_next_dist_01d_w1-._.js:2431
[10389168ms] [INFO] %c%s%c [setup-health] background: #e6e6e6;background: light-dark(rgba(0,0,0,0.1), rgba(255,255,255,0.25));color: #000000;color: light-dark(#000000, #ffffff);border-radius: 2px  Server   panel-layout hidden because permission=false {tenantId: cmrvvipw70000oyyo6123270j, userId: cmrvvipyc000aoyyodcu4tftb, roleKeys: Array(1)} @ http://localhost:3030/_next/static/chunks/04m2_next_dist_01d_w1-._.js:2431
[10389342ms] [LOG] [Fast Refresh] done in 293ms @ http://localhost:3030/_next/static/chunks/04m2_next_dist_01d_w1-._.js:2431
[10389606ms] [LOG] [Fast Refresh] rebuilding @ http://localhost:3030/_next/static/chunks/04m2_next_dist_01d_w1-._.js:2431
[10389726ms] [LOG] [Fast Refresh] done in 227ms @ http://localhost:3030/_next/static/chunks/04m2_next_dist_01d_w1-._.js:2431
[10390258ms] [INFO] %c%s%c [setup-health] background: #e6e6e6;background: light-dark(rgba(0,0,0,0.1), rgba(255,255,255,0.25));color: #000000;color: light-dark(#000000, #ffffff);border-radius: 2px  Server   panel-layout hidden because permission=false {tenantId: cmrvvipw70000oyyo6123270j, userId: cmrvvipyc000aoyyodcu4tftb, roleKeys: Array(1)} @ http://localhost:3030/_next/static/chunks/04m2_next_dist_01d_w1-._.js:2431
[10390286ms] [LOG] [Fast Refresh] rebuilding @ http://localhost:3030/_next/static/chunks/04m2_next_dist_01d_w1-._.js:2431
[10390407ms] [LOG] [Fast Refresh] done in 228ms @ http://localhost:3030/_next/static/chunks/04m2_next_dist_01d_w1-._.js:2431
[10390657ms] [LOG] [Fast Refresh] rebuilding @ http://localhost:3030/_next/static/chunks/04m2_next_dist_01d_w1-._.js:2431
[10390711ms] [LOG] [Fast Refresh] done in 177ms @ http://localhost:3030/_next/static/chunks/04m2_next_dist_01d_w1-._.js:2431
[10391457ms] [LOG] [Fast Refresh] rebuilding @ http://localhost:3030/_next/static/chunks/04m2_next_dist_01d_w1-._.js:2431
[10391469ms] [LOG] [Fast Refresh] done in 130ms @ http://localhost:3030/_next/static/chunks/04m2_next_dist_01d_w1-._.js:2431
[10391484ms] [INFO] %c%s%c [setup-health] background: #e6e6e6;background: light-dark(rgba(0,0,0,0.1), rgba(255,255,255,0.25));color: #000000;color: light-dark(#000000, #ffffff);border-radius: 2px  Server   panel-layout hidden because permission=false {tenantId: cmrvvipw70000oyyo6123270j, userId: cmrvvipyc000aoyyodcu4tftb, roleKeys: Array(1)} @ http://localhost:3030/_next/static/chunks/04m2_next_dist_01d_w1-._.js:2431
[10391712ms] [LOG] [Fast Refresh] rebuilding @ http://localhost:3030/_next/static/chunks/04m2_next_dist_01d_w1-._.js:2431
[10391844ms] [LOG] [Fast Refresh] done in 240ms @ http://localhost:3030/_next/static/chunks/04m2_next_dist_01d_w1-._.js:2431
[10391949ms] [LOG] [Fast Refresh] rebuilding @ http://localhost:3030/_next/static/chunks/04m2_next_dist_01d_w1-._.js:2431
[10391960ms] [LOG] [Fast Refresh] done in 115ms @ http://localhost:3030/_next/static/chunks/04m2_next_dist_01d_w1-._.js:2431
[10392461ms] [LOG] [Fast Refresh] rebuilding @ http://localhost:3030/_next/static/chunks/04m2_next_dist_01d_w1-._.js:2431
[10392489ms] [LOG] [Fast Refresh] done in 136ms @ http://localhost:3030/_next/static/chunks/04m2_next_dist_01d_w1-._.js:2431
[10392602ms] [LOG] [Fast Refresh] rebuilding @ http://localhost:3030/_next/static/chunks/04m2_next_dist_01d_w1-._.js:2431
[10392682ms] [INFO] %c%s%c [setup-health] background: #e6e6e6;background: light-dark(rgba(0,0,0,0.1), rgba(255,255,255,0.25));color: #000000;color: light-dark(#000000, #ffffff);border-radius: 2px  Server   panel-layout hidden because permission=false {tenantId: cmrvvipw70000oyyo6123270j, userId: cmrvvipyc000aoyyodcu4tftb, roleKeys: Array(1)} @ http://localhost:3030/_next/static/chunks/04m2_next_dist_01d_w1-._.js:2431
[10392695ms] [LOG] [Fast Refresh] done in 195ms @ http://localhost:3030/_next/static/chunks/04m2_next_dist_01d_w1-._.js:2431
[10392796ms] [LOG] [Fast Refresh] rebuilding @ http://localhost:3030/_next/static/chunks/04m2_next_dist_01d_w1-._.js:2431
[10392870ms] [LOG] [Fast Refresh] done in 174ms @ http://localhost:3030/_next/static/chunks/04m2_next_dist_01d_w1-._.js:2431
[10392974ms] [LOG] [Fast Refresh] rebuilding @ http://localhost:3030/_next/static/chunks/04m2_next_dist_01d_w1-._.js:2431
[10393010ms] [LOG] [Fast Refresh] done in 139ms @ http://localhost:3030/_next/static/chunks/04m2_next_dist_01d_w1-._.js:2431
[10393475ms] [LOG] [Fast Refresh] rebuilding @ http://localhost:3030/_next/static/chunks/04m2_next_dist_01d_w1-._.js:2431
[10393564ms] [LOG] [Fast Refresh] done in 191ms @ http://localhost:3030/_next/static/chunks/04m2_next_dist_01d_w1-._.js:2431
[10393669ms] [LOG] [Fast Refresh] rebuilding @ http://localhost:3030/_next/static/chunks/04m2_next_dist_01d_w1-._.js:2431
[10393698ms] [LOG] [Fast Refresh] done in 132ms @ http://localhost:3030/_next/static/chunks/04m2_next_dist_01d_w1-._.js:2431
[10393802ms] [LOG] [Fast Refresh] rebuilding @ http://localhost:3030/_next/static/chunks/04m2_next_dist_01d_w1-._.js:2431
[10393874ms] [INFO] %c%s%c [setup-health] background: #e6e6e6;background: light-dark(rgba(0,0,0,0.1), rgba(255,255,255,0.25));color: #000000;color: light-dark(#000000, #ffffff);border-radius: 2px  Server   panel-layout hidden because permission=false {tenantId: cmrvvipw70000oyyo6123270j, userId: cmrvvipyc000aoyyodcu4tftb, roleKeys: Array(1)} @ http://localhost:3030/_next/static/chunks/04m2_next_dist_01d_w1-._.js:2431
[10394014ms] [LOG] [Fast Refresh] done in 316ms @ http://localhost:3030/_next/static/chunks/04m2_next_dist_01d_w1-._.js:2431
[10394376ms] [LOG] [Fast Refresh] rebuilding @ http://localhost:3030/_next/static/chunks/04m2_next_dist_01d_w1-._.js:2431
[10394444ms] [LOG] [Fast Refresh] done in 184ms @ http://localhost:3030/_next/static/chunks/04m2_next_dist_01d_w1-._.js:2431
[10394551ms] [LOG] [Fast Refresh] rebuilding @ http://localhost:3030/_next/static/chunks/04m2_next_dist_01d_w1-._.js:2431
[10394644ms] [LOG] [Fast Refresh] done in 194ms @ http://localhost:3030/_next/static/chunks/04m2_next_dist_01d_w1-._.js:2431
[10394979ms] [LOG] [Fast Refresh] rebuilding @ http://localhost:3030/_next/static/chunks/04m2_next_dist_01d_w1-._.js:2431
[10395059ms] [LOG] [Fast Refresh] done in 184ms @ http://localhost:3030/_next/static/chunks/04m2_next_dist_01d_w1-._.js:2431
[10395063ms] [INFO] %c%s%c [setup-health] background: #e6e6e6;background: light-dark(rgba(0,0,0,0.1), rgba(255,255,255,0.25));color: #000000;color: light-dark(#000000, #ffffff);border-radius: 2px  Server   panel-layout hidden because permission=false {tenantId: cmrvvipw70000oyyo6123270j, userId: cmrvvipyc000aoyyodcu4tftb, roleKeys: Array(1)} @ http://localhost:3030/_next/static/chunks/04m2_next_dist_01d_w1-._.js:2431
[10395164ms] [LOG] [Fast Refresh] rebuilding @ http://localhost:3030/_next/static/chunks/04m2_next_dist_01d_w1-._.js:2431
[10395249ms] [LOG] [Fast Refresh] done in 186ms @ http://localhost:3030/_next/static/chunks/04m2_next_dist_01d_w1-._.js:2431
[10395352ms] [LOG] [Fast Refresh] rebuilding @ http://localhost:3030/_next/static/chunks/04m2_next_dist_01d_w1-._.js:2431
[10395421ms] [LOG] [Fast Refresh] done in 171ms @ http://localhost:3030/_next/static/chunks/04m2_next_dist_01d_w1-._.js:2431
[10395529ms] [LOG] [Fast Refresh] rebuilding @ http://localhost:3030/_next/static/chunks/04m2_next_dist_01d_w1-._.js:2431
[10395637ms] [LOG] [Fast Refresh] done in 214ms @ http://localhost:3030/_next/static/chunks/04m2_next_dist_01d_w1-._.js:2431
[10395749ms] [LOG] [Fast Refresh] rebuilding @ http://localhost:3030/_next/static/chunks/04m2_next_dist_01d_w1-._.js:2431
[10395821ms] [LOG] [Fast Refresh] done in 179ms @ http://localhost:3030/_next/static/chunks/04m2_next_dist_01d_w1-._.js:2431
[10395923ms] [LOG] [Fast Refresh] rebuilding @ http://localhost:3030/_next/static/chunks/04m2_next_dist_01d_w1-._.js:2431
[10395956ms] [LOG] [Fast Refresh] done in 135ms @ http://localhost:3030/_next/static/chunks/04m2_next_dist_01d_w1-._.js:2431
[10396057ms] [LOG] [Fast Refresh] rebuilding @ http://localhost:3030/_next/static/chunks/04m2_next_dist_01d_w1-._.js:2431
[10396127ms] [LOG] [Fast Refresh] done in 171ms @ http://localhost:3030/_next/static/chunks/04m2_next_dist_01d_w1-._.js:2431
[10396129ms] [INFO] %c%s%c [setup-health] background: #e6e6e6;background: light-dark(rgba(0,0,0,0.1), rgba(255,255,255,0.25));color: #000000;color: light-dark(#000000, #ffffff);border-radius: 2px  Server   panel-layout hidden because permission=false {tenantId: cmrvvipw70000oyyo6123270j, userId: cmrvvipyc000aoyyodcu4tftb, roleKeys: Array(1)} @ http://localhost:3030/_next/static/chunks/04m2_next_dist_01d_w1-._.js:2431
[10396229ms] [LOG] [Fast Refresh] rebuilding @ http://localhost:3030/_next/static/chunks/04m2_next_dist_01d_w1-._.js:2431
[10396316ms] [LOG] [Fast Refresh] done in 187ms @ http://localhost:3030/_next/static/chunks/04m2_next_dist_01d_w1-._.js:2431
[10396752ms] [LOG] [Fast Refresh] rebuilding @ http://localhost:3030/_next/static/chunks/04m2_next_dist_01d_w1-._.js:2431
[10397705ms] [LOG] [Fast Refresh] done in 1069ms @ http://localhost:3030/_next/static/chunks/04m2_next_dist_01d_w1-._.js:2431
[10399738ms] [LOG] [Fast Refresh] rebuilding @ http://localhost:3030/_next/static/chunks/04m2_next_dist_01d_w1-._.js:2431
[10399825ms] [INFO] %c%s%c [setup-health] background: #e6e6e6;background: light-dark(rgba(0,0,0,0.1), rgba(255,255,255,0.25));color: #000000;color: light-dark(#000000, #ffffff);border-radius: 2px  Server   panel-layout hidden because permission=false {tenantId: cmrvvipw70000oyyo6123270j, userId: cmrvvipyc000aoyyodcu4tftb, roleKeys: Array(1)} @ http://localhost:3030/_next/static/chunks/04m2_next_dist_01d_w1-._.js:2431
[10399839ms] [LOG] [Fast Refresh] done in 207ms @ http://localhost:3030/_next/static/chunks/04m2_next_dist_01d_w1-._.js:2431
[10400021ms] [LOG] [Fast Refresh] rebuilding @ http://localhost:3030/_next/static/chunks/04m2_next_dist_01d_w1-._.js:2431
[10400091ms] [LOG] [Fast Refresh] done in 178ms @ http://localhost:3030/_next/static/chunks/04m2_next_dist_01d_w1-._.js:2431
[10400192ms] [LOG] [Fast Refresh] rebuilding @ http://localhost:3030/_next/static/chunks/04m2_next_dist_01d_w1-._.js:2431
[10400302ms] [LOG] [Fast Refresh] done in 211ms @ http://localhost:3030/_next/static/chunks/04m2_next_dist_01d_w1-._.js:2431
[10400404ms] [LOG] [Fast Refresh] rebuilding @ http://localhost:3030/_next/static/chunks/04m2_next_dist_01d_w1-._.js:2431
[10400545ms] [LOG] [Fast Refresh] done in 241ms @ http://localhost:3030/_next/static/chunks/04m2_next_dist_01d_w1-._.js:2431
[10400658ms] [LOG] [Fast Refresh] rebuilding @ http://localhost:3030/_next/static/chunks/04m2_next_dist_01d_w1-._.js:2431
[10400689ms] [LOG] [Fast Refresh] done in 140ms @ http://localhost:3030/_next/static/chunks/04m2_next_dist_01d_w1-._.js:2431
[10400796ms] [LOG] [Fast Refresh] rebuilding @ http://localhost:3030/_next/static/chunks/04m2_next_dist_01d_w1-._.js:2431
[10400915ms] [INFO] %c%s%c [setup-health] background: #e6e6e6;background: light-dark(rgba(0,0,0,0.1), rgba(255,255,255,0.25));color: #000000;color: light-dark(#000000, #ffffff);border-radius: 2px  Server   panel-layout hidden because permission=false {tenantId: cmrvvipw70000oyyo6123270j, userId: cmrvvipyc000aoyyodcu4tftb, roleKeys: Array(1)} @ http://localhost:3030/_next/static/chunks/04m2_next_dist_01d_w1-._.js:2431
[10401024ms] [LOG] [Fast Refresh] done in 333ms @ http://localhost:3030/_next/static/chunks/04m2_next_dist_01d_w1-._.js:2431
[10401263ms] [LOG] [Fast Refresh] rebuilding @ http://localhost:3030/_next/static/chunks/04m2_next_dist_01d_w1-._.js:2431
[10401452ms] [LOG] [Fast Refresh] done in 296ms @ http://localhost:3030/_next/static/chunks/04m2_next_dist_01d_w1-._.js:2431
[10401555ms] [LOG] [Fast Refresh] rebuilding @ http://localhost:3030/_next/static/chunks/04m2_next_dist_01d_w1-._.js:2431
[10401653ms] [LOG] [Fast Refresh] done in 201ms @ http://localhost:3030/_next/static/chunks/04m2_next_dist_01d_w1-._.js:2431
[10402065ms] [LOG] [Fast Refresh] rebuilding @ http://localhost:3030/_next/static/chunks/04m2_next_dist_01d_w1-._.js:2431
[10402112ms] [LOG] [Fast Refresh] done in 153ms @ http://localhost:3030/_next/static/chunks/04m2_next_dist_01d_w1-._.js:2431
[10402142ms] [INFO] %c%s%c [setup-health] background: #e6e6e6;background: light-dark(rgba(0,0,0,0.1), rgba(255,255,255,0.25));color: #000000;color: light-dark(#000000, #ffffff);border-radius: 2px  Server   panel-layout hidden because permission=false {tenantId: cmrvvipw70000oyyo6123270j, userId: cmrvvipyc000aoyyodcu4tftb, roleKeys: Array(1)} @ http://localhost:3030/_next/static/chunks/04m2_next_dist_01d_w1-._.js:2431
[10402220ms] [LOG] [Fast Refresh] rebuilding @ http://localhost:3030/_next/static/chunks/04m2_next_dist_01d_w1-._.js:2431
[10402293ms] [LOG] [Fast Refresh] done in 178ms @ http://localhost:3030/_next/static/chunks/04m2_next_dist_01d_w1-._.js:2431
[10402404ms] [LOG] [Fast Refresh] rebuilding @ http://localhost:3030/_next/static/chunks/04m2_next_dist_01d_w1-._.js:2431
[10402436ms] [LOG] [Fast Refresh] done in 143ms @ http://localhost:3030/_next/static/chunks/04m2_next_dist_01d_w1-._.js:2431
[10402538ms] [LOG] [Fast Refresh] rebuilding @ http://localhost:3030/_next/static/chunks/04m2_next_dist_01d_w1-._.js:2431
[10402733ms] [LOG] [Fast Refresh] done in 296ms @ http://localhost:3030/_next/static/chunks/04m2_next_dist_01d_w1-._.js:2431
[10403117ms] [LOG] [Fast Refresh] rebuilding @ http://localhost:3030/_next/static/chunks/04m2_next_dist_01d_w1-._.js:2431
[10403134ms] [LOG] [Fast Refresh] done in 124ms @ http://localhost:3030/_next/static/chunks/04m2_next_dist_01d_w1-._.js:2431
[10403247ms] [LOG] [Fast Refresh] rebuilding @ http://localhost:3030/_next/static/chunks/04m2_next_dist_01d_w1-._.js:2431
[10403250ms] [LOG] [Fast Refresh] done in 109ms @ http://localhost:3030/_next/static/chunks/04m2_next_dist_01d_w1-._.js:2431
[10403352ms] [LOG] [Fast Refresh] rebuilding @ http://localhost:3030/_next/static/chunks/04m2_next_dist_01d_w1-._.js:2431
[10403360ms] [INFO] %c%s%c [setup-health] background: #e6e6e6;background: light-dark(rgba(0,0,0,0.1), rgba(255,255,255,0.25));color: #000000;color: light-dark(#000000, #ffffff);border-radius: 2px  Server   panel-layout hidden because permission=false {tenantId: cmrvvipw70000oyyo6123270j, userId: cmrvvipyc000aoyyodcu4tftb, roleKeys: Array(1)} @ http://localhost:3030/_next/static/chunks/04m2_next_dist_01d_w1-._.js:2431
[10403478ms] [LOG] [Fast Refresh] done in 227ms @ http://localhost:3030/_next/static/chunks/04m2_next_dist_01d_w1-._.js:2431
[10403860ms] [LOG] [Fast Refresh] rebuilding @ http://localhost:3030/_next/static/chunks/04m2_next_dist_01d_w1-._.js:2431
[10403956ms] [LOG] [Fast Refresh] done in 196ms @ http://localhost:3030/_next/static/chunks/04m2_next_dist_01d_w1-._.js:2431
[10404058ms] [LOG] [Fast Refresh] rebuilding @ http://localhost:3030/_next/static/chunks/04m2_next_dist_01d_w1-._.js:2431
[10404208ms] [LOG] [Fast Refresh] done in 250ms @ http://localhost:3030/_next/static/chunks/04m2_next_dist_01d_w1-._.js:2431
[10404663ms] [LOG] [Fast Refresh] rebuilding @ http://localhost:3030/_next/static/chunks/04m2_next_dist_01d_w1-._.js:2431
[10404692ms] [LOG] [Fast Refresh] done in 136ms @ http://localhost:3030/_next/static/chunks/04m2_next_dist_01d_w1-._.js:2431
[10404711ms] [INFO] %c%s%c [setup-health] background: #e6e6e6;background: light-dark(rgba(0,0,0,0.1), rgba(255,255,255,0.25));color: #000000;color: light-dark(#000000, #ffffff);border-radius: 2px  Server   panel-layout hidden because permission=false {tenantId: cmrvvipw70000oyyo6123270j, userId: cmrvvipyc000aoyyodcu4tftb, roleKeys: Array(1)} @ http://localhost:3030/_next/static/chunks/04m2_next_dist_01d_w1-._.js:2431
[10404796ms] [LOG] [Fast Refresh] rebuilding @ http://localhost:3030/_next/static/chunks/04m2_next_dist_01d_w1-._.js:2431
[10405001ms] [LOG] [Fast Refresh] done in 308ms @ http://localhost:3030/_next/static/chunks/04m2_next_dist_01d_w1-._.js:2431
[10405558ms] [LOG] [Fast Refresh] rebuilding @ http://localhost:3030/_next/static/chunks/04m2_next_dist_01d_w1-._.js:2431
[10406008ms] [LOG] [Fast Refresh] done in 581ms @ http://localhost:3030/_next/static/chunks/04m2_next_dist_01d_w1-._.js:2431
[10406121ms] [INFO] %c%s%c [setup-health] background: #e6e6e6;background: light-dark(rgba(0,0,0,0.1), rgba(255,255,255,0.25));color: #000000;color: light-dark(#000000, #ffffff);border-radius: 2px  Server   panel-layout hidden because permission=false {tenantId: cmrvvipw70000oyyo6123270j, userId: cmrvvipyc000aoyyodcu4tftb, roleKeys: Array(1)} @ http://localhost:3030/_next/static/chunks/04m2_next_dist_01d_w1-._.js:2431
[10406227ms] [LOG] [Fast Refresh] rebuilding @ http://localhost:3030/_next/static/chunks/04m2_next_dist_01d_w1-._.js:2431
[10406465ms] [LOG] [Fast Refresh] done in 340ms @ http://localhost:3030/_next/static/chunks/04m2_next_dist_01d_w1-._.js:2431
[10406570ms] [LOG] [Fast Refresh] rebuilding @ http://localhost:3030/_next/static/chunks/04m2_next_dist_01d_w1-._.js:2431
[10406614ms] [LOG] [Fast Refresh] done in 148ms @ http://localhost:3030/_next/static/chunks/04m2_next_dist_01d_w1-._.js:2431
[10406727ms] [LOG] [Fast Refresh] rebuilding @ http://localhost:3030/_next/static/chunks/04m2_next_dist_01d_w1-._.js:2431
[10406748ms] [LOG] [Fast Refresh] done in 128ms @ http://localhost:3030/_next/static/chunks/04m2_next_dist_01d_w1-._.js:2431
[10406985ms] [LOG] [Fast Refresh] rebuilding @ http://localhost:3030/_next/static/chunks/04m2_next_dist_01d_w1-._.js:2431
[10407144ms] [LOG] [Fast Refresh] done in 265ms @ http://localhost:3030/_next/static/chunks/04m2_next_dist_01d_w1-._.js:2431
[10407303ms] [LOG] [Fast Refresh] rebuilding @ http://localhost:3030/_next/static/chunks/04m2_next_dist_01d_w1-._.js:2431
[10407342ms] [INFO] %c%s%c [setup-health] background: #e6e6e6;background: light-dark(rgba(0,0,0,0.1), rgba(255,255,255,0.25));color: #000000;color: light-dark(#000000, #ffffff);border-radius: 2px  Server   panel-layout hidden because permission=false {tenantId: cmrvvipw70000oyyo6123270j, userId: cmrvvipyc000aoyyodcu4tftb, roleKeys: Array(1)} @ http://localhost:3030/_next/static/chunks/04m2_next_dist_01d_w1-._.js:2431
[10407535ms] [LOG] [Fast Refresh] done in 336ms @ http://localhost:3030/_next/static/chunks/04m2_next_dist_01d_w1-._.js:2431
[10407744ms] [LOG] [Fast Refresh] rebuilding @ http://localhost:3030/_next/static/chunks/04m2_next_dist_01d_w1-._.js:2431
[10407876ms] [LOG] [Fast Refresh] done in 236ms @ http://localhost:3030/_next/static/chunks/04m2_next_dist_01d_w1-._.js:2431
[10407980ms] [LOG] [Fast Refresh] rebuilding @ http://localhost:3030/_next/static/chunks/04m2_next_dist_01d_w1-._.js:2431
[10408509ms] [LOG] [Fast Refresh] done in 631ms @ http://localhost:3030/_next/static/chunks/04m2_next_dist_01d_w1-._.js:2431
[10408640ms] [INFO] %c%s%c [setup-health] background: #e6e6e6;background: light-dark(rgba(0,0,0,0.1), rgba(255,255,255,0.25));color: #000000;color: light-dark(#000000, #ffffff);border-radius: 2px  Server   panel-layout hidden because permission=false {tenantId: cmrvvipw70000oyyo6123270j, userId: cmrvvipyc000aoyyodcu4tftb, roleKeys: Array(1)} @ http://localhost:3030/_next/static/chunks/04m2_next_dist_01d_w1-._.js:2431
[10408716ms] [LOG] [Fast Refresh] rebuilding @ http://localhost:3030/_next/static/chunks/04m2_next_dist_01d_w1-._.js:2431
[10408761ms] [LOG] [Fast Refresh] done in 150ms @ http://localhost:3030/_next/static/chunks/04m2_next_dist_01d_w1-._.js:2431
[10408985ms] [LOG] [Fast Refresh] rebuilding @ http://localhost:3030/_next/static/chunks/04m2_next_dist_01d_w1-._.js:2431
[10409135ms] [LOG] [Fast Refresh] done in 253ms @ http://localhost:3030/_next/static/chunks/04m2_next_dist_01d_w1-._.js:2431
[10409733ms] [LOG] [Fast Refresh] rebuilding @ http://localhost:3030/_next/static/chunks/04m2_next_dist_01d_w1-._.js:2431
[10409869ms] [LOG] [Fast Refresh] done in 239ms @ http://localhost:3030/_next/static/chunks/04m2_next_dist_01d_w1-._.js:2431
[10409873ms] [INFO] %c%s%c [setup-health] background: #e6e6e6;background: light-dark(rgba(0,0,0,0.1), rgba(255,255,255,0.25));color: #000000;color: light-dark(#000000, #ffffff);border-radius: 2px  Server   panel-layout hidden because permission=false {tenantId: cmrvvipw70000oyyo6123270j, userId: cmrvvipyc000aoyyodcu4tftb, roleKeys: Array(1)} @ http://localhost:3030/_next/static/chunks/04m2_next_dist_01d_w1-._.js:2431
[10410335ms] [LOG] [Fast Refresh] rebuilding @ http://localhost:3030/_next/static/chunks/04m2_next_dist_01d_w1-._.js:2431
[10410343ms] [LOG] [Fast Refresh] done in 166ms @ http://localhost:3030/_next/static/chunks/04m2_next_dist_01d_w1-._.js:2431
[10410453ms] [LOG] [Fast Refresh] rebuilding @ http://localhost:3030/_next/static/chunks/04m2_next_dist_01d_w1-._.js:2431
[10410599ms] [LOG] [Fast Refresh] done in 256ms @ http://localhost:3030/_next/static/chunks/04m2_next_dist_01d_w1-._.js:2431
[10410808ms] [LOG] [Fast Refresh] rebuilding @ http://localhost:3030/_next/static/chunks/04m2_next_dist_01d_w1-._.js:2431
[10411000ms] [LOG] [Fast Refresh] done in 294ms @ http://localhost:3030/_next/static/chunks/04m2_next_dist_01d_w1-._.js:2431
[10411212ms] [INFO] %c%s%c [setup-health] background: #e6e6e6;background: light-dark(rgba(0,0,0,0.1), rgba(255,255,255,0.25));color: #000000;color: light-dark(#000000, #ffffff);border-radius: 2px  Server   panel-layout hidden because permission=false {tenantId: cmrvvipw70000oyyo6123270j, userId: cmrvvipyc000aoyyodcu4tftb, roleKeys: Array(1)} @ http://localhost:3030/_next/static/chunks/04m2_next_dist_01d_w1-._.js:2431
[10411273ms] [LOG] [Fast Refresh] rebuilding @ http://localhost:3030/_next/static/chunks/04m2_next_dist_01d_w1-._.js:2431
[10411442ms] [LOG] [Fast Refresh] done in 286ms @ http://localhost:3030/_next/static/chunks/04m2_next_dist_01d_w1-._.js:2431
[10411830ms] [LOG] [Fast Refresh] rebuilding @ http://localhost:3030/_next/static/chunks/04m2_next_dist_01d_w1-._.js:2431
[10412321ms] [LOG] [Fast Refresh] done in 600ms @ http://localhost:3030/_next/static/chunks/04m2_next_dist_01d_w1-._.js:2431
[10413936ms] [INFO] %c%s%c [setup-health] background: #e6e6e6;background: light-dark(rgba(0,0,0,0.1), rgba(255,255,255,0.25));color: #000000;color: light-dark(#000000, #ffffff);border-radius: 2px  Server   panel-layout hidden because permission=false {tenantId: cmrvvipw70000oyyo6123270j, userId: cmrvvipyc000aoyyodcu4tftb, roleKeys: Array(1)} @ http://localhost:3030/_next/static/chunks/04m2_next_dist_01d_w1-._.js:2431
[10413999ms] [LOG] [Fast Refresh] rebuilding @ http://localhost:3030/_next/static/chunks/04m2_next_dist_01d_w1-._.js:2431
[10414571ms] [LOG] [Fast Refresh] done in 675ms @ http://localhost:3030/_next/static/chunks/04m2_next_dist_01d_w1-._.js:2431
[10414748ms] [LOG] [Fast Refresh] rebuilding @ http://localhost:3030/_next/static/chunks/04m2_next_dist_01d_w1-._.js:2431
[10415666ms] [LOG] [Fast Refresh] done in 1022ms @ http://localhost:3030/_next/static/chunks/04m2_next_dist_01d_w1-._.js:2431
[10415950ms] [LOG] [Fast Refresh] rebuilding @ http://localhost:3030/_next/static/chunks/04m2_next_dist_01d_w1-._.js:2431
[10416067ms] [LOG] [Fast Refresh] done in 227ms @ http://localhost:3030/_next/static/chunks/04m2_next_dist_01d_w1-._.js:2431
[10416171ms] [LOG] [Fast Refresh] rebuilding @ http://localhost:3030/_next/static/chunks/04m2_next_dist_01d_w1-._.js:2431
[10416531ms] [LOG] [Fast Refresh] done in 461ms @ http://localhost:3030/_next/static/chunks/04m2_next_dist_01d_w1-._.js:2431
[10416893ms] [INFO] %c%s%c [setup-health] background: #e6e6e6;background: light-dark(rgba(0,0,0,0.1), rgba(255,255,255,0.25));color: #000000;color: light-dark(#000000, #ffffff);border-radius: 2px  Server   panel-layout hidden because permission=false {tenantId: cmrvvipw70000oyyo6123270j, userId: cmrvvipyc000aoyyodcu4tftb, roleKeys: Array(1)} @ http://localhost:3030/_next/static/chunks/04m2_next_dist_01d_w1-._.js:2431
[10417243ms] [LOG] [Fast Refresh] rebuilding @ http://localhost:3030/_next/static/chunks/04m2_next_dist_01d_w1-._.js:2431
[10417418ms] [LOG] [Fast Refresh] done in 278ms @ http://localhost:3030/_next/static/chunks/04m2_next_dist_01d_w1-._.js:2431
[10417616ms] [LOG] [Fast Refresh] rebuilding @ http://localhost:3030/_next/static/chunks/04m2_next_dist_01d_w1-._.js:2431
[10417732ms] [LOG] [Fast Refresh] done in 223ms @ http://localhost:3030/_next/static/chunks/04m2_next_dist_01d_w1-._.js:2431
[10418348ms] [INFO] %c%s%c [setup-health] background: #e6e6e6;background: light-dark(rgba(0,0,0,0.1), rgba(255,255,255,0.25));color: #000000;color: light-dark(#000000, #ffffff);border-radius: 2px  Server   panel-layout hidden because permission=false {tenantId: cmrvvipw70000oyyo6123270j, userId: cmrvvipyc000aoyyodcu4tftb, roleKeys: Array(1)} @ http://localhost:3030/_next/static/chunks/04m2_next_dist_01d_w1-._.js:2431
[10418498ms] [LOG] [Fast Refresh] rebuilding @ http://localhost:3030/_next/static/chunks/04m2_next_dist_01d_w1-._.js:2431
[10418658ms] [LOG] [Fast Refresh] done in 268ms @ http://localhost:3030/_next/static/chunks/04m2_next_dist_01d_w1-._.js:2431
[10419139ms] [LOG] [Fast Refresh] rebuilding @ http://localhost:3030/_next/static/chunks/04m2_next_dist_01d_w1-._.js:2431
[10419160ms] [LOG] [Fast Refresh] done in 129ms @ http://localhost:3030/_next/static/chunks/04m2_next_dist_01d_w1-._.js:2431
[10419266ms] [LOG] [Fast Refresh] rebuilding @ http://localhost:3030/_next/static/chunks/04m2_next_dist_01d_w1-._.js:2431
[10419340ms] [LOG] [Fast Refresh] done in 179ms @ http://localhost:3030/_next/static/chunks/04m2_next_dist_01d_w1-._.js:2431
[10419451ms] [LOG] [Fast Refresh] rebuilding @ http://localhost:3030/_next/static/chunks/04m2_next_dist_01d_w1-._.js:2431
[10419631ms] [LOG] [Fast Refresh] done in 282ms @ http://localhost:3030/_next/static/chunks/04m2_next_dist_01d_w1-._.js:2431
[10419860ms] [INFO] %c%s%c [setup-health] background: #e6e6e6;background: light-dark(rgba(0,0,0,0.1), rgba(255,255,255,0.25));color: #000000;color: light-dark(#000000, #ffffff);border-radius: 2px  Server   panel-layout hidden because permission=false {tenantId: cmrvvipw70000oyyo6123270j, userId: cmrvvipyc000aoyyodcu4tftb, roleKeys: Array(1)} @ http://localhost:3030/_next/static/chunks/04m2_next_dist_01d_w1-._.js:2431
[10419962ms] [LOG] [Fast Refresh] rebuilding @ http://localhost:3030/_next/static/chunks/04m2_next_dist_01d_w1-._.js:2431
[10420126ms] [LOG] [Fast Refresh] done in 270ms @ http://localhost:3030/_next/static/chunks/04m2_next_dist_01d_w1-._.js:2431
[10420237ms] [LOG] [Fast Refresh] rebuilding @ http://localhost:3030/_next/static/chunks/04m2_next_dist_01d_w1-._.js:2431
[10420527ms] [LOG] [Fast Refresh] done in 401ms @ http://localhost:3030/_next/static/chunks/04m2_next_dist_01d_w1-._.js:2431
[10420978ms] [LOG] [Fast Refresh] rebuilding @ http://localhost:3030/_next/static/chunks/04m2_next_dist_01d_w1-._.js:2431
[10421180ms] [LOG] [Fast Refresh] done in 314ms @ http://localhost:3030/_next/static/chunks/04m2_next_dist_01d_w1-._.js:2431
[10421494ms] [INFO] %c%s%c [setup-health] background: #e6e6e6;background: light-dark(rgba(0,0,0,0.1), rgba(255,255,255,0.25));color: #000000;color: light-dark(#000000, #ffffff);border-radius: 2px  Server   panel-layout hidden because permission=false {tenantId: cmrvvipw70000oyyo6123270j, userId: cmrvvipyc000aoyyodcu4tftb, roleKeys: Array(1)} @ http://localhost:3030/_next/static/chunks/04m2_next_dist_01d_w1-._.js:2431
[10421655ms] [LOG] [Fast Refresh] rebuilding @ http://localhost:3030/_next/static/chunks/04m2_next_dist_01d_w1-._.js:2431
[10421701ms] [LOG] [Fast Refresh] done in 148ms @ http://localhost:3030/_next/static/chunks/04m2_next_dist_01d_w1-._.js:2431
[10421810ms] [LOG] [Fast Refresh] rebuilding @ http://localhost:3030/_next/static/chunks/04m2_next_dist_01d_w1-._.js:2431
[10421993ms] [LOG] [Fast Refresh] done in 284ms @ http://localhost:3030/_next/static/chunks/04m2_next_dist_01d_w1-._.js:2431
[10422192ms] [LOG] [Fast Refresh] rebuilding @ http://localhost:3030/_next/static/chunks/04m2_next_dist_01d_w1-._.js:2431
[10422287ms] [LOG] [Fast Refresh] done in 199ms @ http://localhost:3030/_next/static/chunks/04m2_next_dist_01d_w1-._.js:2431
[10422391ms] [LOG] [Fast Refresh] rebuilding @ http://localhost:3030/_next/static/chunks/04m2_next_dist_01d_w1-._.js:2431
[10422418ms] [LOG] [Fast Refresh] done in 130ms @ http://localhost:3030/_next/static/chunks/04m2_next_dist_01d_w1-._.js:2431
[10422522ms] [LOG] [Fast Refresh] rebuilding @ http://localhost:3030/_next/static/chunks/04m2_next_dist_01d_w1-._.js:2431
[10422779ms] [LOG] [Fast Refresh] done in 360ms @ http://localhost:3030/_next/static/chunks/04m2_next_dist_01d_w1-._.js:2431
[10422871ms] [INFO] %c%s%c [setup-health] background: #e6e6e6;background: light-dark(rgba(0,0,0,0.1), rgba(255,255,255,0.25));color: #000000;color: light-dark(#000000, #ffffff);border-radius: 2px  Server   panel-layout hidden because permission=false {tenantId: cmrvvipw70000oyyo6123270j, userId: cmrvvipyc000aoyyodcu4tftb, roleKeys: Array(1)} @ http://localhost:3030/_next/static/chunks/04m2_next_dist_01d_w1-._.js:2431
[10422960ms] [LOG] [Fast Refresh] rebuilding @ http://localhost:3030/_next/static/chunks/04m2_next_dist_01d_w1-._.js:2431
[10423085ms] [LOG] [Fast Refresh] done in 226ms @ http://localhost:3030/_next/static/chunks/04m2_next_dist_01d_w1-._.js:2431
[10423193ms] [LOG] [Fast Refresh] rebuilding @ http://localhost:3030/_next/static/chunks/04m2_next_dist_01d_w1-._.js:2431
[10423355ms] [LOG] [Fast Refresh] done in 266ms @ http://localhost:3030/_next/static/chunks/04m2_next_dist_01d_w1-._.js:2431
[10423548ms] [LOG] [Fast Refresh] rebuilding @ http://localhost:3030/_next/static/chunks/04m2_next_dist_01d_w1-._.js:2431
[10423601ms] [LOG] [Fast Refresh] done in 155ms @ http://localhost:3030/_next/static/chunks/04m2_next_dist_01d_w1-._.js:2431
[10423735ms] [LOG] [Fast Refresh] rebuilding @ http://localhost:3030/_next/static/chunks/04m2_next_dist_01d_w1-._.js:2431
[10423989ms] [LOG] [Fast Refresh] done in 387ms @ http://localhost:3030/_next/static/chunks/04m2_next_dist_01d_w1-._.js:2431
[10424301ms] [INFO] %c%s%c [setup-health] background: #e6e6e6;background: light-dark(rgba(0,0,0,0.1), rgba(255,255,255,0.25));color: #000000;color: light-dark(#000000, #ffffff);border-radius: 2px  Server   panel-layout hidden because permission=false {tenantId: cmrvvipw70000oyyo6123270j, userId: cmrvvipyc000aoyyodcu4tftb, roleKeys: Array(1)} @ http://localhost:3030/_next/static/chunks/04m2_next_dist_01d_w1-._.js:2431
[10424524ms] [LOG] [Fast Refresh] rebuilding @ http://localhost:3030/_next/static/chunks/04m2_next_dist_01d_w1-._.js:2431
[10424780ms] [LOG] [Fast Refresh] done in 363ms @ http://localhost:3030/_next/static/chunks/04m2_next_dist_01d_w1-._.js:2431
[10424889ms] [LOG] [Fast Refresh] rebuilding @ http://localhost:3030/_next/static/chunks/04m2_next_dist_01d_w1-._.js:2431
[10424901ms] [LOG] [Fast Refresh] done in 118ms @ http://localhost:3030/_next/static/chunks/04m2_next_dist_01d_w1-._.js:2431
[10425082ms] [LOG] [Fast Refresh] rebuilding @ http://localhost:3030/_next/static/chunks/04m2_next_dist_01d_w1-._.js:2431
[10425140ms] [LOG] [Fast Refresh] done in 176ms @ http://localhost:3030/_next/static/chunks/04m2_next_dist_01d_w1-._.js:2431
[10425246ms] [LOG] [Fast Refresh] rebuilding @ http://localhost:3030/_next/static/chunks/04m2_next_dist_01d_w1-._.js:2431
[10425525ms] [LOG] [Fast Refresh] done in 383ms @ http://localhost:3030/_next/static/chunks/04m2_next_dist_01d_w1-._.js:2431
[10425700ms] [INFO] %c%s%c [setup-health] background: #e6e6e6;background: light-dark(rgba(0,0,0,0.1), rgba(255,255,255,0.25));color: #000000;color: light-dark(#000000, #ffffff);border-radius: 2px  Server   panel-layout hidden because permission=false {tenantId: cmrvvipw70000oyyo6123270j, userId: cmrvvipyc000aoyyodcu4tftb, roleKeys: Array(1)} @ http://localhost:3030/_next/static/chunks/04m2_next_dist_01d_w1-._.js:2431
[10426035ms] [LOG] [Fast Refresh] rebuilding @ http://localhost:3030/_next/static/chunks/04m2_next_dist_01d_w1-._.js:2431
[10426260ms] [LOG] [Fast Refresh] done in 327ms @ http://localhost:3030/_next/static/chunks/04m2_next_dist_01d_w1-._.js:2431
[10426792ms] [LOG] [Fast Refresh] rebuilding @ http://localhost:3030/_next/static/chunks/04m2_next_dist_01d_w1-._.js:2431
[10427123ms] [LOG] [Fast Refresh] done in 439ms @ http://localhost:3030/_next/static/chunks/04m2_next_dist_01d_w1-._.js:2431
[10427417ms] [INFO] %c%s%c [setup-health] background: #e6e6e6;background: light-dark(rgba(0,0,0,0.1), rgba(255,255,255,0.25));color: #000000;color: light-dark(#000000, #ffffff);border-radius: 2px  Server   panel-layout hidden because permission=false {tenantId: cmrvvipw70000oyyo6123270j, userId: cmrvvipyc000aoyyodcu4tftb, roleKeys: Array(1)} @ http://localhost:3030/_next/static/chunks/04m2_next_dist_01d_w1-._.js:2431
[10427777ms] [LOG] [Fast Refresh] rebuilding @ http://localhost:3030/_next/static/chunks/04m2_next_dist_01d_w1-._.js:2431
[10428049ms] [LOG] [Fast Refresh] done in 403ms @ http://localhost:3030/_next/static/chunks/04m2_next_dist_01d_w1-._.js:2431
[10428751ms] [LOG] [Fast Refresh] rebuilding @ http://localhost:3030/_next/static/chunks/04m2_next_dist_01d_w1-._.js:2431
[10428881ms] [LOG] [Fast Refresh] done in 237ms @ http://localhost:3030/_next/static/chunks/04m2_next_dist_01d_w1-._.js:2431
[10428882ms] [INFO] %c%s%c [setup-health] background: #e6e6e6;background: light-dark(rgba(0,0,0,0.1), rgba(255,255,255,0.25));color: #000000;color: light-dark(#000000, #ffffff);border-radius: 2px  Server   panel-layout hidden because permission=false {tenantId: cmrvvipw70000oyyo6123270j, userId: cmrvvipyc000aoyyodcu4tftb, roleKeys: Array(1)} @ http://localhost:3030/_next/static/chunks/04m2_next_dist_01d_w1-._.js:2431
[10428982ms] [LOG] [Fast Refresh] rebuilding @ http://localhost:3030/_next/static/chunks/04m2_next_dist_01d_w1-._.js:2431
[10429077ms] [LOG] [Fast Refresh] done in 196ms @ http://localhost:3030/_next/static/chunks/04m2_next_dist_01d_w1-._.js:2431
[10429581ms] [LOG] [Fast Refresh] rebuilding @ http://localhost:3030/_next/static/chunks/04m2_next_dist_01d_w1-._.js:2431
[10429661ms] [LOG] [Fast Refresh] done in 182ms @ http://localhost:3030/_next/static/chunks/04m2_next_dist_01d_w1-._.js:2431
[10429762ms] [LOG] [Fast Refresh] rebuilding @ http://localhost:3030/_next/static/chunks/04m2_next_dist_01d_w1-._.js:2431
[10429806ms] [LOG] [Fast Refresh] done in 144ms @ http://localhost:3030/_next/static/chunks/04m2_next_dist_01d_w1-._.js:2431
[10429911ms] [LOG] [Fast Refresh] rebuilding @ http://localhost:3030/_next/static/chunks/04m2_next_dist_01d_w1-._.js:2431
[10430210ms] [LOG] [Fast Refresh] done in 403ms @ http://localhost:3030/_next/static/chunks/04m2_next_dist_01d_w1-._.js:2431
[10430570ms] [INFO] %c%s%c [setup-health] background: #e6e6e6;background: light-dark(rgba(0,0,0,0.1), rgba(255,255,255,0.25));color: #000000;color: light-dark(#000000, #ffffff);border-radius: 2px  Server   panel-layout hidden because permission=false {tenantId: cmrvvipw70000oyyo6123270j, userId: cmrvvipyc000aoyyodcu4tftb, roleKeys: Array(1)} @ http://localhost:3030/_next/static/chunks/04m2_next_dist_01d_w1-._.js:2431
[10430659ms] [LOG] [Fast Refresh] rebuilding @ http://localhost:3030/_next/static/chunks/04m2_next_dist_01d_w1-._.js:2431
[10430728ms] [LOG] [Fast Refresh] done in 172ms @ http://localhost:3030/_next/static/chunks/04m2_next_dist_01d_w1-._.js:2431
[10430843ms] [LOG] [Fast Refresh] rebuilding @ http://localhost:3030/_next/static/chunks/04m2_next_dist_01d_w1-._.js:2431
[10431077ms] [LOG] [Fast Refresh] done in 346ms @ http://localhost:3030/_next/static/chunks/04m2_next_dist_01d_w1-._.js:2431
[10431378ms] [LOG] [Fast Refresh] rebuilding @ http://localhost:3030/_next/static/chunks/04m2_next_dist_01d_w1-._.js:2431
[10431465ms] [LOG] [Fast Refresh] done in 192ms @ http://localhost:3030/_next/static/chunks/04m2_next_dist_01d_w1-._.js:2431
[10431576ms] [LOG] [Fast Refresh] rebuilding @ http://localhost:3030/_next/static/chunks/04m2_next_dist_01d_w1-._.js:2431
[10431797ms] [LOG] [Fast Refresh] done in 326ms @ http://localhost:3030/_next/static/chunks/04m2_next_dist_01d_w1-._.js:2431
[10432060ms] [INFO] %c%s%c [setup-health] background: #e6e6e6;background: light-dark(rgba(0,0,0,0.1), rgba(255,255,255,0.25));color: #000000;color: light-dark(#000000, #ffffff);border-radius: 2px  Server   panel-layout hidden because permission=false {tenantId: cmrvvipw70000oyyo6123270j, userId: cmrvvipyc000aoyyodcu4tftb, roleKeys: Array(1)} @ http://localhost:3030/_next/static/chunks/04m2_next_dist_01d_w1-._.js:2431
[10432275ms] [LOG] [Fast Refresh] rebuilding @ http://localhost:3030/_next/static/chunks/04m2_next_dist_01d_w1-._.js:2431
[10432395ms] [LOG] [Fast Refresh] done in 223ms @ http://localhost:3030/_next/static/chunks/04m2_next_dist_01d_w1-._.js:2431
[10432499ms] [LOG] [Fast Refresh] rebuilding @ http://localhost:3030/_next/static/chunks/04m2_next_dist_01d_w1-._.js:2431
[10432557ms] [LOG] [Fast Refresh] done in 161ms @ http://localhost:3030/_next/static/chunks/04m2_next_dist_01d_w1-._.js:2431
[10432669ms] [LOG] [Fast Refresh] rebuilding @ http://localhost:3030/_next/static/chunks/04m2_next_dist_01d_w1-._.js:2431
[10432807ms] [LOG] [Fast Refresh] done in 246ms @ http://localhost:3030/_next/static/chunks/04m2_next_dist_01d_w1-._.js:2431
[10432910ms] [LOG] [Fast Refresh] rebuilding @ http://localhost:3030/_next/static/chunks/04m2_next_dist_01d_w1-._.js:2431
[10433100ms] [LOG] [Fast Refresh] done in 292ms @ http://localhost:3030/_next/static/chunks/04m2_next_dist_01d_w1-._.js:2431
[10433462ms] [INFO] %c%s%c [setup-health] background: #e6e6e6;background: light-dark(rgba(0,0,0,0.1), rgba(255,255,255,0.25));color: #000000;color: light-dark(#000000, #ffffff);border-radius: 2px  Server   panel-layout hidden because permission=false {tenantId: cmrvvipw70000oyyo6123270j, userId: cmrvvipyc000aoyyodcu4tftb, roleKeys: Array(1)} @ http://localhost:3030/_next/static/chunks/04m2_next_dist_01d_w1-._.js:2431
[10434279ms] [LOG] [Fast Refresh] rebuilding @ http://localhost:3030/_next/static/chunks/04m2_next_dist_01d_w1-._.js:2431
[10434371ms] [LOG] [Fast Refresh] done in 205ms @ http://localhost:3030/_next/static/chunks/04m2_next_dist_01d_w1-._.js:2431
[10434486ms] [LOG] [Fast Refresh] rebuilding @ http://localhost:3030/_next/static/chunks/04m2_next_dist_01d_w1-._.js:2431
[10434918ms] [LOG] [Fast Refresh] done in 537ms @ http://localhost:3030/_next/static/chunks/04m2_next_dist_01d_w1-._.js:2431
[10435091ms] [INFO] %c%s%c [setup-health] background: #e6e6e6;background: light-dark(rgba(0,0,0,0.1), rgba(255,255,255,0.25));color: #000000;color: light-dark(#000000, #ffffff);border-radius: 2px  Server   panel-layout hidden because permission=false {tenantId: cmrvvipw70000oyyo6123270j, userId: cmrvvipyc000aoyyodcu4tftb, roleKeys: Array(1)} @ http://localhost:3030/_next/static/chunks/04m2_next_dist_01d_w1-._.js:2431
[10435266ms] [LOG] [Fast Refresh] rebuilding @ http://localhost:3030/_next/static/chunks/04m2_next_dist_01d_w1-._.js:2431
[10435355ms] [LOG] [Fast Refresh] done in 192ms @ http://localhost:3030/_next/static/chunks/04m2_next_dist_01d_w1-._.js:2431
[10435458ms] [LOG] [Fast Refresh] rebuilding @ http://localhost:3030/_next/static/chunks/04m2_next_dist_01d_w1-._.js:2431
[10439654ms] [LOG] [Fast Refresh] done in 4298ms @ http://localhost:3030/_next/static/chunks/04m2_next_dist_01d_w1-._.js:2431
[10439901ms] [LOG] [Fast Refresh] rebuilding @ http://localhost:3030/_next/static/chunks/04m2_next_dist_01d_w1-._.js:2431
[10439985ms] [LOG] [Fast Refresh] done in 185ms @ http://localhost:3030/_next/static/chunks/04m2_next_dist_01d_w1-._.js:2431
[10440089ms] [LOG] [Fast Refresh] rebuilding @ http://localhost:3030/_next/static/chunks/04m2_next_dist_01d_w1-._.js:2431
[10440118ms] [LOG] [Fast Refresh] done in 131ms @ http://localhost:3030/_next/static/chunks/04m2_next_dist_01d_w1-._.js:2431
[10440227ms] [LOG] [Fast Refresh] rebuilding @ http://localhost:3030/_next/static/chunks/04m2_next_dist_01d_w1-._.js:2431
[10440361ms] [LOG] [Fast Refresh] done in 241ms @ http://localhost:3030/_next/static/chunks/04m2_next_dist_01d_w1-._.js:2431
[10440533ms] [INFO] %c%s%c [setup-health] background: #e6e6e6;background: light-dark(rgba(0,0,0,0.1), rgba(255,255,255,0.25));color: #000000;color: light-dark(#000000, #ffffff);border-radius: 2px  Server   panel-layout hidden because permission=false {tenantId: cmrvvipw70000oyyo6123270j, userId: cmrvvipyc000aoyyodcu4tftb, roleKeys: Array(1)} @ http://localhost:3030/_next/static/chunks/04m2_next_dist_01d_w1-._.js:2431
[10440741ms] [LOG] [Fast Refresh] rebuilding @ http://localhost:3030/_next/static/chunks/04m2_next_dist_01d_w1-._.js:2431
[10440921ms] [LOG] [Fast Refresh] done in 285ms @ http://localhost:3030/_next/static/chunks/04m2_next_dist_01d_w1-._.js:2431
[10442088ms] [LOG] [Fast Refresh] rebuilding @ http://localhost:3030/_next/static/chunks/04m2_next_dist_01d_w1-._.js:2431
[10442147ms] [LOG] [Fast Refresh] done in 163ms @ http://localhost:3030/_next/static/chunks/04m2_next_dist_01d_w1-._.js:2431
[10442249ms] [LOG] [Fast Refresh] rebuilding @ http://localhost:3030/_next/static/chunks/04m2_next_dist_01d_w1-._.js:2431
[10442289ms] [LOG] [Fast Refresh] done in 141ms @ http://localhost:3030/_next/static/chunks/04m2_next_dist_01d_w1-._.js:2431
[10442393ms] [LOG] [Fast Refresh] rebuilding @ http://localhost:3030/_next/static/chunks/04m2_next_dist_01d_w1-._.js:2431
[10442493ms] [LOG] [Fast Refresh] done in 204ms @ http://localhost:3030/_next/static/chunks/04m2_next_dist_01d_w1-._.js:2431
[10442932ms] [INFO] %c%s%c [setup-health] background: #e6e6e6;background: light-dark(rgba(0,0,0,0.1), rgba(255,255,255,0.25));color: #000000;color: light-dark(#000000, #ffffff);border-radius: 2px  Server   panel-layout hidden because permission=false {tenantId: cmrvvipw70000oyyo6123270j, userId: cmrvvipyc000aoyyodcu4tftb, roleKeys: Array(1)} @ http://localhost:3030/_next/static/chunks/04m2_next_dist_01d_w1-._.js:2431
[10443022ms] [LOG] [Fast Refresh] rebuilding @ http://localhost:3030/_next/static/chunks/04m2_next_dist_01d_w1-._.js:2431
[10443158ms] [LOG] [Fast Refresh] done in 237ms @ http://localhost:3030/_next/static/chunks/04m2_next_dist_01d_w1-._.js:2431
[10443775ms] [LOG] [Fast Refresh] rebuilding @ http://localhost:3030/_next/static/chunks/04m2_next_dist_01d_w1-._.js:2431
[10443893ms] [LOG] [Fast Refresh] done in 258ms @ http://localhost:3030/_next/static/chunks/04m2_next_dist_01d_w1-._.js:2431
[10444389ms] [INFO] %c%s%c [setup-health] background: #e6e6e6;background: light-dark(rgba(0,0,0,0.1), rgba(255,255,255,0.25));color: #000000;color: light-dark(#000000, #ffffff);border-radius: 2px  Server   panel-layout hidden because permission=false {tenantId: cmrvvipw70000oyyo6123270j, userId: cmrvvipyc000aoyyodcu4tftb, roleKeys: Array(1)} @ http://localhost:3030/_next/static/chunks/04m2_next_dist_01d_w1-._.js:2431
[10444520ms] [LOG] [Fast Refresh] rebuilding @ http://localhost:3030/_next/static/chunks/04m2_next_dist_01d_w1-._.js:2431
[10444625ms] [LOG] [Fast Refresh] done in 207ms @ http://localhost:3030/_next/static/chunks/04m2_next_dist_01d_w1-._.js:2431
[10444838ms] [LOG] [Fast Refresh] rebuilding @ http://localhost:3030/_next/static/chunks/04m2_next_dist_01d_w1-._.js:2431
[10444880ms] [LOG] [Fast Refresh] done in 151ms @ http://localhost:3030/_next/static/chunks/04m2_next_dist_01d_w1-._.js:2431
[10444987ms] [LOG] [Fast Refresh] rebuilding @ http://localhost:3030/_next/static/chunks/04m2_next_dist_01d_w1-._.js:2431
[10445025ms] [LOG] [Fast Refresh] done in 144ms @ http://localhost:3030/_next/static/chunks/04m2_next_dist_01d_w1-._.js:2431
[10445195ms] [LOG] [Fast Refresh] rebuilding @ http://localhost:3030/_next/static/chunks/04m2_next_dist_01d_w1-._.js:2431
[10445277ms] [LOG] [Fast Refresh] done in 183ms @ http://localhost:3030/_next/static/chunks/04m2_next_dist_01d_w1-._.js:2431
[10445383ms] [LOG] [Fast Refresh] rebuilding @ http://localhost:3030/_next/static/chunks/04m2_next_dist_01d_w1-._.js:2431
[10445407ms] [LOG] [Fast Refresh] done in 129ms @ http://localhost:3030/_next/static/chunks/04m2_next_dist_01d_w1-._.js:2431
[10445425ms] [INFO] %c%s%c [setup-health] background: #e6e6e6;background: light-dark(rgba(0,0,0,0.1), rgba(255,255,255,0.25));color: #000000;color: light-dark(#000000, #ffffff);border-radius: 2px  Server   panel-layout hidden because permission=false {tenantId: cmrvvipw70000oyyo6123270j, userId: cmrvvipyc000aoyyodcu4tftb, roleKeys: Array(1)} @ http://localhost:3030/_next/static/chunks/04m2_next_dist_01d_w1-._.js:2431
[10445813ms] [LOG] [Fast Refresh] rebuilding @ http://localhost:3030/_next/static/chunks/04m2_next_dist_01d_w1-._.js:2431
[10445914ms] [LOG] [Fast Refresh] done in 220ms @ http://localhost:3030/_next/static/chunks/04m2_next_dist_01d_w1-._.js:2431
[10446017ms] [LOG] [Fast Refresh] rebuilding @ http://localhost:3030/_next/static/chunks/04m2_next_dist_01d_w1-._.js:2431
[10446092ms] [LOG] [Fast Refresh] done in 177ms @ http://localhost:3030/_next/static/chunks/04m2_next_dist_01d_w1-._.js:2431
[10446195ms] [LOG] [Fast Refresh] rebuilding @ http://localhost:3030/_next/static/chunks/04m2_next_dist_01d_w1-._.js:2431
[10446643ms] [LOG] [Fast Refresh] done in 550ms @ http://localhost:3030/_next/static/chunks/04m2_next_dist_01d_w1-._.js:2431
[10446651ms] [INFO] %c%s%c [setup-health] background: #e6e6e6;background: light-dark(rgba(0,0,0,0.1), rgba(255,255,255,0.25));color: #000000;color: light-dark(#000000, #ffffff);border-radius: 2px  Server   panel-layout hidden because permission=false {tenantId: cmrvvipw70000oyyo6123270j, userId: cmrvvipyc000aoyyodcu4tftb, roleKeys: Array(1)} @ http://localhost:3030/_next/static/chunks/04m2_next_dist_01d_w1-._.js:2431
[10446755ms] [LOG] [Fast Refresh] rebuilding @ http://localhost:3030/_next/static/chunks/04m2_next_dist_01d_w1-._.js:2431
[10446816ms] [LOG] [Fast Refresh] done in 162ms @ http://localhost:3030/_next/static/chunks/04m2_next_dist_01d_w1-._.js:2431
[10447183ms] [LOG] [Fast Refresh] rebuilding @ http://localhost:3030/_next/static/chunks/04m2_next_dist_01d_w1-._.js:2431
[10448375ms] [LOG] [Fast Refresh] done in 1298ms @ http://localhost:3030/_next/static/chunks/04m2_next_dist_01d_w1-._.js:2431
[10448402ms] [INFO] %c%s%c [setup-health] background: #e6e6e6;background: light-dark(rgba(0,0,0,0.1), rgba(255,255,255,0.25));color: #000000;color: light-dark(#000000, #ffffff);border-radius: 2px  Server   panel-layout hidden because permission=false {tenantId: cmrvvipw70000oyyo6123270j, userId: cmrvvipyc000aoyyodcu4tftb, roleKeys: Array(1)} @ http://localhost:3030/_next/static/chunks/04m2_next_dist_01d_w1-._.js:2431
[10448544ms] [LOG] [Fast Refresh] rebuilding @ http://localhost:3030/_next/static/chunks/04m2_next_dist_01d_w1-._.js:2431
[10448658ms] [LOG] [Fast Refresh] done in 222ms @ http://localhost:3030/_next/static/chunks/04m2_next_dist_01d_w1-._.js:2431
[10450262ms] [LOG] [Fast Refresh] rebuilding @ http://localhost:3030/_next/static/chunks/04m2_next_dist_01d_w1-._.js:2431
[10450338ms] [LOG] [Fast Refresh] done in 179ms @ http://localhost:3030/_next/static/chunks/04m2_next_dist_01d_w1-._.js:2431
[10450506ms] [LOG] [Fast Refresh] rebuilding @ http://localhost:3030/_next/static/chunks/04m2_next_dist_01d_w1-._.js:2431
[10450507ms] [INFO] %c%s%c [setup-health] background: #e6e6e6;background: light-dark(rgba(0,0,0,0.1), rgba(255,255,255,0.25));color: #000000;color: light-dark(#000000, #ffffff);border-radius: 2px  Server   panel-layout hidden because permission=false {tenantId: cmrvvipw70000oyyo6123270j, userId: cmrvvipyc000aoyyodcu4tftb, roleKeys: Array(1)} @ http://localhost:3030/_next/static/chunks/04m2_next_dist_01d_w1-._.js:2431
[10450598ms] [LOG] [Fast Refresh] done in 243ms @ http://localhost:3030/_next/static/chunks/04m2_next_dist_01d_w1-._.js:2431
[10450701ms] [LOG] [Fast Refresh] rebuilding @ http://localhost:3030/_next/static/chunks/04m2_next_dist_01d_w1-._.js:2431
[10450733ms] [LOG] [Fast Refresh] done in 133ms @ http://localhost:3030/_next/static/chunks/04m2_next_dist_01d_w1-._.js:2431
[10450834ms] [LOG] [Fast Refresh] rebuilding @ http://localhost:3030/_next/static/chunks/04m2_next_dist_01d_w1-._.js:2431
[10450850ms] [LOG] [Fast Refresh] done in 116ms @ http://localhost:3030/_next/static/chunks/04m2_next_dist_01d_w1-._.js:2431
[10451054ms] [LOG] [Fast Refresh] rebuilding @ http://localhost:3030/_next/static/chunks/04m2_next_dist_01d_w1-._.js:2431
[10451103ms] [LOG] [Fast Refresh] done in 155ms @ http://localhost:3030/_next/static/chunks/04m2_next_dist_01d_w1-._.js:2431
[10451217ms] [INFO] %c%s%c [setup-health] background: #e6e6e6;background: light-dark(rgba(0,0,0,0.1), rgba(255,255,255,0.25));color: #000000;color: light-dark(#000000, #ffffff);border-radius: 2px  Server   panel-layout hidden because permission=false {tenantId: cmrvvipw70000oyyo6123270j, userId: cmrvvipyc000aoyyodcu4tftb, roleKeys: Array(1)} @ http://localhost:3030/_next/static/chunks/04m2_next_dist_01d_w1-._.js:2431
[10451651ms] [LOG] [Fast Refresh] rebuilding @ http://localhost:3030/_next/static/chunks/04m2_next_dist_01d_w1-._.js:2431
[10451681ms] [LOG] [Fast Refresh] done in 131ms @ http://localhost:3030/_next/static/chunks/04m2_next_dist_01d_w1-._.js:2431
[10452110ms] [INFO] %c%s%c [setup-health] background: #e6e6e6;background: light-dark(rgba(0,0,0,0.1), rgba(255,255,255,0.25));color: #000000;color: light-dark(#000000, #ffffff);border-radius: 2px  Server   panel-layout hidden because permission=false {tenantId: cmrvvipw70000oyyo6123270j, userId: cmrvvipyc000aoyyodcu4tftb, roleKeys: Array(1)} @ http://localhost:3030/_next/static/chunks/04m2_next_dist_01d_w1-._.js:2431
[10452209ms] [LOG] [Fast Refresh] rebuilding @ http://localhost:3030/_next/static/chunks/04m2_next_dist_01d_w1-._.js:2431
[10452333ms] [LOG] [Fast Refresh] done in 223ms @ http://localhost:3030/_next/static/chunks/04m2_next_dist_01d_w1-._.js:2431
[10452436ms] [LOG] [Fast Refresh] rebuilding @ http://localhost:3030/_next/static/chunks/04m2_next_dist_01d_w1-._.js:2431
[10452494ms] [LOG] [Fast Refresh] done in 161ms @ http://localhost:3030/_next/static/chunks/04m2_next_dist_01d_w1-._.js:2431
[10452662ms] [LOG] [Fast Refresh] rebuilding @ http://localhost:3030/_next/static/chunks/04m2_next_dist_01d_w1-._.js:2431
[10452683ms] [LOG] [Fast Refresh] done in 122ms @ http://localhost:3030/_next/static/chunks/04m2_next_dist_01d_w1-._.js:2431
[10452796ms] [LOG] [Fast Refresh] rebuilding @ http://localhost:3030/_next/static/chunks/04m2_next_dist_01d_w1-._.js:2431
[10452854ms] [LOG] [Fast Refresh] done in 170ms @ http://localhost:3030/_next/static/chunks/04m2_next_dist_01d_w1-._.js:2431
[10452925ms] [INFO] %c%s%c [setup-health] background: #e6e6e6;background: light-dark(rgba(0,0,0,0.1), rgba(255,255,255,0.25));color: #000000;color: light-dark(#000000, #ffffff);border-radius: 2px  Server   panel-layout hidden because permission=false {tenantId: cmrvvipw70000oyyo6123270j, userId: cmrvvipyc000aoyyodcu4tftb, roleKeys: Array(1)} @ http://localhost:3030/_next/static/chunks/04m2_next_dist_01d_w1-._.js:2431
[10452969ms] [LOG] [Fast Refresh] rebuilding @ http://localhost:3030/_next/static/chunks/04m2_next_dist_01d_w1-._.js:2431
[10453045ms] [LOG] [Fast Refresh] done in 188ms @ http://localhost:3030/_next/static/chunks/04m2_next_dist_01d_w1-._.js:2431
[10453185ms] [LOG] [Fast Refresh] rebuilding @ http://localhost:3030/_next/static/chunks/04m2_next_dist_01d_w1-._.js:2431
[10453286ms] [LOG] [Fast Refresh] done in 204ms @ http://localhost:3030/_next/static/chunks/04m2_next_dist_01d_w1-._.js:2431
[10453717ms] [LOG] [Fast Refresh] rebuilding @ http://localhost:3030/_next/static/chunks/04m2_next_dist_01d_w1-._.js:2431
[10453815ms] [LOG] [Fast Refresh] done in 206ms @ http://localhost:3030/_next/static/chunks/04m2_next_dist_01d_w1-._.js:2431
[10453834ms] [INFO] %c%s%c [setup-health] background: #e6e6e6;background: light-dark(rgba(0,0,0,0.1), rgba(255,255,255,0.25));color: #000000;color: light-dark(#000000, #ffffff);border-radius: 2px  Server   panel-layout hidden because permission=false {tenantId: cmrvvipw70000oyyo6123270j, userId: cmrvvipyc000aoyyodcu4tftb, roleKeys: Array(1)} @ http://localhost:3030/_next/static/chunks/04m2_next_dist_01d_w1-._.js:2431
[10454293ms] [LOG] [Fast Refresh] rebuilding @ http://localhost:3030/_next/static/chunks/04m2_next_dist_01d_w1-._.js:2431
[10454392ms] [LOG] [Fast Refresh] done in 201ms @ http://localhost:3030/_next/static/chunks/04m2_next_dist_01d_w1-._.js:2431
[10454684ms] [INFO] %c%s%c [setup-health] background: #e6e6e6;background: light-dark(rgba(0,0,0,0.1), rgba(255,255,255,0.25));color: #000000;color: light-dark(#000000, #ffffff);border-radius: 2px  Server   panel-layout hidden because permission=false {tenantId: cmrvvipw70000oyyo6123270j, userId: cmrvvipyc000aoyyodcu4tftb, roleKeys: Array(1)} @ http://localhost:3030/_next/static/chunks/04m2_next_dist_01d_w1-._.js:2431
[10454798ms] [LOG] [Fast Refresh] rebuilding @ http://localhost:3030/_next/static/chunks/04m2_next_dist_01d_w1-._.js:2431
[10454816ms] [LOG] [Fast Refresh] done in 126ms @ http://localhost:3030/_next/static/chunks/04m2_next_dist_01d_w1-._.js:2431
[10454984ms] [LOG] [Fast Refresh] rebuilding @ http://localhost:3030/_next/static/chunks/04m2_next_dist_01d_w1-._.js:2431
[10455014ms] [LOG] [Fast Refresh] done in 134ms @ http://localhost:3030/_next/static/chunks/04m2_next_dist_01d_w1-._.js:2431
[10455199ms] [LOG] [Fast Refresh] rebuilding @ http://localhost:3030/_next/static/chunks/04m2_next_dist_01d_w1-._.js:2431
[10455299ms] [LOG] [Fast Refresh] done in 213ms @ http://localhost:3030/_next/static/chunks/04m2_next_dist_01d_w1-._.js:2431
[10455443ms] [INFO] %c%s%c [setup-health] background: #e6e6e6;background: light-dark(rgba(0,0,0,0.1), rgba(255,255,255,0.25));color: #000000;color: light-dark(#000000, #ffffff);border-radius: 2px  Server   panel-layout hidden because permission=false {tenantId: cmrvvipw70000oyyo6123270j, userId: cmrvvipyc000aoyyodcu4tftb, roleKeys: Array(1)} @ http://localhost:3030/_next/static/chunks/04m2_next_dist_01d_w1-._.js:2431
[10455504ms] [LOG] [Fast Refresh] rebuilding @ http://localhost:3030/_next/static/chunks/04m2_next_dist_01d_w1-._.js:2431
[10455521ms] [LOG] [Fast Refresh] done in 121ms @ http://localhost:3030/_next/static/chunks/04m2_next_dist_01d_w1-._.js:2431
[10455710ms] [LOG] [Fast Refresh] rebuilding @ http://localhost:3030/_next/static/chunks/04m2_next_dist_01d_w1-._.js:2431
[10455812ms] [LOG] [Fast Refresh] done in 206ms @ http://localhost:3030/_next/static/chunks/04m2_next_dist_01d_w1-._.js:2431
[10455999ms] [LOG] [Fast Refresh] rebuilding @ http://localhost:3030/_next/static/chunks/04m2_next_dist_01d_w1-._.js:2431
[10456002ms] [LOG] [Fast Refresh] done in 109ms @ http://localhost:3030/_next/static/chunks/04m2_next_dist_01d_w1-._.js:2431
[10456244ms] [INFO] %c%s%c [setup-health] background: #e6e6e6;background: light-dark(rgba(0,0,0,0.1), rgba(255,255,255,0.25));color: #000000;color: light-dark(#000000, #ffffff);border-radius: 2px  Server   panel-layout hidden because permission=false {tenantId: cmrvvipw70000oyyo6123270j, userId: cmrvvipyc000aoyyodcu4tftb, roleKeys: Array(1)} @ http://localhost:3030/_next/static/chunks/04m2_next_dist_01d_w1-._.js:2431
[10456264ms] [LOG] [Fast Refresh] rebuilding @ http://localhost:3030/_next/static/chunks/04m2_next_dist_01d_w1-._.js:2431
[10456299ms] [LOG] [Fast Refresh] done in 135ms @ http://localhost:3030/_next/static/chunks/04m2_next_dist_01d_w1-._.js:2431
[10456490ms] [LOG] [Fast Refresh] rebuilding @ http://localhost:3030/_next/static/chunks/04m2_next_dist_01d_w1-._.js:2431
[10456564ms] [LOG] [Fast Refresh] done in 178ms @ http://localhost:3030/_next/static/chunks/04m2_next_dist_01d_w1-._.js:2431
[10456671ms] [LOG] [Fast Refresh] rebuilding @ http://localhost:3030/_next/static/chunks/04m2_next_dist_01d_w1-._.js:2431
[10456684ms] [LOG] [Fast Refresh] done in 120ms @ http://localhost:3030/_next/static/chunks/04m2_next_dist_01d_w1-._.js:2431
[10456879ms] [LOG] [Fast Refresh] rebuilding @ http://localhost:3030/_next/static/chunks/04m2_next_dist_01d_w1-._.js:2431
[10456884ms] [LOG] [Fast Refresh] done in 105ms @ http://localhost:3030/_next/static/chunks/04m2_next_dist_01d_w1-._.js:2431
[10456986ms] [LOG] [Fast Refresh] rebuilding @ http://localhost:3030/_next/static/chunks/04m2_next_dist_01d_w1-._.js:2431
[10457002ms] [INFO] %c%s%c [setup-health] background: #e6e6e6;background: light-dark(rgba(0,0,0,0.1), rgba(255,255,255,0.25));color: #000000;color: light-dark(#000000, #ffffff);border-radius: 2px  Server   panel-layout hidden because permission=false {tenantId: cmrvvipw70000oyyo6123270j, userId: cmrvvipyc000aoyyodcu4tftb, roleKeys: Array(1)} @ http://localhost:3030/_next/static/chunks/04m2_next_dist_01d_w1-._.js:2431
[10457090ms] [LOG] [Fast Refresh] done in 205ms @ http://localhost:3030/_next/static/chunks/04m2_next_dist_01d_w1-._.js:2431
[10457308ms] [LOG] [Fast Refresh] rebuilding @ http://localhost:3030/_next/static/chunks/04m2_next_dist_01d_w1-._.js:2431
[10457384ms] [LOG] [Fast Refresh] done in 178ms @ http://localhost:3030/_next/static/chunks/04m2_next_dist_01d_w1-._.js:2431
[10457548ms] [LOG] [Fast Refresh] rebuilding @ http://localhost:3030/_next/static/chunks/04m2_next_dist_01d_w1-._.js:2431
[10457655ms] [LOG] [Fast Refresh] done in 209ms @ http://localhost:3030/_next/static/chunks/04m2_next_dist_01d_w1-._.js:2431
[10457759ms] [LOG] [Fast Refresh] rebuilding @ http://localhost:3030/_next/static/chunks/04m2_next_dist_01d_w1-._.js:2431
[10457776ms] [LOG] [Fast Refresh] done in 119ms @ http://localhost:3030/_next/static/chunks/04m2_next_dist_01d_w1-._.js:2431
[10457867ms] [INFO] %c%s%c [setup-health] background: #e6e6e6;background: light-dark(rgba(0,0,0,0.1), rgba(255,255,255,0.25));color: #000000;color: light-dark(#000000, #ffffff);border-radius: 2px  Server   panel-layout hidden because permission=false {tenantId: cmrvvipw70000oyyo6123270j, userId: cmrvvipyc000aoyyodcu4tftb, roleKeys: Array(1)} @ http://localhost:3030/_next/static/chunks/04m2_next_dist_01d_w1-._.js:2431
[10458201ms] [LOG] [Fast Refresh] rebuilding @ http://localhost:3030/_next/static/chunks/04m2_next_dist_01d_w1-._.js:2431
[10458427ms] [LOG] [Fast Refresh] done in 329ms @ http://localhost:3030/_next/static/chunks/04m2_next_dist_01d_w1-._.js:2431
[10458531ms] [LOG] [Fast Refresh] rebuilding @ http://localhost:3030/_next/static/chunks/04m2_next_dist_01d_w1-._.js:2431
[10458538ms] [LOG] [Fast Refresh] done in 106ms @ http://localhost:3030/_next/static/chunks/04m2_next_dist_01d_w1-._.js:2431
[10458816ms] [LOG] [Fast Refresh] rebuilding @ http://localhost:3030/_next/static/chunks/04m2_next_dist_01d_w1-._.js:2431
[10458885ms] [LOG] [Fast Refresh] done in 172ms @ http://localhost:3030/_next/static/chunks/04m2_next_dist_01d_w1-._.js:2431
[10458888ms] [INFO] %c%s%c [setup-health] background: #e6e6e6;background: light-dark(rgba(0,0,0,0.1), rgba(255,255,255,0.25));color: #000000;color: light-dark(#000000, #ffffff);border-radius: 2px  Server   panel-layout hidden because permission=false {tenantId: cmrvvipw70000oyyo6123270j, userId: cmrvvipyc000aoyyodcu4tftb, roleKeys: Array(1)} @ http://localhost:3030/_next/static/chunks/04m2_next_dist_01d_w1-._.js:2431
[10458987ms] [LOG] [Fast Refresh] rebuilding @ http://localhost:3030/_next/static/chunks/04m2_next_dist_01d_w1-._.js:2431
[10458993ms] [LOG] [Fast Refresh] done in 106ms @ http://localhost:3030/_next/static/chunks/04m2_next_dist_01d_w1-._.js:2431
[10459213ms] [LOG] [Fast Refresh] rebuilding @ http://localhost:3030/_next/static/chunks/04m2_next_dist_01d_w1-._.js:2431
[10459241ms] [LOG] [Fast Refresh] done in 153ms @ http://localhost:3030/_next/static/chunks/04m2_next_dist_01d_w1-._.js:2431
[10459345ms] [LOG] [Fast Refresh] rebuilding @ http://localhost:3030/_next/static/chunks/04m2_next_dist_01d_w1-._.js:2431
[10459473ms] [LOG] [Fast Refresh] done in 229ms @ http://localhost:3030/_next/static/chunks/04m2_next_dist_01d_w1-._.js:2431
[10459687ms] [INFO] %c%s%c [setup-health] background: #e6e6e6;background: light-dark(rgba(0,0,0,0.1), rgba(255,255,255,0.25));color: #000000;color: light-dark(#000000, #ffffff);border-radius: 2px  Server   panel-layout hidden because permission=false {tenantId: cmrvvipw70000oyyo6123270j, userId: cmrvvipyc000aoyyodcu4tftb, roleKeys: Array(1)} @ http://localhost:3030/_next/static/chunks/04m2_next_dist_01d_w1-._.js:2431
[10459773ms] [LOG] [Fast Refresh] rebuilding @ http://localhost:3030/_next/static/chunks/04m2_next_dist_01d_w1-._.js:2431
[10459887ms] [LOG] [Fast Refresh] done in 214ms @ http://localhost:3030/_next/static/chunks/04m2_next_dist_01d_w1-._.js:2431
[10460252ms] [LOG] [Fast Refresh] rebuilding @ http://localhost:3030/_next/static/chunks/04m2_next_dist_01d_w1-._.js:2431
[10460268ms] [LOG] [Fast Refresh] done in 120ms @ http://localhost:3030/_next/static/chunks/04m2_next_dist_01d_w1-._.js:2431
[10460513ms] [INFO] %c%s%c [setup-health] background: #e6e6e6;background: light-dark(rgba(0,0,0,0.1), rgba(255,255,255,0.25));color: #000000;color: light-dark(#000000, #ffffff);border-radius: 2px  Server   panel-layout hidden because permission=false {tenantId: cmrvvipw70000oyyo6123270j, userId: cmrvvipyc000aoyyodcu4tftb, roleKeys: Array(1)} @ http://localhost:3030/_next/static/chunks/04m2_next_dist_01d_w1-._.js:2431
[10460668ms] [LOG] [Fast Refresh] rebuilding @ http://localhost:3030/_next/static/chunks/04m2_next_dist_01d_w1-._.js:2431
[10460722ms] [LOG] [Fast Refresh] done in 157ms @ http://localhost:3030/_next/static/chunks/04m2_next_dist_01d_w1-._.js:2431
[10460828ms] [LOG] [Fast Refresh] rebuilding @ http://localhost:3030/_next/static/chunks/04m2_next_dist_01d_w1-._.js:2431
[10461056ms] [LOG] [Fast Refresh] done in 332ms @ http://localhost:3030/_next/static/chunks/04m2_next_dist_01d_w1-._.js:2431
[10461323ms] [LOG] [Fast Refresh] rebuilding @ http://localhost:3030/_next/static/chunks/04m2_next_dist_01d_w1-._.js:2431
[10461446ms] [LOG] [Fast Refresh] done in 226ms @ http://localhost:3030/_next/static/chunks/04m2_next_dist_01d_w1-._.js:2431
[10461903ms] [INFO] %c%s%c [setup-health] background: #e6e6e6;background: light-dark(rgba(0,0,0,0.1), rgba(255,255,255,0.25));color: #000000;color: light-dark(#000000, #ffffff);border-radius: 2px  Server   panel-layout hidden because permission=false {tenantId: cmrvvipw70000oyyo6123270j, userId: cmrvvipyc000aoyyodcu4tftb, roleKeys: Array(1)} @ http://localhost:3030/_next/static/chunks/04m2_next_dist_01d_w1-._.js:2431
[10462685ms] [INFO] %c%s%c [setup-health] background: #e6e6e6;background: light-dark(rgba(0,0,0,0.1), rgba(255,255,255,0.25));color: #000000;color: light-dark(#000000, #ffffff);border-radius: 2px  Server   panel-layout hidden because permission=false {tenantId: cmrvvipw70000oyyo6123270j, userId: cmrvvipyc000aoyyodcu4tftb, roleKeys: Array(1)} @ http://localhost:3030/_next/static/chunks/04m2_next_dist_01d_w1-._.js:2431
[10462836ms] [LOG] [Fast Refresh] rebuilding @ http://localhost:3030/_next/static/chunks/04m2_next_dist_01d_w1-._.js:2431
[10462902ms] [LOG] [Fast Refresh] done in 209ms @ http://localhost:3030/_next/static/chunks/04m2_next_dist_01d_w1-._.js:2431
[10463093ms] [LOG] [Fast Refresh] rebuilding @ http://localhost:3030/_next/static/chunks/04m2_next_dist_01d_w1-._.js:2431
[10463111ms] [LOG] [Fast Refresh] done in 125ms @ http://localhost:3030/_next/static/chunks/04m2_next_dist_01d_w1-._.js:2431
[10463294ms] [LOG] [Fast Refresh] rebuilding @ http://localhost:3030/_next/static/chunks/04m2_next_dist_01d_w1-._.js:2431
[10463458ms] [LOG] [Fast Refresh] done in 269ms @ http://localhost:3030/_next/static/chunks/04m2_next_dist_01d_w1-._.js:2431
[10463646ms] [INFO] %c%s%c [setup-health] background: #e6e6e6;background: light-dark(rgba(0,0,0,0.1), rgba(255,255,255,0.25));color: #000000;color: light-dark(#000000, #ffffff);border-radius: 2px  Server   panel-layout hidden because permission=false {tenantId: cmrvvipw70000oyyo6123270j, userId: cmrvvipyc000aoyyodcu4tftb, roleKeys: Array(1)} @ http://localhost:3030/_next/static/chunks/04m2_next_dist_01d_w1-._.js:2431
[10463907ms] [LOG] [Fast Refresh] rebuilding @ http://localhost:3030/_next/static/chunks/04m2_next_dist_01d_w1-._.js:2431
[10463939ms] [LOG] [Fast Refresh] done in 137ms @ http://localhost:3030/_next/static/chunks/04m2_next_dist_01d_w1-._.js:2431
[10464044ms] [LOG] [Fast Refresh] rebuilding @ http://localhost:3030/_next/static/chunks/04m2_next_dist_01d_w1-._.js:2431
[10464099ms] [LOG] [Fast Refresh] done in 158ms @ http://localhost:3030/_next/static/chunks/04m2_next_dist_01d_w1-._.js:2431
[10464203ms] [LOG] [Fast Refresh] rebuilding @ http://localhost:3030/_next/static/chunks/04m2_next_dist_01d_w1-._.js:2431
[10464275ms] [LOG] [Fast Refresh] done in 176ms @ http://localhost:3030/_next/static/chunks/04m2_next_dist_01d_w1-._.js:2431
[10464387ms] [LOG] [Fast Refresh] rebuilding @ http://localhost:3030/_next/static/chunks/04m2_next_dist_01d_w1-._.js:2431
[10464685ms] [LOG] [Fast Refresh] done in 408ms @ http://localhost:3030/_next/static/chunks/04m2_next_dist_01d_w1-._.js:2431
[10465126ms] [ERROR] Failed to load resource: net::ERR_CONNECTION_RESET @ http://localhost:3030/employees/phase3-runtime-disabled/profile?_rsc=1vcuo:0
[10465127ms] [ERROR] Failed to load resource: net::ERR_CONNECTION_RESET @ http://localhost:3030/employees/phase3-runtime-disabled/profile?_rsc=1vcuo:0
[10467582ms] [ERROR] Failed to load resource: net::ERR_CONNECTION_REFUSED @ http://localhost:3030/employees/phase3-runtime-disabled/profile?_rsc=1vcuo:0
[10467584ms] [ERROR] Failed to fetch RSC payload for http://localhost:3030/employees/phase3-runtime-disabled/profile. Falling back to browser navigation. TypeError: Failed to fetch
    at createFetch (http://localhost:3030/_next/static/chunks/04m2_next_dist_client_0-mnb_3._.js:8084:21)
    at fetchServerResponse (http://localhost:3030/_next/static/chunks/04m2_next_dist_client_0-mnb_3._.js:7928:27)
    at fetchMissingDynamicData (http://localhost:3030/_next/static/chunks/04m2_next_dist_client_0-mnb_3._.js:9341:75)
    at spawnDynamicRequests (http://localhost:3030/_next/static/chunks/04m2_next_dist_client_0-mnb_3._.js:9149:35)
    at navigateToKnownRoute (http://localhost:3030/_next/static/chunks/04m2_next_dist_client_0-mnb_3._.js:10033:54)
    at refreshDynamicData (http://localhost:3030/_next/static/chunks/04m2_next_dist_client_0-mnb_3._.js:10653:49)
    at hmrRefreshReducer (http://localhost:3030/_next/static/chunks/04m2_next_dist_client_0-mnb_3._.js:10802:51)
    at clientReducer (http://localhost:3030/_next/static/chunks/04m2_next_dist_client_0-mnb_3._.js:11398:65)
    at Object.action (http://localhost:3030/_next/static/chunks/04m2_next_dist_client_0-mnb_3._.js:11631:55)
    at runAction (http://localhost:3030/_next/static/chunks/04m2_next_dist_client_0-mnb_3._.js:11536:38)
    at dispatchAction (http://localhost:3030/_next/static/chunks/04m2_next_dist_client_0-mnb_3._.js:11599:9)
    at Object.dispatch (http://localhost:3030/_next/static/chunks/04m2_next_dist_client_0-mnb_3._.js:11629:40)
    at http://localhost:3030/_next/static/chunks/04m2_next_dist_client_0-mnb_3._.js:963:29
    at startTransition (http://localhost:3030/_next/static/chunks/04m2_next_dist_compiled_react-dom_03k2tun._.js:5469:31)
    at nextDispatch (http://localhost:3030/_next/static/chunks/04m2_next_dist_client_0-mnb_3._.js:962:13)
    at dispatchAppRouterAction (http://localhost:3030/_next/static/chunks/04m2_next_dist_client_0-mnb_3._.js:922:5)
    at http://localhost:3030/_next/static/chunks/04m2_next_dist_client_0-mnb_3._.js:11800:61
    at startTransition (http://localhost:3030/_next/static/chunks/04m2_next_dist_compiled_0g.v2rf._.js:1279:31)
    at Object.hmrRefresh (http://localhost:3030/_next/static/chunks/04m2_next_dist_client_0-mnb_3._.js:11799:40)
    at processMessage (http://localhost:3030/_next/static/chunks/04m2_next_dist_client_0-mnb_3._.js:13990:67)
    at WebSocket.handleMessage (http://localhost:3030/_next/static/chunks/04m2_next_dist_client_0-mnb_3._.js:13335:52) @ http://localhost:3030/_next/static/chunks/04m2_next_dist_01d_w1-._.js:3272
[10467625ms] [ERROR] WebSocket is already in CLOSING or CLOSED state. @ http://localhost:3030/_next/static/chunks/04m2_next_dist_01d_w1-._.js:2790
[10468484ms] [ERROR] WebSocket connection to 'ws://localhost:3030/_next/webpack-hmr?id=G7rNT4qozb0DsQ8NwHeN-' failed: Error in connection establishment: net::ERR_CONNECTION_REFUSED @ http://localhost:3030/_next/static/chunks/04m2_next_dist_client_0-mnb_3._.js:13299
[10573396ms] [INFO] %cDownload the React DevTools for a better development experience: https://react.dev/link/react-devtools font-weight:bold @ http://localhost:3030/_next/static/chunks/04m2_next_dist_01d_w1-._.js:2431
[10573530ms] [LOG] [HMR] connected @ http://localhost:3030/_next/static/chunks/04m2_next_dist_01d_w1-._.js:2431
[10573603ms] [INFO] %c%s%c [setup-health] background: #e6e6e6;background: light-dark(rgba(0,0,0,0.1), rgba(255,255,255,0.25));color: #000000;color: light-dark(#000000, #ffffff);border-radius: 2px  Server   panel-layout hidden because permission=false {tenantId: cmrvvipw70000oyyo6123270j, userId: cmrvvipyc000aoyyodcu4tftb, roleKeys: Array(1)} @ http://localhost:3030/_next/static/chunks/04m2_next_dist_01d_w1-._.js:2431
[10602971ms] [LOG] [Fast Refresh] rebuilding @ http://localhost:3030/_next/static/chunks/04m2_next_dist_01d_w1-._.js:2431
[10603221ms] [LOG] [Fast Refresh] done in 360ms @ http://localhost:3030/_next/static/chunks/04m2_next_dist_01d_w1-._.js:2431
[10615226ms] [LOG] [Fast Refresh] rebuilding @ http://localhost:3030/_next/static/chunks/04m2_next_dist_01d_w1-._.js:2431
[10615402ms] [LOG] [Fast Refresh] done in 292ms @ http://localhost:3030/_next/static/chunks/04m2_next_dist_01d_w1-._.js:2431
[10655125ms] [LOG] [Fast Refresh] rebuilding @ http://localhost:3030/_next/static/chunks/04m2_next_dist_01d_w1-._.js:2431
[10655889ms] [LOG] [Fast Refresh] done in 866ms @ http://localhost:3030/_next/static/chunks/04m2_next_dist_01d_w1-._.js:2431
[10656904ms] [LOG] [Fast Refresh] rebuilding @ http://localhost:3030/_next/static/chunks/04m2_next_dist_01d_w1-._.js:2431
[10657137ms] [LOG] [Fast Refresh] done in 345ms @ http://localhost:3030/_next/static/chunks/04m2_next_dist_01d_w1-._.js:2431
[10667622ms] [LOG] [Fast Refresh] rebuilding @ http://localhost:3030/_next/static/chunks/04m2_next_dist_01d_w1-._.js:2431
[10667825ms] [LOG] [Fast Refresh] done in 320ms @ http://localhost:3030/_next/static/chunks/04m2_next_dist_01d_w1-._.js:2431
[10682229ms] [LOG] [Fast Refresh] rebuilding @ http://localhost:3030/_next/static/chunks/04m2_next_dist_01d_w1-._.js:2431
[10682462ms] [LOG] [Fast Refresh] done in 335ms @ http://localhost:3030/_next/static/chunks/04m2_next_dist_01d_w1-._.js:2431
[10737456ms] [LOG] [Fast Refresh] rebuilding @ http://localhost:3030/_next/static/chunks/04m2_next_dist_01d_w1-._.js:2431
[10737747ms] [LOG] [Fast Refresh] done in 383ms @ http://localhost:3030/_next/static/chunks/04m2_next_dist_01d_w1-._.js:2431
[10737851ms] [LOG] [Fast Refresh] rebuilding @ http://localhost:3030/_next/static/chunks/04m2_next_dist_01d_w1-._.js:2431
[10737892ms] [LOG] [Fast Refresh] done in 143ms @ http://localhost:3030/_next/static/chunks/04m2_next_dist_01d_w1-._.js:2431
[10737998ms] [LOG] [Fast Refresh] rebuilding @ http://localhost:3030/_next/static/chunks/04m2_next_dist_01d_w1-._.js:2431
[10738283ms] [LOG] [Fast Refresh] done in 389ms @ http://localhost:3030/_next/static/chunks/04m2_next_dist_01d_w1-._.js:2431
[10738395ms] [LOG] [Fast Refresh] rebuilding @ http://localhost:3030/_next/static/chunks/04m2_next_dist_01d_w1-._.js:2431
[10738403ms] [LOG] [Fast Refresh] done in 118ms @ http://localhost:3030/_next/static/chunks/04m2_next_dist_01d_w1-._.js:2431
[10738510ms] [LOG] [Fast Refresh] rebuilding @ http://localhost:3030/_next/static/chunks/04m2_next_dist_01d_w1-._.js:2431
[10738668ms] [LOG] [Fast Refresh] done in 263ms @ http://localhost:3030/_next/static/chunks/04m2_next_dist_01d_w1-._.js:2431
[10738895ms] [LOG] [Fast Refresh] rebuilding @ http://localhost:3030/_next/static/chunks/04m2_next_dist_01d_w1-._.js:2431
[10738950ms] [LOG] [Fast Refresh] done in 162ms @ http://localhost:3030/_next/static/chunks/04m2_next_dist_01d_w1-._.js:2431
[10739304ms] [INFO] %c%s%c [setup-health] background: #e6e6e6;background: light-dark(rgba(0,0,0,0.1), rgba(255,255,255,0.25));color: #000000;color: light-dark(#000000, #ffffff);border-radius: 2px  Server   panel-layout hidden because permission=false {tenantId: cmrvvipw70000oyyo6123270j, userId: cmrvvipyc000aoyyodcu4tftb, roleKeys: Array(1)} @ http://localhost:3030/_next/static/chunks/04m2_next_dist_01d_w1-._.js:2431
[10745517ms] [LOG] [Fast Refresh] rebuilding @ http://localhost:3030/_next/static/chunks/04m2_next_dist_01d_w1-._.js:2431
[10745668ms] [LOG] [Fast Refresh] done in 266ms @ http://localhost:3030/_next/static/chunks/04m2_next_dist_01d_w1-._.js:2431
[10746204ms] [LOG] [Fast Refresh] rebuilding @ http://localhost:3030/_next/static/chunks/04m2_next_dist_01d_w1-._.js:2431
[10746411ms] [LOG] [Fast Refresh] done in 310ms @ http://localhost:3030/_next/static/chunks/04m2_next_dist_01d_w1-._.js:2431
[10767202ms] [LOG] [Fast Refresh] rebuilding @ http://localhost:3030/_next/static/chunks/04m2_next_dist_01d_w1-._.js:2431
[10767421ms] [LOG] [Fast Refresh] done in 322ms @ http://localhost:3030/_next/static/chunks/04m2_next_dist_01d_w1-._.js:2431
[10780191ms] [ERROR] WebSocket connection to 'ws://localhost:3030/_next/webpack-hmr?id=blUhDdfHtl_692Ldcf2cA' failed: Error in connection establishment: net::ERR_CONNECTION_REFUSED @ http://localhost:3030/_next/static/chunks/04m2_next_dist_client_0-mnb_3._.js:13299
[10783553ms] [ERROR] WebSocket connection to 'ws://localhost:3030/_next/webpack-hmr?id=blUhDdfHtl_692Ldcf2cA' failed: Error in connection establishment: net::ERR_CONNECTION_REFUSED @ http://localhost:3030/_next/static/chunks/04m2_next_dist_client_0-mnb_3._.js:13299
[10786899ms] [ERROR] WebSocket connection to 'ws://localhost:3030/_next/webpack-hmr?id=blUhDdfHtl_692Ldcf2cA' failed: Error in connection establishment: net::ERR_CONNECTION_REFUSED @ http://localhost:3030/_next/static/chunks/04m2_next_dist_client_0-mnb_3._.js:13299
[10790266ms] [ERROR] WebSocket connection to 'ws://localhost:3030/_next/webpack-hmr?id=blUhDdfHtl_692Ldcf2cA' failed: Error in connection establishment: net::ERR_CONNECTION_REFUSED @ http://localhost:3030/_next/static/chunks/04m2_next_dist_client_0-mnb_3._.js:13299
[10793604ms] [ERROR] WebSocket connection to 'ws://localhost:3030/_next/webpack-hmr?id=blUhDdfHtl_692Ldcf2cA' failed: Error in connection establishment: net::ERR_CONNECTION_REFUSED @ http://localhost:3030/_next/static/chunks/04m2_next_dist_client_0-mnb_3._.js:13299
[10800968ms] [ERROR] WebSocket connection to 'ws://localhost:3030/_next/webpack-hmr?id=blUhDdfHtl_692Ldcf2cA' failed: Error in connection establishment: net::ERR_CONNECTION_REFUSED @ http://localhost:3030/_next/static/chunks/04m2_next_dist_client_0-mnb_3._.js:13299
[11045988ms] [ERROR] WebSocket connection to 'ws://localhost:3030/_next/webpack-hmr?id=blUhDdfHtl_692Ldcf2cA' failed: WebSocket opening handshake timed out @ http://localhost:3030/_next/static/chunks/04m2_next_dist_client_0-mnb_3._.js:13299
[11165837ms] [ERROR] WebSocket connection to 'ws://localhost:3030/_next/webpack-hmr?id=blUhDdfHtl_692Ldcf2cA' failed: Error during WebSocket handshake: net::ERR_CONNECTION_RESET @ http://localhost:3030/_next/static/chunks/04m2_next_dist_client_0-mnb_3._.js:13299
[11173186ms] [ERROR] WebSocket connection to 'ws://localhost:3030/_next/webpack-hmr?id=blUhDdfHtl_692Ldcf2cA' failed: Error in connection establishment: net::ERR_CONNECTION_REFUSED @ http://localhost:3030/_next/static/chunks/04m2_next_dist_client_0-mnb_3._.js:13299
[11180533ms] [ERROR] WebSocket connection to 'ws://localhost:3030/_next/webpack-hmr?id=blUhDdfHtl_692Ldcf2cA' failed: Error in connection establishment: net::ERR_CONNECTION_REFUSED @ http://localhost:3030/_next/static/chunks/04m2_next_dist_client_0-mnb_3._.js:13299
[11187867ms] [ERROR] WebSocket connection to 'ws://localhost:3030/_next/webpack-hmr?id=blUhDdfHtl_692Ldcf2cA' failed: Error in connection establishment: net::ERR_CONNECTION_REFUSED @ http://localhost:3030/_next/static/chunks/04m2_next_dist_client_0-mnb_3._.js:13299
[11195222ms] [ERROR] WebSocket connection to 'ws://localhost:3030/_next/webpack-hmr?id=blUhDdfHtl_692Ldcf2cA' failed: Error in connection establishment: net::ERR_CONNECTION_REFUSED @ http://localhost:3030/_next/static/chunks/04m2_next_dist_client_0-mnb_3._.js:13299
