[     247ms] [INFO] %cDownload the React DevTools for a better development experience: https://react.dev/link/react-devtools font-weight:bold @ http://localhost:3030/_next/static/chunks/04m2_next_dist_01d_w1-._.js:2431
[     276ms] [LOG] [HMR] connected @ http://localhost:3030/_next/static/chunks/04m2_next_dist_01d_w1-._.js:2431
[     290ms] [INFO] %c%s%c [setup-health] background: #e6e6e6;background: light-dark(rgba(0,0,0,0.1), rgba(255,255,255,0.25));color: #000000;color: light-dark(#000000, #ffffff);border-radius: 2px  Server   panel-layout hidden because permission=false {tenantId: cmrvvipw70000oyyo6123270j, userId: cmrvvipyc000aoyyodcu4tftb, roleKeys: Array(1)} @ http://localhost:3030/_next/static/chunks/04m2_next_dist_01d_w1-._.js:2431
[     438ms] [ERROR] %o

%s Error: برای انجام این عملیات روی کارمند دسترسی کافی ندارید.
    at requireEmployeeAccess (about://React/Server/C:%5CUsers%5CAdministrator%5CDesktop%5Cfirst-unit-next%5Cvahedyek%5Capps%5Cdastranj-panel%5C.next%5Cdev%5Cserver%5Cchunks%5Cssr%5CDesktop_first-unit-next_vahedyek_apps_dastranj-panel_01wzxcb._.js?0:6852:45)
    at  EmployeeChangeRequestDetailPage (about://React/Server/C:%5CUsers%5CAdministrator%5CDesktop%5Cfirst-unit-next%5Cvahedyek%5Capps%5Cdastranj-panel%5C.next%5Cdev%5Cserver%5Cchunks%5Cssr%5C%5Broot-of-the-server%5D__0.f7p-m._.js?1:138:5)
    at resolveErrorDev (http://localhost:3030/_next/static/chunks/04m2_next_dist_compiled_react-server-dom-turbopack_0m1uz4p._.js:1919:105)
    at processFullStringRow (http://localhost:3030/_next/static/chunks/04m2_next_dist_compiled_react-server-dom-turbopack_0m1uz4p._.js:2434:29)
    at processFullBinaryRow (http://localhost:3030/_next/static/chunks/04m2_next_dist_compiled_react-server-dom-turbopack_0m1uz4p._.js:2393:9)
    at processBinaryChunk (http://localhost:3030/_next/static/chunks/04m2_next_dist_compiled_react-server-dom-turbopack_0m1uz4p._.js:2502:221)
    at progress (http://localhost:3030/_next/static/chunks/04m2_next_dist_compiled_react-server-dom-turbopack_0m1uz4p._.js:2689:13) The above error occurred in the <EmployeeChangeRequestDetailPage> component. It was handled by the <ErrorBoundaryHandler> error boundary. @ http://localhost:3030/_next/static/chunks/04m2_next_dist_client_0-mnb_3._.js:1998
[   41072ms] [LOG] [Fast Refresh] rebuilding @ http://localhost:3030/_next/static/chunks/04m2_next_dist_01d_w1-._.js:2431
[   41327ms] [ERROR] Failed to load resource: the server responded with a status of 404 (Not Found) @ http://localhost:3030/employees/phase3-runtime-empty/change-requests/cmrw0spnc0007oyu8jyrgrv3x:0
[   41332ms] [LOG] [Fast Refresh] done in 365ms @ http://localhost:3030/_next/static/chunks/04m2_next_dist_01d_w1-._.js:2431
[   68096ms] [LOG] [Fast Refresh] rebuilding @ http://localhost:3030/_next/static/chunks/04m2_next_dist_01d_w1-._.js:2431
[   68277ms] [ERROR] Failed to load resource: the server responded with a status of 500 (Internal Server Error) @ http://localhost:3030/employees/phase3-runtime-empty/change-requests/cmrw0spnc0007oyu8jyrgrv3x:0
[   68292ms] [LOG] [Fast Refresh] done in 298ms @ http://localhost:3030/_next/static/chunks/04m2_next_dist_01d_w1-._.js:2431
[   70924ms] [ERROR] Failed to load resource: the server responded with a status of 500 (Internal Server Error) @ http://localhost:3030/employees/phase3-runtime-empty/change-requests/cmrw0spnc0007oyu8jyrgrv3x:0
[   81649ms] [LOG] [Fast Refresh] rebuilding @ http://localhost:3030/_next/static/chunks/04m2_next_dist_01d_w1-._.js:2431
[   81961ms] [LOG] [Fast Refresh] done in 414ms @ http://localhost:3030/_next/static/chunks/04m2_next_dist_01d_w1-._.js:2431
[   84585ms] [LOG] [Fast Refresh] rebuilding @ http://localhost:3030/_next/static/chunks/04m2_next_dist_01d_w1-._.js:2431
[   84805ms] [LOG] [Fast Refresh] done in 322ms @ http://localhost:3030/_next/static/chunks/04m2_next_dist_01d_w1-._.js:2431
[  115386ms] [LOG] [Fast Refresh] rebuilding @ http://localhost:3030/_next/static/chunks/04m2_next_dist_01d_w1-._.js:2431
[  115607ms] [LOG] [Fast Refresh] done in 324ms @ http://localhost:3030/_next/static/chunks/04m2_next_dist_01d_w1-._.js:2431
[  117237ms] [LOG] [Fast Refresh] rebuilding @ http://localhost:3030/_next/static/chunks/04m2_next_dist_01d_w1-._.js:2431
[  117396ms] [LOG] [Fast Refresh] done in 273ms @ http://localhost:3030/_next/static/chunks/04m2_next_dist_01d_w1-._.js:2431
[  131094ms] [ERROR] WebSocket connection to 'ws://localhost:3030/_next/webpack-hmr?id=gdmuQAyBKKf29JBQvmakE' failed: Error in connection establishment: net::ERR_CONNECTION_REFUSED @ http://localhost:3030/_next/static/chunks/04m2_next_dist_client_0-mnb_3._.js:13299
[  134447ms] [ERROR] WebSocket connection to 'ws://localhost:3030/_next/webpack-hmr?id=gdmuQAyBKKf29JBQvmakE' failed: Error in connection establishment: net::ERR_CONNECTION_REFUSED @ http://localhost:3030/_next/static/chunks/04m2_next_dist_client_0-mnb_3._.js:13299
[  137797ms] [ERROR] WebSocket connection to 'ws://localhost:3030/_next/webpack-hmr?id=gdmuQAyBKKf29JBQvmakE' failed: Error in connection establishment: net::ERR_CONNECTION_REFUSED @ http://localhost:3030/_next/static/chunks/04m2_next_dist_client_0-mnb_3._.js:13299
[  141154ms] [ERROR] WebSocket connection to 'ws://localhost:3030/_next/webpack-hmr?id=gdmuQAyBKKf29JBQvmakE' failed: Error in connection establishment: net::ERR_CONNECTION_REFUSED @ http://localhost:3030/_next/static/chunks/04m2_next_dist_client_0-mnb_3._.js:13299
[  144524ms] [ERROR] WebSocket connection to 'ws://localhost:3030/_next/webpack-hmr?id=gdmuQAyBKKf29JBQvmakE' failed: Error in connection establishment: net::ERR_CONNECTION_REFUSED @ http://localhost:3030/_next/static/chunks/04m2_next_dist_client_0-mnb_3._.js:13299
[  151875ms] [ERROR] WebSocket connection to 'ws://localhost:3030/_next/webpack-hmr?id=gdmuQAyBKKf29JBQvmakE' failed: Error in connection establishment: net::ERR_CONNECTION_REFUSED @ http://localhost:3030/_next/static/chunks/04m2_next_dist_client_0-mnb_3._.js:13299
[  159218ms] [ERROR] WebSocket connection to 'ws://localhost:3030/_next/webpack-hmr?id=gdmuQAyBKKf29JBQvmakE' failed: Error in connection establishment: net::ERR_CONNECTION_REFUSED @ http://localhost:3030/_next/static/chunks/04m2_next_dist_client_0-mnb_3._.js:13299
[  166589ms] [ERROR] WebSocket connection to 'ws://localhost:3030/_next/webpack-hmr?id=gdmuQAyBKKf29JBQvmakE' failed: Error in connection establishment: net::ERR_CONNECTION_REFUSED @ http://localhost:3030/_next/static/chunks/04m2_next_dist_client_0-mnb_3._.js:13299
[  173975ms] [ERROR] WebSocket connection to 'ws://localhost:3030/_next/webpack-hmr?id=gdmuQAyBKKf29JBQvmakE' failed: Error in connection establishment: net::ERR_CONNECTION_REFUSED @ http://localhost:3030/_next/static/chunks/04m2_next_dist_client_0-mnb_3._.js:13299
[  181309ms] [ERROR] WebSocket connection to 'ws://localhost:3030/_next/webpack-hmr?id=gdmuQAyBKKf29JBQvmakE' failed: Error in connection establishment: net::ERR_CONNECTION_REFUSED @ http://localhost:3030/_next/static/chunks/04m2_next_dist_client_0-mnb_3._.js:13299
[  188683ms] [ERROR] WebSocket connection to 'ws://localhost:3030/_next/webpack-hmr?id=gdmuQAyBKKf29JBQvmakE' failed: Error in connection establishment: net::ERR_CONNECTION_REFUSED @ http://localhost:3030/_next/static/chunks/04m2_next_dist_client_0-mnb_3._.js:13299
[  196043ms] [ERROR] WebSocket connection to 'ws://localhost:3030/_next/webpack-hmr?id=gdmuQAyBKKf29JBQvmakE' failed: Error in connection establishment: net::ERR_CONNECTION_REFUSED @ http://localhost:3030/_next/static/chunks/04m2_next_dist_client_0-mnb_3._.js:13299
[ 4813031ms] [INFO] %cDownload the React DevTools for a better development experience: https://react.dev/link/react-devtools font-weight:bold @ http://localhost:3030/_next/static/chunks/04m2_next_dist_01d_w1-._.js:2431
[ 4813241ms] [LOG] [HMR] connected @ http://localhost:3030/_next/static/chunks/04m2_next_dist_01d_w1-._.js:2431
[ 4813290ms] [INFO] %c%s%c [setup-health] background: #e6e6e6;background: light-dark(rgba(0,0,0,0.1), rgba(255,255,255,0.25));color: #000000;color: light-dark(#000000, #ffffff);border-radius: 2px  Server   panel-layout hidden because permission=false {tenantId: cmrvvipw70000oyyo6123270j, userId: cmrvvipyc000aoyyodcu4tftb, roleKeys: Array(1)} @ http://localhost:3030/_next/static/chunks/04m2_next_dist_01d_w1-._.js:2431
[ 4813404ms] [ERROR] %o

%s Error: برای انجام این عملیات روی کارمند دسترسی کافی ندارید.
    at requireEmployeeAccess (about://React/Server/C:%5CUsers%5CAdministrator%5CDesktop%5Cfirst-unit-next%5Cvahedyek%5Capps%5Cdastranj-panel%5C.next%5Cdev%5Cserver%5Cchunks%5Cssr%5CDesktop_first-unit-next_vahedyek_apps_dastranj-panel_05po~4r._.js?0:671:45)
    at  EmployeeChangeRequestDetailPage (about://React/Server/C:%5CUsers%5CAdministrator%5CDesktop%5Cfirst-unit-next%5Cvahedyek%5Capps%5Cdastranj-panel%5C.next%5Cdev%5Cserver%5Cchunks%5Cssr%5C%5Broot-of-the-server%5D__0.f7p-m._.js?1:138:5)
    at resolveErrorDev (http://localhost:3030/_next/static/chunks/04m2_next_dist_compiled_react-server-dom-turbopack_0m1uz4p._.js:1919:105)
    at processFullStringRow (http://localhost:3030/_next/static/chunks/04m2_next_dist_compiled_react-server-dom-turbopack_0m1uz4p._.js:2434:29)
    at processFullBinaryRow (http://localhost:3030/_next/static/chunks/04m2_next_dist_compiled_react-server-dom-turbopack_0m1uz4p._.js:2393:9)
    at processBinaryChunk (http://localhost:3030/_next/static/chunks/04m2_next_dist_compiled_react-server-dom-turbopack_0m1uz4p._.js:2502:221)
    at progress (http://localhost:3030/_next/static/chunks/04m2_next_dist_compiled_react-server-dom-turbopack_0m1uz4p._.js:2689:13) The above error occurred in the <EmployeeChangeRequestDetailPage> component. It was handled by the <ErrorBoundaryHandler> error boundary. @ http://localhost:3030/_next/static/chunks/04m2_next_dist_client_0-mnb_3._.js:1998
[ 4901246ms] [LOG] [Fast Refresh] rebuilding @ http://localhost:3030/_next/static/chunks/04m2_next_dist_01d_w1-._.js:2431
[ 4901454ms] [LOG] [Fast Refresh] done in 308ms @ http://localhost:3030/_next/static/chunks/04m2_next_dist_01d_w1-._.js:2431
[ 4907908ms] [LOG] [Fast Refresh] rebuilding @ http://localhost:3030/_next/static/chunks/04m2_next_dist_01d_w1-._.js:2431
[ 4908088ms] [LOG] [Fast Refresh] done in 284ms @ http://localhost:3030/_next/static/chunks/04m2_next_dist_01d_w1-._.js:2431
[ 4932724ms] [LOG] [Fast Refresh] rebuilding @ http://localhost:3030/_next/static/chunks/04m2_next_dist_01d_w1-._.js:2431
[ 4932978ms] [LOG] [Fast Refresh] done in 355ms @ http://localhost:3030/_next/static/chunks/04m2_next_dist_01d_w1-._.js:2431
[ 4955084ms] [LOG] [Fast Refresh] rebuilding @ http://localhost:3030/_next/static/chunks/04m2_next_dist_01d_w1-._.js:2431
[ 4955304ms] [LOG] [Fast Refresh] done in 331ms @ http://localhost:3030/_next/static/chunks/04m2_next_dist_01d_w1-._.js:2431
[ 5049006ms] [LOG] [Fast Refresh] rebuilding @ http://localhost:3030/_next/static/chunks/04m2_next_dist_01d_w1-._.js:2431
[ 5049482ms] [LOG] [Fast Refresh] done in 588ms @ http://localhost:3030/_next/static/chunks/04m2_next_dist_01d_w1-._.js:2431
[ 5066118ms] [LOG] [Fast Refresh] rebuilding @ http://localhost:3030/_next/static/chunks/04m2_next_dist_01d_w1-._.js:2431
[ 5066369ms] [LOG] [Fast Refresh] done in 366ms @ http://localhost:3030/_next/static/chunks/04m2_next_dist_01d_w1-._.js:2431
[ 5076459ms] [LOG] [Fast Refresh] rebuilding @ http://localhost:3030/_next/static/chunks/04m2_next_dist_01d_w1-._.js:2431
[ 5077680ms] [LOG] [Fast Refresh] done in 1328ms @ http://localhost:3030/_next/static/chunks/04m2_next_dist_01d_w1-._.js:2431
[ 5077689ms] [INFO] %c%s%c [setup-health] background: #e6e6e6;background: light-dark(rgba(0,0,0,0.1), rgba(255,255,255,0.25));color: #000000;color: light-dark(#000000, #ffffff);border-radius: 2px  Server   panel-layout hidden because permission=false {tenantId: cmrvvipw70000oyyo6123270j, userId: cmrvvipyc000aoyyodcu4tftb, roleKeys: Array(1)} @ http://localhost:3030/_next/static/chunks/04m2_next_dist_01d_w1-._.js:2431
[ 5077878ms] [INFO] %c%s%c [setup-health] background: #e6e6e6;background: light-dark(rgba(0,0,0,0.1), rgba(255,255,255,0.25));color: #000000;color: light-dark(#000000, #ffffff);border-radius: 2px  Server   panel-layout hidden because permission=false {tenantId: cmrvvipw70000oyyo6123270j, userId: cmrvvipyc000aoyyodcu4tftb, roleKeys: Array(1)} @ http://localhost:3030/_next/static/chunks/04m2_next_dist_01d_w1-._.js:2431
[ 5078011ms] [LOG] [Fast Refresh] rebuilding @ http://localhost:3030/_next/static/chunks/04m2_next_dist_01d_w1-._.js:2431
[ 5078384ms] [LOG] [Fast Refresh] done in 481ms @ http://localhost:3030/_next/static/chunks/04m2_next_dist_01d_w1-._.js:2431
[ 5078409ms] [INFO] %c%s%c [setup-health] background: #e6e6e6;background: light-dark(rgba(0,0,0,0.1), rgba(255,255,255,0.25));color: #000000;color: light-dark(#000000, #ffffff);border-radius: 2px  Server   panel-layout hidden because permission=false {tenantId: cmrvvipw70000oyyo6123270j, userId: cmrvvipyc000aoyyodcu4tftb, roleKeys: Array(1)} @ http://localhost:3030/_next/static/chunks/04m2_next_dist_01d_w1-._.js:2431
[ 5078413ms] [INFO] %c%s%c [setup-health] background: #e6e6e6;background: light-dark(rgba(0,0,0,0.1), rgba(255,255,255,0.25));color: #000000;color: light-dark(#000000, #ffffff);border-radius: 2px  Server   panel-layout hidden because permission=false {tenantId: cmrvvipw70000oyyo6123270j, userId: cmrvvipyc000aoyyodcu4tftb, roleKeys: Array(1)} @ http://localhost:3030/_next/static/chunks/04m2_next_dist_01d_w1-._.js:2431
[ 5078419ms] [INFO] %c%s%c [setup-health] background: #e6e6e6;background: light-dark(rgba(0,0,0,0.1), rgba(255,255,255,0.25));color: #000000;color: light-dark(#000000, #ffffff);border-radius: 2px  Server   panel-layout hidden because permission=false {tenantId: cmrvvipw70000oyyo6123270j, userId: cmrvvipyc000aoyyodcu4tftb, roleKeys: Array(1)} @ http://localhost:3030/_next/static/chunks/04m2_next_dist_01d_w1-._.js:2431
[ 5078785ms] [LOG] [Fast Refresh] rebuilding @ http://localhost:3030/_next/static/chunks/04m2_next_dist_01d_w1-._.js:2431
[ 5078808ms] [LOG] [Fast Refresh] done in 128ms @ http://localhost:3030/_next/static/chunks/04m2_next_dist_01d_w1-._.js:2431
[ 5079413ms] [LOG] [Fast Refresh] rebuilding @ http://localhost:3030/_next/static/chunks/04m2_next_dist_01d_w1-._.js:2431
[ 5079478ms] [LOG] [Fast Refresh] done in 169ms @ http://localhost:3030/_next/static/chunks/04m2_next_dist_01d_w1-._.js:2431
[ 5079864ms] [INFO] %c%s%c [setup-health] background: #e6e6e6;background: light-dark(rgba(0,0,0,0.1), rgba(255,255,255,0.25));color: #000000;color: light-dark(#000000, #ffffff);border-radius: 2px  Server   panel-layout hidden because permission=false {tenantId: cmrvvipw70000oyyo6123270j, userId: cmrvvipyc000aoyyodcu4tftb, roleKeys: Array(1)} @ http://localhost:3030/_next/static/chunks/04m2_next_dist_01d_w1-._.js:2431
[ 5079998ms] [LOG] [Fast Refresh] rebuilding @ http://localhost:3030/_next/static/chunks/04m2_next_dist_01d_w1-._.js:2431
[ 5080185ms] [LOG] [Fast Refresh] done in 293ms @ http://localhost:3030/_next/static/chunks/04m2_next_dist_01d_w1-._.js:2431
[ 5080401ms] [LOG] [Fast Refresh] rebuilding @ http://localhost:3030/_next/static/chunks/04m2_next_dist_01d_w1-._.js:2431
[ 5080477ms] [LOG] [Fast Refresh] done in 186ms @ http://localhost:3030/_next/static/chunks/04m2_next_dist_01d_w1-._.js:2431
[ 5080667ms] [LOG] [Fast Refresh] rebuilding @ http://localhost:3030/_next/static/chunks/04m2_next_dist_01d_w1-._.js:2431
[ 5080712ms] [LOG] [Fast Refresh] done in 153ms @ http://localhost:3030/_next/static/chunks/04m2_next_dist_01d_w1-._.js:2431
[ 5080821ms] [LOG] [Fast Refresh] rebuilding @ http://localhost:3030/_next/static/chunks/04m2_next_dist_01d_w1-._.js:2431
[ 5081039ms] [INFO] %c%s%c [setup-health] background: #e6e6e6;background: light-dark(rgba(0,0,0,0.1), rgba(255,255,255,0.25));color: #000000;color: light-dark(#000000, #ffffff);border-radius: 2px  Server   panel-layout hidden because permission=false {tenantId: cmrvvipw70000oyyo6123270j, userId: cmrvvipyc000aoyyodcu4tftb, roleKeys: Array(1)} @ http://localhost:3030/_next/static/chunks/04m2_next_dist_01d_w1-._.js:2431
[ 5081146ms] [LOG] [Fast Refresh] done in 429ms @ http://localhost:3030/_next/static/chunks/04m2_next_dist_01d_w1-._.js:2431
[ 5081251ms] [LOG] [Fast Refresh] rebuilding @ http://localhost:3030/_next/static/chunks/04m2_next_dist_01d_w1-._.js:2431
[ 5081454ms] [LOG] [Fast Refresh] done in 307ms @ http://localhost:3030/_next/static/chunks/04m2_next_dist_01d_w1-._.js:2431
[ 5081905ms] [LOG] [Fast Refresh] rebuilding @ http://localhost:3030/_next/static/chunks/04m2_next_dist_01d_w1-._.js:2431
[ 5081906ms] [LOG] [Fast Refresh] done in 122ms @ http://localhost:3030/_next/static/chunks/04m2_next_dist_01d_w1-._.js:2431
[ 5082251ms] [LOG] [Fast Refresh] rebuilding @ http://localhost:3030/_next/static/chunks/04m2_next_dist_01d_w1-._.js:2431
[ 5082329ms] [LOG] [Fast Refresh] done in 184ms @ http://localhost:3030/_next/static/chunks/04m2_next_dist_01d_w1-._.js:2431
[ 5082416ms] [INFO] %c%s%c [setup-health] background: #e6e6e6;background: light-dark(rgba(0,0,0,0.1), rgba(255,255,255,0.25));color: #000000;color: light-dark(#000000, #ffffff);border-radius: 2px  Server   panel-layout hidden because permission=false {tenantId: cmrvvipw70000oyyo6123270j, userId: cmrvvipyc000aoyyodcu4tftb, roleKeys: Array(1)} @ http://localhost:3030/_next/static/chunks/04m2_next_dist_01d_w1-._.js:2431
[ 5082530ms] [LOG] [Fast Refresh] rebuilding @ http://localhost:3030/_next/static/chunks/04m2_next_dist_01d_w1-._.js:2431
[ 5082542ms] [LOG] [Fast Refresh] done in 126ms @ http://localhost:3030/_next/static/chunks/04m2_next_dist_01d_w1-._.js:2431
[ 5082650ms] [LOG] [Fast Refresh] rebuilding @ http://localhost:3030/_next/static/chunks/04m2_next_dist_01d_w1-._.js:2431
[ 5082857ms] [LOG] [Fast Refresh] done in 313ms @ http://localhost:3030/_next/static/chunks/04m2_next_dist_01d_w1-._.js:2431
[ 5082977ms] [LOG] [Fast Refresh] rebuilding @ http://localhost:3030/_next/static/chunks/04m2_next_dist_01d_w1-._.js:2431
[ 5082986ms] [LOG] [Fast Refresh] done in 124ms @ http://localhost:3030/_next/static/chunks/04m2_next_dist_01d_w1-._.js:2431
[ 5083292ms] [LOG] [Fast Refresh] rebuilding @ http://localhost:3030/_next/static/chunks/04m2_next_dist_01d_w1-._.js:2431
[ 5083693ms] [LOG] [Fast Refresh] done in 508ms @ http://localhost:3030/_next/static/chunks/04m2_next_dist_01d_w1-._.js:2431
[ 5083772ms] [INFO] %c%s%c [setup-health] background: #e6e6e6;background: light-dark(rgba(0,0,0,0.1), rgba(255,255,255,0.25));color: #000000;color: light-dark(#000000, #ffffff);border-radius: 2px  Server   panel-layout hidden because permission=false {tenantId: cmrvvipw70000oyyo6123270j, userId: cmrvvipyc000aoyyodcu4tftb, roleKeys: Array(1)} @ http://localhost:3030/_next/static/chunks/04m2_next_dist_01d_w1-._.js:2431
[ 5083935ms] [LOG] [Fast Refresh] rebuilding @ http://localhost:3030/_next/static/chunks/04m2_next_dist_01d_w1-._.js:2431
[ 5084082ms] [LOG] [Fast Refresh] done in 259ms @ http://localhost:3030/_next/static/chunks/04m2_next_dist_01d_w1-._.js:2431
[ 5084454ms] [LOG] [Fast Refresh] rebuilding @ http://localhost:3030/_next/static/chunks/04m2_next_dist_01d_w1-._.js:2431
[ 5084493ms] [LOG] [Fast Refresh] done in 144ms @ http://localhost:3030/_next/static/chunks/04m2_next_dist_01d_w1-._.js:2431
[ 5084717ms] [LOG] [Fast Refresh] rebuilding @ http://localhost:3030/_next/static/chunks/04m2_next_dist_01d_w1-._.js:2431
[ 5084718ms] [LOG] [Fast Refresh] done in 133ms @ http://localhost:3030/_next/static/chunks/04m2_next_dist_01d_w1-._.js:2431
[ 5084836ms] [LOG] [Fast Refresh] rebuilding @ http://localhost:3030/_next/static/chunks/04m2_next_dist_01d_w1-._.js:2431
[ 5084884ms] [LOG] [Fast Refresh] done in 164ms @ http://localhost:3030/_next/static/chunks/04m2_next_dist_01d_w1-._.js:2431
[ 5085026ms] [INFO] %c%s%c [setup-health] background: #e6e6e6;background: light-dark(rgba(0,0,0,0.1), rgba(255,255,255,0.25));color: #000000;color: light-dark(#000000, #ffffff);border-radius: 2px  Server   panel-layout hidden because permission=false {tenantId: cmrvvipw70000oyyo6123270j, userId: cmrvvipyc000aoyyodcu4tftb, roleKeys: Array(1)} @ http://localhost:3030/_next/static/chunks/04m2_next_dist_01d_w1-._.js:2431
[ 5085160ms] [LOG] [Fast Refresh] rebuilding @ http://localhost:3030/_next/static/chunks/04m2_next_dist_01d_w1-._.js:2431
[ 5085309ms] [LOG] [Fast Refresh] done in 254ms @ http://localhost:3030/_next/static/chunks/04m2_next_dist_01d_w1-._.js:2431
[ 5085923ms] [LOG] [Fast Refresh] rebuilding @ http://localhost:3030/_next/static/chunks/04m2_next_dist_01d_w1-._.js:2431
[ 5086002ms] [LOG] [Fast Refresh] done in 188ms @ http://localhost:3030/_next/static/chunks/04m2_next_dist_01d_w1-._.js:2431
[ 5086319ms] [LOG] [Fast Refresh] rebuilding @ http://localhost:3030/_next/static/chunks/04m2_next_dist_01d_w1-._.js:2431
[ 5086415ms] [LOG] [Fast Refresh] done in 202ms @ http://localhost:3030/_next/static/chunks/04m2_next_dist_01d_w1-._.js:2431
[ 5086455ms] [INFO] %c%s%c [setup-health] background: #e6e6e6;background: light-dark(rgba(0,0,0,0.1), rgba(255,255,255,0.25));color: #000000;color: light-dark(#000000, #ffffff);border-radius: 2px  Server   panel-layout hidden because permission=false {tenantId: cmrvvipw70000oyyo6123270j, userId: cmrvvipyc000aoyyodcu4tftb, roleKeys: Array(1)} @ http://localhost:3030/_next/static/chunks/04m2_next_dist_01d_w1-._.js:2431
[ 5086882ms] [LOG] [Fast Refresh] rebuilding @ http://localhost:3030/_next/static/chunks/04m2_next_dist_01d_w1-._.js:2431
[ 5087056ms] [LOG] [Fast Refresh] done in 286ms @ http://localhost:3030/_next/static/chunks/04m2_next_dist_01d_w1-._.js:2431
[ 5087651ms] [INFO] %c%s%c [setup-health] background: #e6e6e6;background: light-dark(rgba(0,0,0,0.1), rgba(255,255,255,0.25));color: #000000;color: light-dark(#000000, #ffffff);border-radius: 2px  Server   panel-layout hidden because permission=false {tenantId: cmrvvipw70000oyyo6123270j, userId: cmrvvipyc000aoyyodcu4tftb, roleKeys: Array(1)} @ http://localhost:3030/_next/static/chunks/04m2_next_dist_01d_w1-._.js:2431
[ 5087735ms] [LOG] [Fast Refresh] rebuilding @ http://localhost:3030/_next/static/chunks/04m2_next_dist_01d_w1-._.js:2431
[ 5087813ms] [LOG] [Fast Refresh] done in 186ms @ http://localhost:3030/_next/static/chunks/04m2_next_dist_01d_w1-._.js:2431
[ 5088175ms] [LOG] [Fast Refresh] rebuilding @ http://localhost:3030/_next/static/chunks/04m2_next_dist_01d_w1-._.js:2431
[ 5088257ms] [LOG] [Fast Refresh] done in 193ms @ http://localhost:3030/_next/static/chunks/04m2_next_dist_01d_w1-._.js:2431
[ 5088372ms] [LOG] [Fast Refresh] rebuilding @ http://localhost:3030/_next/static/chunks/04m2_next_dist_01d_w1-._.js:2431
[ 5088404ms] [LOG] [Fast Refresh] done in 142ms @ http://localhost:3030/_next/static/chunks/04m2_next_dist_01d_w1-._.js:2431
[ 5088506ms] [LOG] [Fast Refresh] rebuilding @ http://localhost:3030/_next/static/chunks/04m2_next_dist_01d_w1-._.js:2431
[ 5088551ms] [LOG] [Fast Refresh] done in 146ms @ http://localhost:3030/_next/static/chunks/04m2_next_dist_01d_w1-._.js:2431
[ 5088664ms] [LOG] [Fast Refresh] rebuilding @ http://localhost:3030/_next/static/chunks/04m2_next_dist_01d_w1-._.js:2431
[ 5088799ms] [LOG] [Fast Refresh] done in 249ms @ http://localhost:3030/_next/static/chunks/04m2_next_dist_01d_w1-._.js:2431
[ 5088845ms] [INFO] %c%s%c [setup-health] background: #e6e6e6;background: light-dark(rgba(0,0,0,0.1), rgba(255,255,255,0.25));color: #000000;color: light-dark(#000000, #ffffff);border-radius: 2px  Server   panel-layout hidden because permission=false {tenantId: cmrvvipw70000oyyo6123270j, userId: cmrvvipyc000aoyyodcu4tftb, roleKeys: Array(1)} @ http://localhost:3030/_next/static/chunks/04m2_next_dist_01d_w1-._.js:2431
[ 5088906ms] [LOG] [Fast Refresh] rebuilding @ http://localhost:3030/_next/static/chunks/04m2_next_dist_01d_w1-._.js:2431
[ 5088975ms] [LOG] [Fast Refresh] done in 175ms @ http://localhost:3030/_next/static/chunks/04m2_next_dist_01d_w1-._.js:2431
[ 5089082ms] [LOG] [Fast Refresh] rebuilding @ http://localhost:3030/_next/static/chunks/04m2_next_dist_01d_w1-._.js:2431
[ 5089163ms] [LOG] [Fast Refresh] done in 187ms @ http://localhost:3030/_next/static/chunks/04m2_next_dist_01d_w1-._.js:2431
[ 5089280ms] [LOG] [Fast Refresh] rebuilding @ http://localhost:3030/_next/static/chunks/04m2_next_dist_01d_w1-._.js:2431
[ 5089311ms] [LOG] [Fast Refresh] done in 147ms @ http://localhost:3030/_next/static/chunks/04m2_next_dist_01d_w1-._.js:2431
[ 5089427ms] [LOG] [Fast Refresh] rebuilding @ http://localhost:3030/_next/static/chunks/04m2_next_dist_01d_w1-._.js:2431
[ 5089627ms] [LOG] [Fast Refresh] done in 315ms @ http://localhost:3030/_next/static/chunks/04m2_next_dist_01d_w1-._.js:2431
[ 5090040ms] [LOG] [Fast Refresh] rebuilding @ http://localhost:3030/_next/static/chunks/04m2_next_dist_01d_w1-._.js:2431
[ 5090161ms] [LOG] [Fast Refresh] done in 224ms @ http://localhost:3030/_next/static/chunks/04m2_next_dist_01d_w1-._.js:2431
[ 5090163ms] [INFO] %c%s%c [setup-health] background: #e6e6e6;background: light-dark(rgba(0,0,0,0.1), rgba(255,255,255,0.25));color: #000000;color: light-dark(#000000, #ffffff);border-radius: 2px  Server   panel-layout hidden because permission=false {tenantId: cmrvvipw70000oyyo6123270j, userId: cmrvvipyc000aoyyodcu4tftb, roleKeys: Array(1)} @ http://localhost:3030/_next/static/chunks/04m2_next_dist_01d_w1-._.js:2431
[ 5090427ms] [LOG] [Fast Refresh] rebuilding @ http://localhost:3030/_next/static/chunks/04m2_next_dist_01d_w1-._.js:2431
[ 5090682ms] [LOG] [Fast Refresh] done in 371ms @ http://localhost:3030/_next/static/chunks/04m2_next_dist_01d_w1-._.js:2431
[ 5091242ms] [LOG] [Fast Refresh] rebuilding @ http://localhost:3030/_next/static/chunks/04m2_next_dist_01d_w1-._.js:2431
[ 5091376ms] [LOG] [Fast Refresh] done in 237ms @ http://localhost:3030/_next/static/chunks/04m2_next_dist_01d_w1-._.js:2431
[ 5091429ms] [INFO] %c%s%c [setup-health] background: #e6e6e6;background: light-dark(rgba(0,0,0,0.1), rgba(255,255,255,0.25));color: #000000;color: light-dark(#000000, #ffffff);border-radius: 2px  Server   panel-layout hidden because permission=false {tenantId: cmrvvipw70000oyyo6123270j, userId: cmrvvipyc000aoyyodcu4tftb, roleKeys: Array(1)} @ http://localhost:3030/_next/static/chunks/04m2_next_dist_01d_w1-._.js:2431
[ 5091575ms] [LOG] [Fast Refresh] rebuilding @ http://localhost:3030/_next/static/chunks/04m2_next_dist_01d_w1-._.js:2431
[ 5091804ms] [LOG] [Fast Refresh] done in 347ms @ http://localhost:3030/_next/static/chunks/04m2_next_dist_01d_w1-._.js:2431
[ 5092032ms] [LOG] [Fast Refresh] rebuilding @ http://localhost:3030/_next/static/chunks/04m2_next_dist_01d_w1-._.js:2431
[ 5092086ms] [LOG] [Fast Refresh] done in 161ms @ http://localhost:3030/_next/static/chunks/04m2_next_dist_01d_w1-._.js:2431
[ 5092616ms] [INFO] %c%s%c [setup-health] background: #e6e6e6;background: light-dark(rgba(0,0,0,0.1), rgba(255,255,255,0.25));color: #000000;color: light-dark(#000000, #ffffff);border-radius: 2px  Server   panel-layout hidden because permission=false {tenantId: cmrvvipw70000oyyo6123270j, userId: cmrvvipyc000aoyyodcu4tftb, roleKeys: Array(1)} @ http://localhost:3030/_next/static/chunks/04m2_next_dist_01d_w1-._.js:2431
[ 5092666ms] [LOG] [Fast Refresh] rebuilding @ http://localhost:3030/_next/static/chunks/04m2_next_dist_01d_w1-._.js:2431
[ 5092763ms] [LOG] [Fast Refresh] done in 199ms @ http://localhost:3030/_next/static/chunks/04m2_next_dist_01d_w1-._.js:2431
[ 5093164ms] [LOG] [Fast Refresh] rebuilding @ http://localhost:3030/_next/static/chunks/04m2_next_dist_01d_w1-._.js:2431
[ 5093391ms] [LOG] [Fast Refresh] done in 333ms @ http://localhost:3030/_next/static/chunks/04m2_next_dist_01d_w1-._.js:2431
[ 5093860ms] [LOG] [Fast Refresh] rebuilding @ http://localhost:3030/_next/static/chunks/04m2_next_dist_01d_w1-._.js:2431
[ 5094019ms] [LOG] [Fast Refresh] done in 262ms @ http://localhost:3030/_next/static/chunks/04m2_next_dist_01d_w1-._.js:2431
[ 5094041ms] [INFO] %c%s%c [setup-health] background: #e6e6e6;background: light-dark(rgba(0,0,0,0.1), rgba(255,255,255,0.25));color: #000000;color: light-dark(#000000, #ffffff);border-radius: 2px  Server   panel-layout hidden because permission=false {tenantId: cmrvvipw70000oyyo6123270j, userId: cmrvvipyc000aoyyodcu4tftb, roleKeys: Array(1)} @ http://localhost:3030/_next/static/chunks/04m2_next_dist_01d_w1-._.js:2431
[ 5094337ms] [LOG] [Fast Refresh] rebuilding @ http://localhost:3030/_next/static/chunks/04m2_next_dist_01d_w1-._.js:2431
[ 5094523ms] [LOG] [Fast Refresh] done in 289ms @ http://localhost:3030/_next/static/chunks/04m2_next_dist_01d_w1-._.js:2431
[ 5095097ms] [LOG] [Fast Refresh] rebuilding @ http://localhost:3030/_next/static/chunks/04m2_next_dist_01d_w1-._.js:2431
[ 5095192ms] [LOG] [Fast Refresh] done in 201ms @ http://localhost:3030/_next/static/chunks/04m2_next_dist_01d_w1-._.js:2431
[ 5095230ms] [INFO] %c%s%c [setup-health] background: #e6e6e6;background: light-dark(rgba(0,0,0,0.1), rgba(255,255,255,0.25));color: #000000;color: light-dark(#000000, #ffffff);border-radius: 2px  Server   panel-layout hidden because permission=false {tenantId: cmrvvipw70000oyyo6123270j, userId: cmrvvipyc000aoyyodcu4tftb, roleKeys: Array(1)} @ http://localhost:3030/_next/static/chunks/04m2_next_dist_01d_w1-._.js:2431
[ 5095364ms] [LOG] [Fast Refresh] rebuilding @ http://localhost:3030/_next/static/chunks/04m2_next_dist_01d_w1-._.js:2431
[ 5095603ms] [LOG] [Fast Refresh] done in 342ms @ http://localhost:3030/_next/static/chunks/04m2_next_dist_01d_w1-._.js:2431
[ 5095862ms] [LOG] [Fast Refresh] rebuilding @ http://localhost:3030/_next/static/chunks/04m2_next_dist_01d_w1-._.js:2431
[ 5095939ms] [LOG] [Fast Refresh] done in 189ms @ http://localhost:3030/_next/static/chunks/04m2_next_dist_01d_w1-._.js:2431
[ 5096047ms] [LOG] [Fast Refresh] rebuilding @ http://localhost:3030/_next/static/chunks/04m2_next_dist_01d_w1-._.js:2431
[ 5096074ms] [LOG] [Fast Refresh] done in 134ms @ http://localhost:3030/_next/static/chunks/04m2_next_dist_01d_w1-._.js:2431
[ 5096186ms] [LOG] [Fast Refresh] rebuilding @ http://localhost:3030/_next/static/chunks/04m2_next_dist_01d_w1-._.js:2431
[ 5096192ms] [LOG] [Fast Refresh] done in 117ms @ http://localhost:3030/_next/static/chunks/04m2_next_dist_01d_w1-._.js:2431
[ 5096294ms] [LOG] [Fast Refresh] rebuilding @ http://localhost:3030/_next/static/chunks/04m2_next_dist_01d_w1-._.js:2431
[ 5096402ms] [LOG] [Fast Refresh] done in 210ms @ http://localhost:3030/_next/static/chunks/04m2_next_dist_01d_w1-._.js:2431
[ 5096526ms] [INFO] %c%s%c [setup-health] background: #e6e6e6;background: light-dark(rgba(0,0,0,0.1), rgba(255,255,255,0.25));color: #000000;color: light-dark(#000000, #ffffff);border-radius: 2px  Server   panel-layout hidden because permission=false {tenantId: cmrvvipw70000oyyo6123270j, userId: cmrvvipyc000aoyyodcu4tftb, roleKeys: Array(1)} @ http://localhost:3030/_next/static/chunks/04m2_next_dist_01d_w1-._.js:2431
[ 5096828ms] [LOG] [Fast Refresh] rebuilding @ http://localhost:3030/_next/static/chunks/04m2_next_dist_01d_w1-._.js:2431
[ 5097114ms] [LOG] [Fast Refresh] done in 405ms @ http://localhost:3030/_next/static/chunks/04m2_next_dist_01d_w1-._.js:2431
[ 5097712ms] [LOG] [Fast Refresh] rebuilding @ http://localhost:3030/_next/static/chunks/04m2_next_dist_01d_w1-._.js:2431
[ 5097804ms] [LOG] [Fast Refresh] done in 199ms @ http://localhost:3030/_next/static/chunks/04m2_next_dist_01d_w1-._.js:2431
[ 5097879ms] [INFO] %c%s%c [setup-health] background: #e6e6e6;background: light-dark(rgba(0,0,0,0.1), rgba(255,255,255,0.25));color: #000000;color: light-dark(#000000, #ffffff);border-radius: 2px  Server   panel-layout hidden because permission=false {tenantId: cmrvvipw70000oyyo6123270j, userId: cmrvvipyc000aoyyodcu4tftb, roleKeys: Array(1)} @ http://localhost:3030/_next/static/chunks/04m2_next_dist_01d_w1-._.js:2431
[ 5098368ms] [LOG] [Fast Refresh] rebuilding @ http://localhost:3030/_next/static/chunks/04m2_next_dist_01d_w1-._.js:2431
[ 5098513ms] [LOG] [Fast Refresh] done in 258ms @ http://localhost:3030/_next/static/chunks/04m2_next_dist_01d_w1-._.js:2431
[ 5098627ms] [LOG] [Fast Refresh] rebuilding @ http://localhost:3030/_next/static/chunks/04m2_next_dist_01d_w1-._.js:2431
[ 5098646ms] [LOG] [Fast Refresh] done in 132ms @ http://localhost:3030/_next/static/chunks/04m2_next_dist_01d_w1-._.js:2431
[ 5098749ms] [LOG] [Fast Refresh] rebuilding @ http://localhost:3030/_next/static/chunks/04m2_next_dist_01d_w1-._.js:2431
[ 5098779ms] [LOG] [Fast Refresh] done in 131ms @ http://localhost:3030/_next/static/chunks/04m2_next_dist_01d_w1-._.js:2431
[ 5098880ms] [LOG] [Fast Refresh] rebuilding @ http://localhost:3030/_next/static/chunks/04m2_next_dist_01d_w1-._.js:2431
[ 5099019ms] [LOG] [Fast Refresh] done in 241ms @ http://localhost:3030/_next/static/chunks/04m2_next_dist_01d_w1-._.js:2431
[ 5099111ms] [INFO] %c%s%c [setup-health] background: #e6e6e6;background: light-dark(rgba(0,0,0,0.1), rgba(255,255,255,0.25));color: #000000;color: light-dark(#000000, #ffffff);border-radius: 2px  Server   panel-layout hidden because permission=false {tenantId: cmrvvipw70000oyyo6123270j, userId: cmrvvipyc000aoyyodcu4tftb, roleKeys: Array(1)} @ http://localhost:3030/_next/static/chunks/04m2_next_dist_01d_w1-._.js:2431
[ 5099246ms] [LOG] [Fast Refresh] rebuilding @ http://localhost:3030/_next/static/chunks/04m2_next_dist_01d_w1-._.js:2431
[ 5099433ms] [LOG] [Fast Refresh] done in 292ms @ http://localhost:3030/_next/static/chunks/04m2_next_dist_01d_w1-._.js:2431
[ 5099714ms] [LOG] [Fast Refresh] rebuilding @ http://localhost:3030/_next/static/chunks/04m2_next_dist_01d_w1-._.js:2431
[ 5099780ms] [LOG] [Fast Refresh] done in 175ms @ http://localhost:3030/_next/static/chunks/04m2_next_dist_01d_w1-._.js:2431
[ 5100150ms] [LOG] [Fast Refresh] rebuilding @ http://localhost:3030/_next/static/chunks/04m2_next_dist_01d_w1-._.js:2431
[ 5100236ms] [LOG] [Fast Refresh] done in 192ms @ http://localhost:3030/_next/static/chunks/04m2_next_dist_01d_w1-._.js:2431
[ 5100324ms] [INFO] %c%s%c [setup-health] background: #e6e6e6;background: light-dark(rgba(0,0,0,0.1), rgba(255,255,255,0.25));color: #000000;color: light-dark(#000000, #ffffff);border-radius: 2px  Server   panel-layout hidden because permission=false {tenantId: cmrvvipw70000oyyo6123270j, userId: cmrvvipyc000aoyyodcu4tftb, roleKeys: Array(1)} @ http://localhost:3030/_next/static/chunks/04m2_next_dist_01d_w1-._.js:2431
[ 5100448ms] [LOG] [Fast Refresh] rebuilding @ http://localhost:3030/_next/static/chunks/04m2_next_dist_01d_w1-._.js:2431
[ 5100742ms] [LOG] [Fast Refresh] done in 402ms @ http://localhost:3030/_next/static/chunks/04m2_next_dist_01d_w1-._.js:2431
[ 5101496ms] [LOG] [Fast Refresh] rebuilding @ http://localhost:3030/_next/static/chunks/04m2_next_dist_01d_w1-._.js:2431
[ 5101658ms] [LOG] [Fast Refresh] done in 266ms @ http://localhost:3030/_next/static/chunks/04m2_next_dist_01d_w1-._.js:2431
[ 5101708ms] [INFO] %c%s%c [setup-health] background: #e6e6e6;background: light-dark(rgba(0,0,0,0.1), rgba(255,255,255,0.25));color: #000000;color: light-dark(#000000, #ffffff);border-radius: 2px  Server   panel-layout hidden because permission=false {tenantId: cmrvvipw70000oyyo6123270j, userId: cmrvvipyc000aoyyodcu4tftb, roleKeys: Array(1)} @ http://localhost:3030/_next/static/chunks/04m2_next_dist_01d_w1-._.js:2431
[ 5102184ms] [LOG] [Fast Refresh] rebuilding @ http://localhost:3030/_next/static/chunks/04m2_next_dist_01d_w1-._.js:2431
[ 5102289ms] [LOG] [Fast Refresh] done in 205ms @ http://localhost:3030/_next/static/chunks/04m2_next_dist_01d_w1-._.js:2431
[ 5102402ms] [LOG] [Fast Refresh] rebuilding @ http://localhost:3030/_next/static/chunks/04m2_next_dist_01d_w1-._.js:2431
[ 5102424ms] [LOG] [Fast Refresh] done in 134ms @ http://localhost:3030/_next/static/chunks/04m2_next_dist_01d_w1-._.js:2431
[ 5102695ms] [LOG] [Fast Refresh] rebuilding @ http://localhost:3030/_next/static/chunks/04m2_next_dist_01d_w1-._.js:2431
[ 5102819ms] [LOG] [Fast Refresh] done in 240ms @ http://localhost:3030/_next/static/chunks/04m2_next_dist_01d_w1-._.js:2431
[ 5102886ms] [INFO] %c%s%c [setup-health] background: #e6e6e6;background: light-dark(rgba(0,0,0,0.1), rgba(255,255,255,0.25));color: #000000;color: light-dark(#000000, #ffffff);border-radius: 2px  Server   panel-layout hidden because permission=false {tenantId: cmrvvipw70000oyyo6123270j, userId: cmrvvipyc000aoyyodcu4tftb, roleKeys: Array(1)} @ http://localhost:3030/_next/static/chunks/04m2_next_dist_01d_w1-._.js:2431
[ 5103031ms] [LOG] [Fast Refresh] rebuilding @ http://localhost:3030/_next/static/chunks/04m2_next_dist_01d_w1-._.js:2431
[ 5103219ms] [LOG] [Fast Refresh] done in 301ms @ http://localhost:3030/_next/static/chunks/04m2_next_dist_01d_w1-._.js:2431
[ 5103433ms] [LOG] [Fast Refresh] rebuilding @ http://localhost:3030/_next/static/chunks/04m2_next_dist_01d_w1-._.js:2431
[ 5103581ms] [LOG] [Fast Refresh] done in 265ms @ http://localhost:3030/_next/static/chunks/04m2_next_dist_01d_w1-._.js:2431
[ 5103928ms] [LOG] [Fast Refresh] rebuilding @ http://localhost:3030/_next/static/chunks/04m2_next_dist_01d_w1-._.js:2431
[ 5103997ms] [LOG] [Fast Refresh] done in 175ms @ http://localhost:3030/_next/static/chunks/04m2_next_dist_01d_w1-._.js:2431
[ 5104166ms] [INFO] %c%s%c [setup-health] background: #e6e6e6;background: light-dark(rgba(0,0,0,0.1), rgba(255,255,255,0.25));color: #000000;color: light-dark(#000000, #ffffff);border-radius: 2px  Server   panel-layout hidden because permission=false {tenantId: cmrvvipw70000oyyo6123270j, userId: cmrvvipyc000aoyyodcu4tftb, roleKeys: Array(1)} @ http://localhost:3030/_next/static/chunks/04m2_next_dist_01d_w1-._.js:2431
[ 5104318ms] [LOG] [Fast Refresh] rebuilding @ http://localhost:3030/_next/static/chunks/04m2_next_dist_01d_w1-._.js:2431
[ 5104501ms] [LOG] [Fast Refresh] done in 290ms @ http://localhost:3030/_next/static/chunks/04m2_next_dist_01d_w1-._.js:2431
[ 5105126ms] [LOG] [Fast Refresh] rebuilding @ http://localhost:3030/_next/static/chunks/04m2_next_dist_01d_w1-._.js:2431
[ 5105141ms] [LOG] [Fast Refresh] done in 117ms @ http://localhost:3030/_next/static/chunks/04m2_next_dist_01d_w1-._.js:2431
[ 5105571ms] [INFO] %c%s%c [setup-health] background: #e6e6e6;background: light-dark(rgba(0,0,0,0.1), rgba(255,255,255,0.25));color: #000000;color: light-dark(#000000, #ffffff);border-radius: 2px  Server   panel-layout hidden because permission=false {tenantId: cmrvvipw70000oyyo6123270j, userId: cmrvvipyc000aoyyodcu4tftb, roleKeys: Array(1)} @ http://localhost:3030/_next/static/chunks/04m2_next_dist_01d_w1-._.js:2431
[ 5105611ms] [LOG] [Fast Refresh] rebuilding @ http://localhost:3030/_next/static/chunks/04m2_next_dist_01d_w1-._.js:2431
[ 5105690ms] [LOG] [Fast Refresh] done in 188ms @ http://localhost:3030/_next/static/chunks/04m2_next_dist_01d_w1-._.js:2431
[ 5105794ms] [LOG] [Fast Refresh] rebuilding @ http://localhost:3030/_next/static/chunks/04m2_next_dist_01d_w1-._.js:2431
[ 5105875ms] [LOG] [Fast Refresh] done in 185ms @ http://localhost:3030/_next/static/chunks/04m2_next_dist_01d_w1-._.js:2431
[ 5105991ms] [LOG] [Fast Refresh] rebuilding @ http://localhost:3030/_next/static/chunks/04m2_next_dist_01d_w1-._.js:2431
[ 5106226ms] [LOG] [Fast Refresh] done in 350ms @ http://localhost:3030/_next/static/chunks/04m2_next_dist_01d_w1-._.js:2431
[ 5106969ms] [LOG] [Fast Refresh] rebuilding @ http://localhost:3030/_next/static/chunks/04m2_next_dist_01d_w1-._.js:2431
[ 5106984ms] [LOG] [Fast Refresh] done in 121ms @ http://localhost:3030/_next/static/chunks/04m2_next_dist_01d_w1-._.js:2431
[ 5107165ms] [LOG] [Fast Refresh] rebuilding @ http://localhost:3030/_next/static/chunks/04m2_next_dist_01d_w1-._.js:2431
[ 5107262ms] [LOG] [Fast Refresh] done in 212ms @ http://localhost:3030/_next/static/chunks/04m2_next_dist_01d_w1-._.js:2431
[ 5107344ms] [INFO] %c%s%c [setup-health] background: #e6e6e6;background: light-dark(rgba(0,0,0,0.1), rgba(255,255,255,0.25));color: #000000;color: light-dark(#000000, #ffffff);border-radius: 2px  Server   panel-layout hidden because permission=false {tenantId: cmrvvipw70000oyyo6123270j, userId: cmrvvipyc000aoyyodcu4tftb, roleKeys: Array(1)} @ http://localhost:3030/_next/static/chunks/04m2_next_dist_01d_w1-._.js:2431
[ 5107461ms] [LOG] [Fast Refresh] rebuilding @ http://localhost:3030/_next/static/chunks/04m2_next_dist_01d_w1-._.js:2431
[ 5107492ms] [LOG] [Fast Refresh] done in 149ms @ http://localhost:3030/_next/static/chunks/04m2_next_dist_01d_w1-._.js:2431
[ 5107611ms] [LOG] [Fast Refresh] rebuilding @ http://localhost:3030/_next/static/chunks/04m2_next_dist_01d_w1-._.js:2431
[ 5107743ms] [LOG] [Fast Refresh] done in 239ms @ http://localhost:3030/_next/static/chunks/04m2_next_dist_01d_w1-._.js:2431
[ 5107847ms] [LOG] [Fast Refresh] rebuilding @ http://localhost:3030/_next/static/chunks/04m2_next_dist_01d_w1-._.js:2431
[ 5107969ms] [LOG] [Fast Refresh] done in 223ms @ http://localhost:3030/_next/static/chunks/04m2_next_dist_01d_w1-._.js:2431
[ 5108220ms] [LOG] [Fast Refresh] rebuilding @ http://localhost:3030/_next/static/chunks/04m2_next_dist_01d_w1-._.js:2431
[ 5108287ms] [LOG] [Fast Refresh] done in 170ms @ http://localhost:3030/_next/static/chunks/04m2_next_dist_01d_w1-._.js:2431
[ 5108486ms] [LOG] [Fast Refresh] rebuilding @ http://localhost:3030/_next/static/chunks/04m2_next_dist_01d_w1-._.js:2431
[ 5108683ms] [LOG] [Fast Refresh] done in 310ms @ http://localhost:3030/_next/static/chunks/04m2_next_dist_01d_w1-._.js:2431
[ 5108737ms] [INFO] %c%s%c [setup-health] background: #e6e6e6;background: light-dark(rgba(0,0,0,0.1), rgba(255,255,255,0.25));color: #000000;color: light-dark(#000000, #ffffff);border-radius: 2px  Server   panel-layout hidden because permission=false {tenantId: cmrvvipw70000oyyo6123270j, userId: cmrvvipyc000aoyyodcu4tftb, roleKeys: Array(1)} @ http://localhost:3030/_next/static/chunks/04m2_next_dist_01d_w1-._.js:2431
[ 5109292ms] [LOG] [Fast Refresh] rebuilding @ http://localhost:3030/_next/static/chunks/04m2_next_dist_01d_w1-._.js:2431
[ 5109462ms] [LOG] [Fast Refresh] done in 276ms @ http://localhost:3030/_next/static/chunks/04m2_next_dist_01d_w1-._.js:2431
[ 5109969ms] [LOG] [Fast Refresh] rebuilding @ http://localhost:3030/_next/static/chunks/04m2_next_dist_01d_w1-._.js:2431
[ 5110075ms] [LOG] [Fast Refresh] done in 211ms @ http://localhost:3030/_next/static/chunks/04m2_next_dist_01d_w1-._.js:2431
[ 5110106ms] [INFO] %c%s%c [setup-health] background: #e6e6e6;background: light-dark(rgba(0,0,0,0.1), rgba(255,255,255,0.25));color: #000000;color: light-dark(#000000, #ffffff);border-radius: 2px  Server   panel-layout hidden because permission=false {tenantId: cmrvvipw70000oyyo6123270j, userId: cmrvvipyc000aoyyodcu4tftb, roleKeys: Array(1)} @ http://localhost:3030/_next/static/chunks/04m2_next_dist_01d_w1-._.js:2431
[ 5110559ms] [LOG] [Fast Refresh] rebuilding @ http://localhost:3030/_next/static/chunks/04m2_next_dist_01d_w1-._.js:2431
[ 5110720ms] [LOG] [Fast Refresh] done in 266ms @ http://localhost:3030/_next/static/chunks/04m2_next_dist_01d_w1-._.js:2431
[ 5111048ms] [LOG] [Fast Refresh] rebuilding @ http://localhost:3030/_next/static/chunks/04m2_next_dist_01d_w1-._.js:2431
[ 5111186ms] [LOG] [Fast Refresh] done in 240ms @ http://localhost:3030/_next/static/chunks/04m2_next_dist_01d_w1-._.js:2431
[ 5111222ms] [INFO] %c%s%c [setup-health] background: #e6e6e6;background: light-dark(rgba(0,0,0,0.1), rgba(255,255,255,0.25));color: #000000;color: light-dark(#000000, #ffffff);border-radius: 2px  Server   panel-layout hidden because permission=false {tenantId: cmrvvipw70000oyyo6123270j, userId: cmrvvipyc000aoyyodcu4tftb, roleKeys: Array(1)} @ http://localhost:3030/_next/static/chunks/04m2_next_dist_01d_w1-._.js:2431
[ 5111368ms] [LOG] [Fast Refresh] rebuilding @ http://localhost:3030/_next/static/chunks/04m2_next_dist_01d_w1-._.js:2431
[ 5111559ms] [LOG] [Fast Refresh] done in 293ms @ http://localhost:3030/_next/static/chunks/04m2_next_dist_01d_w1-._.js:2431
[ 5111851ms] [LOG] [Fast Refresh] rebuilding @ http://localhost:3030/_next/static/chunks/04m2_next_dist_01d_w1-._.js:2431
[ 5111946ms] [LOG] [Fast Refresh] done in 206ms @ http://localhost:3030/_next/static/chunks/04m2_next_dist_01d_w1-._.js:2431
[ 5112052ms] [LOG] [Fast Refresh] rebuilding @ http://localhost:3030/_next/static/chunks/04m2_next_dist_01d_w1-._.js:2431
[ 5112112ms] [LOG] [Fast Refresh] done in 165ms @ http://localhost:3030/_next/static/chunks/04m2_next_dist_01d_w1-._.js:2431
[ 5112223ms] [LOG] [Fast Refresh] rebuilding @ http://localhost:3030/_next/static/chunks/04m2_next_dist_01d_w1-._.js:2431
[ 5112478ms] [LOG] [Fast Refresh] done in 365ms @ http://localhost:3030/_next/static/chunks/04m2_next_dist_01d_w1-._.js:2431
[ 5112587ms] [INFO] %c%s%c [setup-health] background: #e6e6e6;background: light-dark(rgba(0,0,0,0.1), rgba(255,255,255,0.25));color: #000000;color: light-dark(#000000, #ffffff);border-radius: 2px  Server   panel-layout hidden because permission=false {tenantId: cmrvvipw70000oyyo6123270j, userId: cmrvvipyc000aoyyodcu4tftb, roleKeys: Array(1)} @ http://localhost:3030/_next/static/chunks/04m2_next_dist_01d_w1-._.js:2431
[ 5113093ms] [LOG] [Fast Refresh] rebuilding @ http://localhost:3030/_next/static/chunks/04m2_next_dist_01d_w1-._.js:2431
[ 5113236ms] [LOG] [Fast Refresh] done in 251ms @ http://localhost:3030/_next/static/chunks/04m2_next_dist_01d_w1-._.js:2431
[ 5113454ms] [LOG] [Fast Refresh] rebuilding @ http://localhost:3030/_next/static/chunks/04m2_next_dist_01d_w1-._.js:2431
[ 5113503ms] [LOG] [Fast Refresh] done in 164ms @ http://localhost:3030/_next/static/chunks/04m2_next_dist_01d_w1-._.js:2431
[ 5113610ms] [LOG] [Fast Refresh] rebuilding @ http://localhost:3030/_next/static/chunks/04m2_next_dist_01d_w1-._.js:2431
[ 5113625ms] [LOG] [Fast Refresh] done in 122ms @ http://localhost:3030/_next/static/chunks/04m2_next_dist_01d_w1-._.js:2431
[ 5113941ms] [INFO] %c%s%c [setup-health] background: #e6e6e6;background: light-dark(rgba(0,0,0,0.1), rgba(255,255,255,0.25));color: #000000;color: light-dark(#000000, #ffffff);border-radius: 2px  Server   panel-layout hidden because permission=false {tenantId: cmrvvipw70000oyyo6123270j, userId: cmrvvipyc000aoyyodcu4tftb, roleKeys: Array(1)} @ http://localhost:3030/_next/static/chunks/04m2_next_dist_01d_w1-._.js:2431
[ 5114092ms] [LOG] [Fast Refresh] rebuilding @ http://localhost:3030/_next/static/chunks/04m2_next_dist_01d_w1-._.js:2431
[ 5114242ms] [LOG] [Fast Refresh] done in 256ms @ http://localhost:3030/_next/static/chunks/04m2_next_dist_01d_w1-._.js:2431
[ 5114356ms] [LOG] [Fast Refresh] rebuilding @ http://localhost:3030/_next/static/chunks/04m2_next_dist_01d_w1-._.js:2431
[ 5114586ms] [LOG] [Fast Refresh] done in 339ms @ http://localhost:3030/_next/static/chunks/04m2_next_dist_01d_w1-._.js:2431
[ 5114699ms] [LOG] [Fast Refresh] rebuilding @ http://localhost:3030/_next/static/chunks/04m2_next_dist_01d_w1-._.js:2431
[ 5114756ms] [LOG] [Fast Refresh] done in 168ms @ http://localhost:3030/_next/static/chunks/04m2_next_dist_01d_w1-._.js:2431
[ 5114928ms] [LOG] [Fast Refresh] rebuilding @ http://localhost:3030/_next/static/chunks/04m2_next_dist_01d_w1-._.js:2431
[ 5115027ms] [LOG] [Fast Refresh] done in 215ms @ http://localhost:3030/_next/static/chunks/04m2_next_dist_01d_w1-._.js:2431
[ 5115095ms] [INFO] %c%s%c [setup-health] background: #e6e6e6;background: light-dark(rgba(0,0,0,0.1), rgba(255,255,255,0.25));color: #000000;color: light-dark(#000000, #ffffff);border-radius: 2px  Server   panel-layout hidden because permission=false {tenantId: cmrvvipw70000oyyo6123270j, userId: cmrvvipyc000aoyyodcu4tftb, roleKeys: Array(1)} @ http://localhost:3030/_next/static/chunks/04m2_next_dist_01d_w1-._.js:2431
[ 5115252ms] [LOG] [Fast Refresh] rebuilding @ http://localhost:3030/_next/static/chunks/04m2_next_dist_01d_w1-._.js:2431
[ 5115455ms] [LOG] [Fast Refresh] done in 326ms @ http://localhost:3030/_next/static/chunks/04m2_next_dist_01d_w1-._.js:2431
[ 5115703ms] [LOG] [Fast Refresh] rebuilding @ http://localhost:3030/_next/static/chunks/04m2_next_dist_01d_w1-._.js:2431
[ 5115821ms] [LOG] [Fast Refresh] done in 219ms @ http://localhost:3030/_next/static/chunks/04m2_next_dist_01d_w1-._.js:2431
[ 5115922ms] [LOG] [Fast Refresh] rebuilding @ http://localhost:3030/_next/static/chunks/04m2_next_dist_01d_w1-._.js:2431
[ 5115941ms] [LOG] [Fast Refresh] done in 118ms @ http://localhost:3030/_next/static/chunks/04m2_next_dist_01d_w1-._.js:2431
[ 5116047ms] [LOG] [Fast Refresh] rebuilding @ http://localhost:3030/_next/static/chunks/04m2_next_dist_01d_w1-._.js:2431
[ 5116103ms] [LOG] [Fast Refresh] done in 157ms @ http://localhost:3030/_next/static/chunks/04m2_next_dist_01d_w1-._.js:2431
[ 5116220ms] [LOG] [Fast Refresh] rebuilding @ http://localhost:3030/_next/static/chunks/04m2_next_dist_01d_w1-._.js:2431
[ 5116239ms] [LOG] [Fast Refresh] done in 135ms @ http://localhost:3030/_next/static/chunks/04m2_next_dist_01d_w1-._.js:2431
[ 5116344ms] [LOG] [Fast Refresh] rebuilding @ http://localhost:3030/_next/static/chunks/04m2_next_dist_01d_w1-._.js:2431
[ 5116412ms] [LOG] [Fast Refresh] done in 170ms @ http://localhost:3030/_next/static/chunks/04m2_next_dist_01d_w1-._.js:2431
[ 5116467ms] [INFO] %c%s%c [setup-health] background: #e6e6e6;background: light-dark(rgba(0,0,0,0.1), rgba(255,255,255,0.25));color: #000000;color: light-dark(#000000, #ffffff);border-radius: 2px  Server   panel-layout hidden because permission=false {tenantId: cmrvvipw70000oyyo6123270j, userId: cmrvvipyc000aoyyodcu4tftb, roleKeys: Array(1)} @ http://localhost:3030/_next/static/chunks/04m2_next_dist_01d_w1-._.js:2431
[ 5116983ms] [LOG] [Fast Refresh] rebuilding @ http://localhost:3030/_next/static/chunks/04m2_next_dist_01d_w1-._.js:2431
[ 5117135ms] [LOG] [Fast Refresh] done in 265ms @ http://localhost:3030/_next/static/chunks/04m2_next_dist_01d_w1-._.js:2431
[ 5117399ms] [LOG] [Fast Refresh] rebuilding @ http://localhost:3030/_next/static/chunks/04m2_next_dist_01d_w1-._.js:2431
[ 5117464ms] [LOG] [Fast Refresh] done in 167ms @ http://localhost:3030/_next/static/chunks/04m2_next_dist_01d_w1-._.js:2431
[ 5117772ms] [LOG] [Fast Refresh] rebuilding @ http://localhost:3030/_next/static/chunks/04m2_next_dist_01d_w1-._.js:2431
[ 5117787ms] [INFO] %c%s%c [setup-health] background: #e6e6e6;background: light-dark(rgba(0,0,0,0.1), rgba(255,255,255,0.25));color: #000000;color: light-dark(#000000, #ffffff);border-radius: 2px  Server   panel-layout hidden because permission=false {tenantId: cmrvvipw70000oyyo6123270j, userId: cmrvvipyc000aoyyodcu4tftb, roleKeys: Array(1)} @ http://localhost:3030/_next/static/chunks/04m2_next_dist_01d_w1-._.js:2431
[ 5117866ms] [LOG] [Fast Refresh] done in 198ms @ http://localhost:3030/_next/static/chunks/04m2_next_dist_01d_w1-._.js:2431
[ 5117973ms] [LOG] [Fast Refresh] rebuilding @ http://localhost:3030/_next/static/chunks/04m2_next_dist_01d_w1-._.js:2431
[ 5118026ms] [LOG] [Fast Refresh] done in 160ms @ http://localhost:3030/_next/static/chunks/04m2_next_dist_01d_w1-._.js:2431
[ 5118131ms] [LOG] [Fast Refresh] rebuilding @ http://localhost:3030/_next/static/chunks/04m2_next_dist_01d_w1-._.js:2431
[ 5118214ms] [LOG] [Fast Refresh] done in 186ms @ http://localhost:3030/_next/static/chunks/04m2_next_dist_01d_w1-._.js:2431
[ 5118349ms] [LOG] [Fast Refresh] rebuilding @ http://localhost:3030/_next/static/chunks/04m2_next_dist_01d_w1-._.js:2431
[ 5118359ms] [LOG] [Fast Refresh] done in 144ms @ http://localhost:3030/_next/static/chunks/04m2_next_dist_01d_w1-._.js:2431
[ 5118571ms] [LOG] [Fast Refresh] rebuilding @ http://localhost:3030/_next/static/chunks/04m2_next_dist_01d_w1-._.js:2431
[ 5118575ms] [LOG] [Fast Refresh] done in 108ms @ http://localhost:3030/_next/static/chunks/04m2_next_dist_01d_w1-._.js:2431
[ 5118759ms] [LOG] [Fast Refresh] rebuilding @ http://localhost:3030/_next/static/chunks/04m2_next_dist_01d_w1-._.js:2431
[ 5118816ms] [LOG] [Fast Refresh] done in 176ms @ http://localhost:3030/_next/static/chunks/04m2_next_dist_01d_w1-._.js:2431
[ 5118920ms] [INFO] %c%s%c [setup-health] background: #e6e6e6;background: light-dark(rgba(0,0,0,0.1), rgba(255,255,255,0.25));color: #000000;color: light-dark(#000000, #ffffff);border-radius: 2px  Server   panel-layout hidden because permission=false {tenantId: cmrvvipw70000oyyo6123270j, userId: cmrvvipyc000aoyyodcu4tftb, roleKeys: Array(1)} @ http://localhost:3030/_next/static/chunks/04m2_next_dist_01d_w1-._.js:2431
[ 5119050ms] [LOG] [Fast Refresh] rebuilding @ http://localhost:3030/_next/static/chunks/04m2_next_dist_01d_w1-._.js:2431
[ 5119322ms] [LOG] [Fast Refresh] done in 372ms @ http://localhost:3030/_next/static/chunks/04m2_next_dist_01d_w1-._.js:2431
[ 5119550ms] [LOG] [Fast Refresh] rebuilding @ http://localhost:3030/_next/static/chunks/04m2_next_dist_01d_w1-._.js:2431
[ 5119697ms] [LOG] [Fast Refresh] done in 253ms @ http://localhost:3030/_next/static/chunks/04m2_next_dist_01d_w1-._.js:2431
[ 5119810ms] [LOG] [Fast Refresh] rebuilding @ http://localhost:3030/_next/static/chunks/04m2_next_dist_01d_w1-._.js:2431
[ 5119866ms] [LOG] [Fast Refresh] done in 158ms @ http://localhost:3030/_next/static/chunks/04m2_next_dist_01d_w1-._.js:2431
[ 5119968ms] [LOG] [Fast Refresh] rebuilding @ http://localhost:3030/_next/static/chunks/04m2_next_dist_01d_w1-._.js:2431
[ 5119971ms] [LOG] [Fast Refresh] done in 104ms @ http://localhost:3030/_next/static/chunks/04m2_next_dist_01d_w1-._.js:2431
[ 5120199ms] [LOG] [Fast Refresh] rebuilding @ http://localhost:3030/_next/static/chunks/04m2_next_dist_01d_w1-._.js:2431
[ 5120267ms] [LOG] [Fast Refresh] done in 173ms @ http://localhost:3030/_next/static/chunks/04m2_next_dist_01d_w1-._.js:2431
[ 5120350ms] [INFO] %c%s%c [setup-health] background: #e6e6e6;background: light-dark(rgba(0,0,0,0.1), rgba(255,255,255,0.25));color: #000000;color: light-dark(#000000, #ffffff);border-radius: 2px  Server   panel-layout hidden because permission=false {tenantId: cmrvvipw70000oyyo6123270j, userId: cmrvvipyc000aoyyodcu4tftb, roleKeys: Array(1)} @ http://localhost:3030/_next/static/chunks/04m2_next_dist_01d_w1-._.js:2431
[ 5120383ms] [LOG] [Fast Refresh] rebuilding @ http://localhost:3030/_next/static/chunks/04m2_next_dist_01d_w1-._.js:2431
[ 5120482ms] [LOG] [Fast Refresh] done in 215ms @ http://localhost:3030/_next/static/chunks/04m2_next_dist_01d_w1-._.js:2431
[ 5120590ms] [LOG] [Fast Refresh] rebuilding @ http://localhost:3030/_next/static/chunks/04m2_next_dist_01d_w1-._.js:2431
[ 5120670ms] [LOG] [Fast Refresh] done in 182ms @ http://localhost:3030/_next/static/chunks/04m2_next_dist_01d_w1-._.js:2431
[ 5120924ms] [LOG] [Fast Refresh] rebuilding @ http://localhost:3030/_next/static/chunks/04m2_next_dist_01d_w1-._.js:2431
[ 5121073ms] [LOG] [Fast Refresh] done in 251ms @ http://localhost:3030/_next/static/chunks/04m2_next_dist_01d_w1-._.js:2431
[ 5121176ms] [LOG] [Fast Refresh] rebuilding @ http://localhost:3030/_next/static/chunks/04m2_next_dist_01d_w1-._.js:2431
[ 5121214ms] [LOG] [Fast Refresh] done in 139ms @ http://localhost:3030/_next/static/chunks/04m2_next_dist_01d_w1-._.js:2431
[ 5121317ms] [LOG] [Fast Refresh] rebuilding @ http://localhost:3030/_next/static/chunks/04m2_next_dist_01d_w1-._.js:2431
[ 5121359ms] [LOG] [Fast Refresh] done in 145ms @ http://localhost:3030/_next/static/chunks/04m2_next_dist_01d_w1-._.js:2431
[ 5121464ms] [LOG] [Fast Refresh] rebuilding @ http://localhost:3030/_next/static/chunks/04m2_next_dist_01d_w1-._.js:2431
[ 5121532ms] [LOG] [Fast Refresh] done in 173ms @ http://localhost:3030/_next/static/chunks/04m2_next_dist_01d_w1-._.js:2431
[ 5121641ms] [LOG] [Fast Refresh] rebuilding @ http://localhost:3030/_next/static/chunks/04m2_next_dist_01d_w1-._.js:2431
[ 5121683ms] [LOG] [Fast Refresh] done in 149ms @ http://localhost:3030/_next/static/chunks/04m2_next_dist_01d_w1-._.js:2431
[ 5121696ms] [INFO] %c%s%c [setup-health] background: #e6e6e6;background: light-dark(rgba(0,0,0,0.1), rgba(255,255,255,0.25));color: #000000;color: light-dark(#000000, #ffffff);border-radius: 2px  Server   panel-layout hidden because permission=false {tenantId: cmrvvipw70000oyyo6123270j, userId: cmrvvipyc000aoyyodcu4tftb, roleKeys: Array(1)} @ http://localhost:3030/_next/static/chunks/04m2_next_dist_01d_w1-._.js:2431
[ 5121797ms] [LOG] [Fast Refresh] rebuilding @ http://localhost:3030/_next/static/chunks/04m2_next_dist_01d_w1-._.js:2431
[ 5121921ms] [LOG] [Fast Refresh] done in 236ms @ http://localhost:3030/_next/static/chunks/04m2_next_dist_01d_w1-._.js:2431
[ 5122582ms] [LOG] [Fast Refresh] rebuilding @ http://localhost:3030/_next/static/chunks/04m2_next_dist_01d_w1-._.js:2431
[ 5122654ms] [LOG] [Fast Refresh] done in 188ms @ http://localhost:3030/_next/static/chunks/04m2_next_dist_01d_w1-._.js:2431
[ 5122791ms] [INFO] %c%s%c [setup-health] background: #e6e6e6;background: light-dark(rgba(0,0,0,0.1), rgba(255,255,255,0.25));color: #000000;color: light-dark(#000000, #ffffff);border-radius: 2px  Server   panel-layout hidden because permission=false {tenantId: cmrvvipw70000oyyo6123270j, userId: cmrvvipyc000aoyyodcu4tftb, roleKeys: Array(1)} @ http://localhost:3030/_next/static/chunks/04m2_next_dist_01d_w1-._.js:2431
[ 5122947ms] [LOG] [Fast Refresh] rebuilding @ http://localhost:3030/_next/static/chunks/04m2_next_dist_01d_w1-._.js:2431
[ 5123172ms] [LOG] [Fast Refresh] done in 335ms @ http://localhost:3030/_next/static/chunks/04m2_next_dist_01d_w1-._.js:2431
[ 5123431ms] [LOG] [Fast Refresh] rebuilding @ http://localhost:3030/_next/static/chunks/04m2_next_dist_01d_w1-._.js:2431
[ 5123516ms] [LOG] [Fast Refresh] done in 194ms @ http://localhost:3030/_next/static/chunks/04m2_next_dist_01d_w1-._.js:2431
[ 5123629ms] [LOG] [Fast Refresh] rebuilding @ http://localhost:3030/_next/static/chunks/04m2_next_dist_01d_w1-._.js:2431
[ 5123789ms] [LOG] [Fast Refresh] done in 263ms @ http://localhost:3030/_next/static/chunks/04m2_next_dist_01d_w1-._.js:2431
[ 5124018ms] [LOG] [Fast Refresh] rebuilding @ http://localhost:3030/_next/static/chunks/04m2_next_dist_01d_w1-._.js:2431
[ 5124069ms] [LOG] [Fast Refresh] done in 158ms @ http://localhost:3030/_next/static/chunks/04m2_next_dist_01d_w1-._.js:2431
[ 5124187ms] [INFO] %c%s%c [setup-health] background: #e6e6e6;background: light-dark(rgba(0,0,0,0.1), rgba(255,255,255,0.25));color: #000000;color: light-dark(#000000, #ffffff);border-radius: 2px  Server   panel-layout hidden because permission=false {tenantId: cmrvvipw70000oyyo6123270j, userId: cmrvvipyc000aoyyodcu4tftb, roleKeys: Array(1)} @ http://localhost:3030/_next/static/chunks/04m2_next_dist_01d_w1-._.js:2431
[ 5124484ms] [LOG] [Fast Refresh] rebuilding @ http://localhost:3030/_next/static/chunks/04m2_next_dist_01d_w1-._.js:2431
[ 5124587ms] [LOG] [Fast Refresh] done in 205ms @ http://localhost:3030/_next/static/chunks/04m2_next_dist_01d_w1-._.js:2431
[ 5125391ms] [LOG] [Fast Refresh] rebuilding @ http://localhost:3030/_next/static/chunks/04m2_next_dist_01d_w1-._.js:2431
[ 5125495ms] [LOG] [Fast Refresh] done in 214ms @ http://localhost:3030/_next/static/chunks/04m2_next_dist_01d_w1-._.js:2431
[ 5125522ms] [INFO] %c%s%c [setup-health] background: #e6e6e6;background: light-dark(rgba(0,0,0,0.1), rgba(255,255,255,0.25));color: #000000;color: light-dark(#000000, #ffffff);border-radius: 2px  Server   panel-layout hidden because permission=false {tenantId: cmrvvipw70000oyyo6123270j, userId: cmrvvipyc000aoyyodcu4tftb, roleKeys: Array(1)} @ http://localhost:3030/_next/static/chunks/04m2_next_dist_01d_w1-._.js:2431
[ 5125600ms] [LOG] [Fast Refresh] rebuilding @ http://localhost:3030/_next/static/chunks/04m2_next_dist_01d_w1-._.js:2431
[ 5125642ms] [LOG] [Fast Refresh] done in 146ms @ http://localhost:3030/_next/static/chunks/04m2_next_dist_01d_w1-._.js:2431
[ 5125747ms] [LOG] [Fast Refresh] rebuilding @ http://localhost:3030/_next/static/chunks/04m2_next_dist_01d_w1-._.js:2431
[ 5125890ms] [LOG] [Fast Refresh] done in 247ms @ http://localhost:3030/_next/static/chunks/04m2_next_dist_01d_w1-._.js:2431
[ 5125991ms] [LOG] [Fast Refresh] rebuilding @ http://localhost:3030/_next/static/chunks/04m2_next_dist_01d_w1-._.js:2431
[ 5126098ms] [LOG] [Fast Refresh] done in 207ms @ http://localhost:3030/_next/static/chunks/04m2_next_dist_01d_w1-._.js:2431
[ 5126857ms] [INFO] %c%s%c [setup-health] background: #e6e6e6;background: light-dark(rgba(0,0,0,0.1), rgba(255,255,255,0.25));color: #000000;color: light-dark(#000000, #ffffff);border-radius: 2px  Server   panel-layout hidden because permission=false {tenantId: cmrvvipw70000oyyo6123270j, userId: cmrvvipyc000aoyyodcu4tftb, roleKeys: Array(1)} @ http://localhost:3030/_next/static/chunks/04m2_next_dist_01d_w1-._.js:2431
[ 5126905ms] [LOG] [Fast Refresh] rebuilding @ http://localhost:3030/_next/static/chunks/04m2_next_dist_01d_w1-._.js:2431
[ 5126939ms] [LOG] [Fast Refresh] done in 139ms @ http://localhost:3030/_next/static/chunks/04m2_next_dist_01d_w1-._.js:2431
[ 5127057ms] [LOG] [Fast Refresh] rebuilding @ http://localhost:3030/_next/static/chunks/04m2_next_dist_01d_w1-._.js:2431
[ 5127257ms] [LOG] [Fast Refresh] done in 314ms @ http://localhost:3030/_next/static/chunks/04m2_next_dist_01d_w1-._.js:2431
[ 5127486ms] [LOG] [Fast Refresh] rebuilding @ http://localhost:3030/_next/static/chunks/04m2_next_dist_01d_w1-._.js:2431
[ 5127659ms] [LOG] [Fast Refresh] done in 279ms @ http://localhost:3030/_next/static/chunks/04m2_next_dist_01d_w1-._.js:2431
[ 5128095ms] [LOG] [Fast Refresh] rebuilding @ http://localhost:3030/_next/static/chunks/04m2_next_dist_01d_w1-._.js:2431
[ 5128270ms] [LOG] [Fast Refresh] done in 283ms @ http://localhost:3030/_next/static/chunks/04m2_next_dist_01d_w1-._.js:2431
[ 5128431ms] [INFO] %c%s%c [setup-health] background: #e6e6e6;background: light-dark(rgba(0,0,0,0.1), rgba(255,255,255,0.25));color: #000000;color: light-dark(#000000, #ffffff);border-radius: 2px  Server   panel-layout hidden because permission=false {tenantId: cmrvvipw70000oyyo6123270j, userId: cmrvvipyc000aoyyodcu4tftb, roleKeys: Array(1)} @ http://localhost:3030/_next/static/chunks/04m2_next_dist_01d_w1-._.js:2431
[ 5128788ms] [LOG] [Fast Refresh] rebuilding @ http://localhost:3030/_next/static/chunks/04m2_next_dist_01d_w1-._.js:2431
[ 5129033ms] [LOG] [Fast Refresh] done in 350ms @ http://localhost:3030/_next/static/chunks/04m2_next_dist_01d_w1-._.js:2431
[ 5129147ms] [LOG] [Fast Refresh] rebuilding @ http://localhost:3030/_next/static/chunks/04m2_next_dist_01d_w1-._.js:2431
[ 5129339ms] [LOG] [Fast Refresh] done in 299ms @ http://localhost:3030/_next/static/chunks/04m2_next_dist_01d_w1-._.js:2431
[ 5129560ms] [LOG] [Fast Refresh] rebuilding @ http://localhost:3030/_next/static/chunks/04m2_next_dist_01d_w1-._.js:2431
[ 5129602ms] [LOG] [Fast Refresh] done in 157ms @ http://localhost:3030/_next/static/chunks/04m2_next_dist_01d_w1-._.js:2431
[ 5129936ms] [INFO] %c%s%c [setup-health] background: #e6e6e6;background: light-dark(rgba(0,0,0,0.1), rgba(255,255,255,0.25));color: #000000;color: light-dark(#000000, #ffffff);border-radius: 2px  Server   panel-layout hidden because permission=false {tenantId: cmrvvipw70000oyyo6123270j, userId: cmrvvipyc000aoyyodcu4tftb, roleKeys: Array(1)} @ http://localhost:3030/_next/static/chunks/04m2_next_dist_01d_w1-._.js:2431
[ 5130085ms] [LOG] [Fast Refresh] rebuilding @ http://localhost:3030/_next/static/chunks/04m2_next_dist_01d_w1-._.js:2431
[ 5130216ms] [LOG] [Fast Refresh] done in 239ms @ http://localhost:3030/_next/static/chunks/04m2_next_dist_01d_w1-._.js:2431
[ 5130601ms] [LOG] [Fast Refresh] rebuilding @ http://localhost:3030/_next/static/chunks/04m2_next_dist_01d_w1-._.js:2431
[ 5130645ms] [LOG] [Fast Refresh] done in 147ms @ http://localhost:3030/_next/static/chunks/04m2_next_dist_01d_w1-._.js:2431
[ 5130948ms] [LOG] [Fast Refresh] rebuilding @ http://localhost:3030/_next/static/chunks/04m2_next_dist_01d_w1-._.js:2431
[ 5131099ms] [LOG] [Fast Refresh] done in 257ms @ http://localhost:3030/_next/static/chunks/04m2_next_dist_01d_w1-._.js:2431
[ 5131247ms] [INFO] %c%s%c [setup-health] background: #e6e6e6;background: light-dark(rgba(0,0,0,0.1), rgba(255,255,255,0.25));color: #000000;color: light-dark(#000000, #ffffff);border-radius: 2px  Server   panel-layout hidden because permission=false {tenantId: cmrvvipw70000oyyo6123270j, userId: cmrvvipyc000aoyyodcu4tftb, roleKeys: Array(1)} @ http://localhost:3030/_next/static/chunks/04m2_next_dist_01d_w1-._.js:2431
[ 5131500ms] [LOG] [Fast Refresh] rebuilding @ http://localhost:3030/_next/static/chunks/04m2_next_dist_01d_w1-._.js:2431
[ 5131819ms] [LOG] [Fast Refresh] done in 427ms @ http://localhost:3030/_next/static/chunks/04m2_next_dist_01d_w1-._.js:2431
[ 5132394ms] [LOG] [Fast Refresh] rebuilding @ http://localhost:3030/_next/static/chunks/04m2_next_dist_01d_w1-._.js:2431
[ 5132487ms] [LOG] [Fast Refresh] done in 203ms @ http://localhost:3030/_next/static/chunks/04m2_next_dist_01d_w1-._.js:2431
[ 5132633ms] [INFO] %c%s%c [setup-health] background: #e6e6e6;background: light-dark(rgba(0,0,0,0.1), rgba(255,255,255,0.25));color: #000000;color: light-dark(#000000, #ffffff);border-radius: 2px  Server   panel-layout hidden because permission=false {tenantId: cmrvvipw70000oyyo6123270j, userId: cmrvvipyc000aoyyodcu4tftb, roleKeys: Array(1)} @ http://localhost:3030/_next/static/chunks/04m2_next_dist_01d_w1-._.js:2431
[ 5132765ms] [LOG] [Fast Refresh] rebuilding @ http://localhost:3030/_next/static/chunks/04m2_next_dist_01d_w1-._.js:2431
[ 5132978ms] [LOG] [Fast Refresh] done in 320ms @ http://localhost:3030/_next/static/chunks/04m2_next_dist_01d_w1-._.js:2431
[ 5133308ms] [LOG] [Fast Refresh] rebuilding @ http://localhost:3030/_next/static/chunks/04m2_next_dist_01d_w1-._.js:2431
[ 5133472ms] [LOG] [Fast Refresh] done in 277ms @ http://localhost:3030/_next/static/chunks/04m2_next_dist_01d_w1-._.js:2431
[ 5133696ms] [LOG] [Fast Refresh] rebuilding @ http://localhost:3030/_next/static/chunks/04m2_next_dist_01d_w1-._.js:2431
[ 5133742ms] [LOG] [Fast Refresh] done in 161ms @ http://localhost:3030/_next/static/chunks/04m2_next_dist_01d_w1-._.js:2431
[ 5134164ms] [LOG] [Fast Refresh] rebuilding @ http://localhost:3030/_next/static/chunks/04m2_next_dist_01d_w1-._.js:2431
[ 5134218ms] [LOG] [Fast Refresh] done in 164ms @ http://localhost:3030/_next/static/chunks/04m2_next_dist_01d_w1-._.js:2431
[ 5134247ms] [INFO] %c%s%c [setup-health] background: #e6e6e6;background: light-dark(rgba(0,0,0,0.1), rgba(255,255,255,0.25));color: #000000;color: light-dark(#000000, #ffffff);border-radius: 2px  Server   panel-layout hidden because permission=false {tenantId: cmrvvipw70000oyyo6123270j, userId: cmrvvipyc000aoyyodcu4tftb, roleKeys: Array(1)} @ http://localhost:3030/_next/static/chunks/04m2_next_dist_01d_w1-._.js:2431
[ 5134324ms] [LOG] [Fast Refresh] rebuilding @ http://localhost:3030/_next/static/chunks/04m2_next_dist_01d_w1-._.js:2431
[ 5134357ms] [LOG] [Fast Refresh] done in 138ms @ http://localhost:3030/_next/static/chunks/04m2_next_dist_01d_w1-._.js:2431
[ 5134459ms] [LOG] [Fast Refresh] rebuilding @ http://localhost:3030/_next/static/chunks/04m2_next_dist_01d_w1-._.js:2431
[ 5134632ms] [LOG] [Fast Refresh] done in 273ms @ http://localhost:3030/_next/static/chunks/04m2_next_dist_01d_w1-._.js:2431
[ 5135036ms] [LOG] [Fast Refresh] rebuilding @ http://localhost:3030/_next/static/chunks/04m2_next_dist_01d_w1-._.js:2431
[ 5135085ms] [LOG] [Fast Refresh] done in 169ms @ http://localhost:3030/_next/static/chunks/04m2_next_dist_01d_w1-._.js:2431
[ 5135418ms] [INFO] %c%s%c [setup-health] background: #e6e6e6;background: light-dark(rgba(0,0,0,0.1), rgba(255,255,255,0.25));color: #000000;color: light-dark(#000000, #ffffff);border-radius: 2px  Server   panel-layout hidden because permission=false {tenantId: cmrvvipw70000oyyo6123270j, userId: cmrvvipyc000aoyyodcu4tftb, roleKeys: Array(1)} @ http://localhost:3030/_next/static/chunks/04m2_next_dist_01d_w1-._.js:2431
[ 5135473ms] [LOG] [Fast Refresh] rebuilding @ http://localhost:3030/_next/static/chunks/04m2_next_dist_01d_w1-._.js:2431
[ 5135554ms] [LOG] [Fast Refresh] done in 189ms @ http://localhost:3030/_next/static/chunks/04m2_next_dist_01d_w1-._.js:2431
[ 5136085ms] [LOG] [Fast Refresh] rebuilding @ http://localhost:3030/_next/static/chunks/04m2_next_dist_01d_w1-._.js:2431
[ 5136142ms] [LOG] [Fast Refresh] done in 173ms @ http://localhost:3030/_next/static/chunks/04m2_next_dist_01d_w1-._.js:2431
[ 5136253ms] [LOG] [Fast Refresh] rebuilding @ http://localhost:3030/_next/static/chunks/04m2_next_dist_01d_w1-._.js:2431
[ 5136329ms] [LOG] [Fast Refresh] done in 187ms @ http://localhost:3030/_next/static/chunks/04m2_next_dist_01d_w1-._.js:2431
[ 5136766ms] [LOG] [Fast Refresh] rebuilding @ http://localhost:3030/_next/static/chunks/04m2_next_dist_01d_w1-._.js:2431
[ 5136869ms] [LOG] [Fast Refresh] done in 204ms @ http://localhost:3030/_next/static/chunks/04m2_next_dist_01d_w1-._.js:2431
[ 5136942ms] [INFO] %c%s%c [setup-health] background: #e6e6e6;background: light-dark(rgba(0,0,0,0.1), rgba(255,255,255,0.25));color: #000000;color: light-dark(#000000, #ffffff);border-radius: 2px  Server   panel-layout hidden because permission=false {tenantId: cmrvvipw70000oyyo6123270j, userId: cmrvvipyc000aoyyodcu4tftb, roleKeys: Array(1)} @ http://localhost:3030/_next/static/chunks/04m2_next_dist_01d_w1-._.js:2431
[ 5136975ms] [LOG] [Fast Refresh] rebuilding @ http://localhost:3030/_next/static/chunks/04m2_next_dist_01d_w1-._.js:2431
[ 5137044ms] [LOG] [Fast Refresh] done in 172ms @ http://localhost:3030/_next/static/chunks/04m2_next_dist_01d_w1-._.js:2431
[ 5137155ms] [LOG] [Fast Refresh] rebuilding @ http://localhost:3030/_next/static/chunks/04m2_next_dist_01d_w1-._.js:2431
[ 5137303ms] [LOG] [Fast Refresh] done in 258ms @ http://localhost:3030/_next/static/chunks/04m2_next_dist_01d_w1-._.js:2431
[ 5137536ms] [LOG] [Fast Refresh] rebuilding @ http://localhost:3030/_next/static/chunks/04m2_next_dist_01d_w1-._.js:2431
[ 5137660ms] [LOG] [Fast Refresh] done in 224ms @ http://localhost:3030/_next/static/chunks/04m2_next_dist_01d_w1-._.js:2431
[ 5137860ms] [LOG] [Fast Refresh] rebuilding @ http://localhost:3030/_next/static/chunks/04m2_next_dist_01d_w1-._.js:2431
[ 5137899ms] [LOG] [Fast Refresh] done in 143ms @ http://localhost:3030/_next/static/chunks/04m2_next_dist_01d_w1-._.js:2431
[ 5138002ms] [LOG] [Fast Refresh] rebuilding @ http://localhost:3030/_next/static/chunks/04m2_next_dist_01d_w1-._.js:2431
[ 5138115ms] [LOG] [Fast Refresh] done in 215ms @ http://localhost:3030/_next/static/chunks/04m2_next_dist_01d_w1-._.js:2431
[ 5138223ms] [LOG] [Fast Refresh] rebuilding @ http://localhost:3030/_next/static/chunks/04m2_next_dist_01d_w1-._.js:2431
[ 5138228ms] [INFO] %c%s%c [setup-health] background: #e6e6e6;background: light-dark(rgba(0,0,0,0.1), rgba(255,255,255,0.25));color: #000000;color: light-dark(#000000, #ffffff);border-radius: 2px  Server   panel-layout hidden because permission=false {tenantId: cmrvvipw70000oyyo6123270j, userId: cmrvvipyc000aoyyodcu4tftb, roleKeys: Array(1)} @ http://localhost:3030/_next/static/chunks/04m2_next_dist_01d_w1-._.js:2431
[ 5138301ms] [LOG] [Fast Refresh] done in 185ms @ http://localhost:3030/_next/static/chunks/04m2_next_dist_01d_w1-._.js:2431
[ 5138788ms] [LOG] [Fast Refresh] rebuilding @ http://localhost:3030/_next/static/chunks/04m2_next_dist_01d_w1-._.js:2431
[ 5138857ms] [LOG] [Fast Refresh] done in 172ms @ http://localhost:3030/_next/static/chunks/04m2_next_dist_01d_w1-._.js:2431
[ 5139281ms] [LOG] [Fast Refresh] rebuilding @ http://localhost:3030/_next/static/chunks/04m2_next_dist_01d_w1-._.js:2431
[ 5139330ms] [LOG] [Fast Refresh] done in 164ms @ http://localhost:3030/_next/static/chunks/04m2_next_dist_01d_w1-._.js:2431
[ 5139454ms] [LOG] [Fast Refresh] rebuilding @ http://localhost:3030/_next/static/chunks/04m2_next_dist_01d_w1-._.js:2431
[ 5139483ms] [LOG] [Fast Refresh] done in 142ms @ http://localhost:3030/_next/static/chunks/04m2_next_dist_01d_w1-._.js:2431
[ 5139484ms] [INFO] %c%s%c [setup-health] background: #e6e6e6;background: light-dark(rgba(0,0,0,0.1), rgba(255,255,255,0.25));color: #000000;color: light-dark(#000000, #ffffff);border-radius: 2px  Server   panel-layout hidden because permission=false {tenantId: cmrvvipw70000oyyo6123270j, userId: cmrvvipyc000aoyyodcu4tftb, roleKeys: Array(1)} @ http://localhost:3030/_next/static/chunks/04m2_next_dist_01d_w1-._.js:2431
[ 5139590ms] [LOG] [Fast Refresh] rebuilding @ http://localhost:3030/_next/static/chunks/04m2_next_dist_01d_w1-._.js:2431
[ 5139673ms] [LOG] [Fast Refresh] done in 189ms @ http://localhost:3030/_next/static/chunks/04m2_next_dist_01d_w1-._.js:2431
[ 5139778ms] [LOG] [Fast Refresh] rebuilding @ http://localhost:3030/_next/static/chunks/04m2_next_dist_01d_w1-._.js:2431
[ 5139968ms] [LOG] [Fast Refresh] done in 293ms @ http://localhost:3030/_next/static/chunks/04m2_next_dist_01d_w1-._.js:2431
[ 5140247ms] [LOG] [Fast Refresh] rebuilding @ http://localhost:3030/_next/static/chunks/04m2_next_dist_01d_w1-._.js:2431
[ 5140356ms] [LOG] [Fast Refresh] done in 226ms @ http://localhost:3030/_next/static/chunks/04m2_next_dist_01d_w1-._.js:2431
[ 5140778ms] [LOG] [Fast Refresh] rebuilding @ http://localhost:3030/_next/static/chunks/04m2_next_dist_01d_w1-._.js:2431
[ 5140917ms] [LOG] [Fast Refresh] done in 257ms @ http://localhost:3030/_next/static/chunks/04m2_next_dist_01d_w1-._.js:2431
[ 5141141ms] [INFO] %c%s%c [setup-health] background: #e6e6e6;background: light-dark(rgba(0,0,0,0.1), rgba(255,255,255,0.25));color: #000000;color: light-dark(#000000, #ffffff);border-radius: 2px  Server   panel-layout hidden because permission=false {tenantId: cmrvvipw70000oyyo6123270j, userId: cmrvvipyc000aoyyodcu4tftb, roleKeys: Array(1)} @ http://localhost:3030/_next/static/chunks/04m2_next_dist_01d_w1-._.js:2431
[ 5141435ms] [LOG] [Fast Refresh] rebuilding @ http://localhost:3030/_next/static/chunks/04m2_next_dist_01d_w1-._.js:2431
[ 5141569ms] [LOG] [Fast Refresh] done in 243ms @ http://localhost:3030/_next/static/chunks/04m2_next_dist_01d_w1-._.js:2431
[ 5141683ms] [LOG] [Fast Refresh] rebuilding @ http://localhost:3030/_next/static/chunks/04m2_next_dist_01d_w1-._.js:2431
[ 5141806ms] [LOG] [Fast Refresh] done in 234ms @ http://localhost:3030/_next/static/chunks/04m2_next_dist_01d_w1-._.js:2431
[ 5142195ms] [LOG] [Fast Refresh] rebuilding @ http://localhost:3030/_next/static/chunks/04m2_next_dist_01d_w1-._.js:2431
[ 5142313ms] [LOG] [Fast Refresh] done in 221ms @ http://localhost:3030/_next/static/chunks/04m2_next_dist_01d_w1-._.js:2431
[ 5142329ms] [INFO] %c%s%c [setup-health] background: #e6e6e6;background: light-dark(rgba(0,0,0,0.1), rgba(255,255,255,0.25));color: #000000;color: light-dark(#000000, #ffffff);border-radius: 2px  Server   panel-layout hidden because permission=false {tenantId: cmrvvipw70000oyyo6123270j, userId: cmrvvipyc000aoyyodcu4tftb, roleKeys: Array(1)} @ http://localhost:3030/_next/static/chunks/04m2_next_dist_01d_w1-._.js:2431
[ 5142608ms] [LOG] [Fast Refresh] rebuilding @ http://localhost:3030/_next/static/chunks/04m2_next_dist_01d_w1-._.js:2431
[ 5142728ms] [LOG] [Fast Refresh] done in 236ms @ http://localhost:3030/_next/static/chunks/04m2_next_dist_01d_w1-._.js:2431
[ 5142835ms] [LOG] [Fast Refresh] rebuilding @ http://localhost:3030/_next/static/chunks/04m2_next_dist_01d_w1-._.js:2431
[ 5142928ms] [LOG] [Fast Refresh] done in 199ms @ http://localhost:3030/_next/static/chunks/04m2_next_dist_01d_w1-._.js:2431
[ 5143036ms] [LOG] [Fast Refresh] rebuilding @ http://localhost:3030/_next/static/chunks/04m2_next_dist_01d_w1-._.js:2431
[ 5143130ms] [LOG] [Fast Refresh] done in 198ms @ http://localhost:3030/_next/static/chunks/04m2_next_dist_01d_w1-._.js:2431
[ 5143314ms] [LOG] [Fast Refresh] rebuilding @ http://localhost:3030/_next/static/chunks/04m2_next_dist_01d_w1-._.js:2431
[ 5143376ms] [LOG] [Fast Refresh] done in 165ms @ http://localhost:3030/_next/static/chunks/04m2_next_dist_01d_w1-._.js:2431
[ 5143515ms] [INFO] %c%s%c [setup-health] background: #e6e6e6;background: light-dark(rgba(0,0,0,0.1), rgba(255,255,255,0.25));color: #000000;color: light-dark(#000000, #ffffff);border-radius: 2px  Server   panel-layout hidden because permission=false {tenantId: cmrvvipw70000oyyo6123270j, userId: cmrvvipyc000aoyyodcu4tftb, roleKeys: Array(1)} @ http://localhost:3030/_next/static/chunks/04m2_next_dist_01d_w1-._.js:2431
[ 5143754ms] [LOG] [Fast Refresh] rebuilding @ http://localhost:3030/_next/static/chunks/04m2_next_dist_01d_w1-._.js:2431
[ 5143931ms] [LOG] [Fast Refresh] done in 282ms @ http://localhost:3030/_next/static/chunks/04m2_next_dist_01d_w1-._.js:2431
[ 5144049ms] [LOG] [Fast Refresh] rebuilding @ http://localhost:3030/_next/static/chunks/04m2_next_dist_01d_w1-._.js:2431
[ 5144077ms] [LOG] [Fast Refresh] done in 140ms @ http://localhost:3030/_next/static/chunks/04m2_next_dist_01d_w1-._.js:2431
[ 5144191ms] [LOG] [Fast Refresh] rebuilding @ http://localhost:3030/_next/static/chunks/04m2_next_dist_01d_w1-._.js:2431
[ 5144261ms] [LOG] [Fast Refresh] done in 183ms @ http://localhost:3030/_next/static/chunks/04m2_next_dist_01d_w1-._.js:2431
[ 5144436ms] [LOG] [Fast Refresh] rebuilding @ http://localhost:3030/_next/static/chunks/04m2_next_dist_01d_w1-._.js:2431
[ 5144514ms] [LOG] [Fast Refresh] done in 187ms @ http://localhost:3030/_next/static/chunks/04m2_next_dist_01d_w1-._.js:2431
[ 5144649ms] [INFO] %c%s%c [setup-health] background: #e6e6e6;background: light-dark(rgba(0,0,0,0.1), rgba(255,255,255,0.25));color: #000000;color: light-dark(#000000, #ffffff);border-radius: 2px  Server   panel-layout hidden because permission=false {tenantId: cmrvvipw70000oyyo6123270j, userId: cmrvvipyc000aoyyodcu4tftb, roleKeys: Array(1)} @ http://localhost:3030/_next/static/chunks/04m2_next_dist_01d_w1-._.js:2431
[ 5144796ms] [LOG] [Fast Refresh] rebuilding @ http://localhost:3030/_next/static/chunks/04m2_next_dist_01d_w1-._.js:2431
[ 5144982ms] [LOG] [Fast Refresh] done in 299ms @ http://localhost:3030/_next/static/chunks/04m2_next_dist_01d_w1-._.js:2431
[ 5145248ms] [LOG] [Fast Refresh] rebuilding @ http://localhost:3030/_next/static/chunks/04m2_next_dist_01d_w1-._.js:2431
[ 5145399ms] [LOG] [Fast Refresh] done in 256ms @ http://localhost:3030/_next/static/chunks/04m2_next_dist_01d_w1-._.js:2431
[ 5145632ms] [LOG] [Fast Refresh] rebuilding @ http://localhost:3030/_next/static/chunks/04m2_next_dist_01d_w1-._.js:2431
[ 5145671ms] [LOG] [Fast Refresh] done in 139ms @ http://localhost:3030/_next/static/chunks/04m2_next_dist_01d_w1-._.js:2431
[ 5145776ms] [LOG] [Fast Refresh] rebuilding @ http://localhost:3030/_next/static/chunks/04m2_next_dist_01d_w1-._.js:2431
[ 5145852ms] [LOG] [Fast Refresh] done in 180ms @ http://localhost:3030/_next/static/chunks/04m2_next_dist_01d_w1-._.js:2431
[ 5145959ms] [LOG] [Fast Refresh] rebuilding @ http://localhost:3030/_next/static/chunks/04m2_next_dist_01d_w1-._.js:2431
[ 5146025ms] [INFO] %c%s%c [setup-health] background: #e6e6e6;background: light-dark(rgba(0,0,0,0.1), rgba(255,255,255,0.25));color: #000000;color: light-dark(#000000, #ffffff);border-radius: 2px  Server   panel-layout hidden because permission=false {tenantId: cmrvvipw70000oyyo6123270j, userId: cmrvvipyc000aoyyodcu4tftb, roleKeys: Array(1)} @ http://localhost:3030/_next/static/chunks/04m2_next_dist_01d_w1-._.js:2431
[ 5146061ms] [LOG] [Fast Refresh] done in 206ms @ http://localhost:3030/_next/static/chunks/04m2_next_dist_01d_w1-._.js:2431
[ 5146172ms] [LOG] [Fast Refresh] rebuilding @ http://localhost:3030/_next/static/chunks/04m2_next_dist_01d_w1-._.js:2431
[ 5146278ms] [LOG] [Fast Refresh] done in 215ms @ http://localhost:3030/_next/static/chunks/04m2_next_dist_01d_w1-._.js:2431
[ 5146726ms] [LOG] [Fast Refresh] rebuilding @ http://localhost:3030/_next/static/chunks/04m2_next_dist_01d_w1-._.js:2431
[ 5146811ms] [LOG] [Fast Refresh] done in 189ms @ http://localhost:3030/_next/static/chunks/04m2_next_dist_01d_w1-._.js:2431
[ 5146995ms] [LOG] [Fast Refresh] rebuilding @ http://localhost:3030/_next/static/chunks/04m2_next_dist_01d_w1-._.js:2431
[ 5147099ms] [LOG] [Fast Refresh] done in 208ms @ http://localhost:3030/_next/static/chunks/04m2_next_dist_01d_w1-._.js:2431
[ 5147183ms] [INFO] %c%s%c [setup-health] background: #e6e6e6;background: light-dark(rgba(0,0,0,0.1), rgba(255,255,255,0.25));color: #000000;color: light-dark(#000000, #ffffff);border-radius: 2px  Server   panel-layout hidden because permission=false {tenantId: cmrvvipw70000oyyo6123270j, userId: cmrvvipyc000aoyyodcu4tftb, roleKeys: Array(1)} @ http://localhost:3030/_next/static/chunks/04m2_next_dist_01d_w1-._.js:2431
[ 5147318ms] [LOG] [Fast Refresh] rebuilding @ http://localhost:3030/_next/static/chunks/04m2_next_dist_01d_w1-._.js:2431
[ 5147557ms] [LOG] [Fast Refresh] done in 346ms @ http://localhost:3030/_next/static/chunks/04m2_next_dist_01d_w1-._.js:2431
[ 5147756ms] [LOG] [Fast Refresh] rebuilding @ http://localhost:3030/_next/static/chunks/04m2_next_dist_01d_w1-._.js:2431
[ 5147893ms] [LOG] [Fast Refresh] done in 239ms @ http://localhost:3030/_next/static/chunks/04m2_next_dist_01d_w1-._.js:2431
[ 5148155ms] [LOG] [Fast Refresh] rebuilding @ http://localhost:3030/_next/static/chunks/04m2_next_dist_01d_w1-._.js:2431
[ 5148213ms] [LOG] [Fast Refresh] done in 160ms @ http://localhost:3030/_next/static/chunks/04m2_next_dist_01d_w1-._.js:2431
[ 5148318ms] [LOG] [Fast Refresh] rebuilding @ http://localhost:3030/_next/static/chunks/04m2_next_dist_01d_w1-._.js:2431
[ 5148331ms] [INFO] %c%s%c [setup-health] background: #e6e6e6;background: light-dark(rgba(0,0,0,0.1), rgba(255,255,255,0.25));color: #000000;color: light-dark(#000000, #ffffff);border-radius: 2px  Server   panel-layout hidden because permission=false {tenantId: cmrvvipw70000oyyo6123270j, userId: cmrvvipyc000aoyyodcu4tftb, roleKeys: Array(1)} @ http://localhost:3030/_next/static/chunks/04m2_next_dist_01d_w1-._.js:2431
[ 5148452ms] [LOG] [Fast Refresh] done in 238ms @ http://localhost:3030/_next/static/chunks/04m2_next_dist_01d_w1-._.js:2431
[ 5148932ms] [LOG] [Fast Refresh] rebuilding @ http://localhost:3030/_next/static/chunks/04m2_next_dist_01d_w1-._.js:2431
[ 5149001ms] [LOG] [Fast Refresh] done in 189ms @ http://localhost:3030/_next/static/chunks/04m2_next_dist_01d_w1-._.js:2431
[ 5149174ms] [LOG] [Fast Refresh] rebuilding @ http://localhost:3030/_next/static/chunks/04m2_next_dist_01d_w1-._.js:2431
[ 5149195ms] [LOG] [Fast Refresh] done in 128ms @ http://localhost:3030/_next/static/chunks/04m2_next_dist_01d_w1-._.js:2431
[ 5149300ms] [LOG] [Fast Refresh] rebuilding @ http://localhost:3030/_next/static/chunks/04m2_next_dist_01d_w1-._.js:2431
[ 5149401ms] [LOG] [Fast Refresh] done in 204ms @ http://localhost:3030/_next/static/chunks/04m2_next_dist_01d_w1-._.js:2431
[ 5149516ms] [LOG] [Fast Refresh] rebuilding @ http://localhost:3030/_next/static/chunks/04m2_next_dist_01d_w1-._.js:2431
[ 5149517ms] [INFO] %c%s%c [setup-health] background: #e6e6e6;background: light-dark(rgba(0,0,0,0.1), rgba(255,255,255,0.25));color: #000000;color: light-dark(#000000, #ffffff);border-radius: 2px  Server   panel-layout hidden because permission=false {tenantId: cmrvvipw70000oyyo6123270j, userId: cmrvvipyc000aoyyodcu4tftb, roleKeys: Array(1)} @ http://localhost:3030/_next/static/chunks/04m2_next_dist_01d_w1-._.js:2431
[ 5149597ms] [LOG] [Fast Refresh] done in 182ms @ http://localhost:3030/_next/static/chunks/04m2_next_dist_01d_w1-._.js:2431
[ 5149987ms] [LOG] [Fast Refresh] rebuilding @ http://localhost:3030/_next/static/chunks/04m2_next_dist_01d_w1-._.js:2431
[ 5150063ms] [LOG] [Fast Refresh] done in 192ms @ http://localhost:3030/_next/static/chunks/04m2_next_dist_01d_w1-._.js:2431
[ 5150172ms] [LOG] [Fast Refresh] rebuilding @ http://localhost:3030/_next/static/chunks/04m2_next_dist_01d_w1-._.js:2431
[ 5150173ms] [LOG] [Fast Refresh] done in 108ms @ http://localhost:3030/_next/static/chunks/04m2_next_dist_01d_w1-._.js:2431
[ 5150279ms] [LOG] [Fast Refresh] rebuilding @ http://localhost:3030/_next/static/chunks/04m2_next_dist_01d_w1-._.js:2431
[ 5150357ms] [LOG] [Fast Refresh] done in 184ms @ http://localhost:3030/_next/static/chunks/04m2_next_dist_01d_w1-._.js:2431
[ 5150527ms] [LOG] [Fast Refresh] rebuilding @ http://localhost:3030/_next/static/chunks/04m2_next_dist_01d_w1-._.js:2431
[ 5150570ms] [LOG] [Fast Refresh] done in 152ms @ http://localhost:3030/_next/static/chunks/04m2_next_dist_01d_w1-._.js:2431
[ 5150686ms] [LOG] [Fast Refresh] rebuilding @ http://localhost:3030/_next/static/chunks/04m2_next_dist_01d_w1-._.js:2431
[ 5150689ms] [LOG] [Fast Refresh] done in 118ms @ http://localhost:3030/_next/static/chunks/04m2_next_dist_01d_w1-._.js:2431
[ 5150717ms] [INFO] %c%s%c [setup-health] background: #e6e6e6;background: light-dark(rgba(0,0,0,0.1), rgba(255,255,255,0.25));color: #000000;color: light-dark(#000000, #ffffff);border-radius: 2px  Server   panel-layout hidden because permission=false {tenantId: cmrvvipw70000oyyo6123270j, userId: cmrvvipyc000aoyyodcu4tftb, roleKeys: Array(1)} @ http://localhost:3030/_next/static/chunks/04m2_next_dist_01d_w1-._.js:2431
[ 5151265ms] [LOG] [Fast Refresh] rebuilding @ http://localhost:3030/_next/static/chunks/04m2_next_dist_01d_w1-._.js:2431
[ 5151359ms] [LOG] [Fast Refresh] done in 211ms @ http://localhost:3030/_next/static/chunks/04m2_next_dist_01d_w1-._.js:2431
[ 5151651ms] [LOG] [Fast Refresh] rebuilding @ http://localhost:3030/_next/static/chunks/04m2_next_dist_01d_w1-._.js:2431
[ 5151706ms] [LOG] [Fast Refresh] done in 162ms @ http://localhost:3030/_next/static/chunks/04m2_next_dist_01d_w1-._.js:2431
[ 5151800ms] [INFO] %c%s%c [setup-health] background: #e6e6e6;background: light-dark(rgba(0,0,0,0.1), rgba(255,255,255,0.25));color: #000000;color: light-dark(#000000, #ffffff);border-radius: 2px  Server   panel-layout hidden because permission=false {tenantId: cmrvvipw70000oyyo6123270j, userId: cmrvvipyc000aoyyodcu4tftb, roleKeys: Array(1)} @ http://localhost:3030/_next/static/chunks/04m2_next_dist_01d_w1-._.js:2431
[ 5151902ms] [LOG] [Fast Refresh] rebuilding @ http://localhost:3030/_next/static/chunks/04m2_next_dist_01d_w1-._.js:2431
[ 5152052ms] [LOG] [Fast Refresh] done in 253ms @ http://localhost:3030/_next/static/chunks/04m2_next_dist_01d_w1-._.js:2431
[ 5152346ms] [LOG] [Fast Refresh] rebuilding @ http://localhost:3030/_next/static/chunks/04m2_next_dist_01d_w1-._.js:2431
[ 5152544ms] [LOG] [Fast Refresh] done in 329ms @ http://localhost:3030/_next/static/chunks/04m2_next_dist_01d_w1-._.js:2431
[ 5152851ms] [LOG] [Fast Refresh] rebuilding @ http://localhost:3030/_next/static/chunks/04m2_next_dist_01d_w1-._.js:2431
[ 5152907ms] [LOG] [Fast Refresh] done in 159ms @ http://localhost:3030/_next/static/chunks/04m2_next_dist_01d_w1-._.js:2431
[ 5153028ms] [INFO] %c%s%c [setup-health] background: #e6e6e6;background: light-dark(rgba(0,0,0,0.1), rgba(255,255,255,0.25));color: #000000;color: light-dark(#000000, #ffffff);border-radius: 2px  Server   panel-layout hidden because permission=false {tenantId: cmrvvipw70000oyyo6123270j, userId: cmrvvipyc000aoyyodcu4tftb, roleKeys: Array(1)} @ http://localhost:3030/_next/static/chunks/04m2_next_dist_01d_w1-._.js:2431
[ 5153227ms] [LOG] [Fast Refresh] rebuilding @ http://localhost:3030/_next/static/chunks/04m2_next_dist_01d_w1-._.js:2431
[ 5153374ms] [LOG] [Fast Refresh] done in 254ms @ http://localhost:3030/_next/static/chunks/04m2_next_dist_01d_w1-._.js:2431
[ 5153655ms] [LOG] [Fast Refresh] rebuilding @ http://localhost:3030/_next/static/chunks/04m2_next_dist_01d_w1-._.js:2431
[ 5153761ms] [LOG] [Fast Refresh] done in 215ms @ http://localhost:3030/_next/static/chunks/04m2_next_dist_01d_w1-._.js:2431
[ 5153944ms] [LOG] [Fast Refresh] rebuilding @ http://localhost:3030/_next/static/chunks/04m2_next_dist_01d_w1-._.js:2431
[ 5154052ms] [LOG] [Fast Refresh] done in 215ms @ http://localhost:3030/_next/static/chunks/04m2_next_dist_01d_w1-._.js:2431
[ 5154145ms] [INFO] %c%s%c [setup-health] background: #e6e6e6;background: light-dark(rgba(0,0,0,0.1), rgba(255,255,255,0.25));color: #000000;color: light-dark(#000000, #ffffff);border-radius: 2px  Server   panel-layout hidden because permission=false {tenantId: cmrvvipw70000oyyo6123270j, userId: cmrvvipyc000aoyyodcu4tftb, roleKeys: Array(1)} @ http://localhost:3030/_next/static/chunks/04m2_next_dist_01d_w1-._.js:2431
[ 5154263ms] [LOG] [Fast Refresh] rebuilding @ http://localhost:3030/_next/static/chunks/04m2_next_dist_01d_w1-._.js:2431
[ 5154455ms] [LOG] [Fast Refresh] done in 294ms @ http://localhost:3030/_next/static/chunks/04m2_next_dist_01d_w1-._.js:2431
[ 5154681ms] [LOG] [Fast Refresh] rebuilding @ http://localhost:3030/_next/static/chunks/04m2_next_dist_01d_w1-._.js:2431
[ 5154788ms] [LOG] [Fast Refresh] done in 211ms @ http://localhost:3030/_next/static/chunks/04m2_next_dist_01d_w1-._.js:2431
[ 5154895ms] [LOG] [Fast Refresh] rebuilding @ http://localhost:3030/_next/static/chunks/04m2_next_dist_01d_w1-._.js:2431
[ 5154906ms] [LOG] [Fast Refresh] done in 117ms @ http://localhost:3030/_next/static/chunks/04m2_next_dist_01d_w1-._.js:2431
[ 5155063ms] [LOG] [Fast Refresh] rebuilding @ http://localhost:3030/_next/static/chunks/04m2_next_dist_01d_w1-._.js:2431
[ 5155063ms] [LOG] [Fast Refresh] done in 104ms @ http://localhost:3030/_next/static/chunks/04m2_next_dist_01d_w1-._.js:2431
[ 5155256ms] [INFO] %c%s%c [setup-health] background: #e6e6e6;background: light-dark(rgba(0,0,0,0.1), rgba(255,255,255,0.25));color: #000000;color: light-dark(#000000, #ffffff);border-radius: 2px  Server   panel-layout hidden because permission=false {tenantId: cmrvvipw70000oyyo6123270j, userId: cmrvvipyc000aoyyodcu4tftb, roleKeys: Array(1)} @ http://localhost:3030/_next/static/chunks/04m2_next_dist_01d_w1-._.js:2431
[ 5155302ms] [LOG] [Fast Refresh] rebuilding @ http://localhost:3030/_next/static/chunks/04m2_next_dist_01d_w1-._.js:2431
[ 5155374ms] [LOG] [Fast Refresh] done in 173ms @ http://localhost:3030/_next/static/chunks/04m2_next_dist_01d_w1-._.js:2431
[ 5155475ms] [LOG] [Fast Refresh] rebuilding @ http://localhost:3030/_next/static/chunks/04m2_next_dist_01d_w1-._.js:2431
[ 5155561ms] [LOG] [Fast Refresh] done in 187ms @ http://localhost:3030/_next/static/chunks/04m2_next_dist_01d_w1-._.js:2431
[ 5155812ms] [LOG] [Fast Refresh] rebuilding @ http://localhost:3030/_next/static/chunks/04m2_next_dist_01d_w1-._.js:2431
[ 5155929ms] [LOG] [Fast Refresh] done in 218ms @ http://localhost:3030/_next/static/chunks/04m2_next_dist_01d_w1-._.js:2431
[ 5156243ms] [LOG] [Fast Refresh] rebuilding @ http://localhost:3030/_next/static/chunks/04m2_next_dist_01d_w1-._.js:2431
[ 5156269ms] [LOG] [Fast Refresh] done in 137ms @ http://localhost:3030/_next/static/chunks/04m2_next_dist_01d_w1-._.js:2431
[ 5156382ms] [LOG] [Fast Refresh] rebuilding @ http://localhost:3030/_next/static/chunks/04m2_next_dist_01d_w1-._.js:2431
[ 5156383ms] [INFO] %c%s%c [setup-health] background: #e6e6e6;background: light-dark(rgba(0,0,0,0.1), rgba(255,255,255,0.25));color: #000000;color: light-dark(#000000, #ffffff);border-radius: 2px  Server   panel-layout hidden because permission=false {tenantId: cmrvvipw70000oyyo6123270j, userId: cmrvvipyc000aoyyodcu4tftb, roleKeys: Array(1)} @ http://localhost:3030/_next/static/chunks/04m2_next_dist_01d_w1-._.js:2431
[ 5156452ms] [LOG] [Fast Refresh] done in 182ms @ http://localhost:3030/_next/static/chunks/04m2_next_dist_01d_w1-._.js:2431
[ 5156571ms] [LOG] [Fast Refresh] rebuilding @ http://localhost:3030/_next/static/chunks/04m2_next_dist_01d_w1-._.js:2431
[ 5156640ms] [LOG] [Fast Refresh] done in 187ms @ http://localhost:3030/_next/static/chunks/04m2_next_dist_01d_w1-._.js:2431
[ 5156757ms] [LOG] [Fast Refresh] rebuilding @ http://localhost:3030/_next/static/chunks/04m2_next_dist_01d_w1-._.js:2431
[ 5156801ms] [LOG] [Fast Refresh] done in 159ms @ http://localhost:3030/_next/static/chunks/04m2_next_dist_01d_w1-._.js:2431
[ 5156946ms] [LOG] [Fast Refresh] rebuilding @ http://localhost:3030/_next/static/chunks/04m2_next_dist_01d_w1-._.js:2431
[ 5157001ms] [LOG] [Fast Refresh] done in 187ms @ http://localhost:3030/_next/static/chunks/04m2_next_dist_01d_w1-._.js:2431
[ 5157116ms] [LOG] [Fast Refresh] rebuilding @ http://localhost:3030/_next/static/chunks/04m2_next_dist_01d_w1-._.js:2431
[ 5157198ms] [LOG] [Fast Refresh] done in 196ms @ http://localhost:3030/_next/static/chunks/04m2_next_dist_01d_w1-._.js:2431
[ 5157383ms] [LOG] [Fast Refresh] rebuilding @ http://localhost:3030/_next/static/chunks/04m2_next_dist_01d_w1-._.js:2431
[ 5157468ms] [LOG] [Fast Refresh] done in 198ms @ http://localhost:3030/_next/static/chunks/04m2_next_dist_01d_w1-._.js:2431
[ 5157630ms] [INFO] %c%s%c [setup-health] background: #e6e6e6;background: light-dark(rgba(0,0,0,0.1), rgba(255,255,255,0.25));color: #000000;color: light-dark(#000000, #ffffff);border-radius: 2px  Server   panel-layout hidden because permission=false {tenantId: cmrvvipw70000oyyo6123270j, userId: cmrvvipyc000aoyyodcu4tftb, roleKeys: Array(1)} @ http://localhost:3030/_next/static/chunks/04m2_next_dist_01d_w1-._.js:2431
[ 5157746ms] [LOG] [Fast Refresh] rebuilding @ http://localhost:3030/_next/static/chunks/04m2_next_dist_01d_w1-._.js:2431
[ 5157906ms] [LOG] [Fast Refresh] done in 268ms @ http://localhost:3030/_next/static/chunks/04m2_next_dist_01d_w1-._.js:2431
[ 5158591ms] [LOG] [Fast Refresh] rebuilding @ http://localhost:3030/_next/static/chunks/04m2_next_dist_01d_w1-._.js:2431
[ 5158640ms] [LOG] [Fast Refresh] done in 162ms @ http://localhost:3030/_next/static/chunks/04m2_next_dist_01d_w1-._.js:2431
[ 5158746ms] [LOG] [Fast Refresh] rebuilding @ http://localhost:3030/_next/static/chunks/04m2_next_dist_01d_w1-._.js:2431
[ 5158773ms] [LOG] [Fast Refresh] done in 133ms @ http://localhost:3030/_next/static/chunks/04m2_next_dist_01d_w1-._.js:2431
[ 5158776ms] [INFO] %c%s%c [setup-health] background: #e6e6e6;background: light-dark(rgba(0,0,0,0.1), rgba(255,255,255,0.25));color: #000000;color: light-dark(#000000, #ffffff);border-radius: 2px  Server   panel-layout hidden because permission=false {tenantId: cmrvvipw70000oyyo6123270j, userId: cmrvvipyc000aoyyodcu4tftb, roleKeys: Array(1)} @ http://localhost:3030/_next/static/chunks/04m2_next_dist_01d_w1-._.js:2431
[ 5158890ms] [LOG] [Fast Refresh] rebuilding @ http://localhost:3030/_next/static/chunks/04m2_next_dist_01d_w1-._.js:2431
[ 5159041ms] [LOG] [Fast Refresh] done in 265ms @ http://localhost:3030/_next/static/chunks/04m2_next_dist_01d_w1-._.js:2431
[ 5159733ms] [LOG] [Fast Refresh] rebuilding @ http://localhost:3030/_next/static/chunks/04m2_next_dist_01d_w1-._.js:2431
[ 5159763ms] [LOG] [Fast Refresh] done in 134ms @ http://localhost:3030/_next/static/chunks/04m2_next_dist_01d_w1-._.js:2431
[ 5159891ms] [INFO] %c%s%c [setup-health] background: #e6e6e6;background: light-dark(rgba(0,0,0,0.1), rgba(255,255,255,0.25));color: #000000;color: light-dark(#000000, #ffffff);border-radius: 2px  Server   panel-layout hidden because permission=false {tenantId: cmrvvipw70000oyyo6123270j, userId: cmrvvipyc000aoyyodcu4tftb, roleKeys: Array(1)} @ http://localhost:3030/_next/static/chunks/04m2_next_dist_01d_w1-._.js:2431
[ 5159892ms] [LOG] [Fast Refresh] rebuilding @ http://localhost:3030/_next/static/chunks/04m2_next_dist_01d_w1-._.js:2431
[ 5159976ms] [LOG] [Fast Refresh] done in 184ms @ http://localhost:3030/_next/static/chunks/04m2_next_dist_01d_w1-._.js:2431
[ 5160322ms] [LOG] [Fast Refresh] rebuilding @ http://localhost:3030/_next/static/chunks/04m2_next_dist_01d_w1-._.js:2431
[ 5160429ms] [LOG] [Fast Refresh] done in 211ms @ http://localhost:3030/_next/static/chunks/04m2_next_dist_01d_w1-._.js:2431
[ 5160534ms] [LOG] [Fast Refresh] rebuilding @ http://localhost:3030/_next/static/chunks/04m2_next_dist_01d_w1-._.js:2431
[ 5160534ms] [LOG] [Fast Refresh] done in 105ms @ http://localhost:3030/_next/static/chunks/04m2_next_dist_01d_w1-._.js:2431
[ 5160640ms] [LOG] [Fast Refresh] rebuilding @ http://localhost:3030/_next/static/chunks/04m2_next_dist_01d_w1-._.js:2431
[ 5160693ms] [LOG] [Fast Refresh] done in 159ms @ http://localhost:3030/_next/static/chunks/04m2_next_dist_01d_w1-._.js:2431
[ 5160851ms] [LOG] [Fast Refresh] rebuilding @ http://localhost:3030/_next/static/chunks/04m2_next_dist_01d_w1-._.js:2431
[ 5160911ms] [LOG] [Fast Refresh] done in 163ms @ http://localhost:3030/_next/static/chunks/04m2_next_dist_01d_w1-._.js:2431
[ 5161029ms] [LOG] [Fast Refresh] rebuilding @ http://localhost:3030/_next/static/chunks/04m2_next_dist_01d_w1-._.js:2431
[ 5161030ms] [LOG] [Fast Refresh] done in 119ms @ http://localhost:3030/_next/static/chunks/04m2_next_dist_01d_w1-._.js:2431
[ 5161032ms] [INFO] %c%s%c [setup-health] background: #e6e6e6;background: light-dark(rgba(0,0,0,0.1), rgba(255,255,255,0.25));color: #000000;color: light-dark(#000000, #ffffff);border-radius: 2px  Server   panel-layout hidden because permission=false {tenantId: cmrvvipw70000oyyo6123270j, userId: cmrvvipyc000aoyyodcu4tftb, roleKeys: Array(1)} @ http://localhost:3030/_next/static/chunks/04m2_next_dist_01d_w1-._.js:2431
[ 5161478ms] [LOG] [Fast Refresh] rebuilding @ http://localhost:3030/_next/static/chunks/04m2_next_dist_01d_w1-._.js:2431
[ 5161560ms] [LOG] [Fast Refresh] done in 185ms @ http://localhost:3030/_next/static/chunks/04m2_next_dist_01d_w1-._.js:2431
[ 5161678ms] [LOG] [Fast Refresh] rebuilding @ http://localhost:3030/_next/static/chunks/04m2_next_dist_01d_w1-._.js:2431
[ 5161736ms] [LOG] [Fast Refresh] done in 173ms @ http://localhost:3030/_next/static/chunks/04m2_next_dist_01d_w1-._.js:2431
[ 5161937ms] [LOG] [Fast Refresh] rebuilding @ http://localhost:3030/_next/static/chunks/04m2_next_dist_01d_w1-._.js:2431
[ 5161988ms] [LOG] [Fast Refresh] done in 158ms @ http://localhost:3030/_next/static/chunks/04m2_next_dist_01d_w1-._.js:2431
[ 5162094ms] [INFO] %c%s%c [setup-health] background: #e6e6e6;background: light-dark(rgba(0,0,0,0.1), rgba(255,255,255,0.25));color: #000000;color: light-dark(#000000, #ffffff);border-radius: 2px  Server   panel-layout hidden because permission=false {tenantId: cmrvvipw70000oyyo6123270j, userId: cmrvvipyc000aoyyodcu4tftb, roleKeys: Array(1)} @ http://localhost:3030/_next/static/chunks/04m2_next_dist_01d_w1-._.js:2431
[ 5162532ms] [LOG] [Fast Refresh] rebuilding @ http://localhost:3030/_next/static/chunks/04m2_next_dist_01d_w1-._.js:2431
[ 5162776ms] [LOG] [Fast Refresh] done in 349ms @ http://localhost:3030/_next/static/chunks/04m2_next_dist_01d_w1-._.js:2431
[ 5163090ms] [LOG] [Fast Refresh] rebuilding @ http://localhost:3030/_next/static/chunks/04m2_next_dist_01d_w1-._.js:2431
[ 5163148ms] [LOG] [Fast Refresh] done in 172ms @ http://localhost:3030/_next/static/chunks/04m2_next_dist_01d_w1-._.js:2431
[ 5163259ms] [LOG] [Fast Refresh] rebuilding @ http://localhost:3030/_next/static/chunks/04m2_next_dist_01d_w1-._.js:2431
[ 5163286ms] [INFO] %c%s%c [setup-health] background: #e6e6e6;background: light-dark(rgba(0,0,0,0.1), rgba(255,255,255,0.25));color: #000000;color: light-dark(#000000, #ffffff);border-radius: 2px  Server   panel-layout hidden because permission=false {tenantId: cmrvvipw70000oyyo6123270j, userId: cmrvvipyc000aoyyodcu4tftb, roleKeys: Array(1)} @ http://localhost:3030/_next/static/chunks/04m2_next_dist_01d_w1-._.js:2431
[ 5163376ms] [LOG] [Fast Refresh] done in 227ms @ http://localhost:3030/_next/static/chunks/04m2_next_dist_01d_w1-._.js:2431
[ 5163752ms] [LOG] [Fast Refresh] rebuilding @ http://localhost:3030/_next/static/chunks/04m2_next_dist_01d_w1-._.js:2431
[ 5163844ms] [LOG] [Fast Refresh] done in 198ms @ http://localhost:3030/_next/static/chunks/04m2_next_dist_01d_w1-._.js:2431
[ 5164286ms] [LOG] [Fast Refresh] rebuilding @ http://localhost:3030/_next/static/chunks/04m2_next_dist_01d_w1-._.js:2431
[ 5164365ms] [LOG] [Fast Refresh] done in 186ms @ http://localhost:3030/_next/static/chunks/04m2_next_dist_01d_w1-._.js:2431
[ 5164457ms] [INFO] %c%s%c [setup-health] background: #e6e6e6;background: light-dark(rgba(0,0,0,0.1), rgba(255,255,255,0.25));color: #000000;color: light-dark(#000000, #ffffff);border-radius: 2px  Server   panel-layout hidden because permission=false {tenantId: cmrvvipw70000oyyo6123270j, userId: cmrvvipyc000aoyyodcu4tftb, roleKeys: Array(1)} @ http://localhost:3030/_next/static/chunks/04m2_next_dist_01d_w1-._.js:2431
[ 5164587ms] [LOG] [Fast Refresh] rebuilding @ http://localhost:3030/_next/static/chunks/04m2_next_dist_01d_w1-._.js:2431
[ 5164815ms] [LOG] [Fast Refresh] done in 332ms @ http://localhost:3030/_next/static/chunks/04m2_next_dist_01d_w1-._.js:2431
[ 5165078ms] [LOG] [Fast Refresh] rebuilding @ http://localhost:3030/_next/static/chunks/04m2_next_dist_01d_w1-._.js:2431
[ 5165314ms] [LOG] [Fast Refresh] done in 339ms @ http://localhost:3030/_next/static/chunks/04m2_next_dist_01d_w1-._.js:2431
[ 5165427ms] [LOG] [Fast Refresh] rebuilding @ http://localhost:3030/_next/static/chunks/04m2_next_dist_01d_w1-._.js:2431
[ 5165923ms] [INFO] %c%s%c [setup-health] background: #e6e6e6;background: light-dark(rgba(0,0,0,0.1), rgba(255,255,255,0.25));color: #000000;color: light-dark(#000000, #ffffff);border-radius: 2px  Server   panel-layout hidden because permission=false {tenantId: cmrvvipw70000oyyo6123270j, userId: cmrvvipyc000aoyyodcu4tftb, roleKeys: Array(1)} @ http://localhost:3030/_next/static/chunks/04m2_next_dist_01d_w1-._.js:2431
[ 5167510ms] [LOG] [Fast Refresh] done in 1839ms @ http://localhost:3030/_next/static/chunks/04m2_next_dist_01d_w1-._.js:2431
[ 5167808ms] [LOG] [Fast Refresh] rebuilding @ http://localhost:3030/_next/static/chunks/04m2_next_dist_01d_w1-._.js:2431
[ 5168028ms] [LOG] [Fast Refresh] done in 330ms @ http://localhost:3030/_next/static/chunks/04m2_next_dist_01d_w1-._.js:2431
[ 5168417ms] [LOG] [Fast Refresh] rebuilding @ http://localhost:3030/_next/static/chunks/04m2_next_dist_01d_w1-._.js:2431
[ 5168592ms] [INFO] %c%s%c [setup-health] background: #e6e6e6;background: light-dark(rgba(0,0,0,0.1), rgba(255,255,255,0.25));color: #000000;color: light-dark(#000000, #ffffff);border-radius: 2px  Server   panel-layout hidden because permission=false {tenantId: cmrvvipw70000oyyo6123270j, userId: cmrvvipyc000aoyyodcu4tftb, roleKeys: Array(1)} @ http://localhost:3030/_next/static/chunks/04m2_next_dist_01d_w1-._.js:2431
[ 5170271ms] [LOG] [Fast Refresh] done in 1957ms @ http://localhost:3030/_next/static/chunks/04m2_next_dist_01d_w1-._.js:2431
[ 5174816ms] [LOG] [Fast Refresh] rebuilding @ http://localhost:3030/_next/static/chunks/04m2_next_dist_01d_w1-._.js:2431
[ 5174885ms] [LOG] [Fast Refresh] done in 175ms @ http://localhost:3030/_next/static/chunks/04m2_next_dist_01d_w1-._.js:2431
[ 5174888ms] [INFO] %c%s%c [setup-health] background: #e6e6e6;background: light-dark(rgba(0,0,0,0.1), rgba(255,255,255,0.25));color: #000000;color: light-dark(#000000, #ffffff);border-radius: 2px  Server   panel-layout hidden because permission=false {tenantId: cmrvvipw70000oyyo6123270j, userId: cmrvvipyc000aoyyodcu4tftb, roleKeys: Array(1)} @ http://localhost:3030/_next/static/chunks/04m2_next_dist_01d_w1-._.js:2431
[ 5174990ms] [LOG] [Fast Refresh] rebuilding @ http://localhost:3030/_next/static/chunks/04m2_next_dist_01d_w1-._.js:2431
[ 5175196ms] [LOG] [Fast Refresh] done in 309ms @ http://localhost:3030/_next/static/chunks/04m2_next_dist_01d_w1-._.js:2431
[ 5175594ms] [LOG] [Fast Refresh] rebuilding @ http://localhost:3030/_next/static/chunks/04m2_next_dist_01d_w1-._.js:2431
[ 5175701ms] [LOG] [Fast Refresh] done in 263ms @ http://localhost:3030/_next/static/chunks/04m2_next_dist_01d_w1-._.js:2431
[ 5175928ms] [INFO] %c%s%c [setup-health] background: #e6e6e6;background: light-dark(rgba(0,0,0,0.1), rgba(255,255,255,0.25));color: #000000;color: light-dark(#000000, #ffffff);border-radius: 2px  Server   panel-layout hidden because permission=false {tenantId: cmrvvipw70000oyyo6123270j, userId: cmrvvipyc000aoyyodcu4tftb, roleKeys: Array(1)} @ http://localhost:3030/_next/static/chunks/04m2_next_dist_01d_w1-._.js:2431
[ 5176061ms] [LOG] [Fast Refresh] rebuilding @ http://localhost:3030/_next/static/chunks/04m2_next_dist_01d_w1-._.js:2431
[ 5176237ms] [LOG] [Fast Refresh] done in 308ms @ http://localhost:3030/_next/static/chunks/04m2_next_dist_01d_w1-._.js:2431
[ 5176595ms] [LOG] [Fast Refresh] rebuilding @ http://localhost:3030/_next/static/chunks/04m2_next_dist_01d_w1-._.js:2431
[ 5176718ms] [LOG] [Fast Refresh] done in 226ms @ http://localhost:3030/_next/static/chunks/04m2_next_dist_01d_w1-._.js:2431
[ 5176829ms] [LOG] [Fast Refresh] rebuilding @ http://localhost:3030/_next/static/chunks/04m2_next_dist_01d_w1-._.js:2431
[ 5176836ms] [LOG] [Fast Refresh] done in 118ms @ http://localhost:3030/_next/static/chunks/04m2_next_dist_01d_w1-._.js:2431
[ 5176851ms] [INFO] %c%s%c [setup-health] background: #e6e6e6;background: light-dark(rgba(0,0,0,0.1), rgba(255,255,255,0.25));color: #000000;color: light-dark(#000000, #ffffff);border-radius: 2px  Server   panel-layout hidden because permission=false {tenantId: cmrvvipw70000oyyo6123270j, userId: cmrvvipyc000aoyyodcu4tftb, roleKeys: Array(1)} @ http://localhost:3030/_next/static/chunks/04m2_next_dist_01d_w1-._.js:2431
[ 5177221ms] [LOG] [Fast Refresh] rebuilding @ http://localhost:3030/_next/static/chunks/04m2_next_dist_01d_w1-._.js:2431
[ 5177391ms] [LOG] [Fast Refresh] done in 281ms @ http://localhost:3030/_next/static/chunks/04m2_next_dist_01d_w1-._.js:2431
[ 5177578ms] [INFO] %c%s%c [setup-health] background: #e6e6e6;background: light-dark(rgba(0,0,0,0.1), rgba(255,255,255,0.25));color: #000000;color: light-dark(#000000, #ffffff);border-radius: 2px  Server   panel-layout hidden because permission=false {tenantId: cmrvvipw70000oyyo6123270j, userId: cmrvvipyc000aoyyodcu4tftb, roleKeys: Array(1)} @ http://localhost:3030/_next/static/chunks/04m2_next_dist_01d_w1-._.js:2431
[ 5177585ms] [LOG] [Fast Refresh] rebuilding @ http://localhost:3030/_next/static/chunks/04m2_next_dist_01d_w1-._.js:2431
[ 5177716ms] [LOG] [Fast Refresh] done in 232ms @ http://localhost:3030/_next/static/chunks/04m2_next_dist_01d_w1-._.js:2431
[ 5177820ms] [LOG] [Fast Refresh] rebuilding @ http://localhost:3030/_next/static/chunks/04m2_next_dist_01d_w1-._.js:2431
[ 5177861ms] [LOG] [Fast Refresh] done in 143ms @ http://localhost:3030/_next/static/chunks/04m2_next_dist_01d_w1-._.js:2431
[ 5177977ms] [LOG] [Fast Refresh] rebuilding @ http://localhost:3030/_next/static/chunks/04m2_next_dist_01d_w1-._.js:2431
[ 5178166ms] [LOG] [Fast Refresh] done in 303ms @ http://localhost:3030/_next/static/chunks/04m2_next_dist_01d_w1-._.js:2431
[ 5178269ms] [LOG] [Fast Refresh] rebuilding @ http://localhost:3030/_next/static/chunks/04m2_next_dist_01d_w1-._.js:2431
[ 5178316ms] [LOG] [Fast Refresh] done in 149ms @ http://localhost:3030/_next/static/chunks/04m2_next_dist_01d_w1-._.js:2431
[ 5178431ms] [LOG] [Fast Refresh] rebuilding @ http://localhost:3030/_next/static/chunks/04m2_next_dist_01d_w1-._.js:2431
[ 5178554ms] [LOG] [Fast Refresh] done in 237ms @ http://localhost:3030/_next/static/chunks/04m2_next_dist_01d_w1-._.js:2431
[ 5178669ms] [LOG] [Fast Refresh] rebuilding @ http://localhost:3030/_next/static/chunks/04m2_next_dist_01d_w1-._.js:2431
[ 5178712ms] [INFO] %c%s%c [setup-health] background: #e6e6e6;background: light-dark(rgba(0,0,0,0.1), rgba(255,255,255,0.25));color: #000000;color: light-dark(#000000, #ffffff);border-radius: 2px  Server   panel-layout hidden because permission=false {tenantId: cmrvvipw70000oyyo6123270j, userId: cmrvvipyc000aoyyodcu4tftb, roleKeys: Array(1)} @ http://localhost:3030/_next/static/chunks/04m2_next_dist_01d_w1-._.js:2431
[ 5178741ms] [LOG] [Fast Refresh] done in 183ms @ http://localhost:3030/_next/static/chunks/04m2_next_dist_01d_w1-._.js:2431
[ 5178843ms] [LOG] [Fast Refresh] rebuilding @ http://localhost:3030/_next/static/chunks/04m2_next_dist_01d_w1-._.js:2431
[ 5178941ms] [LOG] [Fast Refresh] done in 198ms @ http://localhost:3030/_next/static/chunks/04m2_next_dist_01d_w1-._.js:2431
[ 5179407ms] [LOG] [Fast Refresh] rebuilding @ http://localhost:3030/_next/static/chunks/04m2_next_dist_01d_w1-._.js:2431
[ 5179445ms] [LOG] [Fast Refresh] done in 145ms @ http://localhost:3030/_next/static/chunks/04m2_next_dist_01d_w1-._.js:2431
[ 5179550ms] [LOG] [Fast Refresh] rebuilding @ http://localhost:3030/_next/static/chunks/04m2_next_dist_01d_w1-._.js:2431
[ 5179638ms] [LOG] [Fast Refresh] done in 192ms @ http://localhost:3030/_next/static/chunks/04m2_next_dist_01d_w1-._.js:2431
[ 5179768ms] [INFO] %c%s%c [setup-health] background: #e6e6e6;background: light-dark(rgba(0,0,0,0.1), rgba(255,255,255,0.25));color: #000000;color: light-dark(#000000, #ffffff);border-radius: 2px  Server   panel-layout hidden because permission=false {tenantId: cmrvvipw70000oyyo6123270j, userId: cmrvvipyc000aoyyodcu4tftb, roleKeys: Array(1)} @ http://localhost:3030/_next/static/chunks/04m2_next_dist_01d_w1-._.js:2431
[ 5179858ms] [LOG] [Fast Refresh] rebuilding @ http://localhost:3030/_next/static/chunks/04m2_next_dist_01d_w1-._.js:2431
[ 5179916ms] [LOG] [Fast Refresh] done in 162ms @ http://localhost:3030/_next/static/chunks/04m2_next_dist_01d_w1-._.js:2431
[ 5180021ms] [LOG] [Fast Refresh] rebuilding @ http://localhost:3030/_next/static/chunks/04m2_next_dist_01d_w1-._.js:2431
[ 5180037ms] [LOG] [Fast Refresh] done in 119ms @ http://localhost:3030/_next/static/chunks/04m2_next_dist_01d_w1-._.js:2431
[ 5180146ms] [LOG] [Fast Refresh] rebuilding @ http://localhost:3030/_next/static/chunks/04m2_next_dist_01d_w1-._.js:2431
[ 5180341ms] [LOG] [Fast Refresh] done in 302ms @ http://localhost:3030/_next/static/chunks/04m2_next_dist_01d_w1-._.js:2431
[ 5180443ms] [LOG] [Fast Refresh] rebuilding @ http://localhost:3030/_next/static/chunks/04m2_next_dist_01d_w1-._.js:2431
[ 5180503ms] [LOG] [Fast Refresh] done in 161ms @ http://localhost:3030/_next/static/chunks/04m2_next_dist_01d_w1-._.js:2431
[ 5180685ms] [LOG] [Fast Refresh] rebuilding @ http://localhost:3030/_next/static/chunks/04m2_next_dist_01d_w1-._.js:2431
[ 5180742ms] [LOG] [Fast Refresh] done in 166ms @ http://localhost:3030/_next/static/chunks/04m2_next_dist_01d_w1-._.js:2431
[ 5180847ms] [LOG] [Fast Refresh] rebuilding @ http://localhost:3030/_next/static/chunks/04m2_next_dist_01d_w1-._.js:2431
[ 5180861ms] [LOG] [Fast Refresh] done in 117ms @ http://localhost:3030/_next/static/chunks/04m2_next_dist_01d_w1-._.js:2431
[ 5180876ms] [INFO] %c%s%c [setup-health] background: #e6e6e6;background: light-dark(rgba(0,0,0,0.1), rgba(255,255,255,0.25));color: #000000;color: light-dark(#000000, #ffffff);border-radius: 2px  Server   panel-layout hidden because permission=false {tenantId: cmrvvipw70000oyyo6123270j, userId: cmrvvipyc000aoyyodcu4tftb, roleKeys: Array(1)} @ http://localhost:3030/_next/static/chunks/04m2_next_dist_01d_w1-._.js:2431
[ 5181287ms] [LOG] [Fast Refresh] rebuilding @ http://localhost:3030/_next/static/chunks/04m2_next_dist_01d_w1-._.js:2431
[ 5181423ms] [LOG] [Fast Refresh] done in 244ms @ http://localhost:3030/_next/static/chunks/04m2_next_dist_01d_w1-._.js:2431
[ 5181524ms] [LOG] [Fast Refresh] rebuilding @ http://localhost:3030/_next/static/chunks/04m2_next_dist_01d_w1-._.js:2431
[ 5181581ms] [LOG] [Fast Refresh] done in 157ms @ http://localhost:3030/_next/static/chunks/04m2_next_dist_01d_w1-._.js:2431
[ 5181685ms] [LOG] [Fast Refresh] rebuilding @ http://localhost:3030/_next/static/chunks/04m2_next_dist_01d_w1-._.js:2431
[ 5181877ms] [LOG] [Fast Refresh] done in 295ms @ http://localhost:3030/_next/static/chunks/04m2_next_dist_01d_w1-._.js:2431
[ 5181972ms] [INFO] %c%s%c [setup-health] background: #e6e6e6;background: light-dark(rgba(0,0,0,0.1), rgba(255,255,255,0.25));color: #000000;color: light-dark(#000000, #ffffff);border-radius: 2px  Server   panel-layout hidden because permission=false {tenantId: cmrvvipw70000oyyo6123270j, userId: cmrvvipyc000aoyyodcu4tftb, roleKeys: Array(1)} @ http://localhost:3030/_next/static/chunks/04m2_next_dist_01d_w1-._.js:2431
[ 5182007ms] [LOG] [Fast Refresh] rebuilding @ http://localhost:3030/_next/static/chunks/04m2_next_dist_01d_w1-._.js:2431
[ 5182154ms] [LOG] [Fast Refresh] done in 251ms @ http://localhost:3030/_next/static/chunks/04m2_next_dist_01d_w1-._.js:2431
[ 5182259ms] [LOG] [Fast Refresh] rebuilding @ http://localhost:3030/_next/static/chunks/04m2_next_dist_01d_w1-._.js:2431
[ 5182265ms] [LOG] [Fast Refresh] done in 111ms @ http://localhost:3030/_next/static/chunks/04m2_next_dist_01d_w1-._.js:2431
[ 5182378ms] [LOG] [Fast Refresh] rebuilding @ http://localhost:3030/_next/static/chunks/04m2_next_dist_01d_w1-._.js:2431
[ 5182514ms] [LOG] [Fast Refresh] done in 247ms @ http://localhost:3030/_next/static/chunks/04m2_next_dist_01d_w1-._.js:2431
[ 5182864ms] [LOG] [Fast Refresh] rebuilding @ http://localhost:3030/_next/static/chunks/04m2_next_dist_01d_w1-._.js:2431
[ 5182960ms] [LOG] [Fast Refresh] done in 206ms @ http://localhost:3030/_next/static/chunks/04m2_next_dist_01d_w1-._.js:2431
[ 5183066ms] [LOG] [Fast Refresh] rebuilding @ http://localhost:3030/_next/static/chunks/04m2_next_dist_01d_w1-._.js:2431
[ 5183078ms] [LOG] [Fast Refresh] done in 112ms @ http://localhost:3030/_next/static/chunks/04m2_next_dist_01d_w1-._.js:2431
[ 5183094ms] [INFO] %c%s%c [setup-health] background: #e6e6e6;background: light-dark(rgba(0,0,0,0.1), rgba(255,255,255,0.25));color: #000000;color: light-dark(#000000, #ffffff);border-radius: 2px  Server   panel-layout hidden because permission=false {tenantId: cmrvvipw70000oyyo6123270j, userId: cmrvvipyc000aoyyodcu4tftb, roleKeys: Array(1)} @ http://localhost:3030/_next/static/chunks/04m2_next_dist_01d_w1-._.js:2431
[ 5183180ms] [LOG] [Fast Refresh] rebuilding @ http://localhost:3030/_next/static/chunks/04m2_next_dist_01d_w1-._.js:2431
[ 5183261ms] [LOG] [Fast Refresh] done in 182ms @ http://localhost:3030/_next/static/chunks/04m2_next_dist_01d_w1-._.js:2431
[ 5183438ms] [LOG] [Fast Refresh] rebuilding @ http://localhost:3030/_next/static/chunks/04m2_next_dist_01d_w1-._.js:2431
[ 5183692ms] [LOG] [Fast Refresh] done in 358ms @ http://localhost:3030/_next/static/chunks/04m2_next_dist_01d_w1-._.js:2431
[ 5183807ms] [LOG] [Fast Refresh] rebuilding @ http://localhost:3030/_next/static/chunks/04m2_next_dist_01d_w1-._.js:2431
[ 5184193ms] [INFO] %c%s%c [setup-health] background: #e6e6e6;background: light-dark(rgba(0,0,0,0.1), rgba(255,255,255,0.25));color: #000000;color: light-dark(#000000, #ffffff);border-radius: 2px  Server   panel-layout hidden because permission=false {tenantId: cmrvvipw70000oyyo6123270j, userId: cmrvvipyc000aoyyodcu4tftb, roleKeys: Array(1)} @ http://localhost:3030/_next/static/chunks/04m2_next_dist_01d_w1-._.js:2431
[ 5185780ms] [LOG] [Fast Refresh] done in 2075ms @ http://localhost:3030/_next/static/chunks/04m2_next_dist_01d_w1-._.js:2431
[ 5185820ms] [INFO] %c%s%c [setup-health] background: #e6e6e6;background: light-dark(rgba(0,0,0,0.1), rgba(255,255,255,0.25));color: #000000;color: light-dark(#000000, #ffffff);border-radius: 2px  Server   panel-layout hidden because permission=false {tenantId: cmrvvipw70000oyyo6123270j, userId: cmrvvipyc000aoyyodcu4tftb, roleKeys: Array(1)} @ http://localhost:3030/_next/static/chunks/04m2_next_dist_01d_w1-._.js:2431
[ 5186022ms] [INFO] %c%s%c [setup-health] background: #e6e6e6;background: light-dark(rgba(0,0,0,0.1), rgba(255,255,255,0.25));color: #000000;color: light-dark(#000000, #ffffff);border-radius: 2px  Server   panel-layout hidden because permission=false {tenantId: cmrvvipw70000oyyo6123270j, userId: cmrvvipyc000aoyyodcu4tftb, roleKeys: Array(1)} @ http://localhost:3030/_next/static/chunks/04m2_next_dist_01d_w1-._.js:2431
[ 5186394ms] [LOG] [Fast Refresh] rebuilding @ http://localhost:3030/_next/static/chunks/04m2_next_dist_01d_w1-._.js:2431
[ 5186515ms] [INFO] %c%s%c [setup-health] background: #e6e6e6;background: light-dark(rgba(0,0,0,0.1), rgba(255,255,255,0.25));color: #000000;color: light-dark(#000000, #ffffff);border-radius: 2px  Server   panel-layout hidden because permission=false {tenantId: cmrvvipw70000oyyo6123270j, userId: cmrvvipyc000aoyyodcu4tftb, roleKeys: Array(1)} @ http://localhost:3030/_next/static/chunks/04m2_next_dist_01d_w1-._.js:2431
[ 5186609ms] [LOG] [Fast Refresh] done in 383ms @ http://localhost:3030/_next/static/chunks/04m2_next_dist_01d_w1-._.js:2431
[ 5186622ms] [INFO] %c%s%c [setup-health] background: #e6e6e6;background: light-dark(rgba(0,0,0,0.1), rgba(255,255,255,0.25));color: #000000;color: light-dark(#000000, #ffffff);border-radius: 2px  Server   panel-layout hidden because permission=false {tenantId: cmrvvipw70000oyyo6123270j, userId: cmrvvipyc000aoyyodcu4tftb, roleKeys: Array(1)} @ http://localhost:3030/_next/static/chunks/04m2_next_dist_01d_w1-._.js:2431
[ 5186633ms] [INFO] %c%s%c [setup-health] background: #e6e6e6;background: light-dark(rgba(0,0,0,0.1), rgba(255,255,255,0.25));color: #000000;color: light-dark(#000000, #ffffff);border-radius: 2px  Server   panel-layout hidden because permission=false {tenantId: cmrvvipw70000oyyo6123270j, userId: cmrvvipyc000aoyyodcu4tftb, roleKeys: Array(1)} @ http://localhost:3030/_next/static/chunks/04m2_next_dist_01d_w1-._.js:2431
[ 5186871ms] [LOG] [Fast Refresh] rebuilding @ http://localhost:3030/_next/static/chunks/04m2_next_dist_01d_w1-._.js:2431
[ 5186887ms] [LOG] [Fast Refresh] done in 120ms @ http://localhost:3030/_next/static/chunks/04m2_next_dist_01d_w1-._.js:2431
[ 5187019ms] [INFO] %c%s%c [setup-health] background: #e6e6e6;background: light-dark(rgba(0,0,0,0.1), rgba(255,255,255,0.25));color: #000000;color: light-dark(#000000, #ffffff);border-radius: 2px  Server   panel-layout hidden because permission=false {tenantId: cmrvvipw70000oyyo6123270j, userId: cmrvvipyc000aoyyodcu4tftb, roleKeys: Array(1)} @ http://localhost:3030/_next/static/chunks/04m2_next_dist_01d_w1-._.js:2431
[ 5187095ms] [LOG] [Fast Refresh] rebuilding @ http://localhost:3030/_next/static/chunks/04m2_next_dist_01d_w1-._.js:2431
[ 5187113ms] [LOG] [Fast Refresh] done in 125ms @ http://localhost:3030/_next/static/chunks/04m2_next_dist_01d_w1-._.js:2431
[ 5187222ms] [LOG] [Fast Refresh] rebuilding @ http://localhost:3030/_next/static/chunks/04m2_next_dist_01d_w1-._.js:2431
[ 5187239ms] [LOG] [Fast Refresh] done in 124ms @ http://localhost:3030/_next/static/chunks/04m2_next_dist_01d_w1-._.js:2431
[ 5187352ms] [LOG] [Fast Refresh] rebuilding @ http://localhost:3030/_next/static/chunks/04m2_next_dist_01d_w1-._.js:2431
[ 5187624ms] [LOG] [Fast Refresh] done in 383ms @ http://localhost:3030/_next/static/chunks/04m2_next_dist_01d_w1-._.js:2431
[ 5187727ms] [LOG] [Fast Refresh] rebuilding @ http://localhost:3030/_next/static/chunks/04m2_next_dist_01d_w1-._.js:2431
[ 5187798ms] [LOG] [Fast Refresh] done in 173ms @ http://localhost:3030/_next/static/chunks/04m2_next_dist_01d_w1-._.js:2431
[ 5187913ms] [LOG] [Fast Refresh] rebuilding @ http://localhost:3030/_next/static/chunks/04m2_next_dist_01d_w1-._.js:2431
[ 5188041ms] [LOG] [Fast Refresh] done in 228ms @ http://localhost:3030/_next/static/chunks/04m2_next_dist_01d_w1-._.js:2431
[ 5188517ms] [LOG] [Fast Refresh] rebuilding @ http://localhost:3030/_next/static/chunks/04m2_next_dist_01d_w1-._.js:2431
[ 5188522ms] [LOG] [Fast Refresh] done in 112ms @ http://localhost:3030/_next/static/chunks/04m2_next_dist_01d_w1-._.js:2431
[ 5188532ms] [INFO] %c%s%c [setup-health] background: #e6e6e6;background: light-dark(rgba(0,0,0,0.1), rgba(255,255,255,0.25));color: #000000;color: light-dark(#000000, #ffffff);border-radius: 2px  Server   panel-layout hidden because permission=false {tenantId: cmrvvipw70000oyyo6123270j, userId: cmrvvipyc000aoyyodcu4tftb, roleKeys: Array(1)} @ http://localhost:3030/_next/static/chunks/04m2_next_dist_01d_w1-._.js:2431
[ 5188634ms] [LOG] [Fast Refresh] rebuilding @ http://localhost:3030/_next/static/chunks/04m2_next_dist_01d_w1-._.js:2431
[ 5188720ms] [LOG] [Fast Refresh] done in 188ms @ http://localhost:3030/_next/static/chunks/04m2_next_dist_01d_w1-._.js:2431
[ 5188824ms] [LOG] [Fast Refresh] rebuilding @ http://localhost:3030/_next/static/chunks/04m2_next_dist_01d_w1-._.js:2431
[ 5188959ms] [LOG] [Fast Refresh] done in 237ms @ http://localhost:3030/_next/static/chunks/04m2_next_dist_01d_w1-._.js:2431
[ 5189304ms] [LOG] [Fast Refresh] rebuilding @ http://localhost:3030/_next/static/chunks/04m2_next_dist_01d_w1-._.js:2431
[ 5189425ms] [LOG] [Fast Refresh] done in 225ms @ http://localhost:3030/_next/static/chunks/04m2_next_dist_01d_w1-._.js:2431
[ 5189595ms] [LOG] [Fast Refresh] rebuilding @ http://localhost:3030/_next/static/chunks/04m2_next_dist_01d_w1-._.js:2431
[ 5189598ms] [LOG] [Fast Refresh] done in 113ms @ http://localhost:3030/_next/static/chunks/04m2_next_dist_01d_w1-._.js:2431
[ 5189696ms] [INFO] %c%s%c [setup-health] background: #e6e6e6;background: light-dark(rgba(0,0,0,0.1), rgba(255,255,255,0.25));color: #000000;color: light-dark(#000000, #ffffff);border-radius: 2px  Server   panel-layout hidden because permission=false {tenantId: cmrvvipw70000oyyo6123270j, userId: cmrvvipyc000aoyyodcu4tftb, roleKeys: Array(1)} @ http://localhost:3030/_next/static/chunks/04m2_next_dist_01d_w1-._.js:2431
[ 5189982ms] [LOG] [Fast Refresh] rebuilding @ http://localhost:3030/_next/static/chunks/04m2_next_dist_01d_w1-._.js:2431
[ 5190068ms] [LOG] [Fast Refresh] done in 187ms @ http://localhost:3030/_next/static/chunks/04m2_next_dist_01d_w1-._.js:2431
[ 5190181ms] [LOG] [Fast Refresh] rebuilding @ http://localhost:3030/_next/static/chunks/04m2_next_dist_01d_w1-._.js:2431
[ 5190235ms] [LOG] [Fast Refresh] done in 155ms @ http://localhost:3030/_next/static/chunks/04m2_next_dist_01d_w1-._.js:2431
[ 5190344ms] [LOG] [Fast Refresh] rebuilding @ http://localhost:3030/_next/static/chunks/04m2_next_dist_01d_w1-._.js:2431
[ 5190495ms] [LOG] [Fast Refresh] done in 259ms @ http://localhost:3030/_next/static/chunks/04m2_next_dist_01d_w1-._.js:2431
[ 5190823ms] [LOG] [Fast Refresh] rebuilding @ http://localhost:3030/_next/static/chunks/04m2_next_dist_01d_w1-._.js:2431
[ 5190879ms] [LOG] [Fast Refresh] done in 166ms @ http://localhost:3030/_next/static/chunks/04m2_next_dist_01d_w1-._.js:2431
[ 5190892ms] [INFO] %c%s%c [setup-health] background: #e6e6e6;background: light-dark(rgba(0,0,0,0.1), rgba(255,255,255,0.25));color: #000000;color: light-dark(#000000, #ffffff);border-radius: 2px  Server   panel-layout hidden because permission=false {tenantId: cmrvvipw70000oyyo6123270j, userId: cmrvvipyc000aoyyodcu4tftb, roleKeys: Array(1)} @ http://localhost:3030/_next/static/chunks/04m2_next_dist_01d_w1-._.js:2431
[ 5190994ms] [LOG] [Fast Refresh] rebuilding @ http://localhost:3030/_next/static/chunks/04m2_next_dist_01d_w1-._.js:2431
[ 5191134ms] [LOG] [Fast Refresh] done in 243ms @ http://localhost:3030/_next/static/chunks/04m2_next_dist_01d_w1-._.js:2431
[ 5191248ms] [LOG] [Fast Refresh] rebuilding @ http://localhost:3030/_next/static/chunks/04m2_next_dist_01d_w1-._.js:2431
[ 5191292ms] [LOG] [Fast Refresh] done in 157ms @ http://localhost:3030/_next/static/chunks/04m2_next_dist_01d_w1-._.js:2431
[ 5191397ms] [LOG] [Fast Refresh] rebuilding @ http://localhost:3030/_next/static/chunks/04m2_next_dist_01d_w1-._.js:2431
[ 5191470ms] [LOG] [Fast Refresh] done in 176ms @ http://localhost:3030/_next/static/chunks/04m2_next_dist_01d_w1-._.js:2431
[ 5191582ms] [LOG] [Fast Refresh] rebuilding @ http://localhost:3030/_next/static/chunks/04m2_next_dist_01d_w1-._.js:2431
[ 5191776ms] [LOG] [Fast Refresh] done in 294ms @ http://localhost:3030/_next/static/chunks/04m2_next_dist_01d_w1-._.js:2431
[ 5192136ms] [LOG] [Fast Refresh] rebuilding @ http://localhost:3030/_next/static/chunks/04m2_next_dist_01d_w1-._.js:2431
[ 5192161ms] [INFO] %c%s%c [setup-health] background: #e6e6e6;background: light-dark(rgba(0,0,0,0.1), rgba(255,255,255,0.25));color: #000000;color: light-dark(#000000, #ffffff);border-radius: 2px  Server   panel-layout hidden because permission=false {tenantId: cmrvvipw70000oyyo6123270j, userId: cmrvvipyc000aoyyodcu4tftb, roleKeys: Array(1)} @ http://localhost:3030/_next/static/chunks/04m2_next_dist_01d_w1-._.js:2431
[ 5192398ms] [LOG] [Fast Refresh] done in 371ms @ http://localhost:3030/_next/static/chunks/04m2_next_dist_01d_w1-._.js:2431
[ 5193401ms] [LOG] [Fast Refresh] rebuilding @ http://localhost:3030/_next/static/chunks/04m2_next_dist_01d_w1-._.js:2431
[ 5193521ms] [LOG] [Fast Refresh] done in 228ms @ http://localhost:3030/_next/static/chunks/04m2_next_dist_01d_w1-._.js:2431
[ 5193702ms] [LOG] [Fast Refresh] rebuilding @ http://localhost:3030/_next/static/chunks/04m2_next_dist_01d_w1-._.js:2431
[ 5193719ms] [LOG] [Fast Refresh] done in 123ms @ http://localhost:3030/_next/static/chunks/04m2_next_dist_01d_w1-._.js:2431
[ 5193823ms] [LOG] [Fast Refresh] rebuilding @ http://localhost:3030/_next/static/chunks/04m2_next_dist_01d_w1-._.js:2431
[ 5193827ms] [INFO] %c%s%c [setup-health] background: #e6e6e6;background: light-dark(rgba(0,0,0,0.1), rgba(255,255,255,0.25));color: #000000;color: light-dark(#000000, #ffffff);border-radius: 2px  Server   panel-layout hidden because permission=false {tenantId: cmrvvipw70000oyyo6123270j, userId: cmrvvipyc000aoyyodcu4tftb, roleKeys: Array(1)} @ http://localhost:3030/_next/static/chunks/04m2_next_dist_01d_w1-._.js:2431
[ 5193842ms] [LOG] [Fast Refresh] done in 121ms @ http://localhost:3030/_next/static/chunks/04m2_next_dist_01d_w1-._.js:2431
[ 5193943ms] [LOG] [Fast Refresh] rebuilding @ http://localhost:3030/_next/static/chunks/04m2_next_dist_01d_w1-._.js:2431
[ 5194069ms] [LOG] [Fast Refresh] done in 227ms @ http://localhost:3030/_next/static/chunks/04m2_next_dist_01d_w1-._.js:2431
[ 5194375ms] [LOG] [Fast Refresh] rebuilding @ http://localhost:3030/_next/static/chunks/04m2_next_dist_01d_w1-._.js:2431
[ 5194483ms] [LOG] [Fast Refresh] done in 220ms @ http://localhost:3030/_next/static/chunks/04m2_next_dist_01d_w1-._.js:2431
[ 5194596ms] [LOG] [Fast Refresh] rebuilding @ http://localhost:3030/_next/static/chunks/04m2_next_dist_01d_w1-._.js:2431
[ 5194669ms] [LOG] [Fast Refresh] done in 184ms @ http://localhost:3030/_next/static/chunks/04m2_next_dist_01d_w1-._.js:2431
[ 5194781ms] [LOG] [Fast Refresh] rebuilding @ http://localhost:3030/_next/static/chunks/04m2_next_dist_01d_w1-._.js:2431
[ 5194839ms] [LOG] [Fast Refresh] done in 169ms @ http://localhost:3030/_next/static/chunks/04m2_next_dist_01d_w1-._.js:2431
[ 5194941ms] [LOG] [Fast Refresh] rebuilding @ http://localhost:3030/_next/static/chunks/04m2_next_dist_01d_w1-._.js:2431
[ 5195024ms] [LOG] [Fast Refresh] done in 185ms @ http://localhost:3030/_next/static/chunks/04m2_next_dist_01d_w1-._.js:2431
[ 5195027ms] [INFO] %c%s%c [setup-health] background: #e6e6e6;background: light-dark(rgba(0,0,0,0.1), rgba(255,255,255,0.25));color: #000000;color: light-dark(#000000, #ffffff);border-radius: 2px  Server   panel-layout hidden because permission=false {tenantId: cmrvvipw70000oyyo6123270j, userId: cmrvvipyc000aoyyodcu4tftb, roleKeys: Array(1)} @ http://localhost:3030/_next/static/chunks/04m2_next_dist_01d_w1-._.js:2431
[ 5195130ms] [LOG] [Fast Refresh] rebuilding @ http://localhost:3030/_next/static/chunks/04m2_next_dist_01d_w1-._.js:2431
[ 5195150ms] [LOG] [Fast Refresh] done in 124ms @ http://localhost:3030/_next/static/chunks/04m2_next_dist_01d_w1-._.js:2431
[ 5195263ms] [LOG] [Fast Refresh] rebuilding @ http://localhost:3030/_next/static/chunks/04m2_next_dist_01d_w1-._.js:2431
[ 5195426ms] [LOG] [Fast Refresh] done in 273ms @ http://localhost:3030/_next/static/chunks/04m2_next_dist_01d_w1-._.js:2431
[ 5196010ms] [LOG] [Fast Refresh] rebuilding @ http://localhost:3030/_next/static/chunks/04m2_next_dist_01d_w1-._.js:2431
[ 5196084ms] [LOG] [Fast Refresh] done in 177ms @ http://localhost:3030/_next/static/chunks/04m2_next_dist_01d_w1-._.js:2431
[ 5196091ms] [INFO] %c%s%c [setup-health] background: #e6e6e6;background: light-dark(rgba(0,0,0,0.1), rgba(255,255,255,0.25));color: #000000;color: light-dark(#000000, #ffffff);border-radius: 2px  Server   panel-layout hidden because permission=false {tenantId: cmrvvipw70000oyyo6123270j, userId: cmrvvipyc000aoyyodcu4tftb, roleKeys: Array(1)} @ http://localhost:3030/_next/static/chunks/04m2_next_dist_01d_w1-._.js:2431
[ 5196413ms] [LOG] [Fast Refresh] rebuilding @ http://localhost:3030/_next/static/chunks/04m2_next_dist_01d_w1-._.js:2431
[ 5196492ms] [LOG] [Fast Refresh] done in 189ms @ http://localhost:3030/_next/static/chunks/04m2_next_dist_01d_w1-._.js:2431
[ 5196597ms] [LOG] [Fast Refresh] rebuilding @ http://localhost:3030/_next/static/chunks/04m2_next_dist_01d_w1-._.js:2431
[ 5196603ms] [LOG] [Fast Refresh] done in 107ms @ http://localhost:3030/_next/static/chunks/04m2_next_dist_01d_w1-._.js:2431
[ 5196709ms] [LOG] [Fast Refresh] rebuilding @ http://localhost:3030/_next/static/chunks/04m2_next_dist_01d_w1-._.js:2431
[ 5196905ms] [LOG] [Fast Refresh] done in 300ms @ http://localhost:3030/_next/static/chunks/04m2_next_dist_01d_w1-._.js:2431
[ 5197109ms] [LOG] [Fast Refresh] rebuilding @ http://localhost:3030/_next/static/chunks/04m2_next_dist_01d_w1-._.js:2431
[ 5197122ms] [LOG] [Fast Refresh] done in 119ms @ http://localhost:3030/_next/static/chunks/04m2_next_dist_01d_w1-._.js:2431
[ 5197224ms] [LOG] [Fast Refresh] rebuilding @ http://localhost:3030/_next/static/chunks/04m2_next_dist_01d_w1-._.js:2431
[ 5197228ms] [INFO] %c%s%c [setup-health] background: #e6e6e6;background: light-dark(rgba(0,0,0,0.1), rgba(255,255,255,0.25));color: #000000;color: light-dark(#000000, #ffffff);border-radius: 2px  Server   panel-layout hidden because permission=false {tenantId: cmrvvipw70000oyyo6123270j, userId: cmrvvipyc000aoyyodcu4tftb, roleKeys: Array(1)} @ http://localhost:3030/_next/static/chunks/04m2_next_dist_01d_w1-._.js:2431
[ 5197298ms] [LOG] [Fast Refresh] done in 175ms @ http://localhost:3030/_next/static/chunks/04m2_next_dist_01d_w1-._.js:2431
[ 5197404ms] [LOG] [Fast Refresh] rebuilding @ http://localhost:3030/_next/static/chunks/04m2_next_dist_01d_w1-._.js:2431
[ 5197483ms] [LOG] [Fast Refresh] done in 182ms @ http://localhost:3030/_next/static/chunks/04m2_next_dist_01d_w1-._.js:2431
[ 5197584ms] [LOG] [Fast Refresh] rebuilding @ http://localhost:3030/_next/static/chunks/04m2_next_dist_01d_w1-._.js:2431
[ 5197613ms] [LOG] [Fast Refresh] done in 129ms @ http://localhost:3030/_next/static/chunks/04m2_next_dist_01d_w1-._.js:2431
[ 5197948ms] [LOG] [Fast Refresh] rebuilding @ http://localhost:3030/_next/static/chunks/04m2_next_dist_01d_w1-._.js:2431
[ 5198078ms] [LOG] [Fast Refresh] done in 238ms @ http://localhost:3030/_next/static/chunks/04m2_next_dist_01d_w1-._.js:2431
[ 5198185ms] [LOG] [Fast Refresh] rebuilding @ http://localhost:3030/_next/static/chunks/04m2_next_dist_01d_w1-._.js:2431
[ 5198417ms] [LOG] [Fast Refresh] done in 334ms @ http://localhost:3030/_next/static/chunks/04m2_next_dist_01d_w1-._.js:2431
[ 5198419ms] [INFO] %c%s%c [setup-health] background: #e6e6e6;background: light-dark(rgba(0,0,0,0.1), rgba(255,255,255,0.25));color: #000000;color: light-dark(#000000, #ffffff);border-radius: 2px  Server   panel-layout hidden because permission=false {tenantId: cmrvvipw70000oyyo6123270j, userId: cmrvvipyc000aoyyodcu4tftb, roleKeys: Array(1)} @ http://localhost:3030/_next/static/chunks/04m2_next_dist_01d_w1-._.js:2431
[ 5198552ms] [LOG] [Fast Refresh] rebuilding @ http://localhost:3030/_next/static/chunks/04m2_next_dist_01d_w1-._.js:2431
[ 5200238ms] [LOG] [Fast Refresh] done in 1624ms @ http://localhost:3030/_next/static/chunks/04m2_next_dist_01d_w1-._.js:2431
[ 5200344ms] [LOG] [Fast Refresh] rebuilding @ http://localhost:3030/_next/static/chunks/04m2_next_dist_01d_w1-._.js:2431
[ 5200733ms] [LOG] [Fast Refresh] done in 490ms @ http://localhost:3030/_next/static/chunks/04m2_next_dist_01d_w1-._.js:2431
[ 5200839ms] [LOG] [Fast Refresh] rebuilding @ http://localhost:3030/_next/static/chunks/04m2_next_dist_01d_w1-._.js:2431
[ 5201191ms] [INFO] %c%s%c [setup-health] background: #e6e6e6;background: light-dark(rgba(0,0,0,0.1), rgba(255,255,255,0.25));color: #000000;color: light-dark(#000000, #ffffff);border-radius: 2px  Server   panel-layout hidden because permission=false {tenantId: cmrvvipw70000oyyo6123270j, userId: cmrvvipyc000aoyyodcu4tftb, roleKeys: Array(1)} @ http://localhost:3030/_next/static/chunks/04m2_next_dist_01d_w1-._.js:2431
[ 5201193ms] [LOG] [Fast Refresh] done in 455ms @ http://localhost:3030/_next/static/chunks/04m2_next_dist_01d_w1-._.js:2431
[ 5201205ms] [INFO] %c%s%c [setup-health] background: #e6e6e6;background: light-dark(rgba(0,0,0,0.1), rgba(255,255,255,0.25));color: #000000;color: light-dark(#000000, #ffffff);border-radius: 2px  Server   panel-layout hidden because permission=false {tenantId: cmrvvipw70000oyyo6123270j, userId: cmrvvipyc000aoyyodcu4tftb, roleKeys: Array(1)} @ http://localhost:3030/_next/static/chunks/04m2_next_dist_01d_w1-._.js:2431
[ 5201348ms] [LOG] [Fast Refresh] rebuilding @ http://localhost:3030/_next/static/chunks/04m2_next_dist_01d_w1-._.js:2431
[ 5201405ms] [LOG] [Fast Refresh] done in 164ms @ http://localhost:3030/_next/static/chunks/04m2_next_dist_01d_w1-._.js:2431
[ 5201507ms] [LOG] [Fast Refresh] rebuilding @ http://localhost:3030/_next/static/chunks/04m2_next_dist_01d_w1-._.js:2431
[ 5201685ms] [LOG] [Fast Refresh] done in 280ms @ http://localhost:3030/_next/static/chunks/04m2_next_dist_01d_w1-._.js:2431
[ 5201788ms] [LOG] [Fast Refresh] rebuilding @ http://localhost:3030/_next/static/chunks/04m2_next_dist_01d_w1-._.js:2431
[ 5201892ms] [LOG] [Fast Refresh] done in 205ms @ http://localhost:3030/_next/static/chunks/04m2_next_dist_01d_w1-._.js:2431
[ 5202200ms] [LOG] [Fast Refresh] rebuilding @ http://localhost:3030/_next/static/chunks/04m2_next_dist_01d_w1-._.js:2431
[ 5202298ms] [LOG] [Fast Refresh] done in 202ms @ http://localhost:3030/_next/static/chunks/04m2_next_dist_01d_w1-._.js:2431
[ 5202402ms] [LOG] [Fast Refresh] rebuilding @ http://localhost:3030/_next/static/chunks/04m2_next_dist_01d_w1-._.js:2431
[ 5202403ms] [LOG] [Fast Refresh] done in 104ms @ http://localhost:3030/_next/static/chunks/04m2_next_dist_01d_w1-._.js:2431
[ 5202505ms] [LOG] [Fast Refresh] rebuilding @ http://localhost:3030/_next/static/chunks/04m2_next_dist_01d_w1-._.js:2431
[ 5202579ms] [LOG] [Fast Refresh] done in 175ms @ http://localhost:3030/_next/static/chunks/04m2_next_dist_01d_w1-._.js:2431
[ 5202614ms] [INFO] %c%s%c [setup-health] background: #e6e6e6;background: light-dark(rgba(0,0,0,0.1), rgba(255,255,255,0.25));color: #000000;color: light-dark(#000000, #ffffff);border-radius: 2px  Server   panel-layout hidden because permission=false {tenantId: cmrvvipw70000oyyo6123270j, userId: cmrvvipyc000aoyyodcu4tftb, roleKeys: Array(1)} @ http://localhost:3030/_next/static/chunks/04m2_next_dist_01d_w1-._.js:2431
[ 5202691ms] [LOG] [Fast Refresh] rebuilding @ http://localhost:3030/_next/static/chunks/04m2_next_dist_01d_w1-._.js:2431
[ 5202817ms] [LOG] [Fast Refresh] done in 238ms @ http://localhost:3030/_next/static/chunks/04m2_next_dist_01d_w1-._.js:2431
[ 5203046ms] [LOG] [Fast Refresh] rebuilding @ http://localhost:3030/_next/static/chunks/04m2_next_dist_01d_w1-._.js:2431
[ 5203165ms] [LOG] [Fast Refresh] done in 225ms @ http://localhost:3030/_next/static/chunks/04m2_next_dist_01d_w1-._.js:2431
[ 5203366ms] [LOG] [Fast Refresh] rebuilding @ http://localhost:3030/_next/static/chunks/04m2_next_dist_01d_w1-._.js:2431
[ 5203463ms] [LOG] [Fast Refresh] done in 203ms @ http://localhost:3030/_next/static/chunks/04m2_next_dist_01d_w1-._.js:2431
[ 5203566ms] [LOG] [Fast Refresh] rebuilding @ http://localhost:3030/_next/static/chunks/04m2_next_dist_01d_w1-._.js:2431
[ 5203575ms] [LOG] [Fast Refresh] done in 111ms @ http://localhost:3030/_next/static/chunks/04m2_next_dist_01d_w1-._.js:2431
[ 5203732ms] [INFO] %c%s%c [setup-health] background: #e6e6e6;background: light-dark(rgba(0,0,0,0.1), rgba(255,255,255,0.25));color: #000000;color: light-dark(#000000, #ffffff);border-radius: 2px  Server   panel-layout hidden because permission=false {tenantId: cmrvvipw70000oyyo6123270j, userId: cmrvvipyc000aoyyodcu4tftb, roleKeys: Array(1)} @ http://localhost:3030/_next/static/chunks/04m2_next_dist_01d_w1-._.js:2431
[ 5203815ms] [LOG] [Fast Refresh] rebuilding @ http://localhost:3030/_next/static/chunks/04m2_next_dist_01d_w1-._.js:2431
[ 5204003ms] [LOG] [Fast Refresh] done in 293ms @ http://localhost:3030/_next/static/chunks/04m2_next_dist_01d_w1-._.js:2431
[ 5204106ms] [LOG] [Fast Refresh] rebuilding @ http://localhost:3030/_next/static/chunks/04m2_next_dist_01d_w1-._.js:2431
[ 5204164ms] [LOG] [Fast Refresh] done in 159ms @ http://localhost:3030/_next/static/chunks/04m2_next_dist_01d_w1-._.js:2431
[ 5204266ms] [LOG] [Fast Refresh] rebuilding @ http://localhost:3030/_next/static/chunks/04m2_next_dist_01d_w1-._.js:2431
[ 5204313ms] [LOG] [Fast Refresh] done in 147ms @ http://localhost:3030/_next/static/chunks/04m2_next_dist_01d_w1-._.js:2431
[ 5204426ms] [LOG] [Fast Refresh] rebuilding @ http://localhost:3030/_next/static/chunks/04m2_next_dist_01d_w1-._.js:2431
[ 5204471ms] [LOG] [Fast Refresh] done in 157ms @ http://localhost:3030/_next/static/chunks/04m2_next_dist_01d_w1-._.js:2431
[ 5204575ms] [LOG] [Fast Refresh] rebuilding @ http://localhost:3030/_next/static/chunks/04m2_next_dist_01d_w1-._.js:2431
[ 5204644ms] [LOG] [Fast Refresh] done in 173ms @ http://localhost:3030/_next/static/chunks/04m2_next_dist_01d_w1-._.js:2431
[ 5204817ms] [INFO] %c%s%c [setup-health] background: #e6e6e6;background: light-dark(rgba(0,0,0,0.1), rgba(255,255,255,0.25));color: #000000;color: light-dark(#000000, #ffffff);border-radius: 2px  Server   panel-layout hidden because permission=false {tenantId: cmrvvipw70000oyyo6123270j, userId: cmrvvipyc000aoyyodcu4tftb, roleKeys: Array(1)} @ http://localhost:3030/_next/static/chunks/04m2_next_dist_01d_w1-._.js:2431
[ 5204949ms] [LOG] [Fast Refresh] rebuilding @ http://localhost:3030/_next/static/chunks/04m2_next_dist_01d_w1-._.js:2431
[ 5205079ms] [LOG] [Fast Refresh] done in 232ms @ http://localhost:3030/_next/static/chunks/04m2_next_dist_01d_w1-._.js:2431
[ 5205187ms] [LOG] [Fast Refresh] rebuilding @ http://localhost:3030/_next/static/chunks/04m2_next_dist_01d_w1-._.js:2431
[ 5205260ms] [LOG] [Fast Refresh] done in 180ms @ http://localhost:3030/_next/static/chunks/04m2_next_dist_01d_w1-._.js:2431
[ 5205366ms] [LOG] [Fast Refresh] rebuilding @ http://localhost:3030/_next/static/chunks/04m2_next_dist_01d_w1-._.js:2431
[ 5205430ms] [LOG] [Fast Refresh] done in 169ms @ http://localhost:3030/_next/static/chunks/04m2_next_dist_01d_w1-._.js:2431
[ 5205545ms] [LOG] [Fast Refresh] rebuilding @ http://localhost:3030/_next/static/chunks/04m2_next_dist_01d_w1-._.js:2431
[ 5205670ms] [LOG] [Fast Refresh] done in 231ms @ http://localhost:3030/_next/static/chunks/04m2_next_dist_01d_w1-._.js:2431
[ 5205911ms] [LOG] [Fast Refresh] rebuilding @ http://localhost:3030/_next/static/chunks/04m2_next_dist_01d_w1-._.js:2431
[ 5205965ms] [LOG] [Fast Refresh] done in 159ms @ http://localhost:3030/_next/static/chunks/04m2_next_dist_01d_w1-._.js:2431
[ 5205967ms] [INFO] %c%s%c [setup-health] background: #e6e6e6;background: light-dark(rgba(0,0,0,0.1), rgba(255,255,255,0.25));color: #000000;color: light-dark(#000000, #ffffff);border-radius: 2px  Server   panel-layout hidden because permission=false {tenantId: cmrvvipw70000oyyo6123270j, userId: cmrvvipyc000aoyyodcu4tftb, roleKeys: Array(1)} @ http://localhost:3030/_next/static/chunks/04m2_next_dist_01d_w1-._.js:2431
[ 5206068ms] [LOG] [Fast Refresh] rebuilding @ http://localhost:3030/_next/static/chunks/04m2_next_dist_01d_w1-._.js:2431
[ 5206141ms] [LOG] [Fast Refresh] done in 176ms @ http://localhost:3030/_next/static/chunks/04m2_next_dist_01d_w1-._.js:2431
[ 5206364ms] [LOG] [Fast Refresh] rebuilding @ http://localhost:3030/_next/static/chunks/04m2_next_dist_01d_w1-._.js:2431
[ 5206479ms] [LOG] [Fast Refresh] done in 227ms @ http://localhost:3030/_next/static/chunks/04m2_next_dist_01d_w1-._.js:2431
[ 5206627ms] [LOG] [Fast Refresh] rebuilding @ http://localhost:3030/_next/static/chunks/04m2_next_dist_01d_w1-._.js:2431
[ 5206739ms] [LOG] [Fast Refresh] done in 225ms @ http://localhost:3030/_next/static/chunks/04m2_next_dist_01d_w1-._.js:2431
[ 5206980ms] [LOG] [Fast Refresh] rebuilding @ http://localhost:3030/_next/static/chunks/04m2_next_dist_01d_w1-._.js:2431
[ 5207048ms] [LOG] [Fast Refresh] done in 175ms @ http://localhost:3030/_next/static/chunks/04m2_next_dist_01d_w1-._.js:2431
[ 5207124ms] [INFO] %c%s%c [setup-health] background: #e6e6e6;background: light-dark(rgba(0,0,0,0.1), rgba(255,255,255,0.25));color: #000000;color: light-dark(#000000, #ffffff);border-radius: 2px  Server   panel-layout hidden because permission=false {tenantId: cmrvvipw70000oyyo6123270j, userId: cmrvvipyc000aoyyodcu4tftb, roleKeys: Array(1)} @ http://localhost:3030/_next/static/chunks/04m2_next_dist_01d_w1-._.js:2431
[ 5207159ms] [LOG] [Fast Refresh] rebuilding @ http://localhost:3030/_next/static/chunks/04m2_next_dist_01d_w1-._.js:2431
[ 5207396ms] [LOG] [Fast Refresh] done in 339ms @ http://localhost:3030/_next/static/chunks/04m2_next_dist_01d_w1-._.js:2431
[ 5207507ms] [LOG] [Fast Refresh] rebuilding @ http://localhost:3030/_next/static/chunks/04m2_next_dist_01d_w1-._.js:2431
[ 5207567ms] [LOG] [Fast Refresh] done in 167ms @ http://localhost:3030/_next/static/chunks/04m2_next_dist_01d_w1-._.js:2431
[ 5207668ms] [LOG] [Fast Refresh] rebuilding @ http://localhost:3030/_next/static/chunks/04m2_next_dist_01d_w1-._.js:2431
[ 5207700ms] [LOG] [Fast Refresh] done in 133ms @ http://localhost:3030/_next/static/chunks/04m2_next_dist_01d_w1-._.js:2431
[ 5207886ms] [LOG] [Fast Refresh] rebuilding @ http://localhost:3030/_next/static/chunks/04m2_next_dist_01d_w1-._.js:2431
[ 5208008ms] [LOG] [Fast Refresh] done in 225ms @ http://localhost:3030/_next/static/chunks/04m2_next_dist_01d_w1-._.js:2431
[ 5208247ms] [INFO] %c%s%c [setup-health] background: #e6e6e6;background: light-dark(rgba(0,0,0,0.1), rgba(255,255,255,0.25));color: #000000;color: light-dark(#000000, #ffffff);border-radius: 2px  Server   panel-layout hidden because permission=false {tenantId: cmrvvipw70000oyyo6123270j, userId: cmrvvipyc000aoyyodcu4tftb, roleKeys: Array(1)} @ http://localhost:3030/_next/static/chunks/04m2_next_dist_01d_w1-._.js:2431
[ 5208310ms] [LOG] [Fast Refresh] rebuilding @ http://localhost:3030/_next/static/chunks/04m2_next_dist_01d_w1-._.js:2431
[ 5208394ms] [LOG] [Fast Refresh] done in 186ms @ http://localhost:3030/_next/static/chunks/04m2_next_dist_01d_w1-._.js:2431
[ 5208498ms] [LOG] [Fast Refresh] rebuilding @ http://localhost:3030/_next/static/chunks/04m2_next_dist_01d_w1-._.js:2431
[ 5208499ms] [LOG] [Fast Refresh] done in 102ms @ http://localhost:3030/_next/static/chunks/04m2_next_dist_01d_w1-._.js:2431
[ 5208602ms] [LOG] [Fast Refresh] rebuilding @ http://localhost:3030/_next/static/chunks/04m2_next_dist_01d_w1-._.js:2431
[ 5208741ms] [LOG] [Fast Refresh] done in 240ms @ http://localhost:3030/_next/static/chunks/04m2_next_dist_01d_w1-._.js:2431
[ 5208844ms] [LOG] [Fast Refresh] rebuilding @ http://localhost:3030/_next/static/chunks/04m2_next_dist_01d_w1-._.js:2431
[ 5208956ms] [LOG] [Fast Refresh] done in 214ms @ http://localhost:3030/_next/static/chunks/04m2_next_dist_01d_w1-._.js:2431
[ 5209068ms] [LOG] [Fast Refresh] rebuilding @ http://localhost:3030/_next/static/chunks/04m2_next_dist_01d_w1-._.js:2431
[ 5209100ms] [LOG] [Fast Refresh] done in 138ms @ http://localhost:3030/_next/static/chunks/04m2_next_dist_01d_w1-._.js:2431
[ 5209215ms] [LOG] [Fast Refresh] rebuilding @ http://localhost:3030/_next/static/chunks/04m2_next_dist_01d_w1-._.js:2431
[ 5209393ms] [LOG] [Fast Refresh] done in 292ms @ http://localhost:3030/_next/static/chunks/04m2_next_dist_01d_w1-._.js:2431
[ 5209420ms] [INFO] %c%s%c [setup-health] background: #e6e6e6;background: light-dark(rgba(0,0,0,0.1), rgba(255,255,255,0.25));color: #000000;color: light-dark(#000000, #ffffff);border-radius: 2px  Server   panel-layout hidden because permission=false {tenantId: cmrvvipw70000oyyo6123270j, userId: cmrvvipyc000aoyyodcu4tftb, roleKeys: Array(1)} @ http://localhost:3030/_next/static/chunks/04m2_next_dist_01d_w1-._.js:2431
[ 5209513ms] [LOG] [Fast Refresh] rebuilding @ http://localhost:3030/_next/static/chunks/04m2_next_dist_01d_w1-._.js:2431
[ 5209632ms] [LOG] [Fast Refresh] done in 222ms @ http://localhost:3030/_next/static/chunks/04m2_next_dist_01d_w1-._.js:2431
[ 5209734ms] [LOG] [Fast Refresh] rebuilding @ http://localhost:3030/_next/static/chunks/04m2_next_dist_01d_w1-._.js:2431
[ 5209943ms] [LOG] [Fast Refresh] done in 309ms @ http://localhost:3030/_next/static/chunks/04m2_next_dist_01d_w1-._.js:2431
[ 5210055ms] [LOG] [Fast Refresh] rebuilding @ http://localhost:3030/_next/static/chunks/04m2_next_dist_01d_w1-._.js:2431
[ 5210151ms] [LOG] [Fast Refresh] done in 207ms @ http://localhost:3030/_next/static/chunks/04m2_next_dist_01d_w1-._.js:2431
[ 5210539ms] [INFO] %c%s%c [setup-health] background: #e6e6e6;background: light-dark(rgba(0,0,0,0.1), rgba(255,255,255,0.25));color: #000000;color: light-dark(#000000, #ffffff);border-radius: 2px  Server   panel-layout hidden because permission=false {tenantId: cmrvvipw70000oyyo6123270j, userId: cmrvvipyc000aoyyodcu4tftb, roleKeys: Array(1)} @ http://localhost:3030/_next/static/chunks/04m2_next_dist_01d_w1-._.js:2431
[ 5210645ms] [LOG] [Fast Refresh] rebuilding @ http://localhost:3030/_next/static/chunks/04m2_next_dist_01d_w1-._.js:2431
[ 5210703ms] [LOG] [Fast Refresh] done in 164ms @ http://localhost:3030/_next/static/chunks/04m2_next_dist_01d_w1-._.js:2431
[ 5210817ms] [LOG] [Fast Refresh] rebuilding @ http://localhost:3030/_next/static/chunks/04m2_next_dist_01d_w1-._.js:2431
[ 5210966ms] [LOG] [Fast Refresh] done in 257ms @ http://localhost:3030/_next/static/chunks/04m2_next_dist_01d_w1-._.js:2431
[ 5211258ms] [LOG] [Fast Refresh] rebuilding @ http://localhost:3030/_next/static/chunks/04m2_next_dist_01d_w1-._.js:2431
[ 5211291ms] [LOG] [Fast Refresh] done in 141ms @ http://localhost:3030/_next/static/chunks/04m2_next_dist_01d_w1-._.js:2431
[ 5211403ms] [LOG] [Fast Refresh] rebuilding @ http://localhost:3030/_next/static/chunks/04m2_next_dist_01d_w1-._.js:2431
[ 5211484ms] [LOG] [Fast Refresh] done in 187ms @ http://localhost:3030/_next/static/chunks/04m2_next_dist_01d_w1-._.js:2431
[ 5211589ms] [LOG] [Fast Refresh] rebuilding @ http://localhost:3030/_next/static/chunks/04m2_next_dist_01d_w1-._.js:2431
[ 5211729ms] [LOG] [Fast Refresh] done in 242ms @ http://localhost:3030/_next/static/chunks/04m2_next_dist_01d_w1-._.js:2431
[ 5211730ms] [INFO] %c%s%c [setup-health] background: #e6e6e6;background: light-dark(rgba(0,0,0,0.1), rgba(255,255,255,0.25));color: #000000;color: light-dark(#000000, #ffffff);border-radius: 2px  Server   panel-layout hidden because permission=false {tenantId: cmrvvipw70000oyyo6123270j, userId: cmrvvipyc000aoyyodcu4tftb, roleKeys: Array(1)} @ http://localhost:3030/_next/static/chunks/04m2_next_dist_01d_w1-._.js:2431
[ 5211836ms] [LOG] [Fast Refresh] rebuilding @ http://localhost:3030/_next/static/chunks/04m2_next_dist_01d_w1-._.js:2431
[ 5211836ms] [LOG] [Fast Refresh] done in 107ms @ http://localhost:3030/_next/static/chunks/04m2_next_dist_01d_w1-._.js:2431
[ 5211949ms] [LOG] [Fast Refresh] rebuilding @ http://localhost:3030/_next/static/chunks/04m2_next_dist_01d_w1-._.js:2431
[ 5212101ms] [LOG] [Fast Refresh] done in 257ms @ http://localhost:3030/_next/static/chunks/04m2_next_dist_01d_w1-._.js:2431
[ 5212365ms] [LOG] [Fast Refresh] rebuilding @ http://localhost:3030/_next/static/chunks/04m2_next_dist_01d_w1-._.js:2431
[ 5212449ms] [LOG] [Fast Refresh] done in 185ms @ http://localhost:3030/_next/static/chunks/04m2_next_dist_01d_w1-._.js:2431
[ 5212656ms] [LOG] [Fast Refresh] rebuilding @ http://localhost:3030/_next/static/chunks/04m2_next_dist_01d_w1-._.js:2431
[ 5212731ms] [LOG] [Fast Refresh] done in 176ms @ http://localhost:3030/_next/static/chunks/04m2_next_dist_01d_w1-._.js:2431
[ 5212911ms] [INFO] %c%s%c [setup-health] background: #e6e6e6;background: light-dark(rgba(0,0,0,0.1), rgba(255,255,255,0.25));color: #000000;color: light-dark(#000000, #ffffff);border-radius: 2px  Server   panel-layout hidden because permission=false {tenantId: cmrvvipw70000oyyo6123270j, userId: cmrvvipyc000aoyyodcu4tftb, roleKeys: Array(1)} @ http://localhost:3030/_next/static/chunks/04m2_next_dist_01d_w1-._.js:2431
[ 5212951ms] [LOG] [Fast Refresh] rebuilding @ http://localhost:3030/_next/static/chunks/04m2_next_dist_01d_w1-._.js:2431
[ 5213050ms] [LOG] [Fast Refresh] done in 205ms @ http://localhost:3030/_next/static/chunks/04m2_next_dist_01d_w1-._.js:2431
[ 5213158ms] [LOG] [Fast Refresh] rebuilding @ http://localhost:3030/_next/static/chunks/04m2_next_dist_01d_w1-._.js:2431
[ 5213197ms] [LOG] [Fast Refresh] done in 145ms @ http://localhost:3030/_next/static/chunks/04m2_next_dist_01d_w1-._.js:2431
[ 5213299ms] [LOG] [Fast Refresh] rebuilding @ http://localhost:3030/_next/static/chunks/04m2_next_dist_01d_w1-._.js:2431
[ 5213513ms] [LOG] [Fast Refresh] done in 316ms @ http://localhost:3030/_next/static/chunks/04m2_next_dist_01d_w1-._.js:2431
[ 5213757ms] [LOG] [Fast Refresh] rebuilding @ http://localhost:3030/_next/static/chunks/04m2_next_dist_01d_w1-._.js:2431
[ 5213798ms] [LOG] [Fast Refresh] done in 143ms @ http://localhost:3030/_next/static/chunks/04m2_next_dist_01d_w1-._.js:2431
[ 5213911ms] [LOG] [Fast Refresh] rebuilding @ http://localhost:3030/_next/static/chunks/04m2_next_dist_01d_w1-._.js:2431
[ 5213968ms] [LOG] [Fast Refresh] done in 160ms @ http://localhost:3030/_next/static/chunks/04m2_next_dist_01d_w1-._.js:2431
[ 5213970ms] [INFO] %c%s%c [setup-health] background: #e6e6e6;background: light-dark(rgba(0,0,0,0.1), rgba(255,255,255,0.25));color: #000000;color: light-dark(#000000, #ffffff);border-radius: 2px  Server   panel-layout hidden because permission=false {tenantId: cmrvvipw70000oyyo6123270j, userId: cmrvvipyc000aoyyodcu4tftb, roleKeys: Array(1)} @ http://localhost:3030/_next/static/chunks/04m2_next_dist_01d_w1-._.js:2431
[ 5214070ms] [LOG] [Fast Refresh] rebuilding @ http://localhost:3030/_next/static/chunks/04m2_next_dist_01d_w1-._.js:2431
[ 5214248ms] [LOG] [Fast Refresh] done in 278ms @ http://localhost:3030/_next/static/chunks/04m2_next_dist_01d_w1-._.js:2431
[ 5214364ms] [LOG] [Fast Refresh] rebuilding @ http://localhost:3030/_next/static/chunks/04m2_next_dist_01d_w1-._.js:2431
[ 5214421ms] [LOG] [Fast Refresh] done in 166ms @ http://localhost:3030/_next/static/chunks/04m2_next_dist_01d_w1-._.js:2431
[ 5214523ms] [LOG] [Fast Refresh] rebuilding @ http://localhost:3030/_next/static/chunks/04m2_next_dist_01d_w1-._.js:2431
[ 5214540ms] [LOG] [Fast Refresh] done in 118ms @ http://localhost:3030/_next/static/chunks/04m2_next_dist_01d_w1-._.js:2431
[ 5214749ms] [LOG] [Fast Refresh] rebuilding @ http://localhost:3030/_next/static/chunks/04m2_next_dist_01d_w1-._.js:2431
[ 5214890ms] [LOG] [Fast Refresh] done in 244ms @ http://localhost:3030/_next/static/chunks/04m2_next_dist_01d_w1-._.js:2431
[ 5215116ms] [LOG] [Fast Refresh] rebuilding @ http://localhost:3030/_next/static/chunks/04m2_next_dist_01d_w1-._.js:2431
[ 5215153ms] [LOG] [Fast Refresh] done in 142ms @ http://localhost:3030/_next/static/chunks/04m2_next_dist_01d_w1-._.js:2431
[ 5215169ms] [INFO] %c%s%c [setup-health] background: #e6e6e6;background: light-dark(rgba(0,0,0,0.1), rgba(255,255,255,0.25));color: #000000;color: light-dark(#000000, #ffffff);border-radius: 2px  Server   panel-layout hidden because permission=false {tenantId: cmrvvipw70000oyyo6123270j, userId: cmrvvipyc000aoyyodcu4tftb, roleKeys: Array(1)} @ http://localhost:3030/_next/static/chunks/04m2_next_dist_01d_w1-._.js:2431
[ 5215258ms] [LOG] [Fast Refresh] rebuilding @ http://localhost:3030/_next/static/chunks/04m2_next_dist_01d_w1-._.js:2431
[ 5215426ms] [LOG] [Fast Refresh] done in 271ms @ http://localhost:3030/_next/static/chunks/04m2_next_dist_01d_w1-._.js:2431
[ 5216073ms] [LOG] [Fast Refresh] rebuilding @ http://localhost:3030/_next/static/chunks/04m2_next_dist_01d_w1-._.js:2431
[ 5216155ms] [LOG] [Fast Refresh] done in 210ms @ http://localhost:3030/_next/static/chunks/04m2_next_dist_01d_w1-._.js:2431
[ 5216258ms] [LOG] [Fast Refresh] rebuilding @ http://localhost:3030/_next/static/chunks/04m2_next_dist_01d_w1-._.js:2431
[ 5216288ms] [LOG] [Fast Refresh] done in 132ms @ http://localhost:3030/_next/static/chunks/04m2_next_dist_01d_w1-._.js:2431
[ 5216314ms] [INFO] %c%s%c [setup-health] background: #e6e6e6;background: light-dark(rgba(0,0,0,0.1), rgba(255,255,255,0.25));color: #000000;color: light-dark(#000000, #ffffff);border-radius: 2px  Server   panel-layout hidden because permission=false {tenantId: cmrvvipw70000oyyo6123270j, userId: cmrvvipyc000aoyyodcu4tftb, roleKeys: Array(1)} @ http://localhost:3030/_next/static/chunks/04m2_next_dist_01d_w1-._.js:2431
[ 5216391ms] [LOG] [Fast Refresh] rebuilding @ http://localhost:3030/_next/static/chunks/04m2_next_dist_01d_w1-._.js:2431
[ 5216524ms] [LOG] [Fast Refresh] done in 234ms @ http://localhost:3030/_next/static/chunks/04m2_next_dist_01d_w1-._.js:2431
[ 5216631ms] [LOG] [Fast Refresh] rebuilding @ http://localhost:3030/_next/static/chunks/04m2_next_dist_01d_w1-._.js:2431
[ 5216692ms] [LOG] [Fast Refresh] done in 166ms @ http://localhost:3030/_next/static/chunks/04m2_next_dist_01d_w1-._.js:2431
[ 5216805ms] [LOG] [Fast Refresh] rebuilding @ http://localhost:3030/_next/static/chunks/04m2_next_dist_01d_w1-._.js:2431
[ 5216929ms] [LOG] [Fast Refresh] done in 237ms @ http://localhost:3030/_next/static/chunks/04m2_next_dist_01d_w1-._.js:2431
[ 5217153ms] [LOG] [Fast Refresh] rebuilding @ http://localhost:3030/_next/static/chunks/04m2_next_dist_01d_w1-._.js:2431
[ 5217220ms] [LOG] [Fast Refresh] done in 168ms @ http://localhost:3030/_next/static/chunks/04m2_next_dist_01d_w1-._.js:2431
[ 5217325ms] [LOG] [Fast Refresh] rebuilding @ http://localhost:3030/_next/static/chunks/04m2_next_dist_01d_w1-._.js:2431
[ 5217372ms] [LOG] [Fast Refresh] done in 149ms @ http://localhost:3030/_next/static/chunks/04m2_next_dist_01d_w1-._.js:2431
[ 5217373ms] [INFO] %c%s%c [setup-health] background: #e6e6e6;background: light-dark(rgba(0,0,0,0.1), rgba(255,255,255,0.25));color: #000000;color: light-dark(#000000, #ffffff);border-radius: 2px  Server   panel-layout hidden because permission=false {tenantId: cmrvvipw70000oyyo6123270j, userId: cmrvvipyc000aoyyodcu4tftb, roleKeys: Array(1)} @ http://localhost:3030/_next/static/chunks/04m2_next_dist_01d_w1-._.js:2431
[ 5217482ms] [LOG] [Fast Refresh] rebuilding @ http://localhost:3030/_next/static/chunks/04m2_next_dist_01d_w1-._.js:2431
[ 5217580ms] [LOG] [Fast Refresh] done in 209ms @ http://localhost:3030/_next/static/chunks/04m2_next_dist_01d_w1-._.js:2431
[ 5217725ms] [LOG] [Fast Refresh] rebuilding @ http://localhost:3030/_next/static/chunks/04m2_next_dist_01d_w1-._.js:2431
[ 5217742ms] [LOG] [Fast Refresh] done in 124ms @ http://localhost:3030/_next/static/chunks/04m2_next_dist_01d_w1-._.js:2431
[ 5217845ms] [LOG] [Fast Refresh] rebuilding @ http://localhost:3030/_next/static/chunks/04m2_next_dist_01d_w1-._.js:2431
[ 5217892ms] [LOG] [Fast Refresh] done in 148ms @ http://localhost:3030/_next/static/chunks/04m2_next_dist_01d_w1-._.js:2431
[ 5218005ms] [LOG] [Fast Refresh] rebuilding @ http://localhost:3030/_next/static/chunks/04m2_next_dist_01d_w1-._.js:2431
[ 5218224ms] [LOG] [Fast Refresh] done in 331ms @ http://localhost:3030/_next/static/chunks/04m2_next_dist_01d_w1-._.js:2431
[ 5218460ms] [LOG] [Fast Refresh] rebuilding @ http://localhost:3030/_next/static/chunks/04m2_next_dist_01d_w1-._.js:2431
[ 5218466ms] [LOG] [Fast Refresh] done in 113ms @ http://localhost:3030/_next/static/chunks/04m2_next_dist_01d_w1-._.js:2431
[ 5218529ms] [INFO] %c%s%c [setup-health] background: #e6e6e6;background: light-dark(rgba(0,0,0,0.1), rgba(255,255,255,0.25));color: #000000;color: light-dark(#000000, #ffffff);border-radius: 2px  Server   panel-layout hidden because permission=false {tenantId: cmrvvipw70000oyyo6123270j, userId: cmrvvipyc000aoyyodcu4tftb, roleKeys: Array(1)} @ http://localhost:3030/_next/static/chunks/04m2_next_dist_01d_w1-._.js:2431
[ 5219132ms] [LOG] [Fast Refresh] rebuilding @ http://localhost:3030/_next/static/chunks/04m2_next_dist_01d_w1-._.js:2431
[ 5219210ms] [LOG] [Fast Refresh] done in 192ms @ http://localhost:3030/_next/static/chunks/04m2_next_dist_01d_w1-._.js:2431
[ 5219326ms] [LOG] [Fast Refresh] rebuilding @ http://localhost:3030/_next/static/chunks/04m2_next_dist_01d_w1-._.js:2431
[ 5219354ms] [LOG] [Fast Refresh] done in 135ms @ http://localhost:3030/_next/static/chunks/04m2_next_dist_01d_w1-._.js:2431
[ 5219461ms] [LOG] [Fast Refresh] rebuilding @ http://localhost:3030/_next/static/chunks/04m2_next_dist_01d_w1-._.js:2431
[ 5219611ms] [LOG] [Fast Refresh] done in 256ms @ http://localhost:3030/_next/static/chunks/04m2_next_dist_01d_w1-._.js:2431
[ 5219635ms] [INFO] %c%s%c [setup-health] background: #e6e6e6;background: light-dark(rgba(0,0,0,0.1), rgba(255,255,255,0.25));color: #000000;color: light-dark(#000000, #ffffff);border-radius: 2px  Server   panel-layout hidden because permission=false {tenantId: cmrvvipw70000oyyo6123270j, userId: cmrvvipyc000aoyyodcu4tftb, roleKeys: Array(1)} @ http://localhost:3030/_next/static/chunks/04m2_next_dist_01d_w1-._.js:2431
[ 5219715ms] [LOG] [Fast Refresh] rebuilding @ http://localhost:3030/_next/static/chunks/04m2_next_dist_01d_w1-._.js:2431
[ 5219800ms] [LOG] [Fast Refresh] done in 187ms @ http://localhost:3030/_next/static/chunks/04m2_next_dist_01d_w1-._.js:2431
[ 5220120ms] [LOG] [Fast Refresh] rebuilding @ http://localhost:3030/_next/static/chunks/04m2_next_dist_01d_w1-._.js:2431
[ 5220254ms] [LOG] [Fast Refresh] done in 234ms @ http://localhost:3030/_next/static/chunks/04m2_next_dist_01d_w1-._.js:2431
[ 5220366ms] [LOG] [Fast Refresh] rebuilding @ http://localhost:3030/_next/static/chunks/04m2_next_dist_01d_w1-._.js:2431
[ 5220384ms] [LOG] [Fast Refresh] done in 125ms @ http://localhost:3030/_next/static/chunks/04m2_next_dist_01d_w1-._.js:2431
[ 5220719ms] [INFO] %c%s%c [setup-health] background: #e6e6e6;background: light-dark(rgba(0,0,0,0.1), rgba(255,255,255,0.25));color: #000000;color: light-dark(#000000, #ffffff);border-radius: 2px  Server   panel-layout hidden because permission=false {tenantId: cmrvvipw70000oyyo6123270j, userId: cmrvvipyc000aoyyodcu4tftb, roleKeys: Array(1)} @ http://localhost:3030/_next/static/chunks/04m2_next_dist_01d_w1-._.js:2431
[ 5220847ms] [LOG] [Fast Refresh] rebuilding @ http://localhost:3030/_next/static/chunks/04m2_next_dist_01d_w1-._.js:2431
[ 5221046ms] [LOG] [Fast Refresh] done in 300ms @ http://localhost:3030/_next/static/chunks/04m2_next_dist_01d_w1-._.js:2431
[ 5221247ms] [LOG] [Fast Refresh] rebuilding @ http://localhost:3030/_next/static/chunks/04m2_next_dist_01d_w1-._.js:2431
[ 5221305ms] [LOG] [Fast Refresh] done in 159ms @ http://localhost:3030/_next/static/chunks/04m2_next_dist_01d_w1-._.js:2431
[ 5221554ms] [LOG] [Fast Refresh] rebuilding @ http://localhost:3030/_next/static/chunks/04m2_next_dist_01d_w1-._.js:2431
[ 5221679ms] [LOG] [Fast Refresh] done in 227ms @ http://localhost:3030/_next/static/chunks/04m2_next_dist_01d_w1-._.js:2431
[ 5221783ms] [LOG] [Fast Refresh] rebuilding @ http://localhost:3030/_next/static/chunks/04m2_next_dist_01d_w1-._.js:2431
[ 5221828ms] [LOG] [Fast Refresh] done in 148ms @ http://localhost:3030/_next/static/chunks/04m2_next_dist_01d_w1-._.js:2431
[ 5221879ms] [INFO] %c%s%c [setup-health] background: #e6e6e6;background: light-dark(rgba(0,0,0,0.1), rgba(255,255,255,0.25));color: #000000;color: light-dark(#000000, #ffffff);border-radius: 2px  Server   panel-layout hidden because permission=false {tenantId: cmrvvipw70000oyyo6123270j, userId: cmrvvipyc000aoyyodcu4tftb, roleKeys: Array(1)} @ http://localhost:3030/_next/static/chunks/04m2_next_dist_01d_w1-._.js:2431
[ 5221941ms] [LOG] [Fast Refresh] rebuilding @ http://localhost:3030/_next/static/chunks/04m2_next_dist_01d_w1-._.js:2431
[ 5222027ms] [LOG] [Fast Refresh] done in 191ms @ http://localhost:3030/_next/static/chunks/04m2_next_dist_01d_w1-._.js:2431
[ 5222138ms] [LOG] [Fast Refresh] rebuilding @ http://localhost:3030/_next/static/chunks/04m2_next_dist_01d_w1-._.js:2431
[ 5222159ms] [LOG] [Fast Refresh] done in 128ms @ http://localhost:3030/_next/static/chunks/04m2_next_dist_01d_w1-._.js:2431
[ 5222263ms] [LOG] [Fast Refresh] rebuilding @ http://localhost:3030/_next/static/chunks/04m2_next_dist_01d_w1-._.js:2431
[ 5222386ms] [LOG] [Fast Refresh] done in 226ms @ http://localhost:3030/_next/static/chunks/04m2_next_dist_01d_w1-._.js:2431
[ 5222612ms] [LOG] [Fast Refresh] rebuilding @ http://localhost:3030/_next/static/chunks/04m2_next_dist_01d_w1-._.js:2431
[ 5222720ms] [LOG] [Fast Refresh] done in 215ms @ http://localhost:3030/_next/static/chunks/04m2_next_dist_01d_w1-._.js:2431
[ 5222833ms] [LOG] [Fast Refresh] rebuilding @ http://localhost:3030/_next/static/chunks/04m2_next_dist_01d_w1-._.js:2431
[ 5223010ms] [LOG] [Fast Refresh] done in 285ms @ http://localhost:3030/_next/static/chunks/04m2_next_dist_01d_w1-._.js:2431
[ 5223055ms] [INFO] %c%s%c [setup-health] background: #e6e6e6;background: light-dark(rgba(0,0,0,0.1), rgba(255,255,255,0.25));color: #000000;color: light-dark(#000000, #ffffff);border-radius: 2px  Server   panel-layout hidden because permission=false {tenantId: cmrvvipw70000oyyo6123270j, userId: cmrvvipyc000aoyyodcu4tftb, roleKeys: Array(1)} @ http://localhost:3030/_next/static/chunks/04m2_next_dist_01d_w1-._.js:2431
[ 5223132ms] [LOG] [Fast Refresh] rebuilding @ http://localhost:3030/_next/static/chunks/04m2_next_dist_01d_w1-._.js:2431
[ 5223184ms] [LOG] [Fast Refresh] done in 155ms @ http://localhost:3030/_next/static/chunks/04m2_next_dist_01d_w1-._.js:2431
[ 5223686ms] [LOG] [Fast Refresh] rebuilding @ http://localhost:3030/_next/static/chunks/04m2_next_dist_01d_w1-._.js:2431
[ 5223784ms] [LOG] [Fast Refresh] done in 197ms @ http://localhost:3030/_next/static/chunks/04m2_next_dist_01d_w1-._.js:2431
[ 5224095ms] [LOG] [Fast Refresh] rebuilding @ http://localhost:3030/_next/static/chunks/04m2_next_dist_01d_w1-._.js:2431
[ 5224119ms] [LOG] [Fast Refresh] done in 130ms @ http://localhost:3030/_next/static/chunks/04m2_next_dist_01d_w1-._.js:2431
[ 5224220ms] [LOG] [Fast Refresh] rebuilding @ http://localhost:3030/_next/static/chunks/04m2_next_dist_01d_w1-._.js:2431
[ 5224226ms] [INFO] %c%s%c [setup-health] background: #e6e6e6;background: light-dark(rgba(0,0,0,0.1), rgba(255,255,255,0.25));color: #000000;color: light-dark(#000000, #ffffff);border-radius: 2px  Server   panel-layout hidden because permission=false {tenantId: cmrvvipw70000oyyo6123270j, userId: cmrvvipyc000aoyyodcu4tftb, roleKeys: Array(1)} @ http://localhost:3030/_next/static/chunks/04m2_next_dist_01d_w1-._.js:2431
[ 5224234ms] [LOG] [Fast Refresh] done in 114ms @ http://localhost:3030/_next/static/chunks/04m2_next_dist_01d_w1-._.js:2431
[ 5224340ms] [LOG] [Fast Refresh] rebuilding @ http://localhost:3030/_next/static/chunks/04m2_next_dist_01d_w1-._.js:2431
[ 5224547ms] [LOG] [Fast Refresh] done in 311ms @ http://localhost:3030/_next/static/chunks/04m2_next_dist_01d_w1-._.js:2431
[ 5224930ms] [LOG] [Fast Refresh] rebuilding @ http://localhost:3030/_next/static/chunks/04m2_next_dist_01d_w1-._.js:2431
[ 5224961ms] [LOG] [Fast Refresh] done in 133ms @ http://localhost:3030/_next/static/chunks/04m2_next_dist_01d_w1-._.js:2431
[ 5225076ms] [LOG] [Fast Refresh] rebuilding @ http://localhost:3030/_next/static/chunks/04m2_next_dist_01d_w1-._.js:2431
[ 5225148ms] [LOG] [Fast Refresh] done in 174ms @ http://localhost:3030/_next/static/chunks/04m2_next_dist_01d_w1-._.js:2431
[ 5225401ms] [INFO] %c%s%c [setup-health] background: #e6e6e6;background: light-dark(rgba(0,0,0,0.1), rgba(255,255,255,0.25));color: #000000;color: light-dark(#000000, #ffffff);border-radius: 2px  Server   panel-layout hidden because permission=false {tenantId: cmrvvipw70000oyyo6123270j, userId: cmrvvipyc000aoyyodcu4tftb, roleKeys: Array(1)} @ http://localhost:3030/_next/static/chunks/04m2_next_dist_01d_w1-._.js:2431
[ 5225439ms] [LOG] [Fast Refresh] rebuilding @ http://localhost:3030/_next/static/chunks/04m2_next_dist_01d_w1-._.js:2431
[ 5225545ms] [LOG] [Fast Refresh] done in 210ms @ http://localhost:3030/_next/static/chunks/04m2_next_dist_01d_w1-._.js:2431
[ 5225646ms] [LOG] [Fast Refresh] rebuilding @ http://localhost:3030/_next/static/chunks/04m2_next_dist_01d_w1-._.js:2431
[ 5225653ms] [LOG] [Fast Refresh] done in 108ms @ http://localhost:3030/_next/static/chunks/04m2_next_dist_01d_w1-._.js:2431
[ 5225756ms] [LOG] [Fast Refresh] rebuilding @ http://localhost:3030/_next/static/chunks/04m2_next_dist_01d_w1-._.js:2431
[ 5225812ms] [LOG] [Fast Refresh] done in 157ms @ http://localhost:3030/_next/static/chunks/04m2_next_dist_01d_w1-._.js:2431
[ 5225914ms] [LOG] [Fast Refresh] rebuilding @ http://localhost:3030/_next/static/chunks/04m2_next_dist_01d_w1-._.js:2431
[ 5225960ms] [LOG] [Fast Refresh] done in 148ms @ http://localhost:3030/_next/static/chunks/04m2_next_dist_01d_w1-._.js:2431
[ 5226065ms] [LOG] [Fast Refresh] rebuilding @ http://localhost:3030/_next/static/chunks/04m2_next_dist_01d_w1-._.js:2431
[ 5226188ms] [LOG] [Fast Refresh] done in 227ms @ http://localhost:3030/_next/static/chunks/04m2_next_dist_01d_w1-._.js:2431
[ 5226426ms] [LOG] [Fast Refresh] rebuilding @ http://localhost:3030/_next/static/chunks/04m2_next_dist_01d_w1-._.js:2431
[ 5226494ms] [LOG] [Fast Refresh] done in 172ms @ http://localhost:3030/_next/static/chunks/04m2_next_dist_01d_w1-._.js:2431
[ 5226521ms] [INFO] %c%s%c [setup-health] background: #e6e6e6;background: light-dark(rgba(0,0,0,0.1), rgba(255,255,255,0.25));color: #000000;color: light-dark(#000000, #ffffff);border-radius: 2px  Server   panel-layout hidden because permission=false {tenantId: cmrvvipw70000oyyo6123270j, userId: cmrvvipyc000aoyyodcu4tftb, roleKeys: Array(1)} @ http://localhost:3030/_next/static/chunks/04m2_next_dist_01d_w1-._.js:2431
[ 5226599ms] [LOG] [Fast Refresh] rebuilding @ http://localhost:3030/_next/static/chunks/04m2_next_dist_01d_w1-._.js:2431
[ 5226762ms] [LOG] [Fast Refresh] done in 266ms @ http://localhost:3030/_next/static/chunks/04m2_next_dist_01d_w1-._.js:2431
[ 5226866ms] [LOG] [Fast Refresh] rebuilding @ http://localhost:3030/_next/static/chunks/04m2_next_dist_01d_w1-._.js:2431
[ 5226888ms] [LOG] [Fast Refresh] done in 125ms @ http://localhost:3030/_next/static/chunks/04m2_next_dist_01d_w1-._.js:2431
[ 5226995ms] [LOG] [Fast Refresh] rebuilding @ http://localhost:3030/_next/static/chunks/04m2_next_dist_01d_w1-._.js:2431
[ 5227136ms] [LOG] [Fast Refresh] done in 247ms @ http://localhost:3030/_next/static/chunks/04m2_next_dist_01d_w1-._.js:2431
[ 5227586ms] [INFO] %c%s%c [setup-health] background: #e6e6e6;background: light-dark(rgba(0,0,0,0.1), rgba(255,255,255,0.25));color: #000000;color: light-dark(#000000, #ffffff);border-radius: 2px  Server   panel-layout hidden because permission=false {tenantId: cmrvvipw70000oyyo6123270j, userId: cmrvvipyc000aoyyodcu4tftb, roleKeys: Array(1)} @ http://localhost:3030/_next/static/chunks/04m2_next_dist_01d_w1-._.js:2431
[ 5227680ms] [LOG] [Fast Refresh] rebuilding @ http://localhost:3030/_next/static/chunks/04m2_next_dist_01d_w1-._.js:2431
[ 5227838ms] [LOG] [Fast Refresh] done in 265ms @ http://localhost:3030/_next/static/chunks/04m2_next_dist_01d_w1-._.js:2431
[ 5228306ms] [LOG] [Fast Refresh] rebuilding @ http://localhost:3030/_next/static/chunks/04m2_next_dist_01d_w1-._.js:2431
[ 5228374ms] [LOG] [Fast Refresh] done in 173ms @ http://localhost:3030/_next/static/chunks/04m2_next_dist_01d_w1-._.js:2431
[ 5228841ms] [INFO] %c%s%c [setup-health] background: #e6e6e6;background: light-dark(rgba(0,0,0,0.1), rgba(255,255,255,0.25));color: #000000;color: light-dark(#000000, #ffffff);border-radius: 2px  Server   panel-layout hidden because permission=false {tenantId: cmrvvipw70000oyyo6123270j, userId: cmrvvipyc000aoyyodcu4tftb, roleKeys: Array(1)} @ http://localhost:3030/_next/static/chunks/04m2_next_dist_01d_w1-._.js:2431
[ 5228851ms] [LOG] [Fast Refresh] rebuilding @ http://localhost:3030/_next/static/chunks/04m2_next_dist_01d_w1-._.js:2431
[ 5228974ms] [LOG] [Fast Refresh] done in 227ms @ http://localhost:3030/_next/static/chunks/04m2_next_dist_01d_w1-._.js:2431
[ 5229077ms] [LOG] [Fast Refresh] rebuilding @ http://localhost:3030/_next/static/chunks/04m2_next_dist_01d_w1-._.js:2431
[ 5229082ms] [LOG] [Fast Refresh] done in 107ms @ http://localhost:3030/_next/static/chunks/04m2_next_dist_01d_w1-._.js:2431
[ 5229183ms] [LOG] [Fast Refresh] rebuilding @ http://localhost:3030/_next/static/chunks/04m2_next_dist_01d_w1-._.js:2431
[ 5229293ms] [LOG] [Fast Refresh] done in 210ms @ http://localhost:3030/_next/static/chunks/04m2_next_dist_01d_w1-._.js:2431
[ 5229398ms] [LOG] [Fast Refresh] rebuilding @ http://localhost:3030/_next/static/chunks/04m2_next_dist_01d_w1-._.js:2431
[ 5229430ms] [LOG] [Fast Refresh] done in 134ms @ http://localhost:3030/_next/static/chunks/04m2_next_dist_01d_w1-._.js:2431
[ 5229842ms] [LOG] [Fast Refresh] rebuilding @ http://localhost:3030/_next/static/chunks/04m2_next_dist_01d_w1-._.js:2431
[ 5229973ms] [LOG] [Fast Refresh] done in 239ms @ http://localhost:3030/_next/static/chunks/04m2_next_dist_01d_w1-._.js:2431
[ 5230031ms] [INFO] %c%s%c [setup-health] background: #e6e6e6;background: light-dark(rgba(0,0,0,0.1), rgba(255,255,255,0.25));color: #000000;color: light-dark(#000000, #ffffff);border-radius: 2px  Server   panel-layout hidden because permission=false {tenantId: cmrvvipw70000oyyo6123270j, userId: cmrvvipyc000aoyyodcu4tftb, roleKeys: Array(1)} @ http://localhost:3030/_next/static/chunks/04m2_next_dist_01d_w1-._.js:2431
[ 5230348ms] [LOG] [Fast Refresh] rebuilding @ http://localhost:3030/_next/static/chunks/04m2_next_dist_01d_w1-._.js:2431
[ 5230422ms] [LOG] [Fast Refresh] done in 181ms @ http://localhost:3030/_next/static/chunks/04m2_next_dist_01d_w1-._.js:2431
[ 5230531ms] [LOG] [Fast Refresh] rebuilding @ http://localhost:3030/_next/static/chunks/04m2_next_dist_01d_w1-._.js:2431
[ 5230650ms] [LOG] [Fast Refresh] done in 225ms @ http://localhost:3030/_next/static/chunks/04m2_next_dist_01d_w1-._.js:2431
[ 5230756ms] [LOG] [Fast Refresh] rebuilding @ http://localhost:3030/_next/static/chunks/04m2_next_dist_01d_w1-._.js:2431
[ 5230817ms] [LOG] [Fast Refresh] done in 164ms @ http://localhost:3030/_next/static/chunks/04m2_next_dist_01d_w1-._.js:2431
[ 5230921ms] [LOG] [Fast Refresh] rebuilding @ http://localhost:3030/_next/static/chunks/04m2_next_dist_01d_w1-._.js:2431
[ 5230921ms] [LOG] [Fast Refresh] done in 104ms @ http://localhost:3030/_next/static/chunks/04m2_next_dist_01d_w1-._.js:2431
[ 5231066ms] [INFO] %c%s%c [setup-health] background: #e6e6e6;background: light-dark(rgba(0,0,0,0.1), rgba(255,255,255,0.25));color: #000000;color: light-dark(#000000, #ffffff);border-radius: 2px  Server   panel-layout hidden because permission=false {tenantId: cmrvvipw70000oyyo6123270j, userId: cmrvvipyc000aoyyodcu4tftb, roleKeys: Array(1)} @ http://localhost:3030/_next/static/chunks/04m2_next_dist_01d_w1-._.js:2431
[ 5231105ms] [LOG] [Fast Refresh] rebuilding @ http://localhost:3030/_next/static/chunks/04m2_next_dist_01d_w1-._.js:2431
[ 5231320ms] [LOG] [Fast Refresh] done in 318ms @ http://localhost:3030/_next/static/chunks/04m2_next_dist_01d_w1-._.js:2431
[ 5231787ms] [LOG] [Fast Refresh] rebuilding @ http://localhost:3030/_next/static/chunks/04m2_next_dist_01d_w1-._.js:2431
[ 5231804ms] [LOG] [Fast Refresh] done in 126ms @ http://localhost:3030/_next/static/chunks/04m2_next_dist_01d_w1-._.js:2431
[ 5232254ms] [INFO] %c%s%c [setup-health] background: #e6e6e6;background: light-dark(rgba(0,0,0,0.1), rgba(255,255,255,0.25));color: #000000;color: light-dark(#000000, #ffffff);border-radius: 2px  Server   panel-layout hidden because permission=false {tenantId: cmrvvipw70000oyyo6123270j, userId: cmrvvipyc000aoyyodcu4tftb, roleKeys: Array(1)} @ http://localhost:3030/_next/static/chunks/04m2_next_dist_01d_w1-._.js:2431
[ 5232291ms] [LOG] [Fast Refresh] rebuilding @ http://localhost:3030/_next/static/chunks/04m2_next_dist_01d_w1-._.js:2431
[ 5232550ms] [LOG] [Fast Refresh] done in 361ms @ http://localhost:3030/_next/static/chunks/04m2_next_dist_01d_w1-._.js:2431
[ 5232733ms] [LOG] [Fast Refresh] rebuilding @ http://localhost:3030/_next/static/chunks/04m2_next_dist_01d_w1-._.js:2431
[ 5232788ms] [LOG] [Fast Refresh] done in 155ms @ http://localhost:3030/_next/static/chunks/04m2_next_dist_01d_w1-._.js:2431
[ 5232893ms] [LOG] [Fast Refresh] rebuilding @ http://localhost:3030/_next/static/chunks/04m2_next_dist_01d_w1-._.js:2431
[ 5233075ms] [LOG] [Fast Refresh] done in 285ms @ http://localhost:3030/_next/static/chunks/04m2_next_dist_01d_w1-._.js:2431
[ 5233225ms] [LOG] [Fast Refresh] rebuilding @ http://localhost:3030/_next/static/chunks/04m2_next_dist_01d_w1-._.js:2431
[ 5233333ms] [LOG] [Fast Refresh] done in 213ms @ http://localhost:3030/_next/static/chunks/04m2_next_dist_01d_w1-._.js:2431
[ 5233377ms] [INFO] %c%s%c [setup-health] background: #e6e6e6;background: light-dark(rgba(0,0,0,0.1), rgba(255,255,255,0.25));color: #000000;color: light-dark(#000000, #ffffff);border-radius: 2px  Server   panel-layout hidden because permission=false {tenantId: cmrvvipw70000oyyo6123270j, userId: cmrvvipyc000aoyyodcu4tftb, roleKeys: Array(1)} @ http://localhost:3030/_next/static/chunks/04m2_next_dist_01d_w1-._.js:2431
[ 5233839ms] [LOG] [Fast Refresh] rebuilding @ http://localhost:3030/_next/static/chunks/04m2_next_dist_01d_w1-._.js:2431
[ 5233959ms] [LOG] [Fast Refresh] done in 225ms @ http://localhost:3030/_next/static/chunks/04m2_next_dist_01d_w1-._.js:2431
[ 5234256ms] [LOG] [Fast Refresh] rebuilding @ http://localhost:3030/_next/static/chunks/04m2_next_dist_01d_w1-._.js:2431
[ 5234271ms] [LOG] [Fast Refresh] done in 118ms @ http://localhost:3030/_next/static/chunks/04m2_next_dist_01d_w1-._.js:2431
[ 5234390ms] [LOG] [Fast Refresh] rebuilding @ http://localhost:3030/_next/static/chunks/04m2_next_dist_01d_w1-._.js:2431
[ 5234412ms] [LOG] [Fast Refresh] done in 140ms @ http://localhost:3030/_next/static/chunks/04m2_next_dist_01d_w1-._.js:2431
[ 5234518ms] [LOG] [Fast Refresh] rebuilding @ http://localhost:3030/_next/static/chunks/04m2_next_dist_01d_w1-._.js:2431
[ 5234813ms] [LOG] [Fast Refresh] done in 400ms @ http://localhost:3030/_next/static/chunks/04m2_next_dist_01d_w1-._.js:2431
[ 5234845ms] [INFO] %c%s%c [setup-health] background: #e6e6e6;background: light-dark(rgba(0,0,0,0.1), rgba(255,255,255,0.25));color: #000000;color: light-dark(#000000, #ffffff);border-radius: 2px  Server   panel-layout hidden because permission=false {tenantId: cmrvvipw70000oyyo6123270j, userId: cmrvvipyc000aoyyodcu4tftb, roleKeys: Array(1)} @ http://localhost:3030/_next/static/chunks/04m2_next_dist_01d_w1-._.js:2431
[ 5235681ms] [LOG] [Fast Refresh] rebuilding @ http://localhost:3030/_next/static/chunks/04m2_next_dist_01d_w1-._.js:2431
[ 5235684ms] [LOG] [Fast Refresh] done in 120ms @ http://localhost:3030/_next/static/chunks/04m2_next_dist_01d_w1-._.js:2431
[ 5235787ms] [LOG] [Fast Refresh] rebuilding @ http://localhost:3030/_next/static/chunks/04m2_next_dist_01d_w1-._.js:2431
[ 5235829ms] [LOG] [Fast Refresh] done in 144ms @ http://localhost:3030/_next/static/chunks/04m2_next_dist_01d_w1-._.js:2431
[ 5235925ms] [INFO] %c%s%c [setup-health] background: #e6e6e6;background: light-dark(rgba(0,0,0,0.1), rgba(255,255,255,0.25));color: #000000;color: light-dark(#000000, #ffffff);border-radius: 2px  Server   panel-layout hidden because permission=false {tenantId: cmrvvipw70000oyyo6123270j, userId: cmrvvipyc000aoyyodcu4tftb, roleKeys: Array(1)} @ http://localhost:3030/_next/static/chunks/04m2_next_dist_01d_w1-._.js:2431
[ 5235933ms] [LOG] [Fast Refresh] rebuilding @ http://localhost:3030/_next/static/chunks/04m2_next_dist_01d_w1-._.js:2431
[ 5235964ms] [LOG] [Fast Refresh] done in 132ms @ http://localhost:3030/_next/static/chunks/04m2_next_dist_01d_w1-._.js:2431
[ 5236068ms] [LOG] [Fast Refresh] rebuilding @ http://localhost:3030/_next/static/chunks/04m2_next_dist_01d_w1-._.js:2431
[ 5236162ms] [LOG] [Fast Refresh] done in 197ms @ http://localhost:3030/_next/static/chunks/04m2_next_dist_01d_w1-._.js:2431
[ 5236344ms] [LOG] [Fast Refresh] rebuilding @ http://localhost:3030/_next/static/chunks/04m2_next_dist_01d_w1-._.js:2431
[ 5236428ms] [LOG] [Fast Refresh] done in 186ms @ http://localhost:3030/_next/static/chunks/04m2_next_dist_01d_w1-._.js:2431
[ 5236614ms] [LOG] [Fast Refresh] rebuilding @ http://localhost:3030/_next/static/chunks/04m2_next_dist_01d_w1-._.js:2431
[ 5236643ms] [LOG] [Fast Refresh] done in 132ms @ http://localhost:3030/_next/static/chunks/04m2_next_dist_01d_w1-._.js:2431
[ 5236746ms] [LOG] [Fast Refresh] rebuilding @ http://localhost:3030/_next/static/chunks/04m2_next_dist_01d_w1-._.js:2431
[ 5237150ms] [INFO] %c%s%c [setup-health] background: #e6e6e6;background: light-dark(rgba(0,0,0,0.1), rgba(255,255,255,0.25));color: #000000;color: light-dark(#000000, #ffffff);border-radius: 2px  Server   panel-layout hidden because permission=false {tenantId: cmrvvipw70000oyyo6123270j, userId: cmrvvipyc000aoyyodcu4tftb, roleKeys: Array(1)} @ http://localhost:3030/_next/static/chunks/04m2_next_dist_01d_w1-._.js:2431
[ 5240378ms] [LOG] [Fast Refresh] done in 3731ms @ http://localhost:3030/_next/static/chunks/04m2_next_dist_01d_w1-._.js:2431
[ 5240394ms] [INFO] %c%s%c [setup-health] background: #e6e6e6;background: light-dark(rgba(0,0,0,0.1), rgba(255,255,255,0.25));color: #000000;color: light-dark(#000000, #ffffff);border-radius: 2px  Server   panel-layout hidden because permission=false {tenantId: cmrvvipw70000oyyo6123270j, userId: cmrvvipyc000aoyyodcu4tftb, roleKeys: Array(1)} @ http://localhost:3030/_next/static/chunks/04m2_next_dist_01d_w1-._.js:2431
[ 5240724ms] [LOG] [Fast Refresh] rebuilding @ http://localhost:3030/_next/static/chunks/04m2_next_dist_01d_w1-._.js:2431
[ 5240846ms] [LOG] [Fast Refresh] done in 234ms @ http://localhost:3030/_next/static/chunks/04m2_next_dist_01d_w1-._.js:2431
[ 5240967ms] [LOG] [Fast Refresh] rebuilding @ http://localhost:3030/_next/static/chunks/04m2_next_dist_01d_w1-._.js:2431
[ 5241085ms] [LOG] [Fast Refresh] done in 224ms @ http://localhost:3030/_next/static/chunks/04m2_next_dist_01d_w1-._.js:2431
[ 5241377ms] [INFO] %c%s%c [setup-health] background: #e6e6e6;background: light-dark(rgba(0,0,0,0.1), rgba(255,255,255,0.25));color: #000000;color: light-dark(#000000, #ffffff);border-radius: 2px  Server   panel-layout hidden because permission=false {tenantId: cmrvvipw70000oyyo6123270j, userId: cmrvvipyc000aoyyodcu4tftb, roleKeys: Array(1)} @ http://localhost:3030/_next/static/chunks/04m2_next_dist_01d_w1-._.js:2431
[ 5241405ms] [LOG] [Fast Refresh] rebuilding @ http://localhost:3030/_next/static/chunks/04m2_next_dist_01d_w1-._.js:2431
[ 5241580ms] [LOG] [Fast Refresh] done in 279ms @ http://localhost:3030/_next/static/chunks/04m2_next_dist_01d_w1-._.js:2431
[ 5242017ms] [LOG] [Fast Refresh] rebuilding @ http://localhost:3030/_next/static/chunks/04m2_next_dist_01d_w1-._.js:2431
[ 5242229ms] [LOG] [Fast Refresh] done in 311ms @ http://localhost:3030/_next/static/chunks/04m2_next_dist_01d_w1-._.js:2431
[ 5242563ms] [LOG] [Fast Refresh] rebuilding @ http://localhost:3030/_next/static/chunks/04m2_next_dist_01d_w1-._.js:2431
[ 5242649ms] [LOG] [Fast Refresh] done in 193ms @ http://localhost:3030/_next/static/chunks/04m2_next_dist_01d_w1-._.js:2431
[ 5242680ms] [INFO] %c%s%c [setup-health] background: #e6e6e6;background: light-dark(rgba(0,0,0,0.1), rgba(255,255,255,0.25));color: #000000;color: light-dark(#000000, #ffffff);border-radius: 2px  Server   panel-layout hidden because permission=false {tenantId: cmrvvipw70000oyyo6123270j, userId: cmrvvipyc000aoyyodcu4tftb, roleKeys: Array(1)} @ http://localhost:3030/_next/static/chunks/04m2_next_dist_01d_w1-._.js:2431
[ 5243257ms] [LOG] [Fast Refresh] rebuilding @ http://localhost:3030/_next/static/chunks/04m2_next_dist_01d_w1-._.js:2431
[ 5243380ms] [LOG] [Fast Refresh] done in 225ms @ http://localhost:3030/_next/static/chunks/04m2_next_dist_01d_w1-._.js:2431
[ 5243617ms] [LOG] [Fast Refresh] rebuilding @ http://localhost:3030/_next/static/chunks/04m2_next_dist_01d_w1-._.js:2431
[ 5243708ms] [LOG] [Fast Refresh] done in 193ms @ http://localhost:3030/_next/static/chunks/04m2_next_dist_01d_w1-._.js:2431
[ 5243817ms] [LOG] [Fast Refresh] rebuilding @ http://localhost:3030/_next/static/chunks/04m2_next_dist_01d_w1-._.js:2431
[ 5243979ms] [LOG] [Fast Refresh] done in 263ms @ http://localhost:3030/_next/static/chunks/04m2_next_dist_01d_w1-._.js:2431
[ 5244096ms] [INFO] %c%s%c [setup-health] background: #e6e6e6;background: light-dark(rgba(0,0,0,0.1), rgba(255,255,255,0.25));color: #000000;color: light-dark(#000000, #ffffff);border-radius: 2px  Server   panel-layout hidden because permission=false {tenantId: cmrvvipw70000oyyo6123270j, userId: cmrvvipyc000aoyyodcu4tftb, roleKeys: Array(1)} @ http://localhost:3030/_next/static/chunks/04m2_next_dist_01d_w1-._.js:2431
[ 5244686ms] [LOG] [Fast Refresh] rebuilding @ http://localhost:3030/_next/static/chunks/04m2_next_dist_01d_w1-._.js:2431
[ 5244926ms] [LOG] [Fast Refresh] done in 344ms @ http://localhost:3030/_next/static/chunks/04m2_next_dist_01d_w1-._.js:2431
[ 5245167ms] [LOG] [Fast Refresh] rebuilding @ http://localhost:3030/_next/static/chunks/04m2_next_dist_01d_w1-._.js:2431
[ 5245246ms] [LOG] [Fast Refresh] done in 185ms @ http://localhost:3030/_next/static/chunks/04m2_next_dist_01d_w1-._.js:2431
[ 5245348ms] [LOG] [Fast Refresh] rebuilding @ http://localhost:3030/_next/static/chunks/04m2_next_dist_01d_w1-._.js:2431
[ 5245407ms] [LOG] [Fast Refresh] done in 160ms @ http://localhost:3030/_next/static/chunks/04m2_next_dist_01d_w1-._.js:2431
[ 5245538ms] [LOG] [Fast Refresh] rebuilding @ http://localhost:3030/_next/static/chunks/04m2_next_dist_01d_w1-._.js:2431
[ 5245567ms] [INFO] %c%s%c [setup-health] background: #e6e6e6;background: light-dark(rgba(0,0,0,0.1), rgba(255,255,255,0.25));color: #000000;color: light-dark(#000000, #ffffff);border-radius: 2px  Server   panel-layout hidden because permission=false {tenantId: cmrvvipw70000oyyo6123270j, userId: cmrvvipyc000aoyyodcu4tftb, roleKeys: Array(1)} @ http://localhost:3030/_next/static/chunks/04m2_next_dist_01d_w1-._.js:2431
[ 5245703ms] [LOG] [Fast Refresh] done in 292ms @ http://localhost:3030/_next/static/chunks/04m2_next_dist_01d_w1-._.js:2431
[ 5245948ms] [LOG] [Fast Refresh] rebuilding @ http://localhost:3030/_next/static/chunks/04m2_next_dist_01d_w1-._.js:2431
[ 5245963ms] [LOG] [Fast Refresh] done in 129ms @ http://localhost:3030/_next/static/chunks/04m2_next_dist_01d_w1-._.js:2431
[ 5246070ms] [LOG] [Fast Refresh] rebuilding @ http://localhost:3030/_next/static/chunks/04m2_next_dist_01d_w1-._.js:2431
[ 5246330ms] [LOG] [Fast Refresh] done in 363ms @ http://localhost:3030/_next/static/chunks/04m2_next_dist_01d_w1-._.js:2431
[ 5246605ms] [LOG] [Fast Refresh] rebuilding @ http://localhost:3030/_next/static/chunks/04m2_next_dist_01d_w1-._.js:2431
[ 5246715ms] [LOG] [Fast Refresh] done in 213ms @ http://localhost:3030/_next/static/chunks/04m2_next_dist_01d_w1-._.js:2431
[ 5246739ms] [INFO] %c%s%c [setup-health] background: #e6e6e6;background: light-dark(rgba(0,0,0,0.1), rgba(255,255,255,0.25));color: #000000;color: light-dark(#000000, #ffffff);border-radius: 2px  Server   panel-layout hidden because permission=false {tenantId: cmrvvipw70000oyyo6123270j, userId: cmrvvipyc000aoyyodcu4tftb, roleKeys: Array(1)} @ http://localhost:3030/_next/static/chunks/04m2_next_dist_01d_w1-._.js:2431
[ 5247272ms] [LOG] [Fast Refresh] rebuilding @ http://localhost:3030/_next/static/chunks/04m2_next_dist_01d_w1-._.js:2431
[ 5247394ms] [LOG] [Fast Refresh] done in 228ms @ http://localhost:3030/_next/static/chunks/04m2_next_dist_01d_w1-._.js:2431
[ 5247624ms] [LOG] [Fast Refresh] rebuilding @ http://localhost:3030/_next/static/chunks/04m2_next_dist_01d_w1-._.js:2431
[ 5247697ms] [LOG] [Fast Refresh] done in 174ms @ http://localhost:3030/_next/static/chunks/04m2_next_dist_01d_w1-._.js:2431
[ 5247885ms] [INFO] %c%s%c [setup-health] background: #e6e6e6;background: light-dark(rgba(0,0,0,0.1), rgba(255,255,255,0.25));color: #000000;color: light-dark(#000000, #ffffff);border-radius: 2px  Server   panel-layout hidden because permission=false {tenantId: cmrvvipw70000oyyo6123270j, userId: cmrvvipyc000aoyyodcu4tftb, roleKeys: Array(1)} @ http://localhost:3030/_next/static/chunks/04m2_next_dist_01d_w1-._.js:2431
[ 5248450ms] [LOG] [Fast Refresh] rebuilding @ http://localhost:3030/_next/static/chunks/04m2_next_dist_01d_w1-._.js:2431
[ 5248536ms] [LOG] [Fast Refresh] done in 207ms @ http://localhost:3030/_next/static/chunks/04m2_next_dist_01d_w1-._.js:2431
[ 5248711ms] [LOG] [Fast Refresh] rebuilding @ http://localhost:3030/_next/static/chunks/04m2_next_dist_01d_w1-._.js:2431
[ 5248838ms] [LOG] [Fast Refresh] done in 229ms @ http://localhost:3030/_next/static/chunks/04m2_next_dist_01d_w1-._.js:2431
[ 5248948ms] [LOG] [Fast Refresh] rebuilding @ http://localhost:3030/_next/static/chunks/04m2_next_dist_01d_w1-._.js:2431
[ 5248954ms] [LOG] [Fast Refresh] done in 110ms @ http://localhost:3030/_next/static/chunks/04m2_next_dist_01d_w1-._.js:2431
[ 5249102ms] [INFO] %c%s%c [setup-health] background: #e6e6e6;background: light-dark(rgba(0,0,0,0.1), rgba(255,255,255,0.25));color: #000000;color: light-dark(#000000, #ffffff);border-radius: 2px  Server   panel-layout hidden because permission=false {tenantId: cmrvvipw70000oyyo6123270j, userId: cmrvvipyc000aoyyodcu4tftb, roleKeys: Array(1)} @ http://localhost:3030/_next/static/chunks/04m2_next_dist_01d_w1-._.js:2431
[ 5249447ms] [LOG] [Fast Refresh] rebuilding @ http://localhost:3030/_next/static/chunks/04m2_next_dist_01d_w1-._.js:2431
[ 5249503ms] [LOG] [Fast Refresh] done in 160ms @ http://localhost:3030/_next/static/chunks/04m2_next_dist_01d_w1-._.js:2431
[ 5249604ms] [LOG] [Fast Refresh] rebuilding @ http://localhost:3030/_next/static/chunks/04m2_next_dist_01d_w1-._.js:2431
[ 5249689ms] [LOG] [Fast Refresh] done in 185ms @ http://localhost:3030/_next/static/chunks/04m2_next_dist_01d_w1-._.js:2431
[ 5249803ms] [LOG] [Fast Refresh] rebuilding @ http://localhost:3030/_next/static/chunks/04m2_next_dist_01d_w1-._.js:2431
[ 5249862ms] [LOG] [Fast Refresh] done in 172ms @ http://localhost:3030/_next/static/chunks/04m2_next_dist_01d_w1-._.js:2431
[ 5249971ms] [LOG] [Fast Refresh] rebuilding @ http://localhost:3030/_next/static/chunks/04m2_next_dist_01d_w1-._.js:2431
[ 5249984ms] [LOG] [Fast Refresh] done in 122ms @ http://localhost:3030/_next/static/chunks/04m2_next_dist_01d_w1-._.js:2431
[ 5250300ms] [INFO] %c%s%c [setup-health] background: #e6e6e6;background: light-dark(rgba(0,0,0,0.1), rgba(255,255,255,0.25));color: #000000;color: light-dark(#000000, #ffffff);border-radius: 2px  Server   panel-layout hidden because permission=false {tenantId: cmrvvipw70000oyyo6123270j, userId: cmrvvipyc000aoyyodcu4tftb, roleKeys: Array(1)} @ http://localhost:3030/_next/static/chunks/04m2_next_dist_01d_w1-._.js:2431
[ 5250462ms] [LOG] [Fast Refresh] rebuilding @ http://localhost:3030/_next/static/chunks/04m2_next_dist_01d_w1-._.js:2431
[ 5250538ms] [LOG] [Fast Refresh] done in 189ms @ http://localhost:3030/_next/static/chunks/04m2_next_dist_01d_w1-._.js:2431
[ 5250642ms] [LOG] [Fast Refresh] rebuilding @ http://localhost:3030/_next/static/chunks/04m2_next_dist_01d_w1-._.js:2431
[ 5250678ms] [LOG] [Fast Refresh] done in 139ms @ http://localhost:3030/_next/static/chunks/04m2_next_dist_01d_w1-._.js:2431
[ 5250789ms] [LOG] [Fast Refresh] rebuilding @ http://localhost:3030/_next/static/chunks/04m2_next_dist_01d_w1-._.js:2431
[ 5251008ms] [LOG] [Fast Refresh] done in 327ms @ http://localhost:3030/_next/static/chunks/04m2_next_dist_01d_w1-._.js:2431
[ 5251343ms] [LOG] [Fast Refresh] rebuilding @ http://localhost:3030/_next/static/chunks/04m2_next_dist_01d_w1-._.js:2431
[ 5251431ms] [LOG] [Fast Refresh] done in 210ms @ http://localhost:3030/_next/static/chunks/04m2_next_dist_01d_w1-._.js:2431
[ 5251447ms] [INFO] %c%s%c [setup-health] background: #e6e6e6;background: light-dark(rgba(0,0,0,0.1), rgba(255,255,255,0.25));color: #000000;color: light-dark(#000000, #ffffff);border-radius: 2px  Server   panel-layout hidden because permission=false {tenantId: cmrvvipw70000oyyo6123270j, userId: cmrvvipyc000aoyyodcu4tftb, roleKeys: Array(1)} @ http://localhost:3030/_next/static/chunks/04m2_next_dist_01d_w1-._.js:2431
[ 5251536ms] [LOG] [Fast Refresh] rebuilding @ http://localhost:3030/_next/static/chunks/04m2_next_dist_01d_w1-._.js:2431
[ 5251625ms] [LOG] [Fast Refresh] done in 192ms @ http://localhost:3030/_next/static/chunks/04m2_next_dist_01d_w1-._.js:2431
[ 5251969ms] [LOG] [Fast Refresh] rebuilding @ http://localhost:3030/_next/static/chunks/04m2_next_dist_01d_w1-._.js:2431
[ 5252031ms] [LOG] [Fast Refresh] done in 166ms @ http://localhost:3030/_next/static/chunks/04m2_next_dist_01d_w1-._.js:2431
[ 5252164ms] [LOG] [Fast Refresh] rebuilding @ http://localhost:3030/_next/static/chunks/04m2_next_dist_01d_w1-._.js:2431
[ 5252244ms] [LOG] [Fast Refresh] done in 185ms @ http://localhost:3030/_next/static/chunks/04m2_next_dist_01d_w1-._.js:2431
[ 5252350ms] [LOG] [Fast Refresh] rebuilding @ http://localhost:3030/_next/static/chunks/04m2_next_dist_01d_w1-._.js:2431
[ 5252406ms] [LOG] [Fast Refresh] done in 160ms @ http://localhost:3030/_next/static/chunks/04m2_next_dist_01d_w1-._.js:2431
[ 5252510ms] [LOG] [Fast Refresh] rebuilding @ http://localhost:3030/_next/static/chunks/04m2_next_dist_01d_w1-._.js:2431
[ 5252582ms] [INFO] %c%s%c [setup-health] background: #e6e6e6;background: light-dark(rgba(0,0,0,0.1), rgba(255,255,255,0.25));color: #000000;color: light-dark(#000000, #ffffff);border-radius: 2px  Server   panel-layout hidden because permission=false {tenantId: cmrvvipw70000oyyo6123270j, userId: cmrvvipyc000aoyyodcu4tftb, roleKeys: Array(1)} @ http://localhost:3030/_next/static/chunks/04m2_next_dist_01d_w1-._.js:2431
[ 5252607ms] [LOG] [Fast Refresh] done in 201ms @ http://localhost:3030/_next/static/chunks/04m2_next_dist_01d_w1-._.js:2431
[ 5252710ms] [LOG] [Fast Refresh] rebuilding @ http://localhost:3030/_next/static/chunks/04m2_next_dist_01d_w1-._.js:2431
[ 5252808ms] [LOG] [Fast Refresh] done in 199ms @ http://localhost:3030/_next/static/chunks/04m2_next_dist_01d_w1-._.js:2431
[ 5252910ms] [LOG] [Fast Refresh] rebuilding @ http://localhost:3030/_next/static/chunks/04m2_next_dist_01d_w1-._.js:2431
[ 5252941ms] [LOG] [Fast Refresh] done in 133ms @ http://localhost:3030/_next/static/chunks/04m2_next_dist_01d_w1-._.js:2431
[ 5253043ms] [LOG] [Fast Refresh] rebuilding @ http://localhost:3030/_next/static/chunks/04m2_next_dist_01d_w1-._.js:2431
[ 5253115ms] [LOG] [Fast Refresh] done in 172ms @ http://localhost:3030/_next/static/chunks/04m2_next_dist_01d_w1-._.js:2431
[ 5253216ms] [LOG] [Fast Refresh] rebuilding @ http://localhost:3030/_next/static/chunks/04m2_next_dist_01d_w1-._.js:2431
[ 5253302ms] [LOG] [Fast Refresh] done in 187ms @ http://localhost:3030/_next/static/chunks/04m2_next_dist_01d_w1-._.js:2431
[ 5253689ms] [LOG] [Fast Refresh] rebuilding @ http://localhost:3030/_next/static/chunks/04m2_next_dist_01d_w1-._.js:2431
[ 5253691ms] [INFO] %c%s%c [setup-health] background: #e6e6e6;background: light-dark(rgba(0,0,0,0.1), rgba(255,255,255,0.25));color: #000000;color: light-dark(#000000, #ffffff);border-radius: 2px  Server   panel-layout hidden because permission=false {tenantId: cmrvvipw70000oyyo6123270j, userId: cmrvvipyc000aoyyodcu4tftb, roleKeys: Array(1)} @ http://localhost:3030/_next/static/chunks/04m2_next_dist_01d_w1-._.js:2431
[ 5254659ms] [LOG] [Fast Refresh] done in 1076ms @ http://localhost:3030/_next/static/chunks/04m2_next_dist_01d_w1-._.js:2431
[ 5256728ms] [LOG] [Fast Refresh] rebuilding @ http://localhost:3030/_next/static/chunks/04m2_next_dist_01d_w1-._.js:2431
[ 5256865ms] [LOG] [Fast Refresh] done in 245ms @ http://localhost:3030/_next/static/chunks/04m2_next_dist_01d_w1-._.js:2431
[ 5256998ms] [LOG] [Fast Refresh] rebuilding @ http://localhost:3030/_next/static/chunks/04m2_next_dist_01d_w1-._.js:2431
[ 5257076ms] [LOG] [Fast Refresh] done in 184ms @ http://localhost:3030/_next/static/chunks/04m2_next_dist_01d_w1-._.js:2431
[ 5257205ms] [LOG] [Fast Refresh] rebuilding @ http://localhost:3030/_next/static/chunks/04m2_next_dist_01d_w1-._.js:2431
[ 5257287ms] [LOG] [Fast Refresh] done in 183ms @ http://localhost:3030/_next/static/chunks/04m2_next_dist_01d_w1-._.js:2431
[ 5257329ms] [INFO] %c%s%c [setup-health] background: #e6e6e6;background: light-dark(rgba(0,0,0,0.1), rgba(255,255,255,0.25));color: #000000;color: light-dark(#000000, #ffffff);border-radius: 2px  Server   panel-layout hidden because permission=false {tenantId: cmrvvipw70000oyyo6123270j, userId: cmrvvipyc000aoyyodcu4tftb, roleKeys: Array(1)} @ http://localhost:3030/_next/static/chunks/04m2_next_dist_01d_w1-._.js:2431
[ 5257392ms] [LOG] [Fast Refresh] rebuilding @ http://localhost:3030/_next/static/chunks/04m2_next_dist_01d_w1-._.js:2431
[ 5257518ms] [LOG] [Fast Refresh] done in 230ms @ http://localhost:3030/_next/static/chunks/04m2_next_dist_01d_w1-._.js:2431
[ 5257620ms] [LOG] [Fast Refresh] rebuilding @ http://localhost:3030/_next/static/chunks/04m2_next_dist_01d_w1-._.js:2431
[ 5257675ms] [LOG] [Fast Refresh] done in 155ms @ http://localhost:3030/_next/static/chunks/04m2_next_dist_01d_w1-._.js:2431
[ 5257784ms] [LOG] [Fast Refresh] rebuilding @ http://localhost:3030/_next/static/chunks/04m2_next_dist_01d_w1-._.js:2431
[ 5258010ms] [LOG] [Fast Refresh] done in 330ms @ http://localhost:3030/_next/static/chunks/04m2_next_dist_01d_w1-._.js:2431
[ 5258251ms] [LOG] [Fast Refresh] rebuilding @ http://localhost:3030/_next/static/chunks/04m2_next_dist_01d_w1-._.js:2431
[ 5258275ms] [LOG] [Fast Refresh] done in 134ms @ http://localhost:3030/_next/static/chunks/04m2_next_dist_01d_w1-._.js:2431
[ 5258380ms] [LOG] [Fast Refresh] rebuilding @ http://localhost:3030/_next/static/chunks/04m2_next_dist_01d_w1-._.js:2431
[ 5258491ms] [INFO] %c%s%c [setup-health] background: #e6e6e6;background: light-dark(rgba(0,0,0,0.1), rgba(255,255,255,0.25));color: #000000;color: light-dark(#000000, #ffffff);border-radius: 2px  Server   panel-layout hidden because permission=false {tenantId: cmrvvipw70000oyyo6123270j, userId: cmrvvipyc000aoyyodcu4tftb, roleKeys: Array(1)} @ http://localhost:3030/_next/static/chunks/04m2_next_dist_01d_w1-._.js:2431
[ 5258667ms] [LOG] [Fast Refresh] done in 391ms @ http://localhost:3030/_next/static/chunks/04m2_next_dist_01d_w1-._.js:2431
[ 5259039ms] [LOG] [Fast Refresh] rebuilding @ http://localhost:3030/_next/static/chunks/04m2_next_dist_01d_w1-._.js:2431
[ 5259093ms] [LOG] [Fast Refresh] done in 159ms @ http://localhost:3030/_next/static/chunks/04m2_next_dist_01d_w1-._.js:2431
[ 5259196ms] [LOG] [Fast Refresh] rebuilding @ http://localhost:3030/_next/static/chunks/04m2_next_dist_01d_w1-._.js:2431
[ 5259276ms] [LOG] [Fast Refresh] done in 182ms @ http://localhost:3030/_next/static/chunks/04m2_next_dist_01d_w1-._.js:2431
[ 5259378ms] [LOG] [Fast Refresh] rebuilding @ http://localhost:3030/_next/static/chunks/04m2_next_dist_01d_w1-._.js:2431
[ 5259415ms] [LOG] [Fast Refresh] done in 137ms @ http://localhost:3030/_next/static/chunks/04m2_next_dist_01d_w1-._.js:2431
[ 5259525ms] [LOG] [Fast Refresh] rebuilding @ http://localhost:3030/_next/static/chunks/04m2_next_dist_01d_w1-._.js:2431
[ 5259720ms] [LOG] [Fast Refresh] done in 300ms @ http://localhost:3030/_next/static/chunks/04m2_next_dist_01d_w1-._.js:2431
[ 5259734ms] [INFO] %c%s%c [setup-health] background: #e6e6e6;background: light-dark(rgba(0,0,0,0.1), rgba(255,255,255,0.25));color: #000000;color: light-dark(#000000, #ffffff);border-radius: 2px  Server   panel-layout hidden because permission=false {tenantId: cmrvvipw70000oyyo6123270j, userId: cmrvvipyc000aoyyodcu4tftb, roleKeys: Array(1)} @ http://localhost:3030/_next/static/chunks/04m2_next_dist_01d_w1-._.js:2431
[ 5260255ms] [LOG] [Fast Refresh] rebuilding @ http://localhost:3030/_next/static/chunks/04m2_next_dist_01d_w1-._.js:2431
[ 5260261ms] [LOG] [Fast Refresh] done in 122ms @ http://localhost:3030/_next/static/chunks/04m2_next_dist_01d_w1-._.js:2431
[ 5260372ms] [LOG] [Fast Refresh] rebuilding @ http://localhost:3030/_next/static/chunks/04m2_next_dist_01d_w1-._.js:2431
[ 5260509ms] [LOG] [Fast Refresh] done in 247ms @ http://localhost:3030/_next/static/chunks/04m2_next_dist_01d_w1-._.js:2431
[ 5260839ms] [LOG] [Fast Refresh] rebuilding @ http://localhost:3030/_next/static/chunks/04m2_next_dist_01d_w1-._.js:2431
[ 5260913ms] [LOG] [Fast Refresh] done in 179ms @ http://localhost:3030/_next/static/chunks/04m2_next_dist_01d_w1-._.js:2431
[ 5261047ms] [LOG] [Fast Refresh] rebuilding @ http://localhost:3030/_next/static/chunks/04m2_next_dist_01d_w1-._.js:2431
[ 5261202ms] [LOG] [Fast Refresh] done in 257ms @ http://localhost:3030/_next/static/chunks/04m2_next_dist_01d_w1-._.js:2431
[ 5261241ms] [INFO] %c%s%c [setup-health] background: #e6e6e6;background: light-dark(rgba(0,0,0,0.1), rgba(255,255,255,0.25));color: #000000;color: light-dark(#000000, #ffffff);border-radius: 2px  Server   panel-layout hidden because permission=false {tenantId: cmrvvipw70000oyyo6123270j, userId: cmrvvipyc000aoyyodcu4tftb, roleKeys: Array(1)} @ http://localhost:3030/_next/static/chunks/04m2_next_dist_01d_w1-._.js:2431
[ 5261612ms] [LOG] [Fast Refresh] rebuilding @ http://localhost:3030/_next/static/chunks/04m2_next_dist_01d_w1-._.js:2431
[ 5261733ms] [LOG] [Fast Refresh] done in 228ms @ http://localhost:3030/_next/static/chunks/04m2_next_dist_01d_w1-._.js:2431
[ 5261848ms] [LOG] [Fast Refresh] rebuilding @ http://localhost:3030/_next/static/chunks/04m2_next_dist_01d_w1-._.js:2431
[ 5262000ms] [LOG] [Fast Refresh] done in 266ms @ http://localhost:3030/_next/static/chunks/04m2_next_dist_01d_w1-._.js:2431
[ 5262516ms] [LOG] [Fast Refresh] rebuilding @ http://localhost:3030/_next/static/chunks/04m2_next_dist_01d_w1-._.js:2431
[ 5262589ms] [INFO] %c%s%c [setup-health] background: #e6e6e6;background: light-dark(rgba(0,0,0,0.1), rgba(255,255,255,0.25));color: #000000;color: light-dark(#000000, #ffffff);border-radius: 2px  Server   panel-layout hidden because permission=false {tenantId: cmrvvipw70000oyyo6123270j, userId: cmrvvipyc000aoyyodcu4tftb, roleKeys: Array(1)} @ http://localhost:3030/_next/static/chunks/04m2_next_dist_01d_w1-._.js:2431
[ 5262999ms] [LOG] [Fast Refresh] done in 584ms @ http://localhost:3030/_next/static/chunks/04m2_next_dist_01d_w1-._.js:2431
[ 5263225ms] [LOG] [Fast Refresh] rebuilding @ http://localhost:3030/_next/static/chunks/04m2_next_dist_01d_w1-._.js:2431
[ 5263265ms] [LOG] [Fast Refresh] done in 143ms @ http://localhost:3030/_next/static/chunks/04m2_next_dist_01d_w1-._.js:2431
[ 5263376ms] [LOG] [Fast Refresh] rebuilding @ http://localhost:3030/_next/static/chunks/04m2_next_dist_01d_w1-._.js:2431
[ 5263630ms] [LOG] [Fast Refresh] done in 364ms @ http://localhost:3030/_next/static/chunks/04m2_next_dist_01d_w1-._.js:2431
[ 5263916ms] [INFO] %c%s%c [setup-health] background: #e6e6e6;background: light-dark(rgba(0,0,0,0.1), rgba(255,255,255,0.25));color: #000000;color: light-dark(#000000, #ffffff);border-radius: 2px  Server   panel-layout hidden because permission=false {tenantId: cmrvvipw70000oyyo6123270j, userId: cmrvvipyc000aoyyodcu4tftb, roleKeys: Array(1)} @ http://localhost:3030/_next/static/chunks/04m2_next_dist_01d_w1-._.js:2431
[ 5263971ms] [LOG] [Fast Refresh] rebuilding @ http://localhost:3030/_next/static/chunks/04m2_next_dist_01d_w1-._.js:2431
[ 5264109ms] [LOG] [Fast Refresh] done in 246ms @ http://localhost:3030/_next/static/chunks/04m2_next_dist_01d_w1-._.js:2431
[ 5264292ms] [LOG] [Fast Refresh] rebuilding @ http://localhost:3030/_next/static/chunks/04m2_next_dist_01d_w1-._.js:2431
[ 5264520ms] [LOG] [Fast Refresh] done in 333ms @ http://localhost:3030/_next/static/chunks/04m2_next_dist_01d_w1-._.js:2431
[ 5264628ms] [LOG] [Fast Refresh] rebuilding @ http://localhost:3030/_next/static/chunks/04m2_next_dist_01d_w1-._.js:2431
[ 5264630ms] [LOG] [Fast Refresh] done in 106ms @ http://localhost:3030/_next/static/chunks/04m2_next_dist_01d_w1-._.js:2431
[ 5264758ms] [LOG] [Fast Refresh] rebuilding @ http://localhost:3030/_next/static/chunks/04m2_next_dist_01d_w1-._.js:2431
[ 5264866ms] [LOG] [Fast Refresh] done in 215ms @ http://localhost:3030/_next/static/chunks/04m2_next_dist_01d_w1-._.js:2431
[ 5264985ms] [LOG] [Fast Refresh] rebuilding @ http://localhost:3030/_next/static/chunks/04m2_next_dist_01d_w1-._.js:2431
[ 5265185ms] [INFO] %c%s%c [setup-health] background: #e6e6e6;background: light-dark(rgba(0,0,0,0.1), rgba(255,255,255,0.25));color: #000000;color: light-dark(#000000, #ffffff);border-radius: 2px  Server   panel-layout hidden because permission=false {tenantId: cmrvvipw70000oyyo6123270j, userId: cmrvvipyc000aoyyodcu4tftb, roleKeys: Array(1)} @ http://localhost:3030/_next/static/chunks/04m2_next_dist_01d_w1-._.js:2431
[ 5265454ms] [LOG] [Fast Refresh] done in 575ms @ http://localhost:3030/_next/static/chunks/04m2_next_dist_01d_w1-._.js:2431
[ 5265664ms] [LOG] [Fast Refresh] rebuilding @ http://localhost:3030/_next/static/chunks/04m2_next_dist_01d_w1-._.js:2431
[ 5265801ms] [LOG] [Fast Refresh] done in 257ms @ http://localhost:3030/_next/static/chunks/04m2_next_dist_01d_w1-._.js:2431
[ 5265984ms] [LOG] [Fast Refresh] rebuilding @ http://localhost:3030/_next/static/chunks/04m2_next_dist_01d_w1-._.js:2431
[ 5266150ms] [LOG] [Fast Refresh] done in 273ms @ http://localhost:3030/_next/static/chunks/04m2_next_dist_01d_w1-._.js:2431
[ 5266374ms] [INFO] %c%s%c [setup-health] background: #e6e6e6;background: light-dark(rgba(0,0,0,0.1), rgba(255,255,255,0.25));color: #000000;color: light-dark(#000000, #ffffff);border-radius: 2px  Server   panel-layout hidden because permission=false {tenantId: cmrvvipw70000oyyo6123270j, userId: cmrvvipyc000aoyyodcu4tftb, roleKeys: Array(1)} @ http://localhost:3030/_next/static/chunks/04m2_next_dist_01d_w1-._.js:2431
[ 5266720ms] [LOG] [Fast Refresh] rebuilding @ http://localhost:3030/_next/static/chunks/04m2_next_dist_01d_w1-._.js:2431
[ 5266829ms] [LOG] [Fast Refresh] done in 213ms @ http://localhost:3030/_next/static/chunks/04m2_next_dist_01d_w1-._.js:2431
[ 5267199ms] [LOG] [Fast Refresh] rebuilding @ http://localhost:3030/_next/static/chunks/04m2_next_dist_01d_w1-._.js:2431
[ 5267296ms] [LOG] [Fast Refresh] done in 205ms @ http://localhost:3030/_next/static/chunks/04m2_next_dist_01d_w1-._.js:2431
[ 5267400ms] [LOG] [Fast Refresh] rebuilding @ http://localhost:3030/_next/static/chunks/04m2_next_dist_01d_w1-._.js:2431
[ 5267524ms] [LOG] [Fast Refresh] done in 227ms @ http://localhost:3030/_next/static/chunks/04m2_next_dist_01d_w1-._.js:2431
[ 5267636ms] [LOG] [Fast Refresh] rebuilding @ http://localhost:3030/_next/static/chunks/04m2_next_dist_01d_w1-._.js:2431
[ 5267709ms] [LOG] [Fast Refresh] done in 179ms @ http://localhost:3030/_next/static/chunks/04m2_next_dist_01d_w1-._.js:2431
[ 5267760ms] [INFO] %c%s%c [setup-health] background: #e6e6e6;background: light-dark(rgba(0,0,0,0.1), rgba(255,255,255,0.25));color: #000000;color: light-dark(#000000, #ffffff);border-radius: 2px  Server   panel-layout hidden because permission=false {tenantId: cmrvvipw70000oyyo6123270j, userId: cmrvvipyc000aoyyodcu4tftb, roleKeys: Array(1)} @ http://localhost:3030/_next/static/chunks/04m2_next_dist_01d_w1-._.js:2431
[ 5267818ms] [LOG] [Fast Refresh] rebuilding @ http://localhost:3030/_next/static/chunks/04m2_next_dist_01d_w1-._.js:2431
[ 5267980ms] [LOG] [Fast Refresh] done in 270ms @ http://localhost:3030/_next/static/chunks/04m2_next_dist_01d_w1-._.js:2431
[ 5268298ms] [LOG] [Fast Refresh] rebuilding @ http://localhost:3030/_next/static/chunks/04m2_next_dist_01d_w1-._.js:2431
[ 5268456ms] [LOG] [Fast Refresh] done in 266ms @ http://localhost:3030/_next/static/chunks/04m2_next_dist_01d_w1-._.js:2431
[ 5268838ms] [LOG] [Fast Refresh] rebuilding @ http://localhost:3030/_next/static/chunks/04m2_next_dist_01d_w1-._.js:2431
[ 5269412ms] [LOG] [Fast Refresh] done in 696ms @ http://localhost:3030/_next/static/chunks/04m2_next_dist_01d_w1-._.js:2431
[ 5269670ms] [INFO] %c%s%c [setup-health] background: #e6e6e6;background: light-dark(rgba(0,0,0,0.1), rgba(255,255,255,0.25));color: #000000;color: light-dark(#000000, #ffffff);border-radius: 2px  Server   panel-layout hidden because permission=false {tenantId: cmrvvipw70000oyyo6123270j, userId: cmrvvipyc000aoyyodcu4tftb, roleKeys: Array(1)} @ http://localhost:3030/_next/static/chunks/04m2_next_dist_01d_w1-._.js:2431
[ 5270988ms] [LOG] [Fast Refresh] rebuilding @ http://localhost:3030/_next/static/chunks/04m2_next_dist_01d_w1-._.js:2431
[ 5271617ms] [LOG] [Fast Refresh] done in 733ms @ http://localhost:3030/_next/static/chunks/04m2_next_dist_01d_w1-._.js:2431
[ 5271736ms] [LOG] [Fast Refresh] rebuilding @ http://localhost:3030/_next/static/chunks/04m2_next_dist_01d_w1-._.js:2431
[ 5272671ms] [LOG] [Fast Refresh] done in 1039ms @ http://localhost:3030/_next/static/chunks/04m2_next_dist_01d_w1-._.js:2431
[ 5272986ms] [LOG] [Fast Refresh] rebuilding @ http://localhost:3030/_next/static/chunks/04m2_next_dist_01d_w1-._.js:2431
[ 5273059ms] [LOG] [Fast Refresh] done in 191ms @ http://localhost:3030/_next/static/chunks/04m2_next_dist_01d_w1-._.js:2431
[ 5273067ms] [INFO] %c%s%c [setup-health] background: #e6e6e6;background: light-dark(rgba(0,0,0,0.1), rgba(255,255,255,0.25));color: #000000;color: light-dark(#000000, #ffffff);border-radius: 2px  Server   panel-layout hidden because permission=false {tenantId: cmrvvipw70000oyyo6123270j, userId: cmrvvipyc000aoyyodcu4tftb, roleKeys: Array(1)} @ http://localhost:3030/_next/static/chunks/04m2_next_dist_01d_w1-._.js:2431
[ 5273173ms] [LOG] [Fast Refresh] rebuilding @ http://localhost:3030/_next/static/chunks/04m2_next_dist_01d_w1-._.js:2431
[ 5273514ms] [LOG] [Fast Refresh] done in 448ms @ http://localhost:3030/_next/static/chunks/04m2_next_dist_01d_w1-._.js:2431
[ 5274201ms] [LOG] [Fast Refresh] rebuilding @ http://localhost:3030/_next/static/chunks/04m2_next_dist_01d_w1-._.js:2431
[ 5274405ms] [LOG] [Fast Refresh] done in 306ms @ http://localhost:3030/_next/static/chunks/04m2_next_dist_01d_w1-._.js:2431
[ 5274602ms] [LOG] [Fast Refresh] rebuilding @ http://localhost:3030/_next/static/chunks/04m2_next_dist_01d_w1-._.js:2431
[ 5274712ms] [LOG] [Fast Refresh] done in 215ms @ http://localhost:3030/_next/static/chunks/04m2_next_dist_01d_w1-._.js:2431
[ 5274845ms] [INFO] %c%s%c [setup-health] background: #e6e6e6;background: light-dark(rgba(0,0,0,0.1), rgba(255,255,255,0.25));color: #000000;color: light-dark(#000000, #ffffff);border-radius: 2px  Server   panel-layout hidden because permission=false {tenantId: cmrvvipw70000oyyo6123270j, userId: cmrvvipyc000aoyyodcu4tftb, roleKeys: Array(1)} @ http://localhost:3030/_next/static/chunks/04m2_next_dist_01d_w1-._.js:2431
[ 5275484ms] [LOG] [Fast Refresh] rebuilding @ http://localhost:3030/_next/static/chunks/04m2_next_dist_01d_w1-._.js:2431
[ 5275645ms] [LOG] [Fast Refresh] done in 268ms @ http://localhost:3030/_next/static/chunks/04m2_next_dist_01d_w1-._.js:2431
[ 5276139ms] [LOG] [Fast Refresh] rebuilding @ http://localhost:3030/_next/static/chunks/04m2_next_dist_01d_w1-._.js:2431
[ 5276146ms] [LOG] [Fast Refresh] done in 126ms @ http://localhost:3030/_next/static/chunks/04m2_next_dist_01d_w1-._.js:2431
[ 5276248ms] [LOG] [Fast Refresh] rebuilding @ http://localhost:3030/_next/static/chunks/04m2_next_dist_01d_w1-._.js:2431
[ 5276326ms] [LOG] [Fast Refresh] done in 179ms @ http://localhost:3030/_next/static/chunks/04m2_next_dist_01d_w1-._.js:2431
[ 5276332ms] [INFO] %c%s%c [setup-health] background: #e6e6e6;background: light-dark(rgba(0,0,0,0.1), rgba(255,255,255,0.25));color: #000000;color: light-dark(#000000, #ffffff);border-radius: 2px  Server   panel-layout hidden because permission=false {tenantId: cmrvvipw70000oyyo6123270j, userId: cmrvvipyc000aoyyodcu4tftb, roleKeys: Array(1)} @ http://localhost:3030/_next/static/chunks/04m2_next_dist_01d_w1-._.js:2431
[ 5276434ms] [LOG] [Fast Refresh] rebuilding @ http://localhost:3030/_next/static/chunks/04m2_next_dist_01d_w1-._.js:2431
[ 5276647ms] [LOG] [Fast Refresh] done in 319ms @ http://localhost:3030/_next/static/chunks/04m2_next_dist_01d_w1-._.js:2431
[ 5277003ms] [LOG] [Fast Refresh] rebuilding @ http://localhost:3030/_next/static/chunks/04m2_next_dist_01d_w1-._.js:2431
[ 5277056ms] [LOG] [Fast Refresh] done in 158ms @ http://localhost:3030/_next/static/chunks/04m2_next_dist_01d_w1-._.js:2431
[ 5277162ms] [LOG] [Fast Refresh] rebuilding @ http://localhost:3030/_next/static/chunks/04m2_next_dist_01d_w1-._.js:2431
[ 5277501ms] [LOG] [Fast Refresh] done in 440ms @ http://localhost:3030/_next/static/chunks/04m2_next_dist_01d_w1-._.js:2431
[ 5277938ms] [LOG] [Fast Refresh] rebuilding @ http://localhost:3030/_next/static/chunks/04m2_next_dist_01d_w1-._.js:2431
[ 5277951ms] [INFO] %c%s%c [setup-health] background: #e6e6e6;background: light-dark(rgba(0,0,0,0.1), rgba(255,255,255,0.25));color: #000000;color: light-dark(#000000, #ffffff);border-radius: 2px  Server   panel-layout hidden because permission=false {tenantId: cmrvvipw70000oyyo6123270j, userId: cmrvvipyc000aoyyodcu4tftb, roleKeys: Array(1)} @ http://localhost:3030/_next/static/chunks/04m2_next_dist_01d_w1-._.js:2431
[ 5278162ms] [LOG] [Fast Refresh] done in 329ms @ http://localhost:3030/_next/static/chunks/04m2_next_dist_01d_w1-._.js:2431
[ 5278645ms] [LOG] [Fast Refresh] rebuilding @ http://localhost:3030/_next/static/chunks/04m2_next_dist_01d_w1-._.js:2431
[ 5278673ms] [LOG] [Fast Refresh] done in 135ms @ http://localhost:3030/_next/static/chunks/04m2_next_dist_01d_w1-._.js:2431
[ 5278776ms] [LOG] [Fast Refresh] rebuilding @ http://localhost:3030/_next/static/chunks/04m2_next_dist_01d_w1-._.js:2431
[ 5278949ms] [LOG] [Fast Refresh] done in 274ms @ http://localhost:3030/_next/static/chunks/04m2_next_dist_01d_w1-._.js:2431
[ 5279178ms] [LOG] [Fast Refresh] rebuilding @ http://localhost:3030/_next/static/chunks/04m2_next_dist_01d_w1-._.js:2431
[ 5279270ms] [LOG] [Fast Refresh] done in 196ms @ http://localhost:3030/_next/static/chunks/04m2_next_dist_01d_w1-._.js:2431
[ 5279374ms] [LOG] [Fast Refresh] rebuilding @ http://localhost:3030/_next/static/chunks/04m2_next_dist_01d_w1-._.js:2431
[ 5279409ms] [LOG] [Fast Refresh] done in 138ms @ http://localhost:3030/_next/static/chunks/04m2_next_dist_01d_w1-._.js:2431
[ 5279423ms] [INFO] %c%s%c [setup-health] background: #e6e6e6;background: light-dark(rgba(0,0,0,0.1), rgba(255,255,255,0.25));color: #000000;color: light-dark(#000000, #ffffff);border-radius: 2px  Server   panel-layout hidden because permission=false {tenantId: cmrvvipw70000oyyo6123270j, userId: cmrvvipyc000aoyyodcu4tftb, roleKeys: Array(1)} @ http://localhost:3030/_next/static/chunks/04m2_next_dist_01d_w1-._.js:2431
[ 5279534ms] [LOG] [Fast Refresh] rebuilding @ http://localhost:3030/_next/static/chunks/04m2_next_dist_01d_w1-._.js:2431
[ 5279756ms] [LOG] [Fast Refresh] done in 334ms @ http://localhost:3030/_next/static/chunks/04m2_next_dist_01d_w1-._.js:2431
[ 5279949ms] [LOG] [Fast Refresh] rebuilding @ http://localhost:3030/_next/static/chunks/04m2_next_dist_01d_w1-._.js:2431
[ 5280067ms] [LOG] [Fast Refresh] done in 222ms @ http://localhost:3030/_next/static/chunks/04m2_next_dist_01d_w1-._.js:2431
[ 5280174ms] [LOG] [Fast Refresh] rebuilding @ http://localhost:3030/_next/static/chunks/04m2_next_dist_01d_w1-._.js:2431
[ 5280302ms] [LOG] [Fast Refresh] done in 233ms @ http://localhost:3030/_next/static/chunks/04m2_next_dist_01d_w1-._.js:2431
[ 5280526ms] [LOG] [Fast Refresh] rebuilding @ http://localhost:3030/_next/static/chunks/04m2_next_dist_01d_w1-._.js:2431
[ 5280563ms] [LOG] [Fast Refresh] done in 143ms @ http://localhost:3030/_next/static/chunks/04m2_next_dist_01d_w1-._.js:2431
[ 5280668ms] [LOG] [Fast Refresh] rebuilding @ http://localhost:3030/_next/static/chunks/04m2_next_dist_01d_w1-._.js:2431
[ 5280750ms] [INFO] %c%s%c [setup-health] background: #e6e6e6;background: light-dark(rgba(0,0,0,0.1), rgba(255,255,255,0.25));color: #000000;color: light-dark(#000000, #ffffff);border-radius: 2px  Server   panel-layout hidden because permission=false {tenantId: cmrvvipw70000oyyo6123270j, userId: cmrvvipyc000aoyyodcu4tftb, roleKeys: Array(1)} @ http://localhost:3030/_next/static/chunks/04m2_next_dist_01d_w1-._.js:2431
[ 5280978ms] [LOG] [Fast Refresh] done in 415ms @ http://localhost:3030/_next/static/chunks/04m2_next_dist_01d_w1-._.js:2431
[ 5281566ms] [LOG] [Fast Refresh] rebuilding @ http://localhost:3030/_next/static/chunks/04m2_next_dist_01d_w1-._.js:2431
[ 5281681ms] [LOG] [Fast Refresh] done in 220ms @ http://localhost:3030/_next/static/chunks/04m2_next_dist_01d_w1-._.js:2431
[ 5281983ms] [LOG] [Fast Refresh] rebuilding @ http://localhost:3030/_next/static/chunks/04m2_next_dist_01d_w1-._.js:2431
[ 5281990ms] [LOG] [Fast Refresh] done in 128ms @ http://localhost:3030/_next/static/chunks/04m2_next_dist_01d_w1-._.js:2431
[ 5282101ms] [LOG] [Fast Refresh] rebuilding @ http://localhost:3030/_next/static/chunks/04m2_next_dist_01d_w1-._.js:2431
[ 5282154ms] [LOG] [Fast Refresh] done in 163ms @ http://localhost:3030/_next/static/chunks/04m2_next_dist_01d_w1-._.js:2431
[ 5282166ms] [INFO] %c%s%c [setup-health] background: #e6e6e6;background: light-dark(rgba(0,0,0,0.1), rgba(255,255,255,0.25));color: #000000;color: light-dark(#000000, #ffffff);border-radius: 2px  Server   panel-layout hidden because permission=false {tenantId: cmrvvipw70000oyyo6123270j, userId: cmrvvipyc000aoyyodcu4tftb, roleKeys: Array(1)} @ http://localhost:3030/_next/static/chunks/04m2_next_dist_01d_w1-._.js:2431
[ 5282263ms] [LOG] [Fast Refresh] rebuilding @ http://localhost:3030/_next/static/chunks/04m2_next_dist_01d_w1-._.js:2431
[ 5282527ms] [LOG] [Fast Refresh] done in 370ms @ http://localhost:3030/_next/static/chunks/04m2_next_dist_01d_w1-._.js:2431
[ 5283035ms] [LOG] [Fast Refresh] rebuilding @ http://localhost:3030/_next/static/chunks/04m2_next_dist_01d_w1-._.js:2431
[ 5283249ms] [LOG] [Fast Refresh] done in 320ms @ http://localhost:3030/_next/static/chunks/04m2_next_dist_01d_w1-._.js:2431
[ 5283751ms] [LOG] [Fast Refresh] rebuilding @ http://localhost:3030/_next/static/chunks/04m2_next_dist_01d_w1-._.js:2431
[ 5283838ms] [INFO] %c%s%c [setup-health] background: #e6e6e6;background: light-dark(rgba(0,0,0,0.1), rgba(255,255,255,0.25));color: #000000;color: light-dark(#000000, #ffffff);border-radius: 2px  Server   panel-layout hidden because permission=false {tenantId: cmrvvipw70000oyyo6123270j, userId: cmrvvipyc000aoyyodcu4tftb, roleKeys: Array(1)} @ http://localhost:3030/_next/static/chunks/04m2_next_dist_01d_w1-._.js:2431
[ 5284127ms] [LOG] [Fast Refresh] done in 477ms @ http://localhost:3030/_next/static/chunks/04m2_next_dist_01d_w1-._.js:2431
[ 5284755ms] [LOG] [Fast Refresh] rebuilding @ http://localhost:3030/_next/static/chunks/04m2_next_dist_01d_w1-._.js:2431
[ 5284904ms] [LOG] [Fast Refresh] done in 270ms @ http://localhost:3030/_next/static/chunks/04m2_next_dist_01d_w1-._.js:2431
[ 5285096ms] [LOG] [Fast Refresh] rebuilding @ http://localhost:3030/_next/static/chunks/04m2_next_dist_01d_w1-._.js:2431
[ 5285210ms] [LOG] [Fast Refresh] done in 217ms @ http://localhost:3030/_next/static/chunks/04m2_next_dist_01d_w1-._.js:2431
[ 5285371ms] [INFO] %c%s%c [setup-health] background: #e6e6e6;background: light-dark(rgba(0,0,0,0.1), rgba(255,255,255,0.25));color: #000000;color: light-dark(#000000, #ffffff);border-radius: 2px  Server   panel-layout hidden because permission=false {tenantId: cmrvvipw70000oyyo6123270j, userId: cmrvvipyc000aoyyodcu4tftb, roleKeys: Array(1)} @ http://localhost:3030/_next/static/chunks/04m2_next_dist_01d_w1-._.js:2431
[ 5285740ms] [LOG] [Fast Refresh] rebuilding @ http://localhost:3030/_next/static/chunks/04m2_next_dist_01d_w1-._.js:2431
[ 5285837ms] [LOG] [Fast Refresh] done in 199ms @ http://localhost:3030/_next/static/chunks/04m2_next_dist_01d_w1-._.js:2431
[ 5285952ms] [LOG] [Fast Refresh] rebuilding @ http://localhost:3030/_next/static/chunks/04m2_next_dist_01d_w1-._.js:2431
[ 5286065ms] [LOG] [Fast Refresh] done in 227ms @ http://localhost:3030/_next/static/chunks/04m2_next_dist_01d_w1-._.js:2431
[ 5286568ms] [LOG] [Fast Refresh] rebuilding @ http://localhost:3030/_next/static/chunks/04m2_next_dist_01d_w1-._.js:2431
[ 5286639ms] [LOG] [Fast Refresh] done in 170ms @ http://localhost:3030/_next/static/chunks/04m2_next_dist_01d_w1-._.js:2431
[ 5286870ms] [LOG] [Fast Refresh] rebuilding @ http://localhost:3030/_next/static/chunks/04m2_next_dist_01d_w1-._.js:2431
[ 5286892ms] [INFO] %c%s%c [setup-health] background: #e6e6e6;background: light-dark(rgba(0,0,0,0.1), rgba(255,255,255,0.25));color: #000000;color: light-dark(#000000, #ffffff);border-radius: 2px  Server   panel-layout hidden because permission=false {tenantId: cmrvvipw70000oyyo6123270j, userId: cmrvvipyc000aoyyodcu4tftb, roleKeys: Array(1)} @ http://localhost:3030/_next/static/chunks/04m2_next_dist_01d_w1-._.js:2431
[ 5287198ms] [LOG] [Fast Refresh] done in 439ms @ http://localhost:3030/_next/static/chunks/04m2_next_dist_01d_w1-._.js:2431
[ 5287649ms] [LOG] [Fast Refresh] rebuilding @ http://localhost:3030/_next/static/chunks/04m2_next_dist_01d_w1-._.js:2431
[ 5287704ms] [LOG] [Fast Refresh] done in 161ms @ http://localhost:3030/_next/static/chunks/04m2_next_dist_01d_w1-._.js:2431
[ 5287812ms] [LOG] [Fast Refresh] rebuilding @ http://localhost:3030/_next/static/chunks/04m2_next_dist_01d_w1-._.js:2431
[ 5288062ms] [LOG] [Fast Refresh] done in 358ms @ http://localhost:3030/_next/static/chunks/04m2_next_dist_01d_w1-._.js:2431
[ 5288365ms] [LOG] [Fast Refresh] rebuilding @ http://localhost:3030/_next/static/chunks/04m2_next_dist_01d_w1-._.js:2431
[ 5288461ms] [LOG] [Fast Refresh] done in 201ms @ http://localhost:3030/_next/static/chunks/04m2_next_dist_01d_w1-._.js:2431
[ 5288463ms] [INFO] %c%s%c [setup-health] background: #e6e6e6;background: light-dark(rgba(0,0,0,0.1), rgba(255,255,255,0.25));color: #000000;color: light-dark(#000000, #ffffff);border-radius: 2px  Server   panel-layout hidden because permission=false {tenantId: cmrvvipw70000oyyo6123270j, userId: cmrvvipyc000aoyyodcu4tftb, roleKeys: Array(1)} @ http://localhost:3030/_next/static/chunks/04m2_next_dist_01d_w1-._.js:2431
[ 5288565ms] [LOG] [Fast Refresh] rebuilding @ http://localhost:3030/_next/static/chunks/04m2_next_dist_01d_w1-._.js:2431
[ 5288782ms] [LOG] [Fast Refresh] done in 321ms @ http://localhost:3030/_next/static/chunks/04m2_next_dist_01d_w1-._.js:2431
[ 5289262ms] [LOG] [Fast Refresh] rebuilding @ http://localhost:3030/_next/static/chunks/04m2_next_dist_01d_w1-._.js:2431
[ 5289383ms] [LOG] [Fast Refresh] done in 224ms @ http://localhost:3030/_next/static/chunks/04m2_next_dist_01d_w1-._.js:2431
[ 5289487ms] [LOG] [Fast Refresh] rebuilding @ http://localhost:3030/_next/static/chunks/04m2_next_dist_01d_w1-._.js:2431
[ 5289545ms] [LOG] [Fast Refresh] done in 161ms @ http://localhost:3030/_next/static/chunks/04m2_next_dist_01d_w1-._.js:2431
[ 5289658ms] [LOG] [Fast Refresh] rebuilding @ http://localhost:3030/_next/static/chunks/04m2_next_dist_01d_w1-._.js:2431
[ 5289798ms] [LOG] [Fast Refresh] done in 251ms @ http://localhost:3030/_next/static/chunks/04m2_next_dist_01d_w1-._.js:2431
[ 5289892ms] [INFO] %c%s%c [setup-health] background: #e6e6e6;background: light-dark(rgba(0,0,0,0.1), rgba(255,255,255,0.25));color: #000000;color: light-dark(#000000, #ffffff);border-radius: 2px  Server   panel-layout hidden because permission=false {tenantId: cmrvvipw70000oyyo6123270j, userId: cmrvvipyc000aoyyodcu4tftb, roleKeys: Array(1)} @ http://localhost:3030/_next/static/chunks/04m2_next_dist_01d_w1-._.js:2431
[ 5289912ms] [LOG] [Fast Refresh] rebuilding @ http://localhost:3030/_next/static/chunks/04m2_next_dist_01d_w1-._.js:2431
[ 5290133ms] [LOG] [Fast Refresh] done in 334ms @ http://localhost:3030/_next/static/chunks/04m2_next_dist_01d_w1-._.js:2431
[ 5290354ms] [LOG] [Fast Refresh] rebuilding @ http://localhost:3030/_next/static/chunks/04m2_next_dist_01d_w1-._.js:2431
[ 5290450ms] [LOG] [Fast Refresh] done in 196ms @ http://localhost:3030/_next/static/chunks/04m2_next_dist_01d_w1-._.js:2431
[ 5290716ms] [LOG] [Fast Refresh] rebuilding @ http://localhost:3030/_next/static/chunks/04m2_next_dist_01d_w1-._.js:2431
[ 5290906ms] [LOG] [Fast Refresh] done in 293ms @ http://localhost:3030/_next/static/chunks/04m2_next_dist_01d_w1-._.js:2431
[ 5291326ms] [LOG] [Fast Refresh] rebuilding @ http://localhost:3030/_next/static/chunks/04m2_next_dist_01d_w1-._.js:2431
[ 5291408ms] [INFO] %c%s%c [setup-health] background: #e6e6e6;background: light-dark(rgba(0,0,0,0.1), rgba(255,255,255,0.25));color: #000000;color: light-dark(#000000, #ffffff);border-radius: 2px  Server   panel-layout hidden because permission=false {tenantId: cmrvvipw70000oyyo6123270j, userId: cmrvvipyc000aoyyodcu4tftb, roleKeys: Array(1)} @ http://localhost:3030/_next/static/chunks/04m2_next_dist_01d_w1-._.js:2431
[ 5291825ms] [LOG] [Fast Refresh] done in 598ms @ http://localhost:3030/_next/static/chunks/04m2_next_dist_01d_w1-._.js:2431
[ 5292250ms] [LOG] [Fast Refresh] rebuilding @ http://localhost:3030/_next/static/chunks/04m2_next_dist_01d_w1-._.js:2431
[ 5292334ms] [LOG] [Fast Refresh] done in 189ms @ http://localhost:3030/_next/static/chunks/04m2_next_dist_01d_w1-._.js:2431
[ 5292447ms] [LOG] [Fast Refresh] rebuilding @ http://localhost:3030/_next/static/chunks/04m2_next_dist_01d_w1-._.js:2431
[ 5296642ms] [LOG] [Fast Refresh] done in 4299ms @ http://localhost:3030/_next/static/chunks/04m2_next_dist_01d_w1-._.js:2431
[ 5296889ms] [LOG] [Fast Refresh] rebuilding @ http://localhost:3030/_next/static/chunks/04m2_next_dist_01d_w1-._.js:2431
[ 5296972ms] [LOG] [Fast Refresh] done in 183ms @ http://localhost:3030/_next/static/chunks/04m2_next_dist_01d_w1-._.js:2431
[ 5296999ms] [INFO] %c%s%c [setup-health] background: #e6e6e6;background: light-dark(rgba(0,0,0,0.1), rgba(255,255,255,0.25));color: #000000;color: light-dark(#000000, #ffffff);border-radius: 2px  Server   panel-layout hidden because permission=false {tenantId: cmrvvipw70000oyyo6123270j, userId: cmrvvipyc000aoyyodcu4tftb, roleKeys: Array(1)} @ http://localhost:3030/_next/static/chunks/04m2_next_dist_01d_w1-._.js:2431
[ 5297077ms] [LOG] [Fast Refresh] rebuilding @ http://localhost:3030/_next/static/chunks/04m2_next_dist_01d_w1-._.js:2431
[ 5297096ms] [LOG] [Fast Refresh] done in 123ms @ http://localhost:3030/_next/static/chunks/04m2_next_dist_01d_w1-._.js:2431
[ 5297200ms] [LOG] [Fast Refresh] rebuilding @ http://localhost:3030/_next/static/chunks/04m2_next_dist_01d_w1-._.js:2431
[ 5297345ms] [LOG] [Fast Refresh] done in 246ms @ http://localhost:3030/_next/static/chunks/04m2_next_dist_01d_w1-._.js:2431
[ 5297727ms] [LOG] [Fast Refresh] rebuilding @ http://localhost:3030/_next/static/chunks/04m2_next_dist_01d_w1-._.js:2431
[ 5298041ms] [LOG] [Fast Refresh] done in 420ms @ http://localhost:3030/_next/static/chunks/04m2_next_dist_01d_w1-._.js:2431
[ 5299077ms] [LOG] [Fast Refresh] rebuilding @ http://localhost:3030/_next/static/chunks/04m2_next_dist_01d_w1-._.js:2431
[ 5299132ms] [LOG] [Fast Refresh] done in 161ms @ http://localhost:3030/_next/static/chunks/04m2_next_dist_01d_w1-._.js:2431
[ 5299160ms] [INFO] %c%s%c [setup-health] background: #e6e6e6;background: light-dark(rgba(0,0,0,0.1), rgba(255,255,255,0.25));color: #000000;color: light-dark(#000000, #ffffff);border-radius: 2px  Server   panel-layout hidden because permission=false {tenantId: cmrvvipw70000oyyo6123270j, userId: cmrvvipyc000aoyyodcu4tftb, roleKeys: Array(1)} @ http://localhost:3030/_next/static/chunks/04m2_next_dist_01d_w1-._.js:2431
[ 5299237ms] [LOG] [Fast Refresh] rebuilding @ http://localhost:3030/_next/static/chunks/04m2_next_dist_01d_w1-._.js:2431
[ 5299293ms] [LOG] [Fast Refresh] done in 161ms @ http://localhost:3030/_next/static/chunks/04m2_next_dist_01d_w1-._.js:2431
[ 5299396ms] [LOG] [Fast Refresh] rebuilding @ http://localhost:3030/_next/static/chunks/04m2_next_dist_01d_w1-._.js:2431
[ 5299483ms] [LOG] [Fast Refresh] done in 187ms @ http://localhost:3030/_next/static/chunks/04m2_next_dist_01d_w1-._.js:2431
[ 5300009ms] [LOG] [Fast Refresh] rebuilding @ http://localhost:3030/_next/static/chunks/04m2_next_dist_01d_w1-._.js:2431
[ 5300160ms] [LOG] [Fast Refresh] done in 252ms @ http://localhost:3030/_next/static/chunks/04m2_next_dist_01d_w1-._.js:2431
[ 5300693ms] [INFO] %c%s%c [setup-health] background: #e6e6e6;background: light-dark(rgba(0,0,0,0.1), rgba(255,255,255,0.25));color: #000000;color: light-dark(#000000, #ffffff);border-radius: 2px  Server   panel-layout hidden because permission=false {tenantId: cmrvvipw70000oyyo6123270j, userId: cmrvvipyc000aoyyodcu4tftb, roleKeys: Array(1)} @ http://localhost:3030/_next/static/chunks/04m2_next_dist_01d_w1-._.js:2431
[ 5300724ms] [LOG] [Fast Refresh] rebuilding @ http://localhost:3030/_next/static/chunks/04m2_next_dist_01d_w1-._.js:2431
[ 5300879ms] [LOG] [Fast Refresh] done in 257ms @ http://localhost:3030/_next/static/chunks/04m2_next_dist_01d_w1-._.js:2431
[ 5301506ms] [LOG] [Fast Refresh] rebuilding @ http://localhost:3030/_next/static/chunks/04m2_next_dist_01d_w1-._.js:2431
[ 5301612ms] [LOG] [Fast Refresh] done in 205ms @ http://localhost:3030/_next/static/chunks/04m2_next_dist_01d_w1-._.js:2431
[ 5301797ms] [LOG] [Fast Refresh] rebuilding @ http://localhost:3030/_next/static/chunks/04m2_next_dist_01d_w1-._.js:2431
[ 5301834ms] [INFO] %c%s%c [setup-health] background: #e6e6e6;background: light-dark(rgba(0,0,0,0.1), rgba(255,255,255,0.25));color: #000000;color: light-dark(#000000, #ffffff);border-radius: 2px  Server   panel-layout hidden because permission=false {tenantId: cmrvvipw70000oyyo6123270j, userId: cmrvvipyc000aoyyodcu4tftb, roleKeys: Array(1)} @ http://localhost:3030/_next/static/chunks/04m2_next_dist_01d_w1-._.js:2431
[ 5301837ms] [LOG] [Fast Refresh] done in 142ms @ http://localhost:3030/_next/static/chunks/04m2_next_dist_01d_w1-._.js:2431
[ 5301944ms] [LOG] [Fast Refresh] rebuilding @ http://localhost:3030/_next/static/chunks/04m2_next_dist_01d_w1-._.js:2431
[ 5301983ms] [LOG] [Fast Refresh] done in 146ms @ http://localhost:3030/_next/static/chunks/04m2_next_dist_01d_w1-._.js:2431
[ 5302183ms] [LOG] [Fast Refresh] rebuilding @ http://localhost:3030/_next/static/chunks/04m2_next_dist_01d_w1-._.js:2431
[ 5302186ms] [LOG] [Fast Refresh] done in 104ms @ http://localhost:3030/_next/static/chunks/04m2_next_dist_01d_w1-._.js:2431
[ 5302292ms] [LOG] [Fast Refresh] rebuilding @ http://localhost:3030/_next/static/chunks/04m2_next_dist_01d_w1-._.js:2431
[ 5302721ms] [LOG] [Fast Refresh] done in 534ms @ http://localhost:3030/_next/static/chunks/04m2_next_dist_01d_w1-._.js:2431
[ 5302747ms] [INFO] %c%s%c [setup-health] background: #e6e6e6;background: light-dark(rgba(0,0,0,0.1), rgba(255,255,255,0.25));color: #000000;color: light-dark(#000000, #ffffff);border-radius: 2px  Server   panel-layout hidden because permission=false {tenantId: cmrvvipw70000oyyo6123270j, userId: cmrvvipyc000aoyyodcu4tftb, roleKeys: Array(1)} @ http://localhost:3030/_next/static/chunks/04m2_next_dist_01d_w1-._.js:2431
[ 5302839ms] [LOG] [Fast Refresh] rebuilding @ http://localhost:3030/_next/static/chunks/04m2_next_dist_01d_w1-._.js:2431
[ 5302865ms] [LOG] [Fast Refresh] done in 133ms @ http://localhost:3030/_next/static/chunks/04m2_next_dist_01d_w1-._.js:2431
[ 5302970ms] [LOG] [Fast Refresh] rebuilding @ http://localhost:3030/_next/static/chunks/04m2_next_dist_01d_w1-._.js:2431
[ 5303064ms] [LOG] [Fast Refresh] done in 197ms @ http://localhost:3030/_next/static/chunks/04m2_next_dist_01d_w1-._.js:2431
[ 5303171ms] [LOG] [Fast Refresh] rebuilding @ http://localhost:3030/_next/static/chunks/04m2_next_dist_01d_w1-._.js:2431
[ 5303228ms] [LOG] [Fast Refresh] done in 160ms @ http://localhost:3030/_next/static/chunks/04m2_next_dist_01d_w1-._.js:2431
[ 5303372ms] [LOG] [Fast Refresh] rebuilding @ http://localhost:3030/_next/static/chunks/04m2_next_dist_01d_w1-._.js:2431
[ 5303444ms] [LOG] [Fast Refresh] done in 215ms @ http://localhost:3030/_next/static/chunks/04m2_next_dist_01d_w1-._.js:2431
[ 5303557ms] [LOG] [Fast Refresh] rebuilding @ http://localhost:3030/_next/static/chunks/04m2_next_dist_01d_w1-._.js:2431
[ 5303589ms] [LOG] [Fast Refresh] done in 136ms @ http://localhost:3030/_next/static/chunks/04m2_next_dist_01d_w1-._.js:2431
[ 5303692ms] [LOG] [Fast Refresh] rebuilding @ http://localhost:3030/_next/static/chunks/04m2_next_dist_01d_w1-._.js:2431
[ 5303799ms] [LOG] [Fast Refresh] done in 208ms @ http://localhost:3030/_next/static/chunks/04m2_next_dist_01d_w1-._.js:2431
[ 5303811ms] [INFO] %c%s%c [setup-health] background: #e6e6e6;background: light-dark(rgba(0,0,0,0.1), rgba(255,255,255,0.25));color: #000000;color: light-dark(#000000, #ffffff);border-radius: 2px  Server   panel-layout hidden because permission=false {tenantId: cmrvvipw70000oyyo6123270j, userId: cmrvvipyc000aoyyodcu4tftb, roleKeys: Array(1)} @ http://localhost:3030/_next/static/chunks/04m2_next_dist_01d_w1-._.js:2431
[ 5304175ms] [LOG] [Fast Refresh] rebuilding @ http://localhost:3030/_next/static/chunks/04m2_next_dist_01d_w1-._.js:2431
[ 5305362ms] [LOG] [Fast Refresh] done in 1297ms @ http://localhost:3030/_next/static/chunks/04m2_next_dist_01d_w1-._.js:2431
[ 5305531ms] [LOG] [Fast Refresh] rebuilding @ http://localhost:3030/_next/static/chunks/04m2_next_dist_01d_w1-._.js:2431
[ 5305628ms] [LOG] [Fast Refresh] done in 206ms @ http://localhost:3030/_next/static/chunks/04m2_next_dist_01d_w1-._.js:2431
[ 5305975ms] [INFO] %c%s%c [setup-health] background: #e6e6e6;background: light-dark(rgba(0,0,0,0.1), rgba(255,255,255,0.25));color: #000000;color: light-dark(#000000, #ffffff);border-radius: 2px  Server   panel-layout hidden because permission=false {tenantId: cmrvvipw70000oyyo6123270j, userId: cmrvvipyc000aoyyodcu4tftb, roleKeys: Array(1)} @ http://localhost:3030/_next/static/chunks/04m2_next_dist_01d_w1-._.js:2431
[ 5307243ms] [LOG] [Fast Refresh] rebuilding @ http://localhost:3030/_next/static/chunks/04m2_next_dist_01d_w1-._.js:2431
[ 5307310ms] [LOG] [Fast Refresh] done in 168ms @ http://localhost:3030/_next/static/chunks/04m2_next_dist_01d_w1-._.js:2431
[ 5307418ms] [LOG] [Fast Refresh] rebuilding @ http://localhost:3030/_next/static/chunks/04m2_next_dist_01d_w1-._.js:2431
[ 5307520ms] [LOG] [Fast Refresh] done in 210ms @ http://localhost:3030/_next/static/chunks/04m2_next_dist_01d_w1-._.js:2431
[ 5307651ms] [LOG] [Fast Refresh] rebuilding @ http://localhost:3030/_next/static/chunks/04m2_next_dist_01d_w1-._.js:2431
[ 5307655ms] [LOG] [Fast Refresh] done in 105ms @ http://localhost:3030/_next/static/chunks/04m2_next_dist_01d_w1-._.js:2431
[ 5307657ms] [INFO] %c%s%c [setup-health] background: #e6e6e6;background: light-dark(rgba(0,0,0,0.1), rgba(255,255,255,0.25));color: #000000;color: light-dark(#000000, #ffffff);border-radius: 2px  Server   panel-layout hidden because permission=false {tenantId: cmrvvipw70000oyyo6123270j, userId: cmrvvipyc000aoyyodcu4tftb, roleKeys: Array(1)} @ http://localhost:3030/_next/static/chunks/04m2_next_dist_01d_w1-._.js:2431
[ 5307757ms] [LOG] [Fast Refresh] rebuilding @ http://localhost:3030/_next/static/chunks/04m2_next_dist_01d_w1-._.js:2431
[ 5307841ms] [LOG] [Fast Refresh] done in 184ms @ http://localhost:3030/_next/static/chunks/04m2_next_dist_01d_w1-._.js:2431
[ 5308040ms] [LOG] [Fast Refresh] rebuilding @ http://localhost:3030/_next/static/chunks/04m2_next_dist_01d_w1-._.js:2431
[ 5308122ms] [LOG] [Fast Refresh] done in 185ms @ http://localhost:3030/_next/static/chunks/04m2_next_dist_01d_w1-._.js:2431
[ 5308227ms] [LOG] [Fast Refresh] rebuilding @ http://localhost:3030/_next/static/chunks/04m2_next_dist_01d_w1-._.js:2431
[ 5308228ms] [LOG] [Fast Refresh] done in 102ms @ http://localhost:3030/_next/static/chunks/04m2_next_dist_01d_w1-._.js:2431
[ 5308529ms] [INFO] %c%s%c [setup-health] background: #e6e6e6;background: light-dark(rgba(0,0,0,0.1), rgba(255,255,255,0.25));color: #000000;color: light-dark(#000000, #ffffff);border-radius: 2px  Server   panel-layout hidden because permission=false {tenantId: cmrvvipw70000oyyo6123270j, userId: cmrvvipyc000aoyyodcu4tftb, roleKeys: Array(1)} @ http://localhost:3030/_next/static/chunks/04m2_next_dist_01d_w1-._.js:2431
[ 5308651ms] [LOG] [Fast Refresh] rebuilding @ http://localhost:3030/_next/static/chunks/04m2_next_dist_01d_w1-._.js:2431
[ 5308684ms] [LOG] [Fast Refresh] done in 144ms @ http://localhost:3030/_next/static/chunks/04m2_next_dist_01d_w1-._.js:2431
[ 5309108ms] [LOG] [Fast Refresh] rebuilding @ http://localhost:3030/_next/static/chunks/04m2_next_dist_01d_w1-._.js:2431
[ 5309109ms] [LOG] [Fast Refresh] done in 103ms @ http://localhost:3030/_next/static/chunks/04m2_next_dist_01d_w1-._.js:2431
[ 5309218ms] [LOG] [Fast Refresh] rebuilding @ http://localhost:3030/_next/static/chunks/04m2_next_dist_01d_w1-._.js:2431
[ 5309321ms] [LOG] [Fast Refresh] done in 210ms @ http://localhost:3030/_next/static/chunks/04m2_next_dist_01d_w1-._.js:2431
[ 5309326ms] [INFO] %c%s%c [setup-health] background: #e6e6e6;background: light-dark(rgba(0,0,0,0.1), rgba(255,255,255,0.25));color: #000000;color: light-dark(#000000, #ffffff);border-radius: 2px  Server   panel-layout hidden because permission=false {tenantId: cmrvvipw70000oyyo6123270j, userId: cmrvvipyc000aoyyodcu4tftb, roleKeys: Array(1)} @ http://localhost:3030/_next/static/chunks/04m2_next_dist_01d_w1-._.js:2431
[ 5309423ms] [LOG] [Fast Refresh] rebuilding @ http://localhost:3030/_next/static/chunks/04m2_next_dist_01d_w1-._.js:2431
[ 5309486ms] [LOG] [Fast Refresh] done in 163ms @ http://localhost:3030/_next/static/chunks/04m2_next_dist_01d_w1-._.js:2431
[ 5309651ms] [LOG] [Fast Refresh] rebuilding @ http://localhost:3030/_next/static/chunks/04m2_next_dist_01d_w1-._.js:2431
[ 5309669ms] [LOG] [Fast Refresh] done in 120ms @ http://localhost:3030/_next/static/chunks/04m2_next_dist_01d_w1-._.js:2431
[ 5309784ms] [LOG] [Fast Refresh] rebuilding @ http://localhost:3030/_next/static/chunks/04m2_next_dist_01d_w1-._.js:2431
[ 5309841ms] [LOG] [Fast Refresh] done in 162ms @ http://localhost:3030/_next/static/chunks/04m2_next_dist_01d_w1-._.js:2431
[ 5309944ms] [LOG] [Fast Refresh] rebuilding @ http://localhost:3030/_next/static/chunks/04m2_next_dist_01d_w1-._.js:2431
[ 5310002ms] [LOG] [Fast Refresh] done in 161ms @ http://localhost:3030/_next/static/chunks/04m2_next_dist_01d_w1-._.js:2431
[ 5310073ms] [INFO] %c%s%c [setup-health] background: #e6e6e6;background: light-dark(rgba(0,0,0,0.1), rgba(255,255,255,0.25));color: #000000;color: light-dark(#000000, #ffffff);border-radius: 2px  Server   panel-layout hidden because permission=false {tenantId: cmrvvipw70000oyyo6123270j, userId: cmrvvipyc000aoyyodcu4tftb, roleKeys: Array(1)} @ http://localhost:3030/_next/static/chunks/04m2_next_dist_01d_w1-._.js:2431
[ 5310173ms] [LOG] [Fast Refresh] rebuilding @ http://localhost:3030/_next/static/chunks/04m2_next_dist_01d_w1-._.js:2431
[ 5310273ms] [LOG] [Fast Refresh] done in 205ms @ http://localhost:3030/_next/static/chunks/04m2_next_dist_01d_w1-._.js:2431
[ 5310703ms] [LOG] [Fast Refresh] rebuilding @ http://localhost:3030/_next/static/chunks/04m2_next_dist_01d_w1-._.js:2431
[ 5310792ms] [LOG] [Fast Refresh] done in 193ms @ http://localhost:3030/_next/static/chunks/04m2_next_dist_01d_w1-._.js:2431
[ 5310896ms] [LOG] [Fast Refresh] rebuilding @ http://localhost:3030/_next/static/chunks/04m2_next_dist_01d_w1-._.js:2431
[ 5310907ms] [LOG] [Fast Refresh] done in 115ms @ http://localhost:3030/_next/static/chunks/04m2_next_dist_01d_w1-._.js:2431
[ 5310994ms] [INFO] %c%s%c [setup-health] background: #e6e6e6;background: light-dark(rgba(0,0,0,0.1), rgba(255,255,255,0.25));color: #000000;color: light-dark(#000000, #ffffff);border-radius: 2px  Server   panel-layout hidden because permission=false {tenantId: cmrvvipw70000oyyo6123270j, userId: cmrvvipyc000aoyyodcu4tftb, roleKeys: Array(1)} @ http://localhost:3030/_next/static/chunks/04m2_next_dist_01d_w1-._.js:2431
[ 5311280ms] [LOG] [Fast Refresh] rebuilding @ http://localhost:3030/_next/static/chunks/04m2_next_dist_01d_w1-._.js:2431
[ 5311379ms] [LOG] [Fast Refresh] done in 203ms @ http://localhost:3030/_next/static/chunks/04m2_next_dist_01d_w1-._.js:2431
[ 5311543ms] [LOG] [Fast Refresh] rebuilding @ http://localhost:3030/_next/static/chunks/04m2_next_dist_01d_w1-._.js:2431
[ 5311549ms] [LOG] [Fast Refresh] done in 105ms @ http://localhost:3030/_next/static/chunks/04m2_next_dist_01d_w1-._.js:2431
[ 5311762ms] [LOG] [Fast Refresh] rebuilding @ http://localhost:3030/_next/static/chunks/04m2_next_dist_01d_w1-._.js:2431
[ 5311807ms] [LOG] [Fast Refresh] done in 147ms @ http://localhost:3030/_next/static/chunks/04m2_next_dist_01d_w1-._.js:2431
[ 5311870ms] [INFO] %c%s%c [setup-health] background: #e6e6e6;background: light-dark(rgba(0,0,0,0.1), rgba(255,255,255,0.25));color: #000000;color: light-dark(#000000, #ffffff);border-radius: 2px  Server   panel-layout hidden because permission=false {tenantId: cmrvvipw70000oyyo6123270j, userId: cmrvvipyc000aoyyodcu4tftb, roleKeys: Array(1)} @ http://localhost:3030/_next/static/chunks/04m2_next_dist_01d_w1-._.js:2431
[ 5311971ms] [LOG] [Fast Refresh] rebuilding @ http://localhost:3030/_next/static/chunks/04m2_next_dist_01d_w1-._.js:2431
[ 5312001ms] [LOG] [Fast Refresh] done in 134ms @ http://localhost:3030/_next/static/chunks/04m2_next_dist_01d_w1-._.js:2431
[ 5312175ms] [LOG] [Fast Refresh] rebuilding @ http://localhost:3030/_next/static/chunks/04m2_next_dist_01d_w1-._.js:2431
[ 5312287ms] [LOG] [Fast Refresh] done in 216ms @ http://localhost:3030/_next/static/chunks/04m2_next_dist_01d_w1-._.js:2431
[ 5312496ms] [LOG] [Fast Refresh] rebuilding @ http://localhost:3030/_next/static/chunks/04m2_next_dist_01d_w1-._.js:2431
[ 5312509ms] [LOG] [Fast Refresh] done in 115ms @ http://localhost:3030/_next/static/chunks/04m2_next_dist_01d_w1-._.js:2431
[ 5312598ms] [INFO] %c%s%c [setup-health] background: #e6e6e6;background: light-dark(rgba(0,0,0,0.1), rgba(255,255,255,0.25));color: #000000;color: light-dark(#000000, #ffffff);border-radius: 2px  Server   panel-layout hidden because permission=false {tenantId: cmrvvipw70000oyyo6123270j, userId: cmrvvipyc000aoyyodcu4tftb, roleKeys: Array(1)} @ http://localhost:3030/_next/static/chunks/04m2_next_dist_01d_w1-._.js:2431
[ 5312698ms] [LOG] [Fast Refresh] rebuilding @ http://localhost:3030/_next/static/chunks/04m2_next_dist_01d_w1-._.js:2431
[ 5312798ms] [LOG] [Fast Refresh] done in 203ms @ http://localhost:3030/_next/static/chunks/04m2_next_dist_01d_w1-._.js:2431
[ 5312986ms] [LOG] [Fast Refresh] rebuilding @ http://localhost:3030/_next/static/chunks/04m2_next_dist_01d_w1-._.js:2431
[ 5312988ms] [LOG] [Fast Refresh] done in 109ms @ http://localhost:3030/_next/static/chunks/04m2_next_dist_01d_w1-._.js:2431
[ 5313242ms] [LOG] [Fast Refresh] rebuilding @ http://localhost:3030/_next/static/chunks/04m2_next_dist_01d_w1-._.js:2431
[ 5313298ms] [LOG] [Fast Refresh] done in 161ms @ http://localhost:3030/_next/static/chunks/04m2_next_dist_01d_w1-._.js:2431
[ 5313392ms] [INFO] %c%s%c [setup-health] background: #e6e6e6;background: light-dark(rgba(0,0,0,0.1), rgba(255,255,255,0.25));color: #000000;color: light-dark(#000000, #ffffff);border-radius: 2px  Server   panel-layout hidden because permission=false {tenantId: cmrvvipw70000oyyo6123270j, userId: cmrvvipyc000aoyyodcu4tftb, roleKeys: Array(1)} @ http://localhost:3030/_next/static/chunks/04m2_next_dist_01d_w1-._.js:2431
[ 5313479ms] [LOG] [Fast Refresh] rebuilding @ http://localhost:3030/_next/static/chunks/04m2_next_dist_01d_w1-._.js:2431
[ 5313551ms] [LOG] [Fast Refresh] done in 173ms @ http://localhost:3030/_next/static/chunks/04m2_next_dist_01d_w1-._.js:2431
[ 5313652ms] [LOG] [Fast Refresh] rebuilding @ http://localhost:3030/_next/static/chunks/04m2_next_dist_01d_w1-._.js:2431
[ 5313677ms] [LOG] [Fast Refresh] done in 125ms @ http://localhost:3030/_next/static/chunks/04m2_next_dist_01d_w1-._.js:2431
[ 5313866ms] [LOG] [Fast Refresh] rebuilding @ http://localhost:3030/_next/static/chunks/04m2_next_dist_01d_w1-._.js:2431
[ 5313872ms] [LOG] [Fast Refresh] done in 106ms @ http://localhost:3030/_next/static/chunks/04m2_next_dist_01d_w1-._.js:2431
[ 5313986ms] [LOG] [Fast Refresh] rebuilding @ http://localhost:3030/_next/static/chunks/04m2_next_dist_01d_w1-._.js:2431
[ 5314087ms] [LOG] [Fast Refresh] done in 214ms @ http://localhost:3030/_next/static/chunks/04m2_next_dist_01d_w1-._.js:2431
[ 5314203ms] [INFO] %c%s%c [setup-health] background: #e6e6e6;background: light-dark(rgba(0,0,0,0.1), rgba(255,255,255,0.25));color: #000000;color: light-dark(#000000, #ffffff);border-radius: 2px  Server   panel-layout hidden because permission=false {tenantId: cmrvvipw70000oyyo6123270j, userId: cmrvvipyc000aoyyodcu4tftb, roleKeys: Array(1)} @ http://localhost:3030/_next/static/chunks/04m2_next_dist_01d_w1-._.js:2431
[ 5314294ms] [LOG] [Fast Refresh] rebuilding @ http://localhost:3030/_next/static/chunks/04m2_next_dist_01d_w1-._.js:2431
[ 5314368ms] [LOG] [Fast Refresh] done in 178ms @ http://localhost:3030/_next/static/chunks/04m2_next_dist_01d_w1-._.js:2431
[ 5314535ms] [LOG] [Fast Refresh] rebuilding @ http://localhost:3030/_next/static/chunks/04m2_next_dist_01d_w1-._.js:2431
[ 5314643ms] [LOG] [Fast Refresh] done in 211ms @ http://localhost:3030/_next/static/chunks/04m2_next_dist_01d_w1-._.js:2431
[ 5314747ms] [LOG] [Fast Refresh] rebuilding @ http://localhost:3030/_next/static/chunks/04m2_next_dist_01d_w1-._.js:2431
[ 5314747ms] [LOG] [Fast Refresh] done in 103ms @ http://localhost:3030/_next/static/chunks/04m2_next_dist_01d_w1-._.js:2431
[ 5315099ms] [INFO] %c%s%c [setup-health] background: #e6e6e6;background: light-dark(rgba(0,0,0,0.1), rgba(255,255,255,0.25));color: #000000;color: light-dark(#000000, #ffffff);border-radius: 2px  Server   panel-layout hidden because permission=false {tenantId: cmrvvipw70000oyyo6123270j, userId: cmrvvipyc000aoyyodcu4tftb, roleKeys: Array(1)} @ http://localhost:3030/_next/static/chunks/04m2_next_dist_01d_w1-._.js:2431
[ 5315203ms] [LOG] [Fast Refresh] rebuilding @ http://localhost:3030/_next/static/chunks/04m2_next_dist_01d_w1-._.js:2431
[ 5315367ms] [LOG] [Fast Refresh] done in 274ms @ http://localhost:3030/_next/static/chunks/04m2_next_dist_01d_w1-._.js:2431
[ 5315482ms] [LOG] [Fast Refresh] rebuilding @ http://localhost:3030/_next/static/chunks/04m2_next_dist_01d_w1-._.js:2431
[ 5315500ms] [LOG] [Fast Refresh] done in 130ms @ http://localhost:3030/_next/static/chunks/04m2_next_dist_01d_w1-._.js:2431
[ 5315603ms] [LOG] [Fast Refresh] rebuilding @ http://localhost:3030/_next/static/chunks/04m2_next_dist_01d_w1-._.js:2431
[ 5315630ms] [LOG] [Fast Refresh] done in 129ms @ http://localhost:3030/_next/static/chunks/04m2_next_dist_01d_w1-._.js:2431
[ 5315805ms] [LOG] [Fast Refresh] rebuilding @ http://localhost:3030/_next/static/chunks/04m2_next_dist_01d_w1-._.js:2431
[ 5315872ms] [LOG] [Fast Refresh] done in 172ms @ http://localhost:3030/_next/static/chunks/04m2_next_dist_01d_w1-._.js:2431
[ 5315975ms] [LOG] [Fast Refresh] rebuilding @ http://localhost:3030/_next/static/chunks/04m2_next_dist_01d_w1-._.js:2431
[ 5315981ms] [LOG] [Fast Refresh] done in 107ms @ http://localhost:3030/_next/static/chunks/04m2_next_dist_01d_w1-._.js:2431
[ 5316083ms] [INFO] %c%s%c [setup-health] background: #e6e6e6;background: light-dark(rgba(0,0,0,0.1), rgba(255,255,255,0.25));color: #000000;color: light-dark(#000000, #ffffff);border-radius: 2px  Server   panel-layout hidden because permission=false {tenantId: cmrvvipw70000oyyo6123270j, userId: cmrvvipyc000aoyyodcu4tftb, roleKeys: Array(1)} @ http://localhost:3030/_next/static/chunks/04m2_next_dist_01d_w1-._.js:2431
[ 5316191ms] [LOG] [Fast Refresh] rebuilding @ http://localhost:3030/_next/static/chunks/04m2_next_dist_01d_w1-._.js:2431
[ 5316223ms] [LOG] [Fast Refresh] done in 141ms @ http://localhost:3030/_next/static/chunks/04m2_next_dist_01d_w1-._.js:2431
[ 5316333ms] [LOG] [Fast Refresh] rebuilding @ http://localhost:3030/_next/static/chunks/04m2_next_dist_01d_w1-._.js:2431
[ 5316470ms] [LOG] [Fast Refresh] done in 240ms @ http://localhost:3030/_next/static/chunks/04m2_next_dist_01d_w1-._.js:2431
[ 5316763ms] [LOG] [Fast Refresh] rebuilding @ http://localhost:3030/_next/static/chunks/04m2_next_dist_01d_w1-._.js:2431
[ 5316874ms] [LOG] [Fast Refresh] done in 211ms @ http://localhost:3030/_next/static/chunks/04m2_next_dist_01d_w1-._.js:2431
[ 5316939ms] [INFO] %c%s%c [setup-health] background: #e6e6e6;background: light-dark(rgba(0,0,0,0.1), rgba(255,255,255,0.25));color: #000000;color: light-dark(#000000, #ffffff);border-radius: 2px  Server   panel-layout hidden because permission=false {tenantId: cmrvvipw70000oyyo6123270j, userId: cmrvvipyc000aoyyodcu4tftb, roleKeys: Array(1)} @ http://localhost:3030/_next/static/chunks/04m2_next_dist_01d_w1-._.js:2431
[ 5317239ms] [LOG] [Fast Refresh] rebuilding @ http://localhost:3030/_next/static/chunks/04m2_next_dist_01d_w1-._.js:2431
[ 5317256ms] [LOG] [Fast Refresh] done in 119ms @ http://localhost:3030/_next/static/chunks/04m2_next_dist_01d_w1-._.js:2431
[ 5317658ms] [LOG] [Fast Refresh] rebuilding @ http://localhost:3030/_next/static/chunks/04m2_next_dist_01d_w1-._.js:2431
[ 5317728ms] [LOG] [Fast Refresh] done in 182ms @ http://localhost:3030/_next/static/chunks/04m2_next_dist_01d_w1-._.js:2431
[ 5317830ms] [LOG] [Fast Refresh] rebuilding @ http://localhost:3030/_next/static/chunks/04m2_next_dist_01d_w1-._.js:2431
[ 5318046ms] [LOG] [Fast Refresh] done in 317ms @ http://localhost:3030/_next/static/chunks/04m2_next_dist_01d_w1-._.js:2431
[ 5318048ms] [INFO] %c%s%c [setup-health] background: #e6e6e6;background: light-dark(rgba(0,0,0,0.1), rgba(255,255,255,0.25));color: #000000;color: light-dark(#000000, #ffffff);border-radius: 2px  Server   panel-layout hidden because permission=false {tenantId: cmrvvipw70000oyyo6123270j, userId: cmrvvipyc000aoyyodcu4tftb, roleKeys: Array(1)} @ http://localhost:3030/_next/static/chunks/04m2_next_dist_01d_w1-._.js:2431
[ 5318309ms] [LOG] [Fast Refresh] rebuilding @ http://localhost:3030/_next/static/chunks/04m2_next_dist_01d_w1-._.js:2431
[ 5318434ms] [LOG] [Fast Refresh] done in 229ms @ http://localhost:3030/_next/static/chunks/04m2_next_dist_01d_w1-._.js:2431
[ 5319155ms] [INFO] %c%s%c [setup-health] background: #e6e6e6;background: light-dark(rgba(0,0,0,0.1), rgba(255,255,255,0.25));color: #000000;color: light-dark(#000000, #ffffff);border-radius: 2px  Server   panel-layout hidden because permission=false {tenantId: cmrvvipw70000oyyo6123270j, userId: cmrvvipyc000aoyyodcu4tftb, roleKeys: Array(1)} @ http://localhost:3030/_next/static/chunks/04m2_next_dist_01d_w1-._.js:2431
[ 5319790ms] [LOG] [Fast Refresh] rebuilding @ http://localhost:3030/_next/static/chunks/04m2_next_dist_01d_w1-._.js:2431
[ 5319886ms] [LOG] [Fast Refresh] done in 204ms @ http://localhost:3030/_next/static/chunks/04m2_next_dist_01d_w1-._.js:2431
[ 5320031ms] [INFO] %c%s%c [setup-health] background: #e6e6e6;background: light-dark(rgba(0,0,0,0.1), rgba(255,255,255,0.25));color: #000000;color: light-dark(#000000, #ffffff);border-radius: 2px  Server   panel-layout hidden because permission=false {tenantId: cmrvvipw70000oyyo6123270j, userId: cmrvvipyc000aoyyodcu4tftb, roleKeys: Array(1)} @ http://localhost:3030/_next/static/chunks/04m2_next_dist_01d_w1-._.js:2431
[ 5320079ms] [LOG] [Fast Refresh] rebuilding @ http://localhost:3030/_next/static/chunks/04m2_next_dist_01d_w1-._.js:2431
[ 5320090ms] [LOG] [Fast Refresh] done in 118ms @ http://localhost:3030/_next/static/chunks/04m2_next_dist_01d_w1-._.js:2431
[ 5320282ms] [LOG] [Fast Refresh] rebuilding @ http://localhost:3030/_next/static/chunks/04m2_next_dist_01d_w1-._.js:2431
[ 5320445ms] [LOG] [Fast Refresh] done in 270ms @ http://localhost:3030/_next/static/chunks/04m2_next_dist_01d_w1-._.js:2431
[ 5320896ms] [LOG] [Fast Refresh] rebuilding @ http://localhost:3030/_next/static/chunks/04m2_next_dist_01d_w1-._.js:2431
[ 5320944ms] [LOG] [Fast Refresh] done in 156ms @ http://localhost:3030/_next/static/chunks/04m2_next_dist_01d_w1-._.js:2431
[ 5320952ms] [INFO] %c%s%c [setup-health] background: #e6e6e6;background: light-dark(rgba(0,0,0,0.1), rgba(255,255,255,0.25));color: #000000;color: light-dark(#000000, #ffffff);border-radius: 2px  Server   panel-layout hidden because permission=false {tenantId: cmrvvipw70000oyyo6123270j, userId: cmrvvipyc000aoyyodcu4tftb, roleKeys: Array(1)} @ http://localhost:3030/_next/static/chunks/04m2_next_dist_01d_w1-._.js:2431
[ 5321054ms] [LOG] [Fast Refresh] rebuilding @ http://localhost:3030/_next/static/chunks/04m2_next_dist_01d_w1-._.js:2431
[ 5321085ms] [LOG] [Fast Refresh] done in 133ms @ http://localhost:3030/_next/static/chunks/04m2_next_dist_01d_w1-._.js:2431
[ 5321188ms] [LOG] [Fast Refresh] rebuilding @ http://localhost:3030/_next/static/chunks/04m2_next_dist_01d_w1-._.js:2431
[ 5321272ms] [LOG] [Fast Refresh] done in 187ms @ http://localhost:3030/_next/static/chunks/04m2_next_dist_01d_w1-._.js:2431
[ 5321375ms] [LOG] [Fast Refresh] rebuilding @ http://localhost:3030/_next/static/chunks/04m2_next_dist_01d_w1-._.js:2431
[ 5321672ms] [LOG] [Fast Refresh] done in 399ms @ http://localhost:3030/_next/static/chunks/04m2_next_dist_01d_w1-._.js:2431
[ 5322383ms] [ERROR] Failed to load resource: net::ERR_CONNECTION_RESET @ http://localhost:3030/employees/phase3-runtime-empty/change-requests/cmrw0spnc0007oyu8jyrgrv3x?_rsc=1dp8e:0
[ 5322389ms] [ERROR] Failed to fetch RSC payload for http://localhost:3030/employees/phase3-runtime-empty/change-requests/cmrw0spnc0007oyu8jyrgrv3x. Falling back to browser navigation. TypeError: network error @ http://localhost:3030/_next/static/chunks/04m2_next_dist_01d_w1-._.js:3272
[ 5322411ms] [ERROR] WebSocket is already in CLOSING or CLOSED state. @ http://localhost:3030/_next/static/chunks/04m2_next_dist_01d_w1-._.js:2790
[ 5322509ms] [ERROR] Failed to load resource: net::ERR_CONNECTION_RESET @ http://localhost:3030/employees/phase3-runtime-empty/change-requests/cmrw0spnc0007oyu8jyrgrv3x?_rsc=1dp8e:0
[ 5429230ms] [INFO] %cDownload the React DevTools for a better development experience: https://react.dev/link/react-devtools font-weight:bold @ http://localhost:3030/_next/static/chunks/04m2_next_dist_01d_w1-._.js:2431
[ 5429371ms] [LOG] [HMR] connected @ http://localhost:3030/_next/static/chunks/04m2_next_dist_01d_w1-._.js:2431
[ 5429400ms] [INFO] %c%s%c [setup-health] background: #e6e6e6;background: light-dark(rgba(0,0,0,0.1), rgba(255,255,255,0.25));color: #000000;color: light-dark(#000000, #ffffff);border-radius: 2px  Server   panel-layout hidden because permission=false {tenantId: cmrvvipw70000oyyo6123270j, userId: cmrvvipyc000aoyyodcu4tftb, roleKeys: Array(1)} @ http://localhost:3030/_next/static/chunks/04m2_next_dist_01d_w1-._.js:2431
[ 5429753ms] [ERROR] %o

%s Error: برای انجام این عملیات روی کارمند دسترسی کافی ندارید.
    at requireEmployeeAccess (about://React/Server/C:%5CUsers%5CAdministrator%5CDesktop%5Cfirst-unit-next%5Cvahedyek%5Capps%5Cdastranj-panel%5C.next%5Cdev%5Cserver%5Cchunks%5Cssr%5C%5Broot-of-the-server%5D__0r4ldbi._.js?0:471:45)
    at  EmployeeChangeRequestDetailPage (about://React/Server/C:%5CUsers%5CAdministrator%5CDesktop%5Cfirst-unit-next%5Cvahedyek%5Capps%5Cdastranj-panel%5C.next%5Cdev%5Cserver%5Cchunks%5Cssr%5C%5Broot-of-the-server%5D__0.f7p-m._.js?1:138:5)
    at resolveErrorDev (http://localhost:3030/_next/static/chunks/04m2_next_dist_compiled_react-server-dom-turbopack_0m1uz4p._.js:1919:105)
    at processFullStringRow (http://localhost:3030/_next/static/chunks/04m2_next_dist_compiled_react-server-dom-turbopack_0m1uz4p._.js:2434:29)
    at processFullBinaryRow (http://localhost:3030/_next/static/chunks/04m2_next_dist_compiled_react-server-dom-turbopack_0m1uz4p._.js:2393:9)
    at processBinaryChunk (http://localhost:3030/_next/static/chunks/04m2_next_dist_compiled_react-server-dom-turbopack_0m1uz4p._.js:2502:221)
    at progress (http://localhost:3030/_next/static/chunks/04m2_next_dist_compiled_react-server-dom-turbopack_0m1uz4p._.js:2689:13) The above error occurred in the <EmployeeChangeRequestDetailPage> component. It was handled by the <ErrorBoundaryHandler> error boundary. @ http://localhost:3030/_next/static/chunks/04m2_next_dist_client_0-mnb_3._.js:1998
[ 5434070ms] [LOG] [Fast Refresh] rebuilding @ http://localhost:3030/_next/static/chunks/04m2_next_dist_01d_w1-._.js:2431
[ 5434071ms] [LOG] [Fast Refresh] done in 102ms @ http://localhost:3030/_next/static/chunks/04m2_next_dist_01d_w1-._.js:2431
[ 5459957ms] [LOG] [Fast Refresh] rebuilding @ http://localhost:3030/_next/static/chunks/04m2_next_dist_01d_w1-._.js:2431
[ 5460208ms] [LOG] [Fast Refresh] done in 361ms @ http://localhost:3030/_next/static/chunks/04m2_next_dist_01d_w1-._.js:2431
[ 5472198ms] [LOG] [Fast Refresh] rebuilding @ http://localhost:3030/_next/static/chunks/04m2_next_dist_01d_w1-._.js:2431
[ 5472389ms] [LOG] [Fast Refresh] done in 292ms @ http://localhost:3030/_next/static/chunks/04m2_next_dist_01d_w1-._.js:2431
[ 5512114ms] [LOG] [Fast Refresh] rebuilding @ http://localhost:3030/_next/static/chunks/04m2_next_dist_01d_w1-._.js:2431
[ 5512867ms] [LOG] [Fast Refresh] done in 856ms @ http://localhost:3030/_next/static/chunks/04m2_next_dist_01d_w1-._.js:2431
[ 5513909ms] [LOG] [Fast Refresh] rebuilding @ http://localhost:3030/_next/static/chunks/04m2_next_dist_01d_w1-._.js:2431
[ 5514128ms] [LOG] [Fast Refresh] done in 331ms @ http://localhost:3030/_next/static/chunks/04m2_next_dist_01d_w1-._.js:2431
[ 5524610ms] [LOG] [Fast Refresh] rebuilding @ http://localhost:3030/_next/static/chunks/04m2_next_dist_01d_w1-._.js:2431
[ 5524812ms] [LOG] [Fast Refresh] done in 319ms @ http://localhost:3030/_next/static/chunks/04m2_next_dist_01d_w1-._.js:2431
[ 5539218ms] [LOG] [Fast Refresh] rebuilding @ http://localhost:3030/_next/static/chunks/04m2_next_dist_01d_w1-._.js:2431
[ 5539448ms] [LOG] [Fast Refresh] done in 335ms @ http://localhost:3030/_next/static/chunks/04m2_next_dist_01d_w1-._.js:2431
[ 5594445ms] [LOG] [Fast Refresh] rebuilding @ http://localhost:3030/_next/static/chunks/04m2_next_dist_01d_w1-._.js:2431
[ 5594727ms] [LOG] [Fast Refresh] done in 372ms @ http://localhost:3030/_next/static/chunks/04m2_next_dist_01d_w1-._.js:2431
[ 5594843ms] [LOG] [Fast Refresh] rebuilding @ http://localhost:3030/_next/static/chunks/04m2_next_dist_01d_w1-._.js:2431
[ 5594884ms] [LOG] [Fast Refresh] done in 142ms @ http://localhost:3030/_next/static/chunks/04m2_next_dist_01d_w1-._.js:2431
[ 5594990ms] [LOG] [Fast Refresh] rebuilding @ http://localhost:3030/_next/static/chunks/04m2_next_dist_01d_w1-._.js:2431
[ 5595219ms] [LOG] [Fast Refresh] done in 334ms @ http://localhost:3030/_next/static/chunks/04m2_next_dist_01d_w1-._.js:2431
[ 5595332ms] [LOG] [Fast Refresh] rebuilding @ http://localhost:3030/_next/static/chunks/04m2_next_dist_01d_w1-._.js:2431
[ 5595375ms] [LOG] [Fast Refresh] done in 144ms @ http://localhost:3030/_next/static/chunks/04m2_next_dist_01d_w1-._.js:2431
[ 5595478ms] [LOG] [Fast Refresh] rebuilding @ http://localhost:3030/_next/static/chunks/04m2_next_dist_01d_w1-._.js:2431
[ 5595684ms] [LOG] [Fast Refresh] done in 308ms @ http://localhost:3030/_next/static/chunks/04m2_next_dist_01d_w1-._.js:2431
[ 5595883ms] [LOG] [Fast Refresh] rebuilding @ http://localhost:3030/_next/static/chunks/04m2_next_dist_01d_w1-._.js:2431
[ 5595899ms] [LOG] [Fast Refresh] done in 125ms @ http://localhost:3030/_next/static/chunks/04m2_next_dist_01d_w1-._.js:2431
[ 5596013ms] [INFO] %c%s%c [setup-health] background: #e6e6e6;background: light-dark(rgba(0,0,0,0.1), rgba(255,255,255,0.25));color: #000000;color: light-dark(#000000, #ffffff);border-radius: 2px  Server   panel-layout hidden because permission=false {tenantId: cmrvvipw70000oyyo6123270j, userId: cmrvvipyc000aoyyodcu4tftb, roleKeys: Array(1)} @ http://localhost:3030/_next/static/chunks/04m2_next_dist_01d_w1-._.js:2431
[ 5596656ms] [LOG] [Fast Refresh] rebuilding @ http://localhost:3030/_next/static/chunks/04m2_next_dist_01d_w1-._.js:2431
[ 5596656ms] [LOG] [Fast Refresh] done in 106ms @ http://localhost:3030/_next/static/chunks/04m2_next_dist_01d_w1-._.js:2431
[ 5602506ms] [LOG] [Fast Refresh] rebuilding @ http://localhost:3030/_next/static/chunks/04m2_next_dist_01d_w1-._.js:2431
[ 5602655ms] [LOG] [Fast Refresh] done in 263ms @ http://localhost:3030/_next/static/chunks/04m2_next_dist_01d_w1-._.js:2431
[ 5603208ms] [LOG] [Fast Refresh] rebuilding @ http://localhost:3030/_next/static/chunks/04m2_next_dist_01d_w1-._.js:2431
[ 5603398ms] [LOG] [Fast Refresh] done in 304ms @ http://localhost:3030/_next/static/chunks/04m2_next_dist_01d_w1-._.js:2431
[ 5624190ms] [LOG] [Fast Refresh] rebuilding @ http://localhost:3030/_next/static/chunks/04m2_next_dist_01d_w1-._.js:2431
[ 5624409ms] [LOG] [Fast Refresh] done in 321ms @ http://localhost:3030/_next/static/chunks/04m2_next_dist_01d_w1-._.js:2431
[ 5637179ms] [ERROR] WebSocket connection to 'ws://localhost:3030/_next/webpack-hmr?id=Xycb3-KvoYmLy04xF_QoU' failed: Error in connection establishment: net::ERR_CONNECTION_REFUSED @ http://localhost:3030/_next/static/chunks/04m2_next_dist_client_0-mnb_3._.js:13299
[ 5640541ms] [ERROR] WebSocket connection to 'ws://localhost:3030/_next/webpack-hmr?id=Xycb3-KvoYmLy04xF_QoU' failed: Error in connection establishment: net::ERR_CONNECTION_REFUSED @ http://localhost:3030/_next/static/chunks/04m2_next_dist_client_0-mnb_3._.js:13299
[ 5643887ms] [ERROR] WebSocket connection to 'ws://localhost:3030/_next/webpack-hmr?id=Xycb3-KvoYmLy04xF_QoU' failed: Error in connection establishment: net::ERR_CONNECTION_REFUSED @ http://localhost:3030/_next/static/chunks/04m2_next_dist_client_0-mnb_3._.js:13299
[ 5647254ms] [ERROR] WebSocket connection to 'ws://localhost:3030/_next/webpack-hmr?id=Xycb3-KvoYmLy04xF_QoU' failed: Error in connection establishment: net::ERR_CONNECTION_REFUSED @ http://localhost:3030/_next/static/chunks/04m2_next_dist_client_0-mnb_3._.js:13299
[ 5650592ms] [ERROR] WebSocket connection to 'ws://localhost:3030/_next/webpack-hmr?id=Xycb3-KvoYmLy04xF_QoU' failed: Error in connection establishment: net::ERR_CONNECTION_REFUSED @ http://localhost:3030/_next/static/chunks/04m2_next_dist_client_0-mnb_3._.js:13299
[ 5657956ms] [ERROR] WebSocket connection to 'ws://localhost:3030/_next/webpack-hmr?id=Xycb3-KvoYmLy04xF_QoU' failed: Error in connection establishment: net::ERR_CONNECTION_REFUSED @ http://localhost:3030/_next/static/chunks/04m2_next_dist_client_0-mnb_3._.js:13299
[ 5902976ms] [ERROR] WebSocket connection to 'ws://localhost:3030/_next/webpack-hmr?id=Xycb3-KvoYmLy04xF_QoU' failed: WebSocket opening handshake timed out @ http://localhost:3030/_next/static/chunks/04m2_next_dist_client_0-mnb_3._.js:13299
[ 6022827ms] [ERROR] WebSocket connection to 'ws://localhost:3030/_next/webpack-hmr?id=Xycb3-KvoYmLy04xF_QoU' failed: Error during WebSocket handshake: net::ERR_CONNECTION_RESET @ http://localhost:3030/_next/static/chunks/04m2_next_dist_client_0-mnb_3._.js:13299
[ 6030173ms] [ERROR] WebSocket connection to 'ws://localhost:3030/_next/webpack-hmr?id=Xycb3-KvoYmLy04xF_QoU' failed: Error in connection establishment: net::ERR_CONNECTION_REFUSED @ http://localhost:3030/_next/static/chunks/04m2_next_dist_client_0-mnb_3._.js:13299
[ 6037521ms] [ERROR] WebSocket connection to 'ws://localhost:3030/_next/webpack-hmr?id=Xycb3-KvoYmLy04xF_QoU' failed: Error in connection establishment: net::ERR_CONNECTION_REFUSED @ http://localhost:3030/_next/static/chunks/04m2_next_dist_client_0-mnb_3._.js:13299
[ 6044870ms] [ERROR] WebSocket connection to 'ws://localhost:3030/_next/webpack-hmr?id=Xycb3-KvoYmLy04xF_QoU' failed: Error in connection establishment: net::ERR_CONNECTION_REFUSED @ http://localhost:3030/_next/static/chunks/04m2_next_dist_client_0-mnb_3._.js:13299
[ 6052242ms] [ERROR] WebSocket connection to 'ws://localhost:3030/_next/webpack-hmr?id=Xycb3-KvoYmLy04xF_QoU' failed: Error in connection establishment: net::ERR_CONNECTION_REFUSED @ http://localhost:3030/_next/static/chunks/04m2_next_dist_client_0-mnb_3._.js:13299
[ 6059460ms] [ERROR] Error: An error occurred in the Server Components render. The specific message is omitted in production builds to avoid leaking sensitive details. A digest property is included on this error instance which may provide additional details about the nature of the error. @ http://localhost:3030/_next/static/chunks/0muuxmcg6v1x2.js:0
