[     184ms] [INFO] %cDownload the React DevTools for a better development experience: https://react.dev/link/react-devtools font-weight:bold @ http://localhost:3030/_next/static/chunks/04m2_next_dist_01d_w1-._.js:2431
[     218ms] [LOG] [HMR] connected @ http://localhost:3030/_next/static/chunks/04m2_next_dist_01d_w1-._.js:2431
[     234ms] [INFO] %c%s%c [setup-health] background: #e6e6e6;background: light-dark(rgba(0,0,0,0.1), rgba(255,255,255,0.25));color: #000000;color: light-dark(#000000, #ffffff);border-radius: 2px  Server   panel-layout {tenantId: cmrvvipw70000oyyo6123270j, userId: cmrvvipy90009oyyocqnstw83, score: 40, completedCount: 2, totalCriticalCount: 5} @ http://localhost:3030/_next/static/chunks/04m2_next_dist_01d_w1-._.js:2431
[   17348ms] [LOG] [Fast Refresh] rebuilding @ http://localhost:3030/_next/static/chunks/04m2_next_dist_01d_w1-._.js:2431
[   17648ms] [LOG] [Fast Refresh] done in 414ms @ http://localhost:3030/_next/static/chunks/04m2_next_dist_01d_w1-._.js:2431
[  304970ms] [LOG] [Fast Refresh] rebuilding @ http://localhost:3030/_next/static/chunks/04m2_next_dist_01d_w1-._.js:2431
[  310058ms] [LOG] [Fast Refresh] done in 5159ms @ http://localhost:3030/_next/static/chunks/04m2_next_dist_01d_w1-._.js:2431
[  310162ms] [LOG] [Fast Refresh] rebuilding @ http://localhost:3030/_next/static/chunks/04m2_next_dist_01d_w1-._.js:2431
[  310202ms] [LOG] [Fast Refresh] done in 144ms @ http://localhost:3030/_next/static/chunks/04m2_next_dist_01d_w1-._.js:2431
[  310858ms] [LOG] [Fast Refresh] rebuilding @ http://localhost:3030/_next/static/chunks/04m2_next_dist_01d_w1-._.js:2431
[  310878ms] [LOG] [Fast Refresh] done in 122ms @ http://localhost:3030/_next/static/chunks/04m2_next_dist_01d_w1-._.js:2431
[  310881ms] [INFO] %c%s%c [setup-health] background: #e6e6e6;background: light-dark(rgba(0,0,0,0.1), rgba(255,255,255,0.25));color: #000000;color: light-dark(#000000, #ffffff);border-radius: 2px  Server   panel-layout {tenantId: cmrvvipw70000oyyo6123270j, userId: cmrvvipy90009oyyocqnstw83, score: 40, completedCount: 2, totalCriticalCount: 5} @ http://localhost:3030/_next/static/chunks/04m2_next_dist_01d_w1-._.js:2431
[  310887ms] [INFO] %c%s%c [setup-health] background: #e6e6e6;background: light-dark(rgba(0,0,0,0.1), rgba(255,255,255,0.25));color: #000000;color: light-dark(#000000, #ffffff);border-radius: 2px  Server   panel-layout {tenantId: cmrvvipw70000oyyo6123270j, userId: cmrvvipy90009oyyocqnstw83, score: 40, completedCount: 2, totalCriticalCount: 5} @ http://localhost:3030/_next/static/chunks/04m2_next_dist_01d_w1-._.js:2431
[  310973ms] [INFO] %c%s%c [setup-health] background: #e6e6e6;background: light-dark(rgba(0,0,0,0.1), rgba(255,255,255,0.25));color: #000000;color: light-dark(#000000, #ffffff);border-radius: 2px  Server   panel-layout {tenantId: cmrvvipw70000oyyo6123270j, userId: cmrvvipy90009oyyocqnstw83, score: 40, completedCount: 2, totalCriticalCount: 5} @ http://localhost:3030/_next/static/chunks/04m2_next_dist_01d_w1-._.js:2431
[  311184ms] [INFO] %c%s%c [setup-health] background: #e6e6e6;background: light-dark(rgba(0,0,0,0.1), rgba(255,255,255,0.25));color: #000000;color: light-dark(#000000, #ffffff);border-radius: 2px  Server   panel-layout {tenantId: cmrvvipw70000oyyo6123270j, userId: cmrvvipy90009oyyocqnstw83, score: 40, completedCount: 2, totalCriticalCount: 5} @ http://localhost:3030/_next/static/chunks/04m2_next_dist_01d_w1-._.js:2431
[  311321ms] [INFO] %c%s%c [setup-health] background: #e6e6e6;background: light-dark(rgba(0,0,0,0.1), rgba(255,255,255,0.25));color: #000000;color: light-dark(#000000, #ffffff);border-radius: 2px  Server   panel-layout {tenantId: cmrvvipw70000oyyo6123270j, userId: cmrvvipy90009oyyocqnstw83, score: 40, completedCount: 2, totalCriticalCount: 5} @ http://localhost:3030/_next/static/chunks/04m2_next_dist_01d_w1-._.js:2431
[  311507ms] [INFO] %c%s%c [setup-health] background: #e6e6e6;background: light-dark(rgba(0,0,0,0.1), rgba(255,255,255,0.25));color: #000000;color: light-dark(#000000, #ffffff);border-radius: 2px  Server   panel-layout {tenantId: cmrvvipw70000oyyo6123270j, userId: cmrvvipy90009oyyocqnstw83, score: 40, completedCount: 2, totalCriticalCount: 5} @ http://localhost:3030/_next/static/chunks/04m2_next_dist_01d_w1-._.js:2431
[  311691ms] [INFO] %c%s%c [setup-health] background: #e6e6e6;background: light-dark(rgba(0,0,0,0.1), rgba(255,255,255,0.25));color: #000000;color: light-dark(#000000, #ffffff);border-radius: 2px  Server   panel-layout {tenantId: cmrvvipw70000oyyo6123270j, userId: cmrvvipy90009oyyocqnstw83, score: 40, completedCount: 2, totalCriticalCount: 5} @ http://localhost:3030/_next/static/chunks/04m2_next_dist_01d_w1-._.js:2431
[  311780ms] [LOG] [Fast Refresh] rebuilding @ http://localhost:3030/_next/static/chunks/04m2_next_dist_01d_w1-._.js:2431
[  311809ms] [LOG] [Fast Refresh] done in 129ms @ http://localhost:3030/_next/static/chunks/04m2_next_dist_01d_w1-._.js:2431
[  311902ms] [INFO] %c%s%c [setup-health] background: #e6e6e6;background: light-dark(rgba(0,0,0,0.1), rgba(255,255,255,0.25));color: #000000;color: light-dark(#000000, #ffffff);border-radius: 2px  Server   panel-layout {tenantId: cmrvvipw70000oyyo6123270j, userId: cmrvvipy90009oyyocqnstw83, score: 40, completedCount: 2, totalCriticalCount: 5} @ http://localhost:3030/_next/static/chunks/04m2_next_dist_01d_w1-._.js:2431
[  312070ms] [INFO] %c%s%c [setup-health] background: #e6e6e6;background: light-dark(rgba(0,0,0,0.1), rgba(255,255,255,0.25));color: #000000;color: light-dark(#000000, #ffffff);border-radius: 2px  Server   panel-layout {tenantId: cmrvvipw70000oyyo6123270j, userId: cmrvvipy90009oyyocqnstw83, score: 40, completedCount: 2, totalCriticalCount: 5} @ http://localhost:3030/_next/static/chunks/04m2_next_dist_01d_w1-._.js:2431
[  312207ms] [INFO] %c%s%c [setup-health] background: #e6e6e6;background: light-dark(rgba(0,0,0,0.1), rgba(255,255,255,0.25));color: #000000;color: light-dark(#000000, #ffffff);border-radius: 2px  Server   panel-layout {tenantId: cmrvvipw70000oyyo6123270j, userId: cmrvvipy90009oyyocqnstw83, score: 40, completedCount: 2, totalCriticalCount: 5} @ http://localhost:3030/_next/static/chunks/04m2_next_dist_01d_w1-._.js:2431
[  312397ms] [INFO] %c%s%c [setup-health] background: #e6e6e6;background: light-dark(rgba(0,0,0,0.1), rgba(255,255,255,0.25));color: #000000;color: light-dark(#000000, #ffffff);border-radius: 2px  Server   panel-layout {tenantId: cmrvvipw70000oyyo6123270j, userId: cmrvvipy90009oyyocqnstw83, score: 40, completedCount: 2, totalCriticalCount: 5} @ http://localhost:3030/_next/static/chunks/04m2_next_dist_01d_w1-._.js:2431
[  312567ms] [INFO] %c%s%c [setup-health] background: #e6e6e6;background: light-dark(rgba(0,0,0,0.1), rgba(255,255,255,0.25));color: #000000;color: light-dark(#000000, #ffffff);border-radius: 2px  Server   panel-layout {tenantId: cmrvvipw70000oyyo6123270j, userId: cmrvvipy90009oyyocqnstw83, score: 40, completedCount: 2, totalCriticalCount: 5} @ http://localhost:3030/_next/static/chunks/04m2_next_dist_01d_w1-._.js:2431
[  312721ms] [INFO] %c%s%c [setup-health] background: #e6e6e6;background: light-dark(rgba(0,0,0,0.1), rgba(255,255,255,0.25));color: #000000;color: light-dark(#000000, #ffffff);border-radius: 2px  Server   panel-layout {tenantId: cmrvvipw70000oyyo6123270j, userId: cmrvvipy90009oyyocqnstw83, score: 40, completedCount: 2, totalCriticalCount: 5} @ http://localhost:3030/_next/static/chunks/04m2_next_dist_01d_w1-._.js:2431
[  312889ms] [INFO] %c%s%c [setup-health] background: #e6e6e6;background: light-dark(rgba(0,0,0,0.1), rgba(255,255,255,0.25));color: #000000;color: light-dark(#000000, #ffffff);border-radius: 2px  Server   panel-layout {tenantId: cmrvvipw70000oyyo6123270j, userId: cmrvvipy90009oyyocqnstw83, score: 40, completedCount: 2, totalCriticalCount: 5} @ http://localhost:3030/_next/static/chunks/04m2_next_dist_01d_w1-._.js:2431
[  313006ms] [INFO] %c%s%c [setup-health] background: #e6e6e6;background: light-dark(rgba(0,0,0,0.1), rgba(255,255,255,0.25));color: #000000;color: light-dark(#000000, #ffffff);border-radius: 2px  Server   panel-layout {tenantId: cmrvvipw70000oyyo6123270j, userId: cmrvvipy90009oyyocqnstw83, score: 40, completedCount: 2, totalCriticalCount: 5} @ http://localhost:3030/_next/static/chunks/04m2_next_dist_01d_w1-._.js:2431
[  313167ms] [INFO] %c%s%c [setup-health] background: #e6e6e6;background: light-dark(rgba(0,0,0,0.1), rgba(255,255,255,0.25));color: #000000;color: light-dark(#000000, #ffffff);border-radius: 2px  Server   panel-layout {tenantId: cmrvvipw70000oyyo6123270j, userId: cmrvvipy90009oyyocqnstw83, score: 40, completedCount: 2, totalCriticalCount: 5} @ http://localhost:3030/_next/static/chunks/04m2_next_dist_01d_w1-._.js:2431
[  313326ms] [INFO] %c%s%c [setup-health] background: #e6e6e6;background: light-dark(rgba(0,0,0,0.1), rgba(255,255,255,0.25));color: #000000;color: light-dark(#000000, #ffffff);border-radius: 2px  Server   panel-layout {tenantId: cmrvvipw70000oyyo6123270j, userId: cmrvvipy90009oyyocqnstw83, score: 40, completedCount: 2, totalCriticalCount: 5} @ http://localhost:3030/_next/static/chunks/04m2_next_dist_01d_w1-._.js:2431
[  313494ms] [INFO] %c%s%c [setup-health] background: #e6e6e6;background: light-dark(rgba(0,0,0,0.1), rgba(255,255,255,0.25));color: #000000;color: light-dark(#000000, #ffffff);border-radius: 2px  Server   panel-layout {tenantId: cmrvvipw70000oyyo6123270j, userId: cmrvvipy90009oyyocqnstw83, score: 40, completedCount: 2, totalCriticalCount: 5} @ http://localhost:3030/_next/static/chunks/04m2_next_dist_01d_w1-._.js:2431
[  313663ms] [INFO] %c%s%c [setup-health] background: #e6e6e6;background: light-dark(rgba(0,0,0,0.1), rgba(255,255,255,0.25));color: #000000;color: light-dark(#000000, #ffffff);border-radius: 2px  Server   panel-layout {tenantId: cmrvvipw70000oyyo6123270j, userId: cmrvvipy90009oyyocqnstw83, score: 40, completedCount: 2, totalCriticalCount: 5} @ http://localhost:3030/_next/static/chunks/04m2_next_dist_01d_w1-._.js:2431
[  313783ms] [INFO] %c%s%c [setup-health] background: #e6e6e6;background: light-dark(rgba(0,0,0,0.1), rgba(255,255,255,0.25));color: #000000;color: light-dark(#000000, #ffffff);border-radius: 2px  Server   panel-layout {tenantId: cmrvvipw70000oyyo6123270j, userId: cmrvvipy90009oyyocqnstw83, score: 40, completedCount: 2, totalCriticalCount: 5} @ http://localhost:3030/_next/static/chunks/04m2_next_dist_01d_w1-._.js:2431
[  313945ms] [INFO] %c%s%c [setup-health] background: #e6e6e6;background: light-dark(rgba(0,0,0,0.1), rgba(255,255,255,0.25));color: #000000;color: light-dark(#000000, #ffffff);border-radius: 2px  Server   panel-layout {tenantId: cmrvvipw70000oyyo6123270j, userId: cmrvvipy90009oyyocqnstw83, score: 40, completedCount: 2, totalCriticalCount: 5} @ http://localhost:3030/_next/static/chunks/04m2_next_dist_01d_w1-._.js:2431
[  314121ms] [INFO] %c%s%c [setup-health] background: #e6e6e6;background: light-dark(rgba(0,0,0,0.1), rgba(255,255,255,0.25));color: #000000;color: light-dark(#000000, #ffffff);border-radius: 2px  Server   panel-layout {tenantId: cmrvvipw70000oyyo6123270j, userId: cmrvvipy90009oyyocqnstw83, score: 40, completedCount: 2, totalCriticalCount: 5} @ http://localhost:3030/_next/static/chunks/04m2_next_dist_01d_w1-._.js:2431
[  314277ms] [INFO] %c%s%c [setup-health] background: #e6e6e6;background: light-dark(rgba(0,0,0,0.1), rgba(255,255,255,0.25));color: #000000;color: light-dark(#000000, #ffffff);border-radius: 2px  Server   panel-layout {tenantId: cmrvvipw70000oyyo6123270j, userId: cmrvvipy90009oyyocqnstw83, score: 40, completedCount: 2, totalCriticalCount: 5} @ http://localhost:3030/_next/static/chunks/04m2_next_dist_01d_w1-._.js:2431
[  314427ms] [INFO] %c%s%c [setup-health] background: #e6e6e6;background: light-dark(rgba(0,0,0,0.1), rgba(255,255,255,0.25));color: #000000;color: light-dark(#000000, #ffffff);border-radius: 2px  Server   panel-layout {tenantId: cmrvvipw70000oyyo6123270j, userId: cmrvvipy90009oyyocqnstw83, score: 40, completedCount: 2, totalCriticalCount: 5} @ http://localhost:3030/_next/static/chunks/04m2_next_dist_01d_w1-._.js:2431
[  314569ms] [INFO] %c%s%c [setup-health] background: #e6e6e6;background: light-dark(rgba(0,0,0,0.1), rgba(255,255,255,0.25));color: #000000;color: light-dark(#000000, #ffffff);border-radius: 2px  Server   panel-layout {tenantId: cmrvvipw70000oyyo6123270j, userId: cmrvvipy90009oyyocqnstw83, score: 40, completedCount: 2, totalCriticalCount: 5} @ http://localhost:3030/_next/static/chunks/04m2_next_dist_01d_w1-._.js:2431
[  314728ms] [INFO] %c%s%c [setup-health] background: #e6e6e6;background: light-dark(rgba(0,0,0,0.1), rgba(255,255,255,0.25));color: #000000;color: light-dark(#000000, #ffffff);border-radius: 2px  Server   panel-layout {tenantId: cmrvvipw70000oyyo6123270j, userId: cmrvvipy90009oyyocqnstw83, score: 40, completedCount: 2, totalCriticalCount: 5} @ http://localhost:3030/_next/static/chunks/04m2_next_dist_01d_w1-._.js:2431
[  314912ms] [INFO] %c%s%c [setup-health] background: #e6e6e6;background: light-dark(rgba(0,0,0,0.1), rgba(255,255,255,0.25));color: #000000;color: light-dark(#000000, #ffffff);border-radius: 2px  Server   panel-layout {tenantId: cmrvvipw70000oyyo6123270j, userId: cmrvvipy90009oyyocqnstw83, score: 40, completedCount: 2, totalCriticalCount: 5} @ http://localhost:3030/_next/static/chunks/04m2_next_dist_01d_w1-._.js:2431
[  315081ms] [INFO] %c%s%c [setup-health] background: #e6e6e6;background: light-dark(rgba(0,0,0,0.1), rgba(255,255,255,0.25));color: #000000;color: light-dark(#000000, #ffffff);border-radius: 2px  Server   panel-layout {tenantId: cmrvvipw70000oyyo6123270j, userId: cmrvvipy90009oyyocqnstw83, score: 40, completedCount: 2, totalCriticalCount: 5} @ http://localhost:3030/_next/static/chunks/04m2_next_dist_01d_w1-._.js:2431
[  315224ms] [INFO] %c%s%c [setup-health] background: #e6e6e6;background: light-dark(rgba(0,0,0,0.1), rgba(255,255,255,0.25));color: #000000;color: light-dark(#000000, #ffffff);border-radius: 2px  Server   panel-layout {tenantId: cmrvvipw70000oyyo6123270j, userId: cmrvvipy90009oyyocqnstw83, score: 40, completedCount: 2, totalCriticalCount: 5} @ http://localhost:3030/_next/static/chunks/04m2_next_dist_01d_w1-._.js:2431
[  315326ms] [INFO] %c%s%c [setup-health] background: #e6e6e6;background: light-dark(rgba(0,0,0,0.1), rgba(255,255,255,0.25));color: #000000;color: light-dark(#000000, #ffffff);border-radius: 2px  Server   panel-layout {tenantId: cmrvvipw70000oyyo6123270j, userId: cmrvvipy90009oyyocqnstw83, score: 40, completedCount: 2, totalCriticalCount: 5} @ http://localhost:3030/_next/static/chunks/04m2_next_dist_01d_w1-._.js:2431
[  315491ms] [INFO] %c%s%c [setup-health] background: #e6e6e6;background: light-dark(rgba(0,0,0,0.1), rgba(255,255,255,0.25));color: #000000;color: light-dark(#000000, #ffffff);border-radius: 2px  Server   panel-layout {tenantId: cmrvvipw70000oyyo6123270j, userId: cmrvvipy90009oyyocqnstw83, score: 40, completedCount: 2, totalCriticalCount: 5} @ http://localhost:3030/_next/static/chunks/04m2_next_dist_01d_w1-._.js:2431
[  315625ms] [INFO] %c%s%c [setup-health] background: #e6e6e6;background: light-dark(rgba(0,0,0,0.1), rgba(255,255,255,0.25));color: #000000;color: light-dark(#000000, #ffffff);border-radius: 2px  Server   panel-layout {tenantId: cmrvvipw70000oyyo6123270j, userId: cmrvvipy90009oyyocqnstw83, score: 40, completedCount: 2, totalCriticalCount: 5} @ http://localhost:3030/_next/static/chunks/04m2_next_dist_01d_w1-._.js:2431
[  315755ms] [INFO] %c%s%c [setup-health] background: #e6e6e6;background: light-dark(rgba(0,0,0,0.1), rgba(255,255,255,0.25));color: #000000;color: light-dark(#000000, #ffffff);border-radius: 2px  Server   panel-layout {tenantId: cmrvvipw70000oyyo6123270j, userId: cmrvvipy90009oyyocqnstw83, score: 40, completedCount: 2, totalCriticalCount: 5} @ http://localhost:3030/_next/static/chunks/04m2_next_dist_01d_w1-._.js:2431
[  315869ms] [INFO] %c%s%c [setup-health] background: #e6e6e6;background: light-dark(rgba(0,0,0,0.1), rgba(255,255,255,0.25));color: #000000;color: light-dark(#000000, #ffffff);border-radius: 2px  Server   panel-layout {tenantId: cmrvvipw70000oyyo6123270j, userId: cmrvvipy90009oyyocqnstw83, score: 40, completedCount: 2, totalCriticalCount: 5} @ http://localhost:3030/_next/static/chunks/04m2_next_dist_01d_w1-._.js:2431
[  315966ms] [INFO] %c%s%c [setup-health] background: #e6e6e6;background: light-dark(rgba(0,0,0,0.1), rgba(255,255,255,0.25));color: #000000;color: light-dark(#000000, #ffffff);border-radius: 2px  Server   panel-layout {tenantId: cmrvvipw70000oyyo6123270j, userId: cmrvvipy90009oyyocqnstw83, score: 40, completedCount: 2, totalCriticalCount: 5} @ http://localhost:3030/_next/static/chunks/04m2_next_dist_01d_w1-._.js:2431
[  316065ms] [INFO] %c%s%c [setup-health] background: #e6e6e6;background: light-dark(rgba(0,0,0,0.1), rgba(255,255,255,0.25));color: #000000;color: light-dark(#000000, #ffffff);border-radius: 2px  Server   panel-layout {tenantId: cmrvvipw70000oyyo6123270j, userId: cmrvvipy90009oyyocqnstw83, score: 40, completedCount: 2, totalCriticalCount: 5} @ http://localhost:3030/_next/static/chunks/04m2_next_dist_01d_w1-._.js:2431
[  403442ms] [LOG] [Fast Refresh] rebuilding @ http://localhost:3030/_next/static/chunks/04m2_next_dist_01d_w1-._.js:2431
[  410485ms] [LOG] [Fast Refresh] done in 7094ms @ http://localhost:3030/_next/static/chunks/04m2_next_dist_01d_w1-._.js:2431
[  415421ms] [LOG] [Fast Refresh] rebuilding @ http://localhost:3030/_next/static/chunks/04m2_next_dist_01d_w1-._.js:2431
[  415599ms] [LOG] [Fast Refresh] done in 112ms @ http://localhost:3030/_next/static/chunks/04m2_next_dist_01d_w1-._.js:2431
[  415715ms] [LOG] [Fast Refresh] rebuilding @ http://localhost:3030/_next/static/chunks/04m2_next_dist_01d_w1-._.js:2431
[  416064ms] [LOG] [Fast Refresh] done in 452ms @ http://localhost:3030/_next/static/chunks/04m2_next_dist_01d_w1-._.js:2431
[  416381ms] [INFO] %c%s%c [setup-health] background: #e6e6e6;background: light-dark(rgba(0,0,0,0.1), rgba(255,255,255,0.25));color: #000000;color: light-dark(#000000, #ffffff);border-radius: 2px  Server   panel-layout {tenantId: cmrvvipw70000oyyo6123270j, userId: cmrvvipy90009oyyocqnstw83, score: 40, completedCount: 2, totalCriticalCount: 5} @ http://localhost:3030/_next/static/chunks/04m2_next_dist_01d_w1-._.js:2431
[  416484ms] [LOG] [Fast Refresh] rebuilding @ http://localhost:3030/_next/static/chunks/04m2_next_dist_01d_w1-._.js:2431
[  416490ms] [LOG] [Fast Refresh] done in 109ms @ http://localhost:3030/_next/static/chunks/04m2_next_dist_01d_w1-._.js:2431
[  416625ms] [INFO] %c%s%c [setup-health] background: #e6e6e6;background: light-dark(rgba(0,0,0,0.1), rgba(255,255,255,0.25));color: #000000;color: light-dark(#000000, #ffffff);border-radius: 2px  Server   panel-layout {tenantId: cmrvvipw70000oyyo6123270j, userId: cmrvvipy90009oyyocqnstw83, score: 40, completedCount: 2, totalCriticalCount: 5} @ http://localhost:3030/_next/static/chunks/04m2_next_dist_01d_w1-._.js:2431
[  416856ms] [LOG] [Fast Refresh] rebuilding @ http://localhost:3030/_next/static/chunks/04m2_next_dist_01d_w1-._.js:2431
[  416888ms] [LOG] [Fast Refresh] done in 131ms @ http://localhost:3030/_next/static/chunks/04m2_next_dist_01d_w1-._.js:2431
[  416890ms] [INFO] %c%s%c [setup-health] background: #e6e6e6;background: light-dark(rgba(0,0,0,0.1), rgba(255,255,255,0.25));color: #000000;color: light-dark(#000000, #ffffff);border-radius: 2px  Server   panel-layout {tenantId: cmrvvipw70000oyyo6123270j, userId: cmrvvipy90009oyyocqnstw83, score: 40, completedCount: 2, totalCriticalCount: 5} @ http://localhost:3030/_next/static/chunks/04m2_next_dist_01d_w1-._.js:2431
[  416917ms] [INFO] %c%s%c [setup-health] background: #e6e6e6;background: light-dark(rgba(0,0,0,0.1), rgba(255,255,255,0.25));color: #000000;color: light-dark(#000000, #ffffff);border-radius: 2px  Server   panel-layout {tenantId: cmrvvipw70000oyyo6123270j, userId: cmrvvipy90009oyyocqnstw83, score: 40, completedCount: 2, totalCriticalCount: 5} @ http://localhost:3030/_next/static/chunks/04m2_next_dist_01d_w1-._.js:2431
[  416990ms] [LOG] [Fast Refresh] rebuilding @ http://localhost:3030/_next/static/chunks/04m2_next_dist_01d_w1-._.js:2431
[  417009ms] [LOG] [Fast Refresh] done in 119ms @ http://localhost:3030/_next/static/chunks/04m2_next_dist_01d_w1-._.js:2431
[  417088ms] [INFO] %c%s%c [setup-health] background: #e6e6e6;background: light-dark(rgba(0,0,0,0.1), rgba(255,255,255,0.25));color: #000000;color: light-dark(#000000, #ffffff);border-radius: 2px  Server   panel-layout {tenantId: cmrvvipw70000oyyo6123270j, userId: cmrvvipy90009oyyocqnstw83, score: 40, completedCount: 2, totalCriticalCount: 5} @ http://localhost:3030/_next/static/chunks/04m2_next_dist_01d_w1-._.js:2431
[  417216ms] [LOG] [Fast Refresh] rebuilding @ http://localhost:3030/_next/static/chunks/04m2_next_dist_01d_w1-._.js:2431
[  417236ms] [LOG] [Fast Refresh] done in 128ms @ http://localhost:3030/_next/static/chunks/04m2_next_dist_01d_w1-._.js:2431
[  417352ms] [INFO] %c%s%c [setup-health] background: #e6e6e6;background: light-dark(rgba(0,0,0,0.1), rgba(255,255,255,0.25));color: #000000;color: light-dark(#000000, #ffffff);border-radius: 2px  Server   panel-layout {tenantId: cmrvvipw70000oyyo6123270j, userId: cmrvvipy90009oyyocqnstw83, score: 40, completedCount: 2, totalCriticalCount: 5} @ http://localhost:3030/_next/static/chunks/04m2_next_dist_01d_w1-._.js:2431
[  417381ms] [LOG] [Fast Refresh] rebuilding @ http://localhost:3030/_next/static/chunks/04m2_next_dist_01d_w1-._.js:2431
[  417391ms] [LOG] [Fast Refresh] done in 113ms @ http://localhost:3030/_next/static/chunks/04m2_next_dist_01d_w1-._.js:2431
[  417551ms] [LOG] [Fast Refresh] rebuilding @ http://localhost:3030/_next/static/chunks/04m2_next_dist_01d_w1-._.js:2431
[  417624ms] [LOG] [Fast Refresh] done in 176ms @ http://localhost:3030/_next/static/chunks/04m2_next_dist_01d_w1-._.js:2431
[  417632ms] [INFO] %c%s%c [setup-health] background: #e6e6e6;background: light-dark(rgba(0,0,0,0.1), rgba(255,255,255,0.25));color: #000000;color: light-dark(#000000, #ffffff);border-radius: 2px  Server   panel-layout {tenantId: cmrvvipw70000oyyo6123270j, userId: cmrvvipy90009oyyocqnstw83, score: 40, completedCount: 2, totalCriticalCount: 5} @ http://localhost:3030/_next/static/chunks/04m2_next_dist_01d_w1-._.js:2431
[  417793ms] [INFO] %c%s%c [setup-health] background: #e6e6e6;background: light-dark(rgba(0,0,0,0.1), rgba(255,255,255,0.25));color: #000000;color: light-dark(#000000, #ffffff);border-radius: 2px  Server   panel-layout {tenantId: cmrvvipw70000oyyo6123270j, userId: cmrvvipy90009oyyocqnstw83, score: 40, completedCount: 2, totalCriticalCount: 5} @ http://localhost:3030/_next/static/chunks/04m2_next_dist_01d_w1-._.js:2431
[  417955ms] [LOG] [Fast Refresh] rebuilding @ http://localhost:3030/_next/static/chunks/04m2_next_dist_01d_w1-._.js:2431
[  417966ms] [LOG] [Fast Refresh] done in 115ms @ http://localhost:3030/_next/static/chunks/04m2_next_dist_01d_w1-._.js:2431
[  418077ms] [INFO] %c%s%c [setup-health] background: #e6e6e6;background: light-dark(rgba(0,0,0,0.1), rgba(255,255,255,0.25));color: #000000;color: light-dark(#000000, #ffffff);border-radius: 2px  Server   panel-layout {tenantId: cmrvvipw70000oyyo6123270j, userId: cmrvvipy90009oyyocqnstw83, score: 40, completedCount: 2, totalCriticalCount: 5} @ http://localhost:3030/_next/static/chunks/04m2_next_dist_01d_w1-._.js:2431
[  418291ms] [INFO] %c%s%c [setup-health] background: #e6e6e6;background: light-dark(rgba(0,0,0,0.1), rgba(255,255,255,0.25));color: #000000;color: light-dark(#000000, #ffffff);border-radius: 2px  Server   panel-layout {tenantId: cmrvvipw70000oyyo6123270j, userId: cmrvvipy90009oyyocqnstw83, score: 40, completedCount: 2, totalCriticalCount: 5} @ http://localhost:3030/_next/static/chunks/04m2_next_dist_01d_w1-._.js:2431
[  418414ms] [LOG] [Fast Refresh] rebuilding @ http://localhost:3030/_next/static/chunks/04m2_next_dist_01d_w1-._.js:2431
[  418462ms] [LOG] [Fast Refresh] done in 149ms @ http://localhost:3030/_next/static/chunks/04m2_next_dist_01d_w1-._.js:2431
[  418548ms] [INFO] %c%s%c [setup-health] background: #e6e6e6;background: light-dark(rgba(0,0,0,0.1), rgba(255,255,255,0.25));color: #000000;color: light-dark(#000000, #ffffff);border-radius: 2px  Server   panel-layout {tenantId: cmrvvipw70000oyyo6123270j, userId: cmrvvipy90009oyyocqnstw83, score: 40, completedCount: 2, totalCriticalCount: 5} @ http://localhost:3030/_next/static/chunks/04m2_next_dist_01d_w1-._.js:2431
[  418612ms] [LOG] [Fast Refresh] rebuilding @ http://localhost:3030/_next/static/chunks/04m2_next_dist_01d_w1-._.js:2431
[  418631ms] [LOG] [Fast Refresh] done in 118ms @ http://localhost:3030/_next/static/chunks/04m2_next_dist_01d_w1-._.js:2431
[  418792ms] [LOG] [Fast Refresh] rebuilding @ http://localhost:3030/_next/static/chunks/04m2_next_dist_01d_w1-._.js:2431
[  418826ms] [LOG] [Fast Refresh] done in 140ms @ http://localhost:3030/_next/static/chunks/04m2_next_dist_01d_w1-._.js:2431
[  418924ms] [INFO] %c%s%c [setup-health] background: #e6e6e6;background: light-dark(rgba(0,0,0,0.1), rgba(255,255,255,0.25));color: #000000;color: light-dark(#000000, #ffffff);border-radius: 2px  Server   panel-layout {tenantId: cmrvvipw70000oyyo6123270j, userId: cmrvvipy90009oyyocqnstw83, score: 40, completedCount: 2, totalCriticalCount: 5} @ http://localhost:3030/_next/static/chunks/04m2_next_dist_01d_w1-._.js:2431
[  418928ms] [LOG] [Fast Refresh] rebuilding @ http://localhost:3030/_next/static/chunks/04m2_next_dist_01d_w1-._.js:2431
[  418964ms] [LOG] [Fast Refresh] done in 136ms @ http://localhost:3030/_next/static/chunks/04m2_next_dist_01d_w1-._.js:2431
[  419053ms] [INFO] %c%s%c [setup-health] background: #e6e6e6;background: light-dark(rgba(0,0,0,0.1), rgba(255,255,255,0.25));color: #000000;color: light-dark(#000000, #ffffff);border-radius: 2px  Server   panel-layout {tenantId: cmrvvipw70000oyyo6123270j, userId: cmrvvipy90009oyyocqnstw83, score: 40, completedCount: 2, totalCriticalCount: 5} @ http://localhost:3030/_next/static/chunks/04m2_next_dist_01d_w1-._.js:2431
[  419240ms] [INFO] %c%s%c [setup-health] background: #e6e6e6;background: light-dark(rgba(0,0,0,0.1), rgba(255,255,255,0.25));color: #000000;color: light-dark(#000000, #ffffff);border-radius: 2px  Server   panel-layout {tenantId: cmrvvipw70000oyyo6123270j, userId: cmrvvipy90009oyyocqnstw83, score: 40, completedCount: 2, totalCriticalCount: 5} @ http://localhost:3030/_next/static/chunks/04m2_next_dist_01d_w1-._.js:2431
[  419452ms] [INFO] %c%s%c [setup-health] background: #e6e6e6;background: light-dark(rgba(0,0,0,0.1), rgba(255,255,255,0.25));color: #000000;color: light-dark(#000000, #ffffff);border-radius: 2px  Server   panel-layout {tenantId: cmrvvipw70000oyyo6123270j, userId: cmrvvipy90009oyyocqnstw83, score: 40, completedCount: 2, totalCriticalCount: 5} @ http://localhost:3030/_next/static/chunks/04m2_next_dist_01d_w1-._.js:2431
[  419651ms] [INFO] %c%s%c [setup-health] background: #e6e6e6;background: light-dark(rgba(0,0,0,0.1), rgba(255,255,255,0.25));color: #000000;color: light-dark(#000000, #ffffff);border-radius: 2px  Server   panel-layout {tenantId: cmrvvipw70000oyyo6123270j, userId: cmrvvipy90009oyyocqnstw83, score: 40, completedCount: 2, totalCriticalCount: 5} @ http://localhost:3030/_next/static/chunks/04m2_next_dist_01d_w1-._.js:2431
[  419826ms] [INFO] %c%s%c [setup-health] background: #e6e6e6;background: light-dark(rgba(0,0,0,0.1), rgba(255,255,255,0.25));color: #000000;color: light-dark(#000000, #ffffff);border-radius: 2px  Server   panel-layout {tenantId: cmrvvipw70000oyyo6123270j, userId: cmrvvipy90009oyyocqnstw83, score: 40, completedCount: 2, totalCriticalCount: 5} @ http://localhost:3030/_next/static/chunks/04m2_next_dist_01d_w1-._.js:2431
[  419973ms] [INFO] %c%s%c [setup-health] background: #e6e6e6;background: light-dark(rgba(0,0,0,0.1), rgba(255,255,255,0.25));color: #000000;color: light-dark(#000000, #ffffff);border-radius: 2px  Server   panel-layout {tenantId: cmrvvipw70000oyyo6123270j, userId: cmrvvipy90009oyyocqnstw83, score: 40, completedCount: 2, totalCriticalCount: 5} @ http://localhost:3030/_next/static/chunks/04m2_next_dist_01d_w1-._.js:2431
[  420182ms] [INFO] %c%s%c [setup-health] background: #e6e6e6;background: light-dark(rgba(0,0,0,0.1), rgba(255,255,255,0.25));color: #000000;color: light-dark(#000000, #ffffff);border-radius: 2px  Server   panel-layout {tenantId: cmrvvipw70000oyyo6123270j, userId: cmrvvipy90009oyyocqnstw83, score: 40, completedCount: 2, totalCriticalCount: 5} @ http://localhost:3030/_next/static/chunks/04m2_next_dist_01d_w1-._.js:2431
[  420333ms] [INFO] %c%s%c [setup-health] background: #e6e6e6;background: light-dark(rgba(0,0,0,0.1), rgba(255,255,255,0.25));color: #000000;color: light-dark(#000000, #ffffff);border-radius: 2px  Server   panel-layout {tenantId: cmrvvipw70000oyyo6123270j, userId: cmrvvipy90009oyyocqnstw83, score: 40, completedCount: 2, totalCriticalCount: 5} @ http://localhost:3030/_next/static/chunks/04m2_next_dist_01d_w1-._.js:2431
[  420451ms] [LOG] [Fast Refresh] rebuilding @ http://localhost:3030/_next/static/chunks/04m2_next_dist_01d_w1-._.js:2431
[  420454ms] [LOG] [Fast Refresh] done in 108ms @ http://localhost:3030/_next/static/chunks/04m2_next_dist_01d_w1-._.js:2431
[  420566ms] [INFO] %c%s%c [setup-health] background: #e6e6e6;background: light-dark(rgba(0,0,0,0.1), rgba(255,255,255,0.25));color: #000000;color: light-dark(#000000, #ffffff);border-radius: 2px  Server   panel-layout {tenantId: cmrvvipw70000oyyo6123270j, userId: cmrvvipy90009oyyocqnstw83, score: 40, completedCount: 2, totalCriticalCount: 5} @ http://localhost:3030/_next/static/chunks/04m2_next_dist_01d_w1-._.js:2431
[  420715ms] [INFO] %c%s%c [setup-health] background: #e6e6e6;background: light-dark(rgba(0,0,0,0.1), rgba(255,255,255,0.25));color: #000000;color: light-dark(#000000, #ffffff);border-radius: 2px  Server   panel-layout {tenantId: cmrvvipw70000oyyo6123270j, userId: cmrvvipy90009oyyocqnstw83, score: 40, completedCount: 2, totalCriticalCount: 5} @ http://localhost:3030/_next/static/chunks/04m2_next_dist_01d_w1-._.js:2431
[  420779ms] [LOG] [Fast Refresh] rebuilding @ http://localhost:3030/_next/static/chunks/04m2_next_dist_01d_w1-._.js:2431
[  420784ms] [LOG] [Fast Refresh] done in 109ms @ http://localhost:3030/_next/static/chunks/04m2_next_dist_01d_w1-._.js:2431
[  420964ms] [INFO] %c%s%c [setup-health] background: #e6e6e6;background: light-dark(rgba(0,0,0,0.1), rgba(255,255,255,0.25));color: #000000;color: light-dark(#000000, #ffffff);border-radius: 2px  Server   panel-layout {tenantId: cmrvvipw70000oyyo6123270j, userId: cmrvvipy90009oyyocqnstw83, score: 40, completedCount: 2, totalCriticalCount: 5} @ http://localhost:3030/_next/static/chunks/04m2_next_dist_01d_w1-._.js:2431
[  421132ms] [INFO] %c%s%c [setup-health] background: #e6e6e6;background: light-dark(rgba(0,0,0,0.1), rgba(255,255,255,0.25));color: #000000;color: light-dark(#000000, #ffffff);border-radius: 2px  Server   panel-layout {tenantId: cmrvvipw70000oyyo6123270j, userId: cmrvvipy90009oyyocqnstw83, score: 40, completedCount: 2, totalCriticalCount: 5} @ http://localhost:3030/_next/static/chunks/04m2_next_dist_01d_w1-._.js:2431
[  421304ms] [INFO] %c%s%c [setup-health] background: #e6e6e6;background: light-dark(rgba(0,0,0,0.1), rgba(255,255,255,0.25));color: #000000;color: light-dark(#000000, #ffffff);border-radius: 2px  Server   panel-layout {tenantId: cmrvvipw70000oyyo6123270j, userId: cmrvvipy90009oyyocqnstw83, score: 40, completedCount: 2, totalCriticalCount: 5} @ http://localhost:3030/_next/static/chunks/04m2_next_dist_01d_w1-._.js:2431
[  421533ms] [INFO] %c%s%c [setup-health] background: #e6e6e6;background: light-dark(rgba(0,0,0,0.1), rgba(255,255,255,0.25));color: #000000;color: light-dark(#000000, #ffffff);border-radius: 2px  Server   panel-layout {tenantId: cmrvvipw70000oyyo6123270j, userId: cmrvvipy90009oyyocqnstw83, score: 40, completedCount: 2, totalCriticalCount: 5} @ http://localhost:3030/_next/static/chunks/04m2_next_dist_01d_w1-._.js:2431
[  421553ms] [LOG] [Fast Refresh] rebuilding @ http://localhost:3030/_next/static/chunks/04m2_next_dist_01d_w1-._.js:2431
[  421649ms] [LOG] [Fast Refresh] done in 197ms @ http://localhost:3030/_next/static/chunks/04m2_next_dist_01d_w1-._.js:2431
[  421788ms] [INFO] %c%s%c [setup-health] background: #e6e6e6;background: light-dark(rgba(0,0,0,0.1), rgba(255,255,255,0.25));color: #000000;color: light-dark(#000000, #ffffff);border-radius: 2px  Server   panel-layout {tenantId: cmrvvipw70000oyyo6123270j, userId: cmrvvipy90009oyyocqnstw83, score: 40, completedCount: 2, totalCriticalCount: 5} @ http://localhost:3030/_next/static/chunks/04m2_next_dist_01d_w1-._.js:2431
[  421940ms] [INFO] %c%s%c [setup-health] background: #e6e6e6;background: light-dark(rgba(0,0,0,0.1), rgba(255,255,255,0.25));color: #000000;color: light-dark(#000000, #ffffff);border-radius: 2px  Server   panel-layout {tenantId: cmrvvipw70000oyyo6123270j, userId: cmrvvipy90009oyyocqnstw83, score: 40, completedCount: 2, totalCriticalCount: 5} @ http://localhost:3030/_next/static/chunks/04m2_next_dist_01d_w1-._.js:2431
[  422085ms] [LOG] [Fast Refresh] rebuilding @ http://localhost:3030/_next/static/chunks/04m2_next_dist_01d_w1-._.js:2431
[  422091ms] [LOG] [Fast Refresh] done in 111ms @ http://localhost:3030/_next/static/chunks/04m2_next_dist_01d_w1-._.js:2431
[  422115ms] [INFO] %c%s%c [setup-health] background: #e6e6e6;background: light-dark(rgba(0,0,0,0.1), rgba(255,255,255,0.25));color: #000000;color: light-dark(#000000, #ffffff);border-radius: 2px  Server   panel-layout {tenantId: cmrvvipw70000oyyo6123270j, userId: cmrvvipy90009oyyocqnstw83, score: 40, completedCount: 2, totalCriticalCount: 5} @ http://localhost:3030/_next/static/chunks/04m2_next_dist_01d_w1-._.js:2431
[  422253ms] [INFO] %c%s%c [setup-health] background: #e6e6e6;background: light-dark(rgba(0,0,0,0.1), rgba(255,255,255,0.25));color: #000000;color: light-dark(#000000, #ffffff);border-radius: 2px  Server   panel-layout {tenantId: cmrvvipw70000oyyo6123270j, userId: cmrvvipy90009oyyocqnstw83, score: 40, completedCount: 2, totalCriticalCount: 5} @ http://localhost:3030/_next/static/chunks/04m2_next_dist_01d_w1-._.js:2431
[  422463ms] [INFO] %c%s%c [setup-health] background: #e6e6e6;background: light-dark(rgba(0,0,0,0.1), rgba(255,255,255,0.25));color: #000000;color: light-dark(#000000, #ffffff);border-radius: 2px  Server   panel-layout {tenantId: cmrvvipw70000oyyo6123270j, userId: cmrvvipy90009oyyocqnstw83, score: 40, completedCount: 2, totalCriticalCount: 5} @ http://localhost:3030/_next/static/chunks/04m2_next_dist_01d_w1-._.js:2431
[  422599ms] [INFO] %c%s%c [setup-health] background: #e6e6e6;background: light-dark(rgba(0,0,0,0.1), rgba(255,255,255,0.25));color: #000000;color: light-dark(#000000, #ffffff);border-radius: 2px  Server   panel-layout {tenantId: cmrvvipw70000oyyo6123270j, userId: cmrvvipy90009oyyocqnstw83, score: 40, completedCount: 2, totalCriticalCount: 5} @ http://localhost:3030/_next/static/chunks/04m2_next_dist_01d_w1-._.js:2431
[  422827ms] [INFO] %c%s%c [setup-health] background: #e6e6e6;background: light-dark(rgba(0,0,0,0.1), rgba(255,255,255,0.25));color: #000000;color: light-dark(#000000, #ffffff);border-radius: 2px  Server   panel-layout {tenantId: cmrvvipw70000oyyo6123270j, userId: cmrvvipy90009oyyocqnstw83, score: 40, completedCount: 2, totalCriticalCount: 5} @ http://localhost:3030/_next/static/chunks/04m2_next_dist_01d_w1-._.js:2431
[  422993ms] [LOG] [Fast Refresh] rebuilding @ http://localhost:3030/_next/static/chunks/04m2_next_dist_01d_w1-._.js:2431
[  422995ms] [LOG] [Fast Refresh] done in 109ms @ http://localhost:3030/_next/static/chunks/04m2_next_dist_01d_w1-._.js:2431
[  423022ms] [INFO] %c%s%c [setup-health] background: #e6e6e6;background: light-dark(rgba(0,0,0,0.1), rgba(255,255,255,0.25));color: #000000;color: light-dark(#000000, #ffffff);border-radius: 2px  Server   panel-layout {tenantId: cmrvvipw70000oyyo6123270j, userId: cmrvvipy90009oyyocqnstw83, score: 40, completedCount: 2, totalCriticalCount: 5} @ http://localhost:3030/_next/static/chunks/04m2_next_dist_01d_w1-._.js:2431
[  423186ms] [INFO] %c%s%c [setup-health] background: #e6e6e6;background: light-dark(rgba(0,0,0,0.1), rgba(255,255,255,0.25));color: #000000;color: light-dark(#000000, #ffffff);border-radius: 2px  Server   panel-layout {tenantId: cmrvvipw70000oyyo6123270j, userId: cmrvvipy90009oyyocqnstw83, score: 40, completedCount: 2, totalCriticalCount: 5} @ http://localhost:3030/_next/static/chunks/04m2_next_dist_01d_w1-._.js:2431
[  423299ms] [LOG] [Fast Refresh] rebuilding @ http://localhost:3030/_next/static/chunks/04m2_next_dist_01d_w1-._.js:2431
[  423301ms] [LOG] [Fast Refresh] done in 111ms @ http://localhost:3030/_next/static/chunks/04m2_next_dist_01d_w1-._.js:2431
[  423402ms] [INFO] %c%s%c [setup-health] background: #e6e6e6;background: light-dark(rgba(0,0,0,0.1), rgba(255,255,255,0.25));color: #000000;color: light-dark(#000000, #ffffff);border-radius: 2px  Server   panel-layout {tenantId: cmrvvipw70000oyyo6123270j, userId: cmrvvipy90009oyyocqnstw83, score: 40, completedCount: 2, totalCriticalCount: 5} @ http://localhost:3030/_next/static/chunks/04m2_next_dist_01d_w1-._.js:2431
[  423443ms] [LOG] [Fast Refresh] rebuilding @ http://localhost:3030/_next/static/chunks/04m2_next_dist_01d_w1-._.js:2431
[  423504ms] [LOG] [Fast Refresh] done in 164ms @ http://localhost:3030/_next/static/chunks/04m2_next_dist_01d_w1-._.js:2431
[  423614ms] [LOG] [Fast Refresh] rebuilding @ http://localhost:3030/_next/static/chunks/04m2_next_dist_01d_w1-._.js:2431
[  423810ms] [INFO] %c%s%c [setup-health] background: #e6e6e6;background: light-dark(rgba(0,0,0,0.1), rgba(255,255,255,0.25));color: #000000;color: light-dark(#000000, #ffffff);border-radius: 2px  Server   panel-layout {tenantId: cmrvvipw70000oyyo6123270j, userId: cmrvvipy90009oyyocqnstw83, score: 40, completedCount: 2, totalCriticalCount: 5} @ http://localhost:3030/_next/static/chunks/04m2_next_dist_01d_w1-._.js:2431
[  423913ms] [INFO] %c%s%c [setup-health] background: #e6e6e6;background: light-dark(rgba(0,0,0,0.1), rgba(255,255,255,0.25));color: #000000;color: light-dark(#000000, #ffffff);border-radius: 2px  Server   panel-layout {tenantId: cmrvvipw70000oyyo6123270j, userId: cmrvvipy90009oyyocqnstw83, score: 40, completedCount: 2, totalCriticalCount: 5} @ http://localhost:3030/_next/static/chunks/04m2_next_dist_01d_w1-._.js:2431
[  430105ms] [LOG] [Fast Refresh] done in 6549ms @ http://localhost:3030/_next/static/chunks/04m2_next_dist_01d_w1-._.js:2431
[  434931ms] [LOG] [Fast Refresh] rebuilding @ http://localhost:3030/_next/static/chunks/04m2_next_dist_01d_w1-._.js:2431
[  435186ms] [LOG] [Fast Refresh] done in 358ms @ http://localhost:3030/_next/static/chunks/04m2_next_dist_01d_w1-._.js:2431
[  435324ms] [INFO] %c%s%c [setup-health] background: #e6e6e6;background: light-dark(rgba(0,0,0,0.1), rgba(255,255,255,0.25));color: #000000;color: light-dark(#000000, #ffffff);border-radius: 2px  Server   panel-layout {tenantId: cmrvvipw70000oyyo6123270j, userId: cmrvvipy90009oyyocqnstw83, score: 40, completedCount: 2, totalCriticalCount: 5} @ http://localhost:3030/_next/static/chunks/04m2_next_dist_01d_w1-._.js:2431
[  435531ms] [LOG] [Fast Refresh] rebuilding @ http://localhost:3030/_next/static/chunks/04m2_next_dist_01d_w1-._.js:2431
[  435860ms] [LOG] [Fast Refresh] done in 433ms @ http://localhost:3030/_next/static/chunks/04m2_next_dist_01d_w1-._.js:2431
[  435919ms] [INFO] %c%s%c [setup-health] background: #e6e6e6;background: light-dark(rgba(0,0,0,0.1), rgba(255,255,255,0.25));color: #000000;color: light-dark(#000000, #ffffff);border-radius: 2px  Server   panel-layout {tenantId: cmrvvipw70000oyyo6123270j, userId: cmrvvipy90009oyyocqnstw83, score: 40, completedCount: 2, totalCriticalCount: 5} @ http://localhost:3030/_next/static/chunks/04m2_next_dist_01d_w1-._.js:2431
[  436117ms] [INFO] %c%s%c [setup-health] background: #e6e6e6;background: light-dark(rgba(0,0,0,0.1), rgba(255,255,255,0.25));color: #000000;color: light-dark(#000000, #ffffff);border-radius: 2px  Server   panel-layout {tenantId: cmrvvipw70000oyyo6123270j, userId: cmrvvipy90009oyyocqnstw83, score: 40, completedCount: 2, totalCriticalCount: 5} @ http://localhost:3030/_next/static/chunks/04m2_next_dist_01d_w1-._.js:2431
[  436251ms] [LOG] [Fast Refresh] rebuilding @ http://localhost:3030/_next/static/chunks/04m2_next_dist_01d_w1-._.js:2431
[  436260ms] [LOG] [Fast Refresh] done in 113ms @ http://localhost:3030/_next/static/chunks/04m2_next_dist_01d_w1-._.js:2431
[  436388ms] [INFO] %c%s%c [setup-health] background: #e6e6e6;background: light-dark(rgba(0,0,0,0.1), rgba(255,255,255,0.25));color: #000000;color: light-dark(#000000, #ffffff);border-radius: 2px  Server   panel-layout {tenantId: cmrvvipw70000oyyo6123270j, userId: cmrvvipy90009oyyocqnstw83, score: 40, completedCount: 2, totalCriticalCount: 5} @ http://localhost:3030/_next/static/chunks/04m2_next_dist_01d_w1-._.js:2431
[  436438ms] [LOG] [Fast Refresh] rebuilding @ http://localhost:3030/_next/static/chunks/04m2_next_dist_01d_w1-._.js:2431
[  436445ms] [LOG] [Fast Refresh] done in 106ms @ http://localhost:3030/_next/static/chunks/04m2_next_dist_01d_w1-._.js:2431
[  436611ms] [LOG] [Fast Refresh] rebuilding @ http://localhost:3030/_next/static/chunks/04m2_next_dist_01d_w1-._.js:2431
[  436615ms] [INFO] %c%s%c [setup-health] background: #e6e6e6;background: light-dark(rgba(0,0,0,0.1), rgba(255,255,255,0.25));color: #000000;color: light-dark(#000000, #ffffff);border-radius: 2px  Server   panel-layout {tenantId: cmrvvipw70000oyyo6123270j, userId: cmrvvipy90009oyyocqnstw83, score: 40, completedCount: 2, totalCriticalCount: 5} @ http://localhost:3030/_next/static/chunks/04m2_next_dist_01d_w1-._.js:2431
[  436631ms] [LOG] [Fast Refresh] done in 126ms @ http://localhost:3030/_next/static/chunks/04m2_next_dist_01d_w1-._.js:2431
[  436733ms] [LOG] [Fast Refresh] rebuilding @ http://localhost:3030/_next/static/chunks/04m2_next_dist_01d_w1-._.js:2431
[  436746ms] [LOG] [Fast Refresh] done in 113ms @ http://localhost:3030/_next/static/chunks/04m2_next_dist_01d_w1-._.js:2431
[  436813ms] [INFO] %c%s%c [setup-health] background: #e6e6e6;background: light-dark(rgba(0,0,0,0.1), rgba(255,255,255,0.25));color: #000000;color: light-dark(#000000, #ffffff);border-radius: 2px  Server   panel-layout {tenantId: cmrvvipw70000oyyo6123270j, userId: cmrvvipy90009oyyocqnstw83, score: 40, completedCount: 2, totalCriticalCount: 5} @ http://localhost:3030/_next/static/chunks/04m2_next_dist_01d_w1-._.js:2431
[  437060ms] [INFO] %c%s%c [setup-health] background: #e6e6e6;background: light-dark(rgba(0,0,0,0.1), rgba(255,255,255,0.25));color: #000000;color: light-dark(#000000, #ffffff);border-radius: 2px  Server   panel-layout {tenantId: cmrvvipw70000oyyo6123270j, userId: cmrvvipy90009oyyocqnstw83, score: 40, completedCount: 2, totalCriticalCount: 5} @ http://localhost:3030/_next/static/chunks/04m2_next_dist_01d_w1-._.js:2431
[  437219ms] [INFO] %c%s%c [setup-health] background: #e6e6e6;background: light-dark(rgba(0,0,0,0.1), rgba(255,255,255,0.25));color: #000000;color: light-dark(#000000, #ffffff);border-radius: 2px  Server   panel-layout {tenantId: cmrvvipw70000oyyo6123270j, userId: cmrvvipy90009oyyocqnstw83, score: 40, completedCount: 2, totalCriticalCount: 5} @ http://localhost:3030/_next/static/chunks/04m2_next_dist_01d_w1-._.js:2431
[  437430ms] [INFO] %c%s%c [setup-health] background: #e6e6e6;background: light-dark(rgba(0,0,0,0.1), rgba(255,255,255,0.25));color: #000000;color: light-dark(#000000, #ffffff);border-radius: 2px  Server   panel-layout {tenantId: cmrvvipw70000oyyo6123270j, userId: cmrvvipy90009oyyocqnstw83, score: 40, completedCount: 2, totalCriticalCount: 5} @ http://localhost:3030/_next/static/chunks/04m2_next_dist_01d_w1-._.js:2431
[  437633ms] [INFO] %c%s%c [setup-health] background: #e6e6e6;background: light-dark(rgba(0,0,0,0.1), rgba(255,255,255,0.25));color: #000000;color: light-dark(#000000, #ffffff);border-radius: 2px  Server   panel-layout {tenantId: cmrvvipw70000oyyo6123270j, userId: cmrvvipy90009oyyocqnstw83, score: 40, completedCount: 2, totalCriticalCount: 5} @ http://localhost:3030/_next/static/chunks/04m2_next_dist_01d_w1-._.js:2431
[  437799ms] [INFO] %c%s%c [setup-health] background: #e6e6e6;background: light-dark(rgba(0,0,0,0.1), rgba(255,255,255,0.25));color: #000000;color: light-dark(#000000, #ffffff);border-radius: 2px  Server   panel-layout {tenantId: cmrvvipw70000oyyo6123270j, userId: cmrvvipy90009oyyocqnstw83, score: 40, completedCount: 2, totalCriticalCount: 5} @ http://localhost:3030/_next/static/chunks/04m2_next_dist_01d_w1-._.js:2431
[  437998ms] [LOG] [Fast Refresh] rebuilding @ http://localhost:3030/_next/static/chunks/04m2_next_dist_01d_w1-._.js:2431
[  438072ms] [INFO] %c%s%c [setup-health] background: #e6e6e6;background: light-dark(rgba(0,0,0,0.1), rgba(255,255,255,0.25));color: #000000;color: light-dark(#000000, #ffffff);border-radius: 2px  Server   panel-layout {tenantId: cmrvvipw70000oyyo6123270j, userId: cmrvvipy90009oyyocqnstw83, score: 40, completedCount: 2, totalCriticalCount: 5} @ http://localhost:3030/_next/static/chunks/04m2_next_dist_01d_w1-._.js:2431
[  438274ms] [INFO] %c%s%c [setup-health] background: #e6e6e6;background: light-dark(rgba(0,0,0,0.1), rgba(255,255,255,0.25));color: #000000;color: light-dark(#000000, #ffffff);border-radius: 2px  Server   panel-layout {tenantId: cmrvvipw70000oyyo6123270j, userId: cmrvvipy90009oyyocqnstw83, score: 40, completedCount: 2, totalCriticalCount: 5} @ http://localhost:3030/_next/static/chunks/04m2_next_dist_01d_w1-._.js:2431
[  445230ms] [LOG] [Fast Refresh] done in 7293ms @ http://localhost:3030/_next/static/chunks/04m2_next_dist_01d_w1-._.js:2431
[  445343ms] [LOG] [Fast Refresh] rebuilding @ http://localhost:3030/_next/static/chunks/04m2_next_dist_01d_w1-._.js:2431
[  445591ms] [LOG] [Fast Refresh] done in 357ms @ http://localhost:3030/_next/static/chunks/04m2_next_dist_01d_w1-._.js:2431
[  445819ms] [INFO] %c%s%c [setup-health] background: #e6e6e6;background: light-dark(rgba(0,0,0,0.1), rgba(255,255,255,0.25));color: #000000;color: light-dark(#000000, #ffffff);border-radius: 2px  Server   panel-layout {tenantId: cmrvvipw70000oyyo6123270j, userId: cmrvvipy90009oyyocqnstw83, score: 40, completedCount: 2, totalCriticalCount: 5} @ http://localhost:3030/_next/static/chunks/04m2_next_dist_01d_w1-._.js:2431
[  446062ms] [INFO] %c%s%c [setup-health] background: #e6e6e6;background: light-dark(rgba(0,0,0,0.1), rgba(255,255,255,0.25));color: #000000;color: light-dark(#000000, #ffffff);border-radius: 2px  Server   panel-layout {tenantId: cmrvvipw70000oyyo6123270j, userId: cmrvvipy90009oyyocqnstw83, score: 40, completedCount: 2, totalCriticalCount: 5} @ http://localhost:3030/_next/static/chunks/04m2_next_dist_01d_w1-._.js:2431
[  446275ms] [INFO] %c%s%c [setup-health] background: #e6e6e6;background: light-dark(rgba(0,0,0,0.1), rgba(255,255,255,0.25));color: #000000;color: light-dark(#000000, #ffffff);border-radius: 2px  Server   panel-layout {tenantId: cmrvvipw70000oyyo6123270j, userId: cmrvvipy90009oyyocqnstw83, score: 40, completedCount: 2, totalCriticalCount: 5} @ http://localhost:3030/_next/static/chunks/04m2_next_dist_01d_w1-._.js:2431
[  446512ms] [INFO] %c%s%c [setup-health] background: #e6e6e6;background: light-dark(rgba(0,0,0,0.1), rgba(255,255,255,0.25));color: #000000;color: light-dark(#000000, #ffffff);border-radius: 2px  Server   panel-layout {tenantId: cmrvvipw70000oyyo6123270j, userId: cmrvvipy90009oyyocqnstw83, score: 40, completedCount: 2, totalCriticalCount: 5} @ http://localhost:3030/_next/static/chunks/04m2_next_dist_01d_w1-._.js:2431
[  446730ms] [INFO] %c%s%c [setup-health] background: #e6e6e6;background: light-dark(rgba(0,0,0,0.1), rgba(255,255,255,0.25));color: #000000;color: light-dark(#000000, #ffffff);border-radius: 2px  Server   panel-layout {tenantId: cmrvvipw70000oyyo6123270j, userId: cmrvvipy90009oyyocqnstw83, score: 40, completedCount: 2, totalCriticalCount: 5} @ http://localhost:3030/_next/static/chunks/04m2_next_dist_01d_w1-._.js:2431
[  446818ms] [LOG] [Fast Refresh] rebuilding @ http://localhost:3030/_next/static/chunks/04m2_next_dist_01d_w1-._.js:2431
[  446830ms] [LOG] [Fast Refresh] done in 115ms @ http://localhost:3030/_next/static/chunks/04m2_next_dist_01d_w1-._.js:2431
[  446942ms] [INFO] %c%s%c [setup-health] background: #e6e6e6;background: light-dark(rgba(0,0,0,0.1), rgba(255,255,255,0.25));color: #000000;color: light-dark(#000000, #ffffff);border-radius: 2px  Server   panel-layout {tenantId: cmrvvipw70000oyyo6123270j, userId: cmrvvipy90009oyyocqnstw83, score: 40, completedCount: 2, totalCriticalCount: 5} @ http://localhost:3030/_next/static/chunks/04m2_next_dist_01d_w1-._.js:2431
[  447150ms] [INFO] %c%s%c [setup-health] background: #e6e6e6;background: light-dark(rgba(0,0,0,0.1), rgba(255,255,255,0.25));color: #000000;color: light-dark(#000000, #ffffff);border-radius: 2px  Server   panel-layout {tenantId: cmrvvipw70000oyyo6123270j, userId: cmrvvipy90009oyyocqnstw83, score: 40, completedCount: 2, totalCriticalCount: 5} @ http://localhost:3030/_next/static/chunks/04m2_next_dist_01d_w1-._.js:2431
[  447303ms] [INFO] %c%s%c [setup-health] background: #e6e6e6;background: light-dark(rgba(0,0,0,0.1), rgba(255,255,255,0.25));color: #000000;color: light-dark(#000000, #ffffff);border-radius: 2px  Server   panel-layout {tenantId: cmrvvipw70000oyyo6123270j, userId: cmrvvipy90009oyyocqnstw83, score: 40, completedCount: 2, totalCriticalCount: 5} @ http://localhost:3030/_next/static/chunks/04m2_next_dist_01d_w1-._.js:2431
[  447490ms] [INFO] %c%s%c [setup-health] background: #e6e6e6;background: light-dark(rgba(0,0,0,0.1), rgba(255,255,255,0.25));color: #000000;color: light-dark(#000000, #ffffff);border-radius: 2px  Server   panel-layout {tenantId: cmrvvipw70000oyyo6123270j, userId: cmrvvipy90009oyyocqnstw83, score: 40, completedCount: 2, totalCriticalCount: 5} @ http://localhost:3030/_next/static/chunks/04m2_next_dist_01d_w1-._.js:2431
[  447603ms] [LOG] [Fast Refresh] rebuilding @ http://localhost:3030/_next/static/chunks/04m2_next_dist_01d_w1-._.js:2431
[  447649ms] [LOG] [Fast Refresh] done in 146ms @ http://localhost:3030/_next/static/chunks/04m2_next_dist_01d_w1-._.js:2431
[  447804ms] [INFO] %c%s%c [setup-health] background: #e6e6e6;background: light-dark(rgba(0,0,0,0.1), rgba(255,255,255,0.25));color: #000000;color: light-dark(#000000, #ffffff);border-radius: 2px  Server   panel-layout {tenantId: cmrvvipw70000oyyo6123270j, userId: cmrvvipy90009oyyocqnstw83, score: 40, completedCount: 2, totalCriticalCount: 5} @ http://localhost:3030/_next/static/chunks/04m2_next_dist_01d_w1-._.js:2431
[  447896ms] [LOG] [Fast Refresh] rebuilding @ http://localhost:3030/_next/static/chunks/04m2_next_dist_01d_w1-._.js:2431
[  447908ms] [LOG] [Fast Refresh] done in 114ms @ http://localhost:3030/_next/static/chunks/04m2_next_dist_01d_w1-._.js:2431
[  448018ms] [INFO] %c%s%c [setup-health] background: #e6e6e6;background: light-dark(rgba(0,0,0,0.1), rgba(255,255,255,0.25));color: #000000;color: light-dark(#000000, #ffffff);border-radius: 2px  Server   panel-layout {tenantId: cmrvvipw70000oyyo6123270j, userId: cmrvvipy90009oyyocqnstw83, score: 40, completedCount: 2, totalCriticalCount: 5} @ http://localhost:3030/_next/static/chunks/04m2_next_dist_01d_w1-._.js:2431
[  448103ms] [LOG] [Fast Refresh] rebuilding @ http://localhost:3030/_next/static/chunks/04m2_next_dist_01d_w1-._.js:2431
[  448118ms] [LOG] [Fast Refresh] done in 115ms @ http://localhost:3030/_next/static/chunks/04m2_next_dist_01d_w1-._.js:2431
[  448230ms] [INFO] %c%s%c [setup-health] background: #e6e6e6;background: light-dark(rgba(0,0,0,0.1), rgba(255,255,255,0.25));color: #000000;color: light-dark(#000000, #ffffff);border-radius: 2px  Server   panel-layout {tenantId: cmrvvipw70000oyyo6123270j, userId: cmrvvipy90009oyyocqnstw83, score: 40, completedCount: 2, totalCriticalCount: 5} @ http://localhost:3030/_next/static/chunks/04m2_next_dist_01d_w1-._.js:2431
[  448376ms] [INFO] %c%s%c [setup-health] background: #e6e6e6;background: light-dark(rgba(0,0,0,0.1), rgba(255,255,255,0.25));color: #000000;color: light-dark(#000000, #ffffff);border-radius: 2px  Server   panel-layout {tenantId: cmrvvipw70000oyyo6123270j, userId: cmrvvipy90009oyyocqnstw83, score: 40, completedCount: 2, totalCriticalCount: 5} @ http://localhost:3030/_next/static/chunks/04m2_next_dist_01d_w1-._.js:2431
[  448580ms] [INFO] %c%s%c [setup-health] background: #e6e6e6;background: light-dark(rgba(0,0,0,0.1), rgba(255,255,255,0.25));color: #000000;color: light-dark(#000000, #ffffff);border-radius: 2px  Server   panel-layout {tenantId: cmrvvipw70000oyyo6123270j, userId: cmrvvipy90009oyyocqnstw83, score: 40, completedCount: 2, totalCriticalCount: 5} @ http://localhost:3030/_next/static/chunks/04m2_next_dist_01d_w1-._.js:2431
[  448793ms] [INFO] %c%s%c [setup-health] background: #e6e6e6;background: light-dark(rgba(0,0,0,0.1), rgba(255,255,255,0.25));color: #000000;color: light-dark(#000000, #ffffff);border-radius: 2px  Server   panel-layout {tenantId: cmrvvipw70000oyyo6123270j, userId: cmrvvipy90009oyyocqnstw83, score: 40, completedCount: 2, totalCriticalCount: 5} @ http://localhost:3030/_next/static/chunks/04m2_next_dist_01d_w1-._.js:2431
[  449008ms] [INFO] %c%s%c [setup-health] background: #e6e6e6;background: light-dark(rgba(0,0,0,0.1), rgba(255,255,255,0.25));color: #000000;color: light-dark(#000000, #ffffff);border-radius: 2px  Server   panel-layout {tenantId: cmrvvipw70000oyyo6123270j, userId: cmrvvipy90009oyyocqnstw83, score: 40, completedCount: 2, totalCriticalCount: 5} @ http://localhost:3030/_next/static/chunks/04m2_next_dist_01d_w1-._.js:2431
[  449096ms] [LOG] [Fast Refresh] rebuilding @ http://localhost:3030/_next/static/chunks/04m2_next_dist_01d_w1-._.js:2431
[  449103ms] [LOG] [Fast Refresh] done in 108ms @ http://localhost:3030/_next/static/chunks/04m2_next_dist_01d_w1-._.js:2431
[  449205ms] [INFO] %c%s%c [setup-health] background: #e6e6e6;background: light-dark(rgba(0,0,0,0.1), rgba(255,255,255,0.25));color: #000000;color: light-dark(#000000, #ffffff);border-radius: 2px  Server   panel-layout {tenantId: cmrvvipw70000oyyo6123270j, userId: cmrvvipy90009oyyocqnstw83, score: 40, completedCount: 2, totalCriticalCount: 5} @ http://localhost:3030/_next/static/chunks/04m2_next_dist_01d_w1-._.js:2431
[  449354ms] [INFO] %c%s%c [setup-health] background: #e6e6e6;background: light-dark(rgba(0,0,0,0.1), rgba(255,255,255,0.25));color: #000000;color: light-dark(#000000, #ffffff);border-radius: 2px  Server   panel-layout {tenantId: cmrvvipw70000oyyo6123270j, userId: cmrvvipy90009oyyocqnstw83, score: 40, completedCount: 2, totalCriticalCount: 5} @ http://localhost:3030/_next/static/chunks/04m2_next_dist_01d_w1-._.js:2431
[  449569ms] [INFO] %c%s%c [setup-health] background: #e6e6e6;background: light-dark(rgba(0,0,0,0.1), rgba(255,255,255,0.25));color: #000000;color: light-dark(#000000, #ffffff);border-radius: 2px  Server   panel-layout {tenantId: cmrvvipw70000oyyo6123270j, userId: cmrvvipy90009oyyocqnstw83, score: 40, completedCount: 2, totalCriticalCount: 5} @ http://localhost:3030/_next/static/chunks/04m2_next_dist_01d_w1-._.js:2431
[  449791ms] [INFO] %c%s%c [setup-health] background: #e6e6e6;background: light-dark(rgba(0,0,0,0.1), rgba(255,255,255,0.25));color: #000000;color: light-dark(#000000, #ffffff);border-radius: 2px  Server   panel-layout {tenantId: cmrvvipw70000oyyo6123270j, userId: cmrvvipy90009oyyocqnstw83, score: 40, completedCount: 2, totalCriticalCount: 5} @ http://localhost:3030/_next/static/chunks/04m2_next_dist_01d_w1-._.js:2431
[  450006ms] [INFO] %c%s%c [setup-health] background: #e6e6e6;background: light-dark(rgba(0,0,0,0.1), rgba(255,255,255,0.25));color: #000000;color: light-dark(#000000, #ffffff);border-radius: 2px  Server   panel-layout {tenantId: cmrvvipw70000oyyo6123270j, userId: cmrvvipy90009oyyocqnstw83, score: 40, completedCount: 2, totalCriticalCount: 5} @ http://localhost:3030/_next/static/chunks/04m2_next_dist_01d_w1-._.js:2431
[  450213ms] [INFO] %c%s%c [setup-health] background: #e6e6e6;background: light-dark(rgba(0,0,0,0.1), rgba(255,255,255,0.25));color: #000000;color: light-dark(#000000, #ffffff);border-radius: 2px  Server   panel-layout {tenantId: cmrvvipw70000oyyo6123270j, userId: cmrvvipy90009oyyocqnstw83, score: 40, completedCount: 2, totalCriticalCount: 5} @ http://localhost:3030/_next/static/chunks/04m2_next_dist_01d_w1-._.js:2431
[  450364ms] [LOG] [Fast Refresh] rebuilding @ http://localhost:3030/_next/static/chunks/04m2_next_dist_01d_w1-._.js:2431
[  450365ms] [LOG] [Fast Refresh] done in 102ms @ http://localhost:3030/_next/static/chunks/04m2_next_dist_01d_w1-._.js:2431
[  450422ms] [INFO] %c%s%c [setup-health] background: #e6e6e6;background: light-dark(rgba(0,0,0,0.1), rgba(255,255,255,0.25));color: #000000;color: light-dark(#000000, #ffffff);border-radius: 2px  Server   panel-layout {tenantId: cmrvvipw70000oyyo6123270j, userId: cmrvvipy90009oyyocqnstw83, score: 40, completedCount: 2, totalCriticalCount: 5} @ http://localhost:3030/_next/static/chunks/04m2_next_dist_01d_w1-._.js:2431
[  450522ms] [LOG] [Fast Refresh] rebuilding @ http://localhost:3030/_next/static/chunks/04m2_next_dist_01d_w1-._.js:2431
[  450553ms] [LOG] [Fast Refresh] done in 132ms @ http://localhost:3030/_next/static/chunks/04m2_next_dist_01d_w1-._.js:2431
[  450656ms] [LOG] [Fast Refresh] rebuilding @ http://localhost:3030/_next/static/chunks/04m2_next_dist_01d_w1-._.js:2431
[  450702ms] [LOG] [Fast Refresh] done in 149ms @ http://localhost:3030/_next/static/chunks/04m2_next_dist_01d_w1-._.js:2431
[  450769ms] [INFO] %c%s%c [setup-health] background: #e6e6e6;background: light-dark(rgba(0,0,0,0.1), rgba(255,255,255,0.25));color: #000000;color: light-dark(#000000, #ffffff);border-radius: 2px  Server   panel-layout {tenantId: cmrvvipw70000oyyo6123270j, userId: cmrvvipy90009oyyocqnstw83, score: 40, completedCount: 2, totalCriticalCount: 5} @ http://localhost:3030/_next/static/chunks/04m2_next_dist_01d_w1-._.js:2431
[  450995ms] [INFO] %c%s%c [setup-health] background: #e6e6e6;background: light-dark(rgba(0,0,0,0.1), rgba(255,255,255,0.25));color: #000000;color: light-dark(#000000, #ffffff);border-radius: 2px  Server   panel-layout {tenantId: cmrvvipw70000oyyo6123270j, userId: cmrvvipy90009oyyocqnstw83, score: 40, completedCount: 2, totalCriticalCount: 5} @ http://localhost:3030/_next/static/chunks/04m2_next_dist_01d_w1-._.js:2431
[  451220ms] [INFO] %c%s%c [setup-health] background: #e6e6e6;background: light-dark(rgba(0,0,0,0.1), rgba(255,255,255,0.25));color: #000000;color: light-dark(#000000, #ffffff);border-radius: 2px  Server   panel-layout {tenantId: cmrvvipw70000oyyo6123270j, userId: cmrvvipy90009oyyocqnstw83, score: 40, completedCount: 2, totalCriticalCount: 5} @ http://localhost:3030/_next/static/chunks/04m2_next_dist_01d_w1-._.js:2431
[  451316ms] [LOG] [Fast Refresh] rebuilding @ http://localhost:3030/_next/static/chunks/04m2_next_dist_01d_w1-._.js:2431
[  451318ms] [LOG] [Fast Refresh] done in 106ms @ http://localhost:3030/_next/static/chunks/04m2_next_dist_01d_w1-._.js:2431
[  451409ms] [INFO] %c%s%c [setup-health] background: #e6e6e6;background: light-dark(rgba(0,0,0,0.1), rgba(255,255,255,0.25));color: #000000;color: light-dark(#000000, #ffffff);border-radius: 2px  Server   panel-layout {tenantId: cmrvvipw70000oyyo6123270j, userId: cmrvvipy90009oyyocqnstw83, score: 40, completedCount: 2, totalCriticalCount: 5} @ http://localhost:3030/_next/static/chunks/04m2_next_dist_01d_w1-._.js:2431
[  451591ms] [INFO] %c%s%c [setup-health] background: #e6e6e6;background: light-dark(rgba(0,0,0,0.1), rgba(255,255,255,0.25));color: #000000;color: light-dark(#000000, #ffffff);border-radius: 2px  Server   panel-layout {tenantId: cmrvvipw70000oyyo6123270j, userId: cmrvvipy90009oyyocqnstw83, score: 40, completedCount: 2, totalCriticalCount: 5} @ http://localhost:3030/_next/static/chunks/04m2_next_dist_01d_w1-._.js:2431
[  451696ms] [LOG] [Fast Refresh] rebuilding @ http://localhost:3030/_next/static/chunks/04m2_next_dist_01d_w1-._.js:2431
[  451718ms] [LOG] [Fast Refresh] done in 124ms @ http://localhost:3030/_next/static/chunks/04m2_next_dist_01d_w1-._.js:2431
[  451792ms] [INFO] %c%s%c [setup-health] background: #e6e6e6;background: light-dark(rgba(0,0,0,0.1), rgba(255,255,255,0.25));color: #000000;color: light-dark(#000000, #ffffff);border-radius: 2px  Server   panel-layout {tenantId: cmrvvipw70000oyyo6123270j, userId: cmrvvipy90009oyyocqnstw83, score: 40, completedCount: 2, totalCriticalCount: 5} @ http://localhost:3030/_next/static/chunks/04m2_next_dist_01d_w1-._.js:2431
[  452064ms] [INFO] %c%s%c [setup-health] background: #e6e6e6;background: light-dark(rgba(0,0,0,0.1), rgba(255,255,255,0.25));color: #000000;color: light-dark(#000000, #ffffff);border-radius: 2px  Server   panel-layout {tenantId: cmrvvipw70000oyyo6123270j, userId: cmrvvipy90009oyyocqnstw83, score: 40, completedCount: 2, totalCriticalCount: 5} @ http://localhost:3030/_next/static/chunks/04m2_next_dist_01d_w1-._.js:2431
[  452217ms] [INFO] %c%s%c [setup-health] background: #e6e6e6;background: light-dark(rgba(0,0,0,0.1), rgba(255,255,255,0.25));color: #000000;color: light-dark(#000000, #ffffff);border-radius: 2px  Server   panel-layout {tenantId: cmrvvipw70000oyyo6123270j, userId: cmrvvipy90009oyyocqnstw83, score: 40, completedCount: 2, totalCriticalCount: 5} @ http://localhost:3030/_next/static/chunks/04m2_next_dist_01d_w1-._.js:2431
[  452402ms] [LOG] [Fast Refresh] rebuilding @ http://localhost:3030/_next/static/chunks/04m2_next_dist_01d_w1-._.js:2431
[  452409ms] [LOG] [Fast Refresh] done in 110ms @ http://localhost:3030/_next/static/chunks/04m2_next_dist_01d_w1-._.js:2431
[  452459ms] [INFO] %c%s%c [setup-health] background: #e6e6e6;background: light-dark(rgba(0,0,0,0.1), rgba(255,255,255,0.25));color: #000000;color: light-dark(#000000, #ffffff);border-radius: 2px  Server   panel-layout {tenantId: cmrvvipw70000oyyo6123270j, userId: cmrvvipy90009oyyocqnstw83, score: 40, completedCount: 2, totalCriticalCount: 5} @ http://localhost:3030/_next/static/chunks/04m2_next_dist_01d_w1-._.js:2431
[  452739ms] [INFO] %c%s%c [setup-health] background: #e6e6e6;background: light-dark(rgba(0,0,0,0.1), rgba(255,255,255,0.25));color: #000000;color: light-dark(#000000, #ffffff);border-radius: 2px  Server   panel-layout {tenantId: cmrvvipw70000oyyo6123270j, userId: cmrvvipy90009oyyocqnstw83, score: 40, completedCount: 2, totalCriticalCount: 5} @ http://localhost:3030/_next/static/chunks/04m2_next_dist_01d_w1-._.js:2431
[  452871ms] [LOG] [Fast Refresh] rebuilding @ http://localhost:3030/_next/static/chunks/04m2_next_dist_01d_w1-._.js:2431
[  452942ms] [LOG] [Fast Refresh] done in 173ms @ http://localhost:3030/_next/static/chunks/04m2_next_dist_01d_w1-._.js:2431
[  453031ms] [INFO] %c%s%c [setup-health] background: #e6e6e6;background: light-dark(rgba(0,0,0,0.1), rgba(255,255,255,0.25));color: #000000;color: light-dark(#000000, #ffffff);border-radius: 2px  Server   panel-layout {tenantId: cmrvvipw70000oyyo6123270j, userId: cmrvvipy90009oyyocqnstw83, score: 40, completedCount: 2, totalCriticalCount: 5} @ http://localhost:3030/_next/static/chunks/04m2_next_dist_01d_w1-._.js:2431
[  453145ms] [LOG] [Fast Refresh] rebuilding @ http://localhost:3030/_next/static/chunks/04m2_next_dist_01d_w1-._.js:2431
[  453154ms] [LOG] [Fast Refresh] done in 109ms @ http://localhost:3030/_next/static/chunks/04m2_next_dist_01d_w1-._.js:2431
[  453318ms] [INFO] %c%s%c [setup-health] background: #e6e6e6;background: light-dark(rgba(0,0,0,0.1), rgba(255,255,255,0.25));color: #000000;color: light-dark(#000000, #ffffff);border-radius: 2px  Server   panel-layout {tenantId: cmrvvipw70000oyyo6123270j, userId: cmrvvipy90009oyyocqnstw83, score: 40, completedCount: 2, totalCriticalCount: 5} @ http://localhost:3030/_next/static/chunks/04m2_next_dist_01d_w1-._.js:2431
[  453323ms] [LOG] [Fast Refresh] rebuilding @ http://localhost:3030/_next/static/chunks/04m2_next_dist_01d_w1-._.js:2431
[  453370ms] [LOG] [Fast Refresh] done in 147ms @ http://localhost:3030/_next/static/chunks/04m2_next_dist_01d_w1-._.js:2431
[  453605ms] [INFO] %c%s%c [setup-health] background: #e6e6e6;background: light-dark(rgba(0,0,0,0.1), rgba(255,255,255,0.25));color: #000000;color: light-dark(#000000, #ffffff);border-radius: 2px  Server   panel-layout {tenantId: cmrvvipw70000oyyo6123270j, userId: cmrvvipy90009oyyocqnstw83, score: 40, completedCount: 2, totalCriticalCount: 5} @ http://localhost:3030/_next/static/chunks/04m2_next_dist_01d_w1-._.js:2431
[  453713ms] [LOG] [Fast Refresh] rebuilding @ http://localhost:3030/_next/static/chunks/04m2_next_dist_01d_w1-._.js:2431
[  453731ms] [LOG] [Fast Refresh] done in 122ms @ http://localhost:3030/_next/static/chunks/04m2_next_dist_01d_w1-._.js:2431
[  453904ms] [INFO] %c%s%c [setup-health] background: #e6e6e6;background: light-dark(rgba(0,0,0,0.1), rgba(255,255,255,0.25));color: #000000;color: light-dark(#000000, #ffffff);border-radius: 2px  Server   panel-layout {tenantId: cmrvvipw70000oyyo6123270j, userId: cmrvvipy90009oyyocqnstw83, score: 40, completedCount: 2, totalCriticalCount: 5} @ http://localhost:3030/_next/static/chunks/04m2_next_dist_01d_w1-._.js:2431
[  454080ms] [INFO] %c%s%c [setup-health] background: #e6e6e6;background: light-dark(rgba(0,0,0,0.1), rgba(255,255,255,0.25));color: #000000;color: light-dark(#000000, #ffffff);border-radius: 2px  Server   panel-layout {tenantId: cmrvvipw70000oyyo6123270j, userId: cmrvvipy90009oyyocqnstw83, score: 40, completedCount: 2, totalCriticalCount: 5} @ http://localhost:3030/_next/static/chunks/04m2_next_dist_01d_w1-._.js:2431
[  454245ms] [LOG] [Fast Refresh] rebuilding @ http://localhost:3030/_next/static/chunks/04m2_next_dist_01d_w1-._.js:2431
[  454326ms] [LOG] [Fast Refresh] done in 185ms @ http://localhost:3030/_next/static/chunks/04m2_next_dist_01d_w1-._.js:2431
[  454452ms] [INFO] %c%s%c [setup-health] background: #e6e6e6;background: light-dark(rgba(0,0,0,0.1), rgba(255,255,255,0.25));color: #000000;color: light-dark(#000000, #ffffff);border-radius: 2px  Server   panel-layout {tenantId: cmrvvipw70000oyyo6123270j, userId: cmrvvipy90009oyyocqnstw83, score: 40, completedCount: 2, totalCriticalCount: 5} @ http://localhost:3030/_next/static/chunks/04m2_next_dist_01d_w1-._.js:2431
[  454699ms] [INFO] %c%s%c [setup-health] background: #e6e6e6;background: light-dark(rgba(0,0,0,0.1), rgba(255,255,255,0.25));color: #000000;color: light-dark(#000000, #ffffff);border-radius: 2px  Server   panel-layout {tenantId: cmrvvipw70000oyyo6123270j, userId: cmrvvipy90009oyyocqnstw83, score: 40, completedCount: 2, totalCriticalCount: 5} @ http://localhost:3030/_next/static/chunks/04m2_next_dist_01d_w1-._.js:2431
[  454892ms] [INFO] %c%s%c [setup-health] background: #e6e6e6;background: light-dark(rgba(0,0,0,0.1), rgba(255,255,255,0.25));color: #000000;color: light-dark(#000000, #ffffff);border-radius: 2px  Server   panel-layout {tenantId: cmrvvipw70000oyyo6123270j, userId: cmrvvipy90009oyyocqnstw83, score: 40, completedCount: 2, totalCriticalCount: 5} @ http://localhost:3030/_next/static/chunks/04m2_next_dist_01d_w1-._.js:2431
[  455083ms] [LOG] [Fast Refresh] rebuilding @ http://localhost:3030/_next/static/chunks/04m2_next_dist_01d_w1-._.js:2431
[  455100ms] [LOG] [Fast Refresh] done in 121ms @ http://localhost:3030/_next/static/chunks/04m2_next_dist_01d_w1-._.js:2431
[  455144ms] [INFO] %c%s%c [setup-health] background: #e6e6e6;background: light-dark(rgba(0,0,0,0.1), rgba(255,255,255,0.25));color: #000000;color: light-dark(#000000, #ffffff);border-radius: 2px  Server   panel-layout {tenantId: cmrvvipw70000oyyo6123270j, userId: cmrvvipy90009oyyocqnstw83, score: 40, completedCount: 2, totalCriticalCount: 5} @ http://localhost:3030/_next/static/chunks/04m2_next_dist_01d_w1-._.js:2431
[  455204ms] [LOG] [Fast Refresh] rebuilding @ http://localhost:3030/_next/static/chunks/04m2_next_dist_01d_w1-._.js:2431
[  455218ms] [LOG] [Fast Refresh] done in 116ms @ http://localhost:3030/_next/static/chunks/04m2_next_dist_01d_w1-._.js:2431
[  455322ms] [LOG] [Fast Refresh] rebuilding @ http://localhost:3030/_next/static/chunks/04m2_next_dist_01d_w1-._.js:2431
[  455338ms] [LOG] [Fast Refresh] done in 119ms @ http://localhost:3030/_next/static/chunks/04m2_next_dist_01d_w1-._.js:2431
[  455406ms] [INFO] %c%s%c [setup-health] background: #e6e6e6;background: light-dark(rgba(0,0,0,0.1), rgba(255,255,255,0.25));color: #000000;color: light-dark(#000000, #ffffff);border-radius: 2px  Server   panel-layout {tenantId: cmrvvipw70000oyyo6123270j, userId: cmrvvipy90009oyyocqnstw83, score: 40, completedCount: 2, totalCriticalCount: 5} @ http://localhost:3030/_next/static/chunks/04m2_next_dist_01d_w1-._.js:2431
[  455524ms] [LOG] [Fast Refresh] rebuilding @ http://localhost:3030/_next/static/chunks/04m2_next_dist_01d_w1-._.js:2431
[  455539ms] [LOG] [Fast Refresh] done in 121ms @ http://localhost:3030/_next/static/chunks/04m2_next_dist_01d_w1-._.js:2431
[  455691ms] [INFO] %c%s%c [setup-health] background: #e6e6e6;background: light-dark(rgba(0,0,0,0.1), rgba(255,255,255,0.25));color: #000000;color: light-dark(#000000, #ffffff);border-radius: 2px  Server   panel-layout {tenantId: cmrvvipw70000oyyo6123270j, userId: cmrvvipy90009oyyocqnstw83, score: 40, completedCount: 2, totalCriticalCount: 5} @ http://localhost:3030/_next/static/chunks/04m2_next_dist_01d_w1-._.js:2431
[  455945ms] [INFO] %c%s%c [setup-health] background: #e6e6e6;background: light-dark(rgba(0,0,0,0.1), rgba(255,255,255,0.25));color: #000000;color: light-dark(#000000, #ffffff);border-radius: 2px  Server   panel-layout {tenantId: cmrvvipw70000oyyo6123270j, userId: cmrvvipy90009oyyocqnstw83, score: 40, completedCount: 2, totalCriticalCount: 5} @ http://localhost:3030/_next/static/chunks/04m2_next_dist_01d_w1-._.js:2431
[  455984ms] [LOG] [Fast Refresh] rebuilding @ http://localhost:3030/_next/static/chunks/04m2_next_dist_01d_w1-._.js:2431
[  455998ms] [LOG] [Fast Refresh] done in 118ms @ http://localhost:3030/_next/static/chunks/04m2_next_dist_01d_w1-._.js:2431
[  456101ms] [LOG] [Fast Refresh] rebuilding @ http://localhost:3030/_next/static/chunks/04m2_next_dist_01d_w1-._.js:2431
[  456112ms] [LOG] [Fast Refresh] done in 112ms @ http://localhost:3030/_next/static/chunks/04m2_next_dist_01d_w1-._.js:2431
[  456228ms] [INFO] %c%s%c [setup-health] background: #e6e6e6;background: light-dark(rgba(0,0,0,0.1), rgba(255,255,255,0.25));color: #000000;color: light-dark(#000000, #ffffff);border-radius: 2px  Server   panel-layout {tenantId: cmrvvipw70000oyyo6123270j, userId: cmrvvipy90009oyyocqnstw83, score: 40, completedCount: 2, totalCriticalCount: 5} @ http://localhost:3030/_next/static/chunks/04m2_next_dist_01d_w1-._.js:2431
[  456488ms] [INFO] %c%s%c [setup-health] background: #e6e6e6;background: light-dark(rgba(0,0,0,0.1), rgba(255,255,255,0.25));color: #000000;color: light-dark(#000000, #ffffff);border-radius: 2px  Server   panel-layout {tenantId: cmrvvipw70000oyyo6123270j, userId: cmrvvipy90009oyyocqnstw83, score: 40, completedCount: 2, totalCriticalCount: 5} @ http://localhost:3030/_next/static/chunks/04m2_next_dist_01d_w1-._.js:2431
[  456717ms] [INFO] %c%s%c [setup-health] background: #e6e6e6;background: light-dark(rgba(0,0,0,0.1), rgba(255,255,255,0.25));color: #000000;color: light-dark(#000000, #ffffff);border-radius: 2px  Server   panel-layout {tenantId: cmrvvipw70000oyyo6123270j, userId: cmrvvipy90009oyyocqnstw83, score: 40, completedCount: 2, totalCriticalCount: 5} @ http://localhost:3030/_next/static/chunks/04m2_next_dist_01d_w1-._.js:2431
[  456831ms] [LOG] [Fast Refresh] rebuilding @ http://localhost:3030/_next/static/chunks/04m2_next_dist_01d_w1-._.js:2431
[  456900ms] [LOG] [Fast Refresh] done in 169ms @ http://localhost:3030/_next/static/chunks/04m2_next_dist_01d_w1-._.js:2431
[  457026ms] [INFO] %c%s%c [setup-health] background: #e6e6e6;background: light-dark(rgba(0,0,0,0.1), rgba(255,255,255,0.25));color: #000000;color: light-dark(#000000, #ffffff);border-radius: 2px  Server   panel-layout {tenantId: cmrvvipw70000oyyo6123270j, userId: cmrvvipy90009oyyocqnstw83, score: 40, completedCount: 2, totalCriticalCount: 5} @ http://localhost:3030/_next/static/chunks/04m2_next_dist_01d_w1-._.js:2431
[  457123ms] [LOG] [Fast Refresh] rebuilding @ http://localhost:3030/_next/static/chunks/04m2_next_dist_01d_w1-._.js:2431
[  457149ms] [LOG] [Fast Refresh] done in 127ms @ http://localhost:3030/_next/static/chunks/04m2_next_dist_01d_w1-._.js:2431
[  457330ms] [INFO] %c%s%c [setup-health] background: #e6e6e6;background: light-dark(rgba(0,0,0,0.1), rgba(255,255,255,0.25));color: #000000;color: light-dark(#000000, #ffffff);border-radius: 2px  Server   panel-layout {tenantId: cmrvvipw70000oyyo6123270j, userId: cmrvvipy90009oyyocqnstw83, score: 40, completedCount: 2, totalCriticalCount: 5} @ http://localhost:3030/_next/static/chunks/04m2_next_dist_01d_w1-._.js:2431
[  457380ms] [LOG] [Fast Refresh] rebuilding @ http://localhost:3030/_next/static/chunks/04m2_next_dist_01d_w1-._.js:2431
[  457381ms] [LOG] [Fast Refresh] done in 104ms @ http://localhost:3030/_next/static/chunks/04m2_next_dist_01d_w1-._.js:2431
[  457566ms] [INFO] %c%s%c [setup-health] background: #e6e6e6;background: light-dark(rgba(0,0,0,0.1), rgba(255,255,255,0.25));color: #000000;color: light-dark(#000000, #ffffff);border-radius: 2px  Server   panel-layout {tenantId: cmrvvipw70000oyyo6123270j, userId: cmrvvipy90009oyyocqnstw83, score: 40, completedCount: 2, totalCriticalCount: 5} @ http://localhost:3030/_next/static/chunks/04m2_next_dist_01d_w1-._.js:2431
[  457681ms] [LOG] [Fast Refresh] rebuilding @ http://localhost:3030/_next/static/chunks/04m2_next_dist_01d_w1-._.js:2431
[  457702ms] [LOG] [Fast Refresh] done in 122ms @ http://localhost:3030/_next/static/chunks/04m2_next_dist_01d_w1-._.js:2431
[  457844ms] [LOG] [Fast Refresh] rebuilding @ http://localhost:3030/_next/static/chunks/04m2_next_dist_01d_w1-._.js:2431
[  457859ms] [LOG] [Fast Refresh] done in 121ms @ http://localhost:3030/_next/static/chunks/04m2_next_dist_01d_w1-._.js:2431
[  457904ms] [INFO] %c%s%c [setup-health] background: #e6e6e6;background: light-dark(rgba(0,0,0,0.1), rgba(255,255,255,0.25));color: #000000;color: light-dark(#000000, #ffffff);border-radius: 2px  Server   panel-layout {tenantId: cmrvvipw70000oyyo6123270j, userId: cmrvvipy90009oyyocqnstw83, score: 40, completedCount: 2, totalCriticalCount: 5} @ http://localhost:3030/_next/static/chunks/04m2_next_dist_01d_w1-._.js:2431
[  458133ms] [INFO] %c%s%c [setup-health] background: #e6e6e6;background: light-dark(rgba(0,0,0,0.1), rgba(255,255,255,0.25));color: #000000;color: light-dark(#000000, #ffffff);border-radius: 2px  Server   panel-layout {tenantId: cmrvvipw70000oyyo6123270j, userId: cmrvvipy90009oyyocqnstw83, score: 40, completedCount: 2, totalCriticalCount: 5} @ http://localhost:3030/_next/static/chunks/04m2_next_dist_01d_w1-._.js:2431
[  458256ms] [LOG] [Fast Refresh] rebuilding @ http://localhost:3030/_next/static/chunks/04m2_next_dist_01d_w1-._.js:2431
[  458287ms] [LOG] [Fast Refresh] done in 140ms @ http://localhost:3030/_next/static/chunks/04m2_next_dist_01d_w1-._.js:2431
[  458386ms] [INFO] %c%s%c [setup-health] background: #e6e6e6;background: light-dark(rgba(0,0,0,0.1), rgba(255,255,255,0.25));color: #000000;color: light-dark(#000000, #ffffff);border-radius: 2px  Server   panel-layout {tenantId: cmrvvipw70000oyyo6123270j, userId: cmrvvipy90009oyyocqnstw83, score: 40, completedCount: 2, totalCriticalCount: 5} @ http://localhost:3030/_next/static/chunks/04m2_next_dist_01d_w1-._.js:2431
[  458597ms] [INFO] %c%s%c [setup-health] background: #e6e6e6;background: light-dark(rgba(0,0,0,0.1), rgba(255,255,255,0.25));color: #000000;color: light-dark(#000000, #ffffff);border-radius: 2px  Server   panel-layout {tenantId: cmrvvipw70000oyyo6123270j, userId: cmrvvipy90009oyyocqnstw83, score: 40, completedCount: 2, totalCriticalCount: 5} @ http://localhost:3030/_next/static/chunks/04m2_next_dist_01d_w1-._.js:2431
[  458634ms] [LOG] [Fast Refresh] rebuilding @ http://localhost:3030/_next/static/chunks/04m2_next_dist_01d_w1-._.js:2431
[  458639ms] [LOG] [Fast Refresh] done in 106ms @ http://localhost:3030/_next/static/chunks/04m2_next_dist_01d_w1-._.js:2431
[  458834ms] [INFO] %c%s%c [setup-health] background: #e6e6e6;background: light-dark(rgba(0,0,0,0.1), rgba(255,255,255,0.25));color: #000000;color: light-dark(#000000, #ffffff);border-radius: 2px  Server   panel-layout {tenantId: cmrvvipw70000oyyo6123270j, userId: cmrvvipy90009oyyocqnstw83, score: 40, completedCount: 2, totalCriticalCount: 5} @ http://localhost:3030/_next/static/chunks/04m2_next_dist_01d_w1-._.js:2431
[  459028ms] [LOG] [Fast Refresh] rebuilding @ http://localhost:3030/_next/static/chunks/04m2_next_dist_01d_w1-._.js:2431
[  459029ms] [LOG] [Fast Refresh] done in 108ms @ http://localhost:3030/_next/static/chunks/04m2_next_dist_01d_w1-._.js:2431
[  459060ms] [INFO] %c%s%c [setup-health] background: #e6e6e6;background: light-dark(rgba(0,0,0,0.1), rgba(255,255,255,0.25));color: #000000;color: light-dark(#000000, #ffffff);border-radius: 2px  Server   panel-layout {tenantId: cmrvvipw70000oyyo6123270j, userId: cmrvvipy90009oyyocqnstw83, score: 40, completedCount: 2, totalCriticalCount: 5} @ http://localhost:3030/_next/static/chunks/04m2_next_dist_01d_w1-._.js:2431
[  459223ms] [INFO] %c%s%c [setup-health] background: #e6e6e6;background: light-dark(rgba(0,0,0,0.1), rgba(255,255,255,0.25));color: #000000;color: light-dark(#000000, #ffffff);border-radius: 2px  Server   panel-layout {tenantId: cmrvvipw70000oyyo6123270j, userId: cmrvvipy90009oyyocqnstw83, score: 40, completedCount: 2, totalCriticalCount: 5} @ http://localhost:3030/_next/static/chunks/04m2_next_dist_01d_w1-._.js:2431
[  459354ms] [LOG] [Fast Refresh] rebuilding @ http://localhost:3030/_next/static/chunks/04m2_next_dist_01d_w1-._.js:2431
[  459377ms] [LOG] [Fast Refresh] done in 128ms @ http://localhost:3030/_next/static/chunks/04m2_next_dist_01d_w1-._.js:2431
[  459491ms] [INFO] %c%s%c [setup-health] background: #e6e6e6;background: light-dark(rgba(0,0,0,0.1), rgba(255,255,255,0.25));color: #000000;color: light-dark(#000000, #ffffff);border-radius: 2px  Server   panel-layout {tenantId: cmrvvipw70000oyyo6123270j, userId: cmrvvipy90009oyyocqnstw83, score: 40, completedCount: 2, totalCriticalCount: 5} @ http://localhost:3030/_next/static/chunks/04m2_next_dist_01d_w1-._.js:2431
[  459763ms] [INFO] %c%s%c [setup-health] background: #e6e6e6;background: light-dark(rgba(0,0,0,0.1), rgba(255,255,255,0.25));color: #000000;color: light-dark(#000000, #ffffff);border-radius: 2px  Server   panel-layout {tenantId: cmrvvipw70000oyyo6123270j, userId: cmrvvipy90009oyyocqnstw83, score: 40, completedCount: 2, totalCriticalCount: 5} @ http://localhost:3030/_next/static/chunks/04m2_next_dist_01d_w1-._.js:2431
[  459776ms] [LOG] [Fast Refresh] rebuilding @ http://localhost:3030/_next/static/chunks/04m2_next_dist_01d_w1-._.js:2431
[  459823ms] [LOG] [Fast Refresh] done in 154ms @ http://localhost:3030/_next/static/chunks/04m2_next_dist_01d_w1-._.js:2431
[  459925ms] [LOG] [Fast Refresh] rebuilding @ http://localhost:3030/_next/static/chunks/04m2_next_dist_01d_w1-._.js:2431
[  459986ms] [LOG] [Fast Refresh] done in 161ms @ http://localhost:3030/_next/static/chunks/04m2_next_dist_01d_w1-._.js:2431
[  460110ms] [LOG] [Fast Refresh] rebuilding @ http://localhost:3030/_next/static/chunks/04m2_next_dist_01d_w1-._.js:2431
[  460531ms] [LOG] [Fast Refresh] done in 534ms @ http://localhost:3030/_next/static/chunks/04m2_next_dist_01d_w1-._.js:2431
[  460679ms] [INFO] %c%s%c [setup-health] background: #e6e6e6;background: light-dark(rgba(0,0,0,0.1), rgba(255,255,255,0.25));color: #000000;color: light-dark(#000000, #ffffff);border-radius: 2px  Server   panel-layout {tenantId: cmrvvipw70000oyyo6123270j, userId: cmrvvipy90009oyyocqnstw83, score: 40, completedCount: 2, totalCriticalCount: 5} @ http://localhost:3030/_next/static/chunks/04m2_next_dist_01d_w1-._.js:2431
[  460688ms] [LOG] [Fast Refresh] rebuilding @ http://localhost:3030/_next/static/chunks/04m2_next_dist_01d_w1-._.js:2431
[  460694ms] [LOG] [Fast Refresh] done in 107ms @ http://localhost:3030/_next/static/chunks/04m2_next_dist_01d_w1-._.js:2431
[  460952ms] [LOG] [Fast Refresh] rebuilding @ http://localhost:3030/_next/static/chunks/04m2_next_dist_01d_w1-._.js:2431
[  460980ms] [LOG] [Fast Refresh] done in 137ms @ http://localhost:3030/_next/static/chunks/04m2_next_dist_01d_w1-._.js:2431
[  461028ms] [INFO] %c%s%c [setup-health] background: #e6e6e6;background: light-dark(rgba(0,0,0,0.1), rgba(255,255,255,0.25));color: #000000;color: light-dark(#000000, #ffffff);border-radius: 2px  Server   panel-layout {tenantId: cmrvvipw70000oyyo6123270j, userId: cmrvvipy90009oyyocqnstw83, score: 40, completedCount: 2, totalCriticalCount: 5} @ http://localhost:3030/_next/static/chunks/04m2_next_dist_01d_w1-._.js:2431
[  461084ms] [LOG] [Fast Refresh] rebuilding @ http://localhost:3030/_next/static/chunks/04m2_next_dist_01d_w1-._.js:2431
[  461113ms] [LOG] [Fast Refresh] done in 132ms @ http://localhost:3030/_next/static/chunks/04m2_next_dist_01d_w1-._.js:2431
[  461235ms] [INFO] %c%s%c [setup-health] background: #e6e6e6;background: light-dark(rgba(0,0,0,0.1), rgba(255,255,255,0.25));color: #000000;color: light-dark(#000000, #ffffff);border-radius: 2px  Server   panel-layout {tenantId: cmrvvipw70000oyyo6123270j, userId: cmrvvipy90009oyyocqnstw83, score: 40, completedCount: 2, totalCriticalCount: 5} @ http://localhost:3030/_next/static/chunks/04m2_next_dist_01d_w1-._.js:2431
[  461425ms] [INFO] %c%s%c [setup-health] background: #e6e6e6;background: light-dark(rgba(0,0,0,0.1), rgba(255,255,255,0.25));color: #000000;color: light-dark(#000000, #ffffff);border-radius: 2px  Server   panel-layout {tenantId: cmrvvipw70000oyyo6123270j, userId: cmrvvipy90009oyyocqnstw83, score: 40, completedCount: 2, totalCriticalCount: 5} @ http://localhost:3030/_next/static/chunks/04m2_next_dist_01d_w1-._.js:2431
[  461622ms] [INFO] %c%s%c [setup-health] background: #e6e6e6;background: light-dark(rgba(0,0,0,0.1), rgba(255,255,255,0.25));color: #000000;color: light-dark(#000000, #ffffff);border-radius: 2px  Server   panel-layout {tenantId: cmrvvipw70000oyyo6123270j, userId: cmrvvipy90009oyyocqnstw83, score: 40, completedCount: 2, totalCriticalCount: 5} @ http://localhost:3030/_next/static/chunks/04m2_next_dist_01d_w1-._.js:2431
[  461803ms] [INFO] %c%s%c [setup-health] background: #e6e6e6;background: light-dark(rgba(0,0,0,0.1), rgba(255,255,255,0.25));color: #000000;color: light-dark(#000000, #ffffff);border-radius: 2px  Server   panel-layout {tenantId: cmrvvipw70000oyyo6123270j, userId: cmrvvipy90009oyyocqnstw83, score: 40, completedCount: 2, totalCriticalCount: 5} @ http://localhost:3030/_next/static/chunks/04m2_next_dist_01d_w1-._.js:2431
[  462034ms] [INFO] %c%s%c [setup-health] background: #e6e6e6;background: light-dark(rgba(0,0,0,0.1), rgba(255,255,255,0.25));color: #000000;color: light-dark(#000000, #ffffff);border-radius: 2px  Server   panel-layout {tenantId: cmrvvipw70000oyyo6123270j, userId: cmrvvipy90009oyyocqnstw83, score: 40, completedCount: 2, totalCriticalCount: 5} @ http://localhost:3030/_next/static/chunks/04m2_next_dist_01d_w1-._.js:2431
[  462207ms] [INFO] %c%s%c [setup-health] background: #e6e6e6;background: light-dark(rgba(0,0,0,0.1), rgba(255,255,255,0.25));color: #000000;color: light-dark(#000000, #ffffff);border-radius: 2px  Server   panel-layout {tenantId: cmrvvipw70000oyyo6123270j, userId: cmrvvipy90009oyyocqnstw83, score: 40, completedCount: 2, totalCriticalCount: 5} @ http://localhost:3030/_next/static/chunks/04m2_next_dist_01d_w1-._.js:2431
[  462342ms] [LOG] [Fast Refresh] rebuilding @ http://localhost:3030/_next/static/chunks/04m2_next_dist_01d_w1-._.js:2431
[  462347ms] [LOG] [Fast Refresh] done in 108ms @ http://localhost:3030/_next/static/chunks/04m2_next_dist_01d_w1-._.js:2431
[  462427ms] [INFO] %c%s%c [setup-health] background: #e6e6e6;background: light-dark(rgba(0,0,0,0.1), rgba(255,255,255,0.25));color: #000000;color: light-dark(#000000, #ffffff);border-radius: 2px  Server   panel-layout {tenantId: cmrvvipw70000oyyo6123270j, userId: cmrvvipy90009oyyocqnstw83, score: 40, completedCount: 2, totalCriticalCount: 5} @ http://localhost:3030/_next/static/chunks/04m2_next_dist_01d_w1-._.js:2431
[  462656ms] [INFO] %c%s%c [setup-health] background: #e6e6e6;background: light-dark(rgba(0,0,0,0.1), rgba(255,255,255,0.25));color: #000000;color: light-dark(#000000, #ffffff);border-radius: 2px  Server   panel-layout {tenantId: cmrvvipw70000oyyo6123270j, userId: cmrvvipy90009oyyocqnstw83, score: 40, completedCount: 2, totalCriticalCount: 5} @ http://localhost:3030/_next/static/chunks/04m2_next_dist_01d_w1-._.js:2431
[  462875ms] [INFO] %c%s%c [setup-health] background: #e6e6e6;background: light-dark(rgba(0,0,0,0.1), rgba(255,255,255,0.25));color: #000000;color: light-dark(#000000, #ffffff);border-radius: 2px  Server   panel-layout {tenantId: cmrvvipw70000oyyo6123270j, userId: cmrvvipy90009oyyocqnstw83, score: 40, completedCount: 2, totalCriticalCount: 5} @ http://localhost:3030/_next/static/chunks/04m2_next_dist_01d_w1-._.js:2431
[  463058ms] [LOG] [Fast Refresh] rebuilding @ http://localhost:3030/_next/static/chunks/04m2_next_dist_01d_w1-._.js:2431
[  463082ms] [LOG] [Fast Refresh] done in 128ms @ http://localhost:3030/_next/static/chunks/04m2_next_dist_01d_w1-._.js:2431
[  463122ms] [INFO] %c%s%c [setup-health] background: #e6e6e6;background: light-dark(rgba(0,0,0,0.1), rgba(255,255,255,0.25));color: #000000;color: light-dark(#000000, #ffffff);border-radius: 2px  Server   panel-layout {tenantId: cmrvvipw70000oyyo6123270j, userId: cmrvvipy90009oyyocqnstw83, score: 40, completedCount: 2, totalCriticalCount: 5} @ http://localhost:3030/_next/static/chunks/04m2_next_dist_01d_w1-._.js:2431
[  463359ms] [INFO] %c%s%c [setup-health] background: #e6e6e6;background: light-dark(rgba(0,0,0,0.1), rgba(255,255,255,0.25));color: #000000;color: light-dark(#000000, #ffffff);border-radius: 2px  Server   panel-layout {tenantId: cmrvvipw70000oyyo6123270j, userId: cmrvvipy90009oyyocqnstw83, score: 40, completedCount: 2, totalCriticalCount: 5} @ http://localhost:3030/_next/static/chunks/04m2_next_dist_01d_w1-._.js:2431
[  463568ms] [INFO] %c%s%c [setup-health] background: #e6e6e6;background: light-dark(rgba(0,0,0,0.1), rgba(255,255,255,0.25));color: #000000;color: light-dark(#000000, #ffffff);border-radius: 2px  Server   panel-layout {tenantId: cmrvvipw70000oyyo6123270j, userId: cmrvvipy90009oyyocqnstw83, score: 40, completedCount: 2, totalCriticalCount: 5} @ http://localhost:3030/_next/static/chunks/04m2_next_dist_01d_w1-._.js:2431
[  463778ms] [INFO] %c%s%c [setup-health] background: #e6e6e6;background: light-dark(rgba(0,0,0,0.1), rgba(255,255,255,0.25));color: #000000;color: light-dark(#000000, #ffffff);border-radius: 2px  Server   panel-layout {tenantId: cmrvvipw70000oyyo6123270j, userId: cmrvvipy90009oyyocqnstw83, score: 40, completedCount: 2, totalCriticalCount: 5} @ http://localhost:3030/_next/static/chunks/04m2_next_dist_01d_w1-._.js:2431
[  464012ms] [INFO] %c%s%c [setup-health] background: #e6e6e6;background: light-dark(rgba(0,0,0,0.1), rgba(255,255,255,0.25));color: #000000;color: light-dark(#000000, #ffffff);border-radius: 2px  Server   panel-layout {tenantId: cmrvvipw70000oyyo6123270j, userId: cmrvvipy90009oyyocqnstw83, score: 40, completedCount: 2, totalCriticalCount: 5} @ http://localhost:3030/_next/static/chunks/04m2_next_dist_01d_w1-._.js:2431
[  464254ms] [INFO] %c%s%c [setup-health] background: #e6e6e6;background: light-dark(rgba(0,0,0,0.1), rgba(255,255,255,0.25));color: #000000;color: light-dark(#000000, #ffffff);border-radius: 2px  Server   panel-layout {tenantId: cmrvvipw70000oyyo6123270j, userId: cmrvvipy90009oyyocqnstw83, score: 40, completedCount: 2, totalCriticalCount: 5} @ http://localhost:3030/_next/static/chunks/04m2_next_dist_01d_w1-._.js:2431
[  464454ms] [INFO] %c%s%c [setup-health] background: #e6e6e6;background: light-dark(rgba(0,0,0,0.1), rgba(255,255,255,0.25));color: #000000;color: light-dark(#000000, #ffffff);border-radius: 2px  Server   panel-layout {tenantId: cmrvvipw70000oyyo6123270j, userId: cmrvvipy90009oyyocqnstw83, score: 40, completedCount: 2, totalCriticalCount: 5} @ http://localhost:3030/_next/static/chunks/04m2_next_dist_01d_w1-._.js:2431
[  464566ms] [LOG] [Fast Refresh] rebuilding @ http://localhost:3030/_next/static/chunks/04m2_next_dist_01d_w1-._.js:2431
[  464577ms] [LOG] [Fast Refresh] done in 111ms @ http://localhost:3030/_next/static/chunks/04m2_next_dist_01d_w1-._.js:2431
[  464664ms] [INFO] %c%s%c [setup-health] background: #e6e6e6;background: light-dark(rgba(0,0,0,0.1), rgba(255,255,255,0.25));color: #000000;color: light-dark(#000000, #ffffff);border-radius: 2px  Server   panel-layout {tenantId: cmrvvipw70000oyyo6123270j, userId: cmrvvipy90009oyyocqnstw83, score: 40, completedCount: 2, totalCriticalCount: 5} @ http://localhost:3030/_next/static/chunks/04m2_next_dist_01d_w1-._.js:2431
[  464896ms] [INFO] %c%s%c [setup-health] background: #e6e6e6;background: light-dark(rgba(0,0,0,0.1), rgba(255,255,255,0.25));color: #000000;color: light-dark(#000000, #ffffff);border-radius: 2px  Server   panel-layout {tenantId: cmrvvipw70000oyyo6123270j, userId: cmrvvipy90009oyyocqnstw83, score: 40, completedCount: 2, totalCriticalCount: 5} @ http://localhost:3030/_next/static/chunks/04m2_next_dist_01d_w1-._.js:2431
[  465097ms] [INFO] %c%s%c [setup-health] background: #e6e6e6;background: light-dark(rgba(0,0,0,0.1), rgba(255,255,255,0.25));color: #000000;color: light-dark(#000000, #ffffff);border-radius: 2px  Server   panel-layout {tenantId: cmrvvipw70000oyyo6123270j, userId: cmrvvipy90009oyyocqnstw83, score: 40, completedCount: 2, totalCriticalCount: 5} @ http://localhost:3030/_next/static/chunks/04m2_next_dist_01d_w1-._.js:2431
[  465299ms] [LOG] [Fast Refresh] rebuilding @ http://localhost:3030/_next/static/chunks/04m2_next_dist_01d_w1-._.js:2431
[  465345ms] [LOG] [Fast Refresh] done in 150ms @ http://localhost:3030/_next/static/chunks/04m2_next_dist_01d_w1-._.js:2431
[  465399ms] [INFO] %c%s%c [setup-health] background: #e6e6e6;background: light-dark(rgba(0,0,0,0.1), rgba(255,255,255,0.25));color: #000000;color: light-dark(#000000, #ffffff);border-radius: 2px  Server   panel-layout {tenantId: cmrvvipw70000oyyo6123270j, userId: cmrvvipy90009oyyocqnstw83, score: 40, completedCount: 2, totalCriticalCount: 5} @ http://localhost:3030/_next/static/chunks/04m2_next_dist_01d_w1-._.js:2431
[  465639ms] [INFO] %c%s%c [setup-health] background: #e6e6e6;background: light-dark(rgba(0,0,0,0.1), rgba(255,255,255,0.25));color: #000000;color: light-dark(#000000, #ffffff);border-radius: 2px  Server   panel-layout {tenantId: cmrvvipw70000oyyo6123270j, userId: cmrvvipy90009oyyocqnstw83, score: 40, completedCount: 2, totalCriticalCount: 5} @ http://localhost:3030/_next/static/chunks/04m2_next_dist_01d_w1-._.js:2431
[  465754ms] [LOG] [Fast Refresh] rebuilding @ http://localhost:3030/_next/static/chunks/04m2_next_dist_01d_w1-._.js:2431
[  465784ms] [LOG] [Fast Refresh] done in 131ms @ http://localhost:3030/_next/static/chunks/04m2_next_dist_01d_w1-._.js:2431
[  465882ms] [INFO] %c%s%c [setup-health] background: #e6e6e6;background: light-dark(rgba(0,0,0,0.1), rgba(255,255,255,0.25));color: #000000;color: light-dark(#000000, #ffffff);border-radius: 2px  Server   panel-layout {tenantId: cmrvvipw70000oyyo6123270j, userId: cmrvvipy90009oyyocqnstw83, score: 40, completedCount: 2, totalCriticalCount: 5} @ http://localhost:3030/_next/static/chunks/04m2_next_dist_01d_w1-._.js:2431
[  466104ms] [INFO] %c%s%c [setup-health] background: #e6e6e6;background: light-dark(rgba(0,0,0,0.1), rgba(255,255,255,0.25));color: #000000;color: light-dark(#000000, #ffffff);border-radius: 2px  Server   panel-layout {tenantId: cmrvvipw70000oyyo6123270j, userId: cmrvvipy90009oyyocqnstw83, score: 40, completedCount: 2, totalCriticalCount: 5} @ http://localhost:3030/_next/static/chunks/04m2_next_dist_01d_w1-._.js:2431
[  466326ms] [INFO] %c%s%c [setup-health] background: #e6e6e6;background: light-dark(rgba(0,0,0,0.1), rgba(255,255,255,0.25));color: #000000;color: light-dark(#000000, #ffffff);border-radius: 2px  Server   panel-layout {tenantId: cmrvvipw70000oyyo6123270j, userId: cmrvvipy90009oyyocqnstw83, score: 40, completedCount: 2, totalCriticalCount: 5} @ http://localhost:3030/_next/static/chunks/04m2_next_dist_01d_w1-._.js:2431
[  466551ms] [LOG] [Fast Refresh] rebuilding @ http://localhost:3030/_next/static/chunks/04m2_next_dist_01d_w1-._.js:2431
[  466561ms] [LOG] [Fast Refresh] done in 117ms @ http://localhost:3030/_next/static/chunks/04m2_next_dist_01d_w1-._.js:2431
[  466593ms] [INFO] %c%s%c [setup-health] background: #e6e6e6;background: light-dark(rgba(0,0,0,0.1), rgba(255,255,255,0.25));color: #000000;color: light-dark(#000000, #ffffff);border-radius: 2px  Server   panel-layout {tenantId: cmrvvipw70000oyyo6123270j, userId: cmrvvipy90009oyyocqnstw83, score: 40, completedCount: 2, totalCriticalCount: 5} @ http://localhost:3030/_next/static/chunks/04m2_next_dist_01d_w1-._.js:2431
[  466790ms] [INFO] %c%s%c [setup-health] background: #e6e6e6;background: light-dark(rgba(0,0,0,0.1), rgba(255,255,255,0.25));color: #000000;color: light-dark(#000000, #ffffff);border-radius: 2px  Server   panel-layout {tenantId: cmrvvipw70000oyyo6123270j, userId: cmrvvipy90009oyyocqnstw83, score: 40, completedCount: 2, totalCriticalCount: 5} @ http://localhost:3030/_next/static/chunks/04m2_next_dist_01d_w1-._.js:2431
[  466911ms] [LOG] [Fast Refresh] rebuilding @ http://localhost:3030/_next/static/chunks/04m2_next_dist_01d_w1-._.js:2431
[  466950ms] [LOG] [Fast Refresh] done in 146ms @ http://localhost:3030/_next/static/chunks/04m2_next_dist_01d_w1-._.js:2431
[  467043ms] [INFO] %c%s%c [setup-health] background: #e6e6e6;background: light-dark(rgba(0,0,0,0.1), rgba(255,255,255,0.25));color: #000000;color: light-dark(#000000, #ffffff);border-radius: 2px  Server   panel-layout {tenantId: cmrvvipw70000oyyo6123270j, userId: cmrvvipy90009oyyocqnstw83, score: 40, completedCount: 2, totalCriticalCount: 5} @ http://localhost:3030/_next/static/chunks/04m2_next_dist_01d_w1-._.js:2431
[  467342ms] [LOG] [Fast Refresh] rebuilding @ http://localhost:3030/_next/static/chunks/04m2_next_dist_01d_w1-._.js:2431
[  467348ms] [LOG] [Fast Refresh] done in 108ms @ http://localhost:3030/_next/static/chunks/04m2_next_dist_01d_w1-._.js:2431
[  467358ms] [INFO] %c%s%c [setup-health] background: #e6e6e6;background: light-dark(rgba(0,0,0,0.1), rgba(255,255,255,0.25));color: #000000;color: light-dark(#000000, #ffffff);border-radius: 2px  Server   panel-layout {tenantId: cmrvvipw70000oyyo6123270j, userId: cmrvvipy90009oyyocqnstw83, score: 40, completedCount: 2, totalCriticalCount: 5} @ http://localhost:3030/_next/static/chunks/04m2_next_dist_01d_w1-._.js:2431
[  467524ms] [INFO] %c%s%c [setup-health] background: #e6e6e6;background: light-dark(rgba(0,0,0,0.1), rgba(255,255,255,0.25));color: #000000;color: light-dark(#000000, #ffffff);border-radius: 2px  Server   panel-layout {tenantId: cmrvvipw70000oyyo6123270j, userId: cmrvvipy90009oyyocqnstw83, score: 40, completedCount: 2, totalCriticalCount: 5} @ http://localhost:3030/_next/static/chunks/04m2_next_dist_01d_w1-._.js:2431
[  467715ms] [LOG] [Fast Refresh] rebuilding @ http://localhost:3030/_next/static/chunks/04m2_next_dist_01d_w1-._.js:2431
[  467716ms] [LOG] [Fast Refresh] done in 103ms @ http://localhost:3030/_next/static/chunks/04m2_next_dist_01d_w1-._.js:2431
[  467749ms] [INFO] %c%s%c [setup-health] background: #e6e6e6;background: light-dark(rgba(0,0,0,0.1), rgba(255,255,255,0.25));color: #000000;color: light-dark(#000000, #ffffff);border-radius: 2px  Server   panel-layout {tenantId: cmrvvipw70000oyyo6123270j, userId: cmrvvipy90009oyyocqnstw83, score: 40, completedCount: 2, totalCriticalCount: 5} @ http://localhost:3030/_next/static/chunks/04m2_next_dist_01d_w1-._.js:2431
[  467990ms] [INFO] %c%s%c [setup-health] background: #e6e6e6;background: light-dark(rgba(0,0,0,0.1), rgba(255,255,255,0.25));color: #000000;color: light-dark(#000000, #ffffff);border-radius: 2px  Server   panel-layout {tenantId: cmrvvipw70000oyyo6123270j, userId: cmrvvipy90009oyyocqnstw83, score: 40, completedCount: 2, totalCriticalCount: 5} @ http://localhost:3030/_next/static/chunks/04m2_next_dist_01d_w1-._.js:2431
[  468187ms] [INFO] %c%s%c [setup-health] background: #e6e6e6;background: light-dark(rgba(0,0,0,0.1), rgba(255,255,255,0.25));color: #000000;color: light-dark(#000000, #ffffff);border-radius: 2px  Server   panel-layout {tenantId: cmrvvipw70000oyyo6123270j, userId: cmrvvipy90009oyyocqnstw83, score: 40, completedCount: 2, totalCriticalCount: 5} @ http://localhost:3030/_next/static/chunks/04m2_next_dist_01d_w1-._.js:2431
[  468411ms] [INFO] %c%s%c [setup-health] background: #e6e6e6;background: light-dark(rgba(0,0,0,0.1), rgba(255,255,255,0.25));color: #000000;color: light-dark(#000000, #ffffff);border-radius: 2px  Server   panel-layout {tenantId: cmrvvipw70000oyyo6123270j, userId: cmrvvipy90009oyyocqnstw83, score: 40, completedCount: 2, totalCriticalCount: 5} @ http://localhost:3030/_next/static/chunks/04m2_next_dist_01d_w1-._.js:2431
[  468451ms] [LOG] [Fast Refresh] rebuilding @ http://localhost:3030/_next/static/chunks/04m2_next_dist_01d_w1-._.js:2431
[  468452ms] [LOG] [Fast Refresh] done in 100ms @ http://localhost:3030/_next/static/chunks/04m2_next_dist_01d_w1-._.js:2431
[  468667ms] [INFO] %c%s%c [setup-health] background: #e6e6e6;background: light-dark(rgba(0,0,0,0.1), rgba(255,255,255,0.25));color: #000000;color: light-dark(#000000, #ffffff);border-radius: 2px  Server   panel-layout {tenantId: cmrvvipw70000oyyo6123270j, userId: cmrvvipy90009oyyocqnstw83, score: 40, completedCount: 2, totalCriticalCount: 5} @ http://localhost:3030/_next/static/chunks/04m2_next_dist_01d_w1-._.js:2431
[  468782ms] [LOG] [Fast Refresh] rebuilding @ http://localhost:3030/_next/static/chunks/04m2_next_dist_01d_w1-._.js:2431
[  468785ms] [LOG] [Fast Refresh] done in 106ms @ http://localhost:3030/_next/static/chunks/04m2_next_dist_01d_w1-._.js:2431
[  468948ms] [INFO] %c%s%c [setup-health] background: #e6e6e6;background: light-dark(rgba(0,0,0,0.1), rgba(255,255,255,0.25));color: #000000;color: light-dark(#000000, #ffffff);border-radius: 2px  Server   panel-layout {tenantId: cmrvvipw70000oyyo6123270j, userId: cmrvvipy90009oyyocqnstw83, score: 40, completedCount: 2, totalCriticalCount: 5} @ http://localhost:3030/_next/static/chunks/04m2_next_dist_01d_w1-._.js:2431
[  469126ms] [INFO] %c%s%c [setup-health] background: #e6e6e6;background: light-dark(rgba(0,0,0,0.1), rgba(255,255,255,0.25));color: #000000;color: light-dark(#000000, #ffffff);border-radius: 2px  Server   panel-layout {tenantId: cmrvvipw70000oyyo6123270j, userId: cmrvvipy90009oyyocqnstw83, score: 40, completedCount: 2, totalCriticalCount: 5} @ http://localhost:3030/_next/static/chunks/04m2_next_dist_01d_w1-._.js:2431
[  469264ms] [LOG] [Fast Refresh] rebuilding @ http://localhost:3030/_next/static/chunks/04m2_next_dist_01d_w1-._.js:2431
[  469273ms] [LOG] [Fast Refresh] done in 116ms @ http://localhost:3030/_next/static/chunks/04m2_next_dist_01d_w1-._.js:2431
[  469371ms] [INFO] %c%s%c [setup-health] background: #e6e6e6;background: light-dark(rgba(0,0,0,0.1), rgba(255,255,255,0.25));color: #000000;color: light-dark(#000000, #ffffff);border-radius: 2px  Server   panel-layout {tenantId: cmrvvipw70000oyyo6123270j, userId: cmrvvipy90009oyyocqnstw83, score: 40, completedCount: 2, totalCriticalCount: 5} @ http://localhost:3030/_next/static/chunks/04m2_next_dist_01d_w1-._.js:2431
[  469587ms] [INFO] %c%s%c [setup-health] background: #e6e6e6;background: light-dark(rgba(0,0,0,0.1), rgba(255,255,255,0.25));color: #000000;color: light-dark(#000000, #ffffff);border-radius: 2px  Server   panel-layout {tenantId: cmrvvipw70000oyyo6123270j, userId: cmrvvipy90009oyyocqnstw83, score: 40, completedCount: 2, totalCriticalCount: 5} @ http://localhost:3030/_next/static/chunks/04m2_next_dist_01d_w1-._.js:2431
[  469785ms] [INFO] %c%s%c [setup-health] background: #e6e6e6;background: light-dark(rgba(0,0,0,0.1), rgba(255,255,255,0.25));color: #000000;color: light-dark(#000000, #ffffff);border-radius: 2px  Server   panel-layout {tenantId: cmrvvipw70000oyyo6123270j, userId: cmrvvipy90009oyyocqnstw83, score: 40, completedCount: 2, totalCriticalCount: 5} @ http://localhost:3030/_next/static/chunks/04m2_next_dist_01d_w1-._.js:2431
[  470011ms] [INFO] %c%s%c [setup-health] background: #e6e6e6;background: light-dark(rgba(0,0,0,0.1), rgba(255,255,255,0.25));color: #000000;color: light-dark(#000000, #ffffff);border-radius: 2px  Server   panel-layout {tenantId: cmrvvipw70000oyyo6123270j, userId: cmrvvipy90009oyyocqnstw83, score: 40, completedCount: 2, totalCriticalCount: 5} @ http://localhost:3030/_next/static/chunks/04m2_next_dist_01d_w1-._.js:2431
[  470173ms] [INFO] %c%s%c [setup-health] background: #e6e6e6;background: light-dark(rgba(0,0,0,0.1), rgba(255,255,255,0.25));color: #000000;color: light-dark(#000000, #ffffff);border-radius: 2px  Server   panel-layout {tenantId: cmrvvipw70000oyyo6123270j, userId: cmrvvipy90009oyyocqnstw83, score: 40, completedCount: 2, totalCriticalCount: 5} @ http://localhost:3030/_next/static/chunks/04m2_next_dist_01d_w1-._.js:2431
[  470291ms] [LOG] [Fast Refresh] rebuilding @ http://localhost:3030/_next/static/chunks/04m2_next_dist_01d_w1-._.js:2431
[  470294ms] [LOG] [Fast Refresh] done in 110ms @ http://localhost:3030/_next/static/chunks/04m2_next_dist_01d_w1-._.js:2431
[  470382ms] [INFO] %c%s%c [setup-health] background: #e6e6e6;background: light-dark(rgba(0,0,0,0.1), rgba(255,255,255,0.25));color: #000000;color: light-dark(#000000, #ffffff);border-radius: 2px  Server   panel-layout {tenantId: cmrvvipw70000oyyo6123270j, userId: cmrvvipy90009oyyocqnstw83, score: 40, completedCount: 2, totalCriticalCount: 5} @ http://localhost:3030/_next/static/chunks/04m2_next_dist_01d_w1-._.js:2431
[  470558ms] [INFO] %c%s%c [setup-health] background: #e6e6e6;background: light-dark(rgba(0,0,0,0.1), rgba(255,255,255,0.25));color: #000000;color: light-dark(#000000, #ffffff);border-radius: 2px  Server   panel-layout {tenantId: cmrvvipw70000oyyo6123270j, userId: cmrvvipy90009oyyocqnstw83, score: 40, completedCount: 2, totalCriticalCount: 5} @ http://localhost:3030/_next/static/chunks/04m2_next_dist_01d_w1-._.js:2431
[  470719ms] [INFO] %c%s%c [setup-health] background: #e6e6e6;background: light-dark(rgba(0,0,0,0.1), rgba(255,255,255,0.25));color: #000000;color: light-dark(#000000, #ffffff);border-radius: 2px  Server   panel-layout {tenantId: cmrvvipw70000oyyo6123270j, userId: cmrvvipy90009oyyocqnstw83, score: 40, completedCount: 2, totalCriticalCount: 5} @ http://localhost:3030/_next/static/chunks/04m2_next_dist_01d_w1-._.js:2431
[  470957ms] [LOG] [Fast Refresh] rebuilding @ http://localhost:3030/_next/static/chunks/04m2_next_dist_01d_w1-._.js:2431
[  470970ms] [LOG] [Fast Refresh] done in 123ms @ http://localhost:3030/_next/static/chunks/04m2_next_dist_01d_w1-._.js:2431
[  471026ms] [INFO] %c%s%c [setup-health] background: #e6e6e6;background: light-dark(rgba(0,0,0,0.1), rgba(255,255,255,0.25));color: #000000;color: light-dark(#000000, #ffffff);border-radius: 2px  Server   panel-layout {tenantId: cmrvvipw70000oyyo6123270j, userId: cmrvvipy90009oyyocqnstw83, score: 40, completedCount: 2, totalCriticalCount: 5} @ http://localhost:3030/_next/static/chunks/04m2_next_dist_01d_w1-._.js:2431
[  471195ms] [INFO] %c%s%c [setup-health] background: #e6e6e6;background: light-dark(rgba(0,0,0,0.1), rgba(255,255,255,0.25));color: #000000;color: light-dark(#000000, #ffffff);border-radius: 2px  Server   panel-layout {tenantId: cmrvvipw70000oyyo6123270j, userId: cmrvvipy90009oyyocqnstw83, score: 40, completedCount: 2, totalCriticalCount: 5} @ http://localhost:3030/_next/static/chunks/04m2_next_dist_01d_w1-._.js:2431
[  471382ms] [INFO] %c%s%c [setup-health] background: #e6e6e6;background: light-dark(rgba(0,0,0,0.1), rgba(255,255,255,0.25));color: #000000;color: light-dark(#000000, #ffffff);border-radius: 2px  Server   panel-layout {tenantId: cmrvvipw70000oyyo6123270j, userId: cmrvvipy90009oyyocqnstw83, score: 40, completedCount: 2, totalCriticalCount: 5} @ http://localhost:3030/_next/static/chunks/04m2_next_dist_01d_w1-._.js:2431
[  471606ms] [INFO] %c%s%c [setup-health] background: #e6e6e6;background: light-dark(rgba(0,0,0,0.1), rgba(255,255,255,0.25));color: #000000;color: light-dark(#000000, #ffffff);border-radius: 2px  Server   panel-layout {tenantId: cmrvvipw70000oyyo6123270j, userId: cmrvvipy90009oyyocqnstw83, score: 40, completedCount: 2, totalCriticalCount: 5} @ http://localhost:3030/_next/static/chunks/04m2_next_dist_01d_w1-._.js:2431
[  471766ms] [INFO] %c%s%c [setup-health] background: #e6e6e6;background: light-dark(rgba(0,0,0,0.1), rgba(255,255,255,0.25));color: #000000;color: light-dark(#000000, #ffffff);border-radius: 2px  Server   panel-layout {tenantId: cmrvvipw70000oyyo6123270j, userId: cmrvvipy90009oyyocqnstw83, score: 40, completedCount: 2, totalCriticalCount: 5} @ http://localhost:3030/_next/static/chunks/04m2_next_dist_01d_w1-._.js:2431
[  471963ms] [INFO] %c%s%c [setup-health] background: #e6e6e6;background: light-dark(rgba(0,0,0,0.1), rgba(255,255,255,0.25));color: #000000;color: light-dark(#000000, #ffffff);border-radius: 2px  Server   panel-layout {tenantId: cmrvvipw70000oyyo6123270j, userId: cmrvvipy90009oyyocqnstw83, score: 40, completedCount: 2, totalCriticalCount: 5} @ http://localhost:3030/_next/static/chunks/04m2_next_dist_01d_w1-._.js:2431
[  472139ms] [INFO] %c%s%c [setup-health] background: #e6e6e6;background: light-dark(rgba(0,0,0,0.1), rgba(255,255,255,0.25));color: #000000;color: light-dark(#000000, #ffffff);border-radius: 2px  Server   panel-layout {tenantId: cmrvvipw70000oyyo6123270j, userId: cmrvvipy90009oyyocqnstw83, score: 40, completedCount: 2, totalCriticalCount: 5} @ http://localhost:3030/_next/static/chunks/04m2_next_dist_01d_w1-._.js:2431
[  472300ms] [INFO] %c%s%c [setup-health] background: #e6e6e6;background: light-dark(rgba(0,0,0,0.1), rgba(255,255,255,0.25));color: #000000;color: light-dark(#000000, #ffffff);border-radius: 2px  Server   panel-layout {tenantId: cmrvvipw70000oyyo6123270j, userId: cmrvvipy90009oyyocqnstw83, score: 40, completedCount: 2, totalCriticalCount: 5} @ http://localhost:3030/_next/static/chunks/04m2_next_dist_01d_w1-._.js:2431
[  472480ms] [INFO] %c%s%c [setup-health] background: #e6e6e6;background: light-dark(rgba(0,0,0,0.1), rgba(255,255,255,0.25));color: #000000;color: light-dark(#000000, #ffffff);border-radius: 2px  Server   panel-layout {tenantId: cmrvvipw70000oyyo6123270j, userId: cmrvvipy90009oyyocqnstw83, score: 40, completedCount: 2, totalCriticalCount: 5} @ http://localhost:3030/_next/static/chunks/04m2_next_dist_01d_w1-._.js:2431
[  472606ms] [INFO] %c%s%c [setup-health] background: #e6e6e6;background: light-dark(rgba(0,0,0,0.1), rgba(255,255,255,0.25));color: #000000;color: light-dark(#000000, #ffffff);border-radius: 2px  Server   panel-layout {tenantId: cmrvvipw70000oyyo6123270j, userId: cmrvvipy90009oyyocqnstw83, score: 40, completedCount: 2, totalCriticalCount: 5} @ http://localhost:3030/_next/static/chunks/04m2_next_dist_01d_w1-._.js:2431
[  472808ms] [INFO] %c%s%c [setup-health] background: #e6e6e6;background: light-dark(rgba(0,0,0,0.1), rgba(255,255,255,0.25));color: #000000;color: light-dark(#000000, #ffffff);border-radius: 2px  Server   panel-layout {tenantId: cmrvvipw70000oyyo6123270j, userId: cmrvvipy90009oyyocqnstw83, score: 40, completedCount: 2, totalCriticalCount: 5} @ http://localhost:3030/_next/static/chunks/04m2_next_dist_01d_w1-._.js:2431
[  472965ms] [INFO] %c%s%c [setup-health] background: #e6e6e6;background: light-dark(rgba(0,0,0,0.1), rgba(255,255,255,0.25));color: #000000;color: light-dark(#000000, #ffffff);border-radius: 2px  Server   panel-layout {tenantId: cmrvvipw70000oyyo6123270j, userId: cmrvvipy90009oyyocqnstw83, score: 40, completedCount: 2, totalCriticalCount: 5} @ http://localhost:3030/_next/static/chunks/04m2_next_dist_01d_w1-._.js:2431
[  473099ms] [LOG] [Fast Refresh] rebuilding @ http://localhost:3030/_next/static/chunks/04m2_next_dist_01d_w1-._.js:2431
[  473129ms] [LOG] [Fast Refresh] done in 133ms @ http://localhost:3030/_next/static/chunks/04m2_next_dist_01d_w1-._.js:2431
[  473218ms] [INFO] %c%s%c [setup-health] background: #e6e6e6;background: light-dark(rgba(0,0,0,0.1), rgba(255,255,255,0.25));color: #000000;color: light-dark(#000000, #ffffff);border-radius: 2px  Server   panel-layout {tenantId: cmrvvipw70000oyyo6123270j, userId: cmrvvipy90009oyyocqnstw83, score: 40, completedCount: 2, totalCriticalCount: 5} @ http://localhost:3030/_next/static/chunks/04m2_next_dist_01d_w1-._.js:2431
[  473433ms] [INFO] %c%s%c [setup-health] background: #e6e6e6;background: light-dark(rgba(0,0,0,0.1), rgba(255,255,255,0.25));color: #000000;color: light-dark(#000000, #ffffff);border-radius: 2px  Server   panel-layout {tenantId: cmrvvipw70000oyyo6123270j, userId: cmrvvipy90009oyyocqnstw83, score: 40, completedCount: 2, totalCriticalCount: 5} @ http://localhost:3030/_next/static/chunks/04m2_next_dist_01d_w1-._.js:2431
[  473644ms] [INFO] %c%s%c [setup-health] background: #e6e6e6;background: light-dark(rgba(0,0,0,0.1), rgba(255,255,255,0.25));color: #000000;color: light-dark(#000000, #ffffff);border-radius: 2px  Server   panel-layout {tenantId: cmrvvipw70000oyyo6123270j, userId: cmrvvipy90009oyyocqnstw83, score: 40, completedCount: 2, totalCriticalCount: 5} @ http://localhost:3030/_next/static/chunks/04m2_next_dist_01d_w1-._.js:2431
[  473909ms] [INFO] %c%s%c [setup-health] background: #e6e6e6;background: light-dark(rgba(0,0,0,0.1), rgba(255,255,255,0.25));color: #000000;color: light-dark(#000000, #ffffff);border-radius: 2px  Server   panel-layout {tenantId: cmrvvipw70000oyyo6123270j, userId: cmrvvipy90009oyyocqnstw83, score: 40, completedCount: 2, totalCriticalCount: 5} @ http://localhost:3030/_next/static/chunks/04m2_next_dist_01d_w1-._.js:2431
[  474136ms] [INFO] %c%s%c [setup-health] background: #e6e6e6;background: light-dark(rgba(0,0,0,0.1), rgba(255,255,255,0.25));color: #000000;color: light-dark(#000000, #ffffff);border-radius: 2px  Server   panel-layout {tenantId: cmrvvipw70000oyyo6123270j, userId: cmrvvipy90009oyyocqnstw83, score: 40, completedCount: 2, totalCriticalCount: 5} @ http://localhost:3030/_next/static/chunks/04m2_next_dist_01d_w1-._.js:2431
[  474252ms] [LOG] [Fast Refresh] rebuilding @ http://localhost:3030/_next/static/chunks/04m2_next_dist_01d_w1-._.js:2431
[  474269ms] [LOG] [Fast Refresh] done in 117ms @ http://localhost:3030/_next/static/chunks/04m2_next_dist_01d_w1-._.js:2431
[  474366ms] [INFO] %c%s%c [setup-health] background: #e6e6e6;background: light-dark(rgba(0,0,0,0.1), rgba(255,255,255,0.25));color: #000000;color: light-dark(#000000, #ffffff);border-radius: 2px  Server   panel-layout {tenantId: cmrvvipw70000oyyo6123270j, userId: cmrvvipy90009oyyocqnstw83, score: 40, completedCount: 2, totalCriticalCount: 5} @ http://localhost:3030/_next/static/chunks/04m2_next_dist_01d_w1-._.js:2431
[  474411ms] [LOG] [Fast Refresh] rebuilding @ http://localhost:3030/_next/static/chunks/04m2_next_dist_01d_w1-._.js:2431
[  474420ms] [LOG] [Fast Refresh] done in 110ms @ http://localhost:3030/_next/static/chunks/04m2_next_dist_01d_w1-._.js:2431
[  474573ms] [LOG] [Fast Refresh] rebuilding @ http://localhost:3030/_next/static/chunks/04m2_next_dist_01d_w1-._.js:2431
[  474591ms] [INFO] %c%s%c [setup-health] background: #e6e6e6;background: light-dark(rgba(0,0,0,0.1), rgba(255,255,255,0.25));color: #000000;color: light-dark(#000000, #ffffff);border-radius: 2px  Server   panel-layout {tenantId: cmrvvipw70000oyyo6123270j, userId: cmrvvipy90009oyyocqnstw83, score: 40, completedCount: 2, totalCriticalCount: 5} @ http://localhost:3030/_next/static/chunks/04m2_next_dist_01d_w1-._.js:2431
[  474603ms] [LOG] [Fast Refresh] done in 130ms @ http://localhost:3030/_next/static/chunks/04m2_next_dist_01d_w1-._.js:2431
[  474746ms] [INFO] %c%s%c [setup-health] background: #e6e6e6;background: light-dark(rgba(0,0,0,0.1), rgba(255,255,255,0.25));color: #000000;color: light-dark(#000000, #ffffff);border-radius: 2px  Server   panel-layout {tenantId: cmrvvipw70000oyyo6123270j, userId: cmrvvipy90009oyyocqnstw83, score: 40, completedCount: 2, totalCriticalCount: 5} @ http://localhost:3030/_next/static/chunks/04m2_next_dist_01d_w1-._.js:2431
[  474941ms] [INFO] %c%s%c [setup-health] background: #e6e6e6;background: light-dark(rgba(0,0,0,0.1), rgba(255,255,255,0.25));color: #000000;color: light-dark(#000000, #ffffff);border-radius: 2px  Server   panel-layout {tenantId: cmrvvipw70000oyyo6123270j, userId: cmrvvipy90009oyyocqnstw83, score: 40, completedCount: 2, totalCriticalCount: 5} @ http://localhost:3030/_next/static/chunks/04m2_next_dist_01d_w1-._.js:2431
[  475071ms] [INFO] %c%s%c [setup-health] background: #e6e6e6;background: light-dark(rgba(0,0,0,0.1), rgba(255,255,255,0.25));color: #000000;color: light-dark(#000000, #ffffff);border-radius: 2px  Server   panel-layout {tenantId: cmrvvipw70000oyyo6123270j, userId: cmrvvipy90009oyyocqnstw83, score: 40, completedCount: 2, totalCriticalCount: 5} @ http://localhost:3030/_next/static/chunks/04m2_next_dist_01d_w1-._.js:2431
[  475201ms] [INFO] %c%s%c [setup-health] background: #e6e6e6;background: light-dark(rgba(0,0,0,0.1), rgba(255,255,255,0.25));color: #000000;color: light-dark(#000000, #ffffff);border-radius: 2px  Server   panel-layout {tenantId: cmrvvipw70000oyyo6123270j, userId: cmrvvipy90009oyyocqnstw83, score: 40, completedCount: 2, totalCriticalCount: 5} @ http://localhost:3030/_next/static/chunks/04m2_next_dist_01d_w1-._.js:2431
[  475585ms] [LOG] [Fast Refresh] rebuilding @ http://localhost:3030/_next/static/chunks/04m2_next_dist_01d_w1-._.js:2431
[  475586ms] [LOG] [Fast Refresh] done in 111ms @ http://localhost:3030/_next/static/chunks/04m2_next_dist_01d_w1-._.js:2431
[  475706ms] [LOG] [Fast Refresh] rebuilding @ http://localhost:3030/_next/static/chunks/04m2_next_dist_01d_w1-._.js:2431
[  475710ms] [LOG] [Fast Refresh] done in 104ms @ http://localhost:3030/_next/static/chunks/04m2_next_dist_01d_w1-._.js:2431
[  475851ms] [LOG] [Fast Refresh] rebuilding @ http://localhost:3030/_next/static/chunks/04m2_next_dist_01d_w1-._.js:2431
[  475856ms] [LOG] [Fast Refresh] done in 115ms @ http://localhost:3030/_next/static/chunks/04m2_next_dist_01d_w1-._.js:2431
[  475989ms] [LOG] [Fast Refresh] rebuilding @ http://localhost:3030/_next/static/chunks/04m2_next_dist_01d_w1-._.js:2431
[  476008ms] [LOG] [Fast Refresh] done in 122ms @ http://localhost:3030/_next/static/chunks/04m2_next_dist_01d_w1-._.js:2431
[  476133ms] [LOG] [Fast Refresh] rebuilding @ http://localhost:3030/_next/static/chunks/04m2_next_dist_01d_w1-._.js:2431
[  476153ms] [LOG] [Fast Refresh] done in 126ms @ http://localhost:3030/_next/static/chunks/04m2_next_dist_01d_w1-._.js:2431
[  477487ms] [LOG] [Fast Refresh] rebuilding @ http://localhost:3030/_next/static/chunks/04m2_next_dist_01d_w1-._.js:2431
[  477496ms] [LOG] [Fast Refresh] done in 113ms @ http://localhost:3030/_next/static/chunks/04m2_next_dist_01d_w1-._.js:2431
[  478627ms] [LOG] [Fast Refresh] rebuilding @ http://localhost:3030/_next/static/chunks/04m2_next_dist_01d_w1-._.js:2431
[  478627ms] [LOG] [Fast Refresh] done in 103ms @ http://localhost:3030/_next/static/chunks/04m2_next_dist_01d_w1-._.js:2431
[  478781ms] [LOG] [Fast Refresh] rebuilding @ http://localhost:3030/_next/static/chunks/04m2_next_dist_01d_w1-._.js:2431
[  478782ms] [LOG] [Fast Refresh] done in 113ms @ http://localhost:3030/_next/static/chunks/04m2_next_dist_01d_w1-._.js:2431
[  479205ms] [LOG] [Fast Refresh] rebuilding @ http://localhost:3030/_next/static/chunks/04m2_next_dist_01d_w1-._.js:2431
[  479215ms] [LOG] [Fast Refresh] done in 118ms @ http://localhost:3030/_next/static/chunks/04m2_next_dist_01d_w1-._.js:2431
[  479328ms] [LOG] [Fast Refresh] rebuilding @ http://localhost:3030/_next/static/chunks/04m2_next_dist_01d_w1-._.js:2431
[  479361ms] [LOG] [Fast Refresh] done in 134ms @ http://localhost:3030/_next/static/chunks/04m2_next_dist_01d_w1-._.js:2431
[  479469ms] [LOG] [Fast Refresh] rebuilding @ http://localhost:3030/_next/static/chunks/04m2_next_dist_01d_w1-._.js:2431
[  479513ms] [LOG] [Fast Refresh] done in 151ms @ http://localhost:3030/_next/static/chunks/04m2_next_dist_01d_w1-._.js:2431
[  479827ms] [LOG] [Fast Refresh] rebuilding @ http://localhost:3030/_next/static/chunks/04m2_next_dist_01d_w1-._.js:2431
[  479835ms] [LOG] [Fast Refresh] done in 109ms @ http://localhost:3030/_next/static/chunks/04m2_next_dist_01d_w1-._.js:2431
[  479967ms] [LOG] [Fast Refresh] rebuilding @ http://localhost:3030/_next/static/chunks/04m2_next_dist_01d_w1-._.js:2431
[  479968ms] [LOG] [Fast Refresh] done in 104ms @ http://localhost:3030/_next/static/chunks/04m2_next_dist_01d_w1-._.js:2431
[  480391ms] [LOG] [Fast Refresh] rebuilding @ http://localhost:3030/_next/static/chunks/04m2_next_dist_01d_w1-._.js:2431
[  480414ms] [LOG] [Fast Refresh] done in 128ms @ http://localhost:3030/_next/static/chunks/04m2_next_dist_01d_w1-._.js:2431
[  480574ms] [LOG] [Fast Refresh] rebuilding @ http://localhost:3030/_next/static/chunks/04m2_next_dist_01d_w1-._.js:2431
[  480575ms] [LOG] [Fast Refresh] done in 108ms @ http://localhost:3030/_next/static/chunks/04m2_next_dist_01d_w1-._.js:2431
[  481000ms] [LOG] [Fast Refresh] rebuilding @ http://localhost:3030/_next/static/chunks/04m2_next_dist_01d_w1-._.js:2431
[  481002ms] [LOG] [Fast Refresh] done in 107ms @ http://localhost:3030/_next/static/chunks/04m2_next_dist_01d_w1-._.js:2431
[  483393ms] [LOG] [Fast Refresh] rebuilding @ http://localhost:3030/_next/static/chunks/04m2_next_dist_01d_w1-._.js:2431
[  483903ms] [LOG] [Fast Refresh] done in 614ms @ http://localhost:3030/_next/static/chunks/04m2_next_dist_01d_w1-._.js:2431
[  484070ms] [LOG] [Fast Refresh] rebuilding @ http://localhost:3030/_next/static/chunks/04m2_next_dist_01d_w1-._.js:2431
[  484261ms] [LOG] [Fast Refresh] done in 298ms @ http://localhost:3030/_next/static/chunks/04m2_next_dist_01d_w1-._.js:2431
[  484398ms] [LOG] [Fast Refresh] rebuilding @ http://localhost:3030/_next/static/chunks/04m2_next_dist_01d_w1-._.js:2431
[  484423ms] [LOG] [Fast Refresh] done in 133ms @ http://localhost:3030/_next/static/chunks/04m2_next_dist_01d_w1-._.js:2431
[  484568ms] [INFO] %c%s%c [setup-health] background: #e6e6e6;background: light-dark(rgba(0,0,0,0.1), rgba(255,255,255,0.25));color: #000000;color: light-dark(#000000, #ffffff);border-radius: 2px  Server   panel-layout {tenantId: cmrvvipw70000oyyo6123270j, userId: cmrvvipy90009oyyocqnstw83, score: 40, completedCount: 2, totalCriticalCount: 5} @ http://localhost:3030/_next/static/chunks/04m2_next_dist_01d_w1-._.js:2431
[  484814ms] [LOG] [Fast Refresh] rebuilding @ http://localhost:3030/_next/static/chunks/04m2_next_dist_01d_w1-._.js:2431
[  484821ms] [LOG] [Fast Refresh] done in 107ms @ http://localhost:3030/_next/static/chunks/04m2_next_dist_01d_w1-._.js:2431
[  485662ms] [LOG] [Fast Refresh] rebuilding @ http://localhost:3030/_next/static/chunks/04m2_next_dist_01d_w1-._.js:2431
[  485728ms] [LOG] [Fast Refresh] done in 176ms @ http://localhost:3030/_next/static/chunks/04m2_next_dist_01d_w1-._.js:2431
[  485862ms] [LOG] [Fast Refresh] rebuilding @ http://localhost:3030/_next/static/chunks/04m2_next_dist_01d_w1-._.js:2431
[  485866ms] [LOG] [Fast Refresh] done in 110ms @ http://localhost:3030/_next/static/chunks/04m2_next_dist_01d_w1-._.js:2431
[  488488ms] [LOG] [Fast Refresh] rebuilding @ http://localhost:3030/_next/static/chunks/04m2_next_dist_01d_w1-._.js:2431
[  488799ms] [LOG] [Fast Refresh] done in 422ms @ http://localhost:3030/_next/static/chunks/04m2_next_dist_01d_w1-._.js:2431
[  488937ms] [LOG] [Fast Refresh] rebuilding @ http://localhost:3030/_next/static/chunks/04m2_next_dist_01d_w1-._.js:2431
[  489103ms] [LOG] [Fast Refresh] done in 270ms @ http://localhost:3030/_next/static/chunks/04m2_next_dist_01d_w1-._.js:2431
[  489238ms] [LOG] [Fast Refresh] rebuilding @ http://localhost:3030/_next/static/chunks/04m2_next_dist_01d_w1-._.js:2431
[  489239ms] [LOG] [Fast Refresh] done in 108ms @ http://localhost:3030/_next/static/chunks/04m2_next_dist_01d_w1-._.js:2431
[  489337ms] [INFO] %c%s%c [setup-health] background: #e6e6e6;background: light-dark(rgba(0,0,0,0.1), rgba(255,255,255,0.25));color: #000000;color: light-dark(#000000, #ffffff);border-radius: 2px  Server   panel-layout {tenantId: cmrvvipw70000oyyo6123270j, userId: cmrvvipy90009oyyocqnstw83, score: 40, completedCount: 2, totalCriticalCount: 5} @ http://localhost:3030/_next/static/chunks/04m2_next_dist_01d_w1-._.js:2431
[  540552ms] [LOG] [Fast Refresh] rebuilding @ http://localhost:3030/_next/static/chunks/04m2_next_dist_01d_w1-._.js:2431
[  541151ms] [LOG] [Fast Refresh] done in 703ms @ http://localhost:3030/_next/static/chunks/04m2_next_dist_01d_w1-._.js:2431
[  541344ms] [LOG] [Fast Refresh] rebuilding @ http://localhost:3030/_next/static/chunks/04m2_next_dist_01d_w1-._.js:2431
[  541375ms] [LOG] [Fast Refresh] done in 138ms @ http://localhost:3030/_next/static/chunks/04m2_next_dist_01d_w1-._.js:2431
[  541403ms] [INFO] %c%s%c [setup-health] background: #e6e6e6;background: light-dark(rgba(0,0,0,0.1), rgba(255,255,255,0.25));color: #000000;color: light-dark(#000000, #ffffff);border-radius: 2px  Server   panel-layout {tenantId: cmrvvipw70000oyyo6123270j, userId: cmrvvipy90009oyyocqnstw83, score: 40, completedCount: 2, totalCriticalCount: 5} @ http://localhost:3030/_next/static/chunks/04m2_next_dist_01d_w1-._.js:2431
[  541632ms] [INFO] %c%s%c [setup-health] background: #e6e6e6;background: light-dark(rgba(0,0,0,0.1), rgba(255,255,255,0.25));color: #000000;color: light-dark(#000000, #ffffff);border-radius: 2px  Server   panel-layout {tenantId: cmrvvipw70000oyyo6123270j, userId: cmrvvipy90009oyyocqnstw83, score: 40, completedCount: 2, totalCriticalCount: 5} @ http://localhost:3030/_next/static/chunks/04m2_next_dist_01d_w1-._.js:2431
[  541770ms] [LOG] [Fast Refresh] rebuilding @ http://localhost:3030/_next/static/chunks/04m2_next_dist_01d_w1-._.js:2431
[  541850ms] [LOG] [Fast Refresh] done in 184ms @ http://localhost:3030/_next/static/chunks/04m2_next_dist_01d_w1-._.js:2431
[  541932ms] [INFO] %c%s%c [setup-health] background: #e6e6e6;background: light-dark(rgba(0,0,0,0.1), rgba(255,255,255,0.25));color: #000000;color: light-dark(#000000, #ffffff);border-radius: 2px  Server   panel-layout {tenantId: cmrvvipw70000oyyo6123270j, userId: cmrvvipy90009oyyocqnstw83, score: 40, completedCount: 2, totalCriticalCount: 5} @ http://localhost:3030/_next/static/chunks/04m2_next_dist_01d_w1-._.js:2431
[  542358ms] [INFO] %c%s%c [setup-health] background: #e6e6e6;background: light-dark(rgba(0,0,0,0.1), rgba(255,255,255,0.25));color: #000000;color: light-dark(#000000, #ffffff);border-radius: 2px  Server   panel-layout {tenantId: cmrvvipw70000oyyo6123270j, userId: cmrvvipy90009oyyocqnstw83, score: 40, completedCount: 2, totalCriticalCount: 5} @ http://localhost:3030/_next/static/chunks/04m2_next_dist_01d_w1-._.js:2431
[  542422ms] [LOG] [Fast Refresh] rebuilding @ http://localhost:3030/_next/static/chunks/04m2_next_dist_01d_w1-._.js:2431
[  542443ms] [LOG] [Fast Refresh] done in 122ms @ http://localhost:3030/_next/static/chunks/04m2_next_dist_01d_w1-._.js:2431
[  542565ms] [INFO] %c%s%c [setup-health] background: #e6e6e6;background: light-dark(rgba(0,0,0,0.1), rgba(255,255,255,0.25));color: #000000;color: light-dark(#000000, #ffffff);border-radius: 2px  Server   panel-layout {tenantId: cmrvvipw70000oyyo6123270j, userId: cmrvvipy90009oyyocqnstw83, score: 40, completedCount: 2, totalCriticalCount: 5} @ http://localhost:3030/_next/static/chunks/04m2_next_dist_01d_w1-._.js:2431
[  542797ms] [LOG] [Fast Refresh] rebuilding @ http://localhost:3030/_next/static/chunks/04m2_next_dist_01d_w1-._.js:2431
[  542798ms] [LOG] [Fast Refresh] done in 102ms @ http://localhost:3030/_next/static/chunks/04m2_next_dist_01d_w1-._.js:2431
[  542801ms] [INFO] %c%s%c [setup-health] background: #e6e6e6;background: light-dark(rgba(0,0,0,0.1), rgba(255,255,255,0.25));color: #000000;color: light-dark(#000000, #ffffff);border-radius: 2px  Server   panel-layout {tenantId: cmrvvipw70000oyyo6123270j, userId: cmrvvipy90009oyyocqnstw83, score: 40, completedCount: 2, totalCriticalCount: 5} @ http://localhost:3030/_next/static/chunks/04m2_next_dist_01d_w1-._.js:2431
[  542987ms] [INFO] %c%s%c [setup-health] background: #e6e6e6;background: light-dark(rgba(0,0,0,0.1), rgba(255,255,255,0.25));color: #000000;color: light-dark(#000000, #ffffff);border-radius: 2px  Server   panel-layout {tenantId: cmrvvipw70000oyyo6123270j, userId: cmrvvipy90009oyyocqnstw83, score: 40, completedCount: 2, totalCriticalCount: 5} @ http://localhost:3030/_next/static/chunks/04m2_next_dist_01d_w1-._.js:2431
[  543259ms] [INFO] %c%s%c [setup-health] background: #e6e6e6;background: light-dark(rgba(0,0,0,0.1), rgba(255,255,255,0.25));color: #000000;color: light-dark(#000000, #ffffff);border-radius: 2px  Server   panel-layout {tenantId: cmrvvipw70000oyyo6123270j, userId: cmrvvipy90009oyyocqnstw83, score: 40, completedCount: 2, totalCriticalCount: 5} @ http://localhost:3030/_next/static/chunks/04m2_next_dist_01d_w1-._.js:2431
[  543509ms] [INFO] %c%s%c [setup-health] background: #e6e6e6;background: light-dark(rgba(0,0,0,0.1), rgba(255,255,255,0.25));color: #000000;color: light-dark(#000000, #ffffff);border-radius: 2px  Server   panel-layout {tenantId: cmrvvipw70000oyyo6123270j, userId: cmrvvipy90009oyyocqnstw83, score: 40, completedCount: 2, totalCriticalCount: 5} @ http://localhost:3030/_next/static/chunks/04m2_next_dist_01d_w1-._.js:2431
[  543578ms] [LOG] [Fast Refresh] rebuilding @ http://localhost:3030/_next/static/chunks/04m2_next_dist_01d_w1-._.js:2431
[  543590ms] [LOG] [Fast Refresh] done in 118ms @ http://localhost:3030/_next/static/chunks/04m2_next_dist_01d_w1-._.js:2431
[  543761ms] [INFO] %c%s%c [setup-health] background: #e6e6e6;background: light-dark(rgba(0,0,0,0.1), rgba(255,255,255,0.25));color: #000000;color: light-dark(#000000, #ffffff);border-radius: 2px  Server   panel-layout {tenantId: cmrvvipw70000oyyo6123270j, userId: cmrvvipy90009oyyocqnstw83, score: 40, completedCount: 2, totalCriticalCount: 5} @ http://localhost:3030/_next/static/chunks/04m2_next_dist_01d_w1-._.js:2431
[  543981ms] [INFO] %c%s%c [setup-health] background: #e6e6e6;background: light-dark(rgba(0,0,0,0.1), rgba(255,255,255,0.25));color: #000000;color: light-dark(#000000, #ffffff);border-radius: 2px  Server   panel-layout {tenantId: cmrvvipw70000oyyo6123270j, userId: cmrvvipy90009oyyocqnstw83, score: 40, completedCount: 2, totalCriticalCount: 5} @ http://localhost:3030/_next/static/chunks/04m2_next_dist_01d_w1-._.js:2431
[  544160ms] [INFO] %c%s%c [setup-health] background: #e6e6e6;background: light-dark(rgba(0,0,0,0.1), rgba(255,255,255,0.25));color: #000000;color: light-dark(#000000, #ffffff);border-radius: 2px  Server   panel-layout {tenantId: cmrvvipw70000oyyo6123270j, userId: cmrvvipy90009oyyocqnstw83, score: 40, completedCount: 2, totalCriticalCount: 5} @ http://localhost:3030/_next/static/chunks/04m2_next_dist_01d_w1-._.js:2431
[  544357ms] [INFO] %c%s%c [setup-health] background: #e6e6e6;background: light-dark(rgba(0,0,0,0.1), rgba(255,255,255,0.25));color: #000000;color: light-dark(#000000, #ffffff);border-radius: 2px  Server   panel-layout {tenantId: cmrvvipw70000oyyo6123270j, userId: cmrvvipy90009oyyocqnstw83, score: 40, completedCount: 2, totalCriticalCount: 5} @ http://localhost:3030/_next/static/chunks/04m2_next_dist_01d_w1-._.js:2431
[  544519ms] [INFO] %c%s%c [setup-health] background: #e6e6e6;background: light-dark(rgba(0,0,0,0.1), rgba(255,255,255,0.25));color: #000000;color: light-dark(#000000, #ffffff);border-radius: 2px  Server   panel-layout {tenantId: cmrvvipw70000oyyo6123270j, userId: cmrvvipy90009oyyocqnstw83, score: 40, completedCount: 2, totalCriticalCount: 5} @ http://localhost:3030/_next/static/chunks/04m2_next_dist_01d_w1-._.js:2431
[  544623ms] [LOG] [Fast Refresh] rebuilding @ http://localhost:3030/_next/static/chunks/04m2_next_dist_01d_w1-._.js:2431
[  544624ms] [LOG] [Fast Refresh] done in 102ms @ http://localhost:3030/_next/static/chunks/04m2_next_dist_01d_w1-._.js:2431
[  544761ms] [INFO] %c%s%c [setup-health] background: #e6e6e6;background: light-dark(rgba(0,0,0,0.1), rgba(255,255,255,0.25));color: #000000;color: light-dark(#000000, #ffffff);border-radius: 2px  Server   panel-layout {tenantId: cmrvvipw70000oyyo6123270j, userId: cmrvvipy90009oyyocqnstw83, score: 40, completedCount: 2, totalCriticalCount: 5} @ http://localhost:3030/_next/static/chunks/04m2_next_dist_01d_w1-._.js:2431
[  544963ms] [INFO] %c%s%c [setup-health] background: #e6e6e6;background: light-dark(rgba(0,0,0,0.1), rgba(255,255,255,0.25));color: #000000;color: light-dark(#000000, #ffffff);border-radius: 2px  Server   panel-layout {tenantId: cmrvvipw70000oyyo6123270j, userId: cmrvvipy90009oyyocqnstw83, score: 40, completedCount: 2, totalCriticalCount: 5} @ http://localhost:3030/_next/static/chunks/04m2_next_dist_01d_w1-._.js:2431
[  545111ms] [INFO] %c%s%c [setup-health] background: #e6e6e6;background: light-dark(rgba(0,0,0,0.1), rgba(255,255,255,0.25));color: #000000;color: light-dark(#000000, #ffffff);border-radius: 2px  Server   panel-layout {tenantId: cmrvvipw70000oyyo6123270j, userId: cmrvvipy90009oyyocqnstw83, score: 40, completedCount: 2, totalCriticalCount: 5} @ http://localhost:3030/_next/static/chunks/04m2_next_dist_01d_w1-._.js:2431
[  545318ms] [INFO] %c%s%c [setup-health] background: #e6e6e6;background: light-dark(rgba(0,0,0,0.1), rgba(255,255,255,0.25));color: #000000;color: light-dark(#000000, #ffffff);border-radius: 2px  Server   panel-layout {tenantId: cmrvvipw70000oyyo6123270j, userId: cmrvvipy90009oyyocqnstw83, score: 40, completedCount: 2, totalCriticalCount: 5} @ http://localhost:3030/_next/static/chunks/04m2_next_dist_01d_w1-._.js:2431
[  545511ms] [INFO] %c%s%c [setup-health] background: #e6e6e6;background: light-dark(rgba(0,0,0,0.1), rgba(255,255,255,0.25));color: #000000;color: light-dark(#000000, #ffffff);border-radius: 2px  Server   panel-layout {tenantId: cmrvvipw70000oyyo6123270j, userId: cmrvvipy90009oyyocqnstw83, score: 40, completedCount: 2, totalCriticalCount: 5} @ http://localhost:3030/_next/static/chunks/04m2_next_dist_01d_w1-._.js:2431
[  545584ms] [LOG] [Fast Refresh] rebuilding @ http://localhost:3030/_next/static/chunks/04m2_next_dist_01d_w1-._.js:2431
[  545591ms] [LOG] [Fast Refresh] done in 109ms @ http://localhost:3030/_next/static/chunks/04m2_next_dist_01d_w1-._.js:2431
[  545687ms] [INFO] %c%s%c [setup-health] background: #e6e6e6;background: light-dark(rgba(0,0,0,0.1), rgba(255,255,255,0.25));color: #000000;color: light-dark(#000000, #ffffff);border-radius: 2px  Server   panel-layout {tenantId: cmrvvipw70000oyyo6123270j, userId: cmrvvipy90009oyyocqnstw83, score: 40, completedCount: 2, totalCriticalCount: 5} @ http://localhost:3030/_next/static/chunks/04m2_next_dist_01d_w1-._.js:2431
[  545803ms] [LOG] [Fast Refresh] rebuilding @ http://localhost:3030/_next/static/chunks/04m2_next_dist_01d_w1-._.js:2431
[  545806ms] [LOG] [Fast Refresh] done in 106ms @ http://localhost:3030/_next/static/chunks/04m2_next_dist_01d_w1-._.js:2431
[  546119ms] [INFO] %c%s%c [setup-health] background: #e6e6e6;background: light-dark(rgba(0,0,0,0.1), rgba(255,255,255,0.25));color: #000000;color: light-dark(#000000, #ffffff);border-radius: 2px  Server   panel-layout {tenantId: cmrvvipw70000oyyo6123270j, userId: cmrvvipy90009oyyocqnstw83, score: 40, completedCount: 2, totalCriticalCount: 5} @ http://localhost:3030/_next/static/chunks/04m2_next_dist_01d_w1-._.js:2431
[  546255ms] [INFO] %c%s%c [setup-health] background: #e6e6e6;background: light-dark(rgba(0,0,0,0.1), rgba(255,255,255,0.25));color: #000000;color: light-dark(#000000, #ffffff);border-radius: 2px  Server   panel-layout {tenantId: cmrvvipw70000oyyo6123270j, userId: cmrvvipy90009oyyocqnstw83, score: 40, completedCount: 2, totalCriticalCount: 5} @ http://localhost:3030/_next/static/chunks/04m2_next_dist_01d_w1-._.js:2431
[  546446ms] [INFO] %c%s%c [setup-health] background: #e6e6e6;background: light-dark(rgba(0,0,0,0.1), rgba(255,255,255,0.25));color: #000000;color: light-dark(#000000, #ffffff);border-radius: 2px  Server   panel-layout {tenantId: cmrvvipw70000oyyo6123270j, userId: cmrvvipy90009oyyocqnstw83, score: 40, completedCount: 2, totalCriticalCount: 5} @ http://localhost:3030/_next/static/chunks/04m2_next_dist_01d_w1-._.js:2431
[  546622ms] [INFO] %c%s%c [setup-health] background: #e6e6e6;background: light-dark(rgba(0,0,0,0.1), rgba(255,255,255,0.25));color: #000000;color: light-dark(#000000, #ffffff);border-radius: 2px  Server   panel-layout {tenantId: cmrvvipw70000oyyo6123270j, userId: cmrvvipy90009oyyocqnstw83, score: 40, completedCount: 2, totalCriticalCount: 5} @ http://localhost:3030/_next/static/chunks/04m2_next_dist_01d_w1-._.js:2431
[  546730ms] [LOG] [Fast Refresh] rebuilding @ http://localhost:3030/_next/static/chunks/04m2_next_dist_01d_w1-._.js:2431
[  546737ms] [LOG] [Fast Refresh] done in 109ms @ http://localhost:3030/_next/static/chunks/04m2_next_dist_01d_w1-._.js:2431
[  546843ms] [INFO] %c%s%c [setup-health] background: #e6e6e6;background: light-dark(rgba(0,0,0,0.1), rgba(255,255,255,0.25));color: #000000;color: light-dark(#000000, #ffffff);border-radius: 2px  Server   panel-layout {tenantId: cmrvvipw70000oyyo6123270j, userId: cmrvvipy90009oyyocqnstw83, score: 40, completedCount: 2, totalCriticalCount: 5} @ http://localhost:3030/_next/static/chunks/04m2_next_dist_01d_w1-._.js:2431
[  547048ms] [INFO] %c%s%c [setup-health] background: #e6e6e6;background: light-dark(rgba(0,0,0,0.1), rgba(255,255,255,0.25));color: #000000;color: light-dark(#000000, #ffffff);border-radius: 2px  Server   panel-layout {tenantId: cmrvvipw70000oyyo6123270j, userId: cmrvvipy90009oyyocqnstw83, score: 40, completedCount: 2, totalCriticalCount: 5} @ http://localhost:3030/_next/static/chunks/04m2_next_dist_01d_w1-._.js:2431
[  547220ms] [INFO] %c%s%c [setup-health] background: #e6e6e6;background: light-dark(rgba(0,0,0,0.1), rgba(255,255,255,0.25));color: #000000;color: light-dark(#000000, #ffffff);border-radius: 2px  Server   panel-layout {tenantId: cmrvvipw70000oyyo6123270j, userId: cmrvvipy90009oyyocqnstw83, score: 40, completedCount: 2, totalCriticalCount: 5} @ http://localhost:3030/_next/static/chunks/04m2_next_dist_01d_w1-._.js:2431
[  547440ms] [INFO] %c%s%c [setup-health] background: #e6e6e6;background: light-dark(rgba(0,0,0,0.1), rgba(255,255,255,0.25));color: #000000;color: light-dark(#000000, #ffffff);border-radius: 2px  Server   panel-layout {tenantId: cmrvvipw70000oyyo6123270j, userId: cmrvvipy90009oyyocqnstw83, score: 40, completedCount: 2, totalCriticalCount: 5} @ http://localhost:3030/_next/static/chunks/04m2_next_dist_01d_w1-._.js:2431
[  547634ms] [INFO] %c%s%c [setup-health] background: #e6e6e6;background: light-dark(rgba(0,0,0,0.1), rgba(255,255,255,0.25));color: #000000;color: light-dark(#000000, #ffffff);border-radius: 2px  Server   panel-layout {tenantId: cmrvvipw70000oyyo6123270j, userId: cmrvvipy90009oyyocqnstw83, score: 40, completedCount: 2, totalCriticalCount: 5} @ http://localhost:3030/_next/static/chunks/04m2_next_dist_01d_w1-._.js:2431
[  547730ms] [LOG] [Fast Refresh] rebuilding @ http://localhost:3030/_next/static/chunks/04m2_next_dist_01d_w1-._.js:2431
[  547740ms] [LOG] [Fast Refresh] done in 112ms @ http://localhost:3030/_next/static/chunks/04m2_next_dist_01d_w1-._.js:2431
[  547846ms] [INFO] %c%s%c [setup-health] background: #e6e6e6;background: light-dark(rgba(0,0,0,0.1), rgba(255,255,255,0.25));color: #000000;color: light-dark(#000000, #ffffff);border-radius: 2px  Server   panel-layout {tenantId: cmrvvipw70000oyyo6123270j, userId: cmrvvipy90009oyyocqnstw83, score: 40, completedCount: 2, totalCriticalCount: 5} @ http://localhost:3030/_next/static/chunks/04m2_next_dist_01d_w1-._.js:2431
[  548034ms] [INFO] %c%s%c [setup-health] background: #e6e6e6;background: light-dark(rgba(0,0,0,0.1), rgba(255,255,255,0.25));color: #000000;color: light-dark(#000000, #ffffff);border-radius: 2px  Server   panel-layout {tenantId: cmrvvipw70000oyyo6123270j, userId: cmrvvipy90009oyyocqnstw83, score: 40, completedCount: 2, totalCriticalCount: 5} @ http://localhost:3030/_next/static/chunks/04m2_next_dist_01d_w1-._.js:2431
[  548201ms] [INFO] %c%s%c [setup-health] background: #e6e6e6;background: light-dark(rgba(0,0,0,0.1), rgba(255,255,255,0.25));color: #000000;color: light-dark(#000000, #ffffff);border-radius: 2px  Server   panel-layout {tenantId: cmrvvipw70000oyyo6123270j, userId: cmrvvipy90009oyyocqnstw83, score: 40, completedCount: 2, totalCriticalCount: 5} @ http://localhost:3030/_next/static/chunks/04m2_next_dist_01d_w1-._.js:2431
[  548401ms] [INFO] %c%s%c [setup-health] background: #e6e6e6;background: light-dark(rgba(0,0,0,0.1), rgba(255,255,255,0.25));color: #000000;color: light-dark(#000000, #ffffff);border-radius: 2px  Server   panel-layout {tenantId: cmrvvipw70000oyyo6123270j, userId: cmrvvipy90009oyyocqnstw83, score: 40, completedCount: 2, totalCriticalCount: 5} @ http://localhost:3030/_next/static/chunks/04m2_next_dist_01d_w1-._.js:2431
[  548565ms] [INFO] %c%s%c [setup-health] background: #e6e6e6;background: light-dark(rgba(0,0,0,0.1), rgba(255,255,255,0.25));color: #000000;color: light-dark(#000000, #ffffff);border-radius: 2px  Server   panel-layout {tenantId: cmrvvipw70000oyyo6123270j, userId: cmrvvipy90009oyyocqnstw83, score: 40, completedCount: 2, totalCriticalCount: 5} @ http://localhost:3030/_next/static/chunks/04m2_next_dist_01d_w1-._.js:2431
[  548794ms] [INFO] %c%s%c [setup-health] background: #e6e6e6;background: light-dark(rgba(0,0,0,0.1), rgba(255,255,255,0.25));color: #000000;color: light-dark(#000000, #ffffff);border-radius: 2px  Server   panel-layout {tenantId: cmrvvipw70000oyyo6123270j, userId: cmrvvipy90009oyyocqnstw83, score: 40, completedCount: 2, totalCriticalCount: 5} @ http://localhost:3030/_next/static/chunks/04m2_next_dist_01d_w1-._.js:2431
[  549008ms] [INFO] %c%s%c [setup-health] background: #e6e6e6;background: light-dark(rgba(0,0,0,0.1), rgba(255,255,255,0.25));color: #000000;color: light-dark(#000000, #ffffff);border-radius: 2px  Server   panel-layout {tenantId: cmrvvipw70000oyyo6123270j, userId: cmrvvipy90009oyyocqnstw83, score: 40, completedCount: 2, totalCriticalCount: 5} @ http://localhost:3030/_next/static/chunks/04m2_next_dist_01d_w1-._.js:2431
[  549190ms] [INFO] %c%s%c [setup-health] background: #e6e6e6;background: light-dark(rgba(0,0,0,0.1), rgba(255,255,255,0.25));color: #000000;color: light-dark(#000000, #ffffff);border-radius: 2px  Server   panel-layout {tenantId: cmrvvipw70000oyyo6123270j, userId: cmrvvipy90009oyyocqnstw83, score: 40, completedCount: 2, totalCriticalCount: 5} @ http://localhost:3030/_next/static/chunks/04m2_next_dist_01d_w1-._.js:2431
[  549386ms] [LOG] [Fast Refresh] rebuilding @ http://localhost:3030/_next/static/chunks/04m2_next_dist_01d_w1-._.js:2431
[  549634ms] [LOG] [Fast Refresh] done in 351ms @ http://localhost:3030/_next/static/chunks/04m2_next_dist_01d_w1-._.js:2431
[  549683ms] [INFO] %c%s%c [setup-health] background: #e6e6e6;background: light-dark(rgba(0,0,0,0.1), rgba(255,255,255,0.25));color: #000000;color: light-dark(#000000, #ffffff);border-radius: 2px  Server   panel-layout {tenantId: cmrvvipw70000oyyo6123270j, userId: cmrvvipy90009oyyocqnstw83, score: 40, completedCount: 2, totalCriticalCount: 5} @ http://localhost:3030/_next/static/chunks/04m2_next_dist_01d_w1-._.js:2431
[  549857ms] [INFO] %c%s%c [setup-health] background: #e6e6e6;background: light-dark(rgba(0,0,0,0.1), rgba(255,255,255,0.25));color: #000000;color: light-dark(#000000, #ffffff);border-radius: 2px  Server   panel-layout {tenantId: cmrvvipw70000oyyo6123270j, userId: cmrvvipy90009oyyocqnstw83, score: 40, completedCount: 2, totalCriticalCount: 5} @ http://localhost:3030/_next/static/chunks/04m2_next_dist_01d_w1-._.js:2431
[  549985ms] [LOG] [Fast Refresh] rebuilding @ http://localhost:3030/_next/static/chunks/04m2_next_dist_01d_w1-._.js:2431
[  550017ms] [LOG] [Fast Refresh] done in 134ms @ http://localhost:3030/_next/static/chunks/04m2_next_dist_01d_w1-._.js:2431
[  550118ms] [LOG] [Fast Refresh] rebuilding @ http://localhost:3030/_next/static/chunks/04m2_next_dist_01d_w1-._.js:2431
[  550129ms] [INFO] %c%s%c [setup-health] background: #e6e6e6;background: light-dark(rgba(0,0,0,0.1), rgba(255,255,255,0.25));color: #000000;color: light-dark(#000000, #ffffff);border-radius: 2px  Server   panel-layout {tenantId: cmrvvipw70000oyyo6123270j, userId: cmrvvipy90009oyyocqnstw83, score: 40, completedCount: 2, totalCriticalCount: 5} @ http://localhost:3030/_next/static/chunks/04m2_next_dist_01d_w1-._.js:2431
[  550196ms] [LOG] [Fast Refresh] done in 177ms @ http://localhost:3030/_next/static/chunks/04m2_next_dist_01d_w1-._.js:2431
[  550367ms] [INFO] %c%s%c [setup-health] background: #e6e6e6;background: light-dark(rgba(0,0,0,0.1), rgba(255,255,255,0.25));color: #000000;color: light-dark(#000000, #ffffff);border-radius: 2px  Server   panel-layout {tenantId: cmrvvipw70000oyyo6123270j, userId: cmrvvipy90009oyyocqnstw83, score: 40, completedCount: 2, totalCriticalCount: 5} @ http://localhost:3030/_next/static/chunks/04m2_next_dist_01d_w1-._.js:2431
[  550550ms] [INFO] %c%s%c [setup-health] background: #e6e6e6;background: light-dark(rgba(0,0,0,0.1), rgba(255,255,255,0.25));color: #000000;color: light-dark(#000000, #ffffff);border-radius: 2px  Server   panel-layout {tenantId: cmrvvipw70000oyyo6123270j, userId: cmrvvipy90009oyyocqnstw83, score: 40, completedCount: 2, totalCriticalCount: 5} @ http://localhost:3030/_next/static/chunks/04m2_next_dist_01d_w1-._.js:2431
[  550779ms] [INFO] %c%s%c [setup-health] background: #e6e6e6;background: light-dark(rgba(0,0,0,0.1), rgba(255,255,255,0.25));color: #000000;color: light-dark(#000000, #ffffff);border-radius: 2px  Server   panel-layout {tenantId: cmrvvipw70000oyyo6123270j, userId: cmrvvipy90009oyyocqnstw83, score: 40, completedCount: 2, totalCriticalCount: 5} @ http://localhost:3030/_next/static/chunks/04m2_next_dist_01d_w1-._.js:2431
[  551036ms] [INFO] %c%s%c [setup-health] background: #e6e6e6;background: light-dark(rgba(0,0,0,0.1), rgba(255,255,255,0.25));color: #000000;color: light-dark(#000000, #ffffff);border-radius: 2px  Server   panel-layout {tenantId: cmrvvipw70000oyyo6123270j, userId: cmrvvipy90009oyyocqnstw83, score: 40, completedCount: 2, totalCriticalCount: 5} @ http://localhost:3030/_next/static/chunks/04m2_next_dist_01d_w1-._.js:2431
[  551322ms] [INFO] %c%s%c [setup-health] background: #e6e6e6;background: light-dark(rgba(0,0,0,0.1), rgba(255,255,255,0.25));color: #000000;color: light-dark(#000000, #ffffff);border-radius: 2px  Server   panel-layout {tenantId: cmrvvipw70000oyyo6123270j, userId: cmrvvipy90009oyyocqnstw83, score: 40, completedCount: 2, totalCriticalCount: 5} @ http://localhost:3030/_next/static/chunks/04m2_next_dist_01d_w1-._.js:2431
[  551537ms] [INFO] %c%s%c [setup-health] background: #e6e6e6;background: light-dark(rgba(0,0,0,0.1), rgba(255,255,255,0.25));color: #000000;color: light-dark(#000000, #ffffff);border-radius: 2px  Server   panel-layout {tenantId: cmrvvipw70000oyyo6123270j, userId: cmrvvipy90009oyyocqnstw83, score: 40, completedCount: 2, totalCriticalCount: 5} @ http://localhost:3030/_next/static/chunks/04m2_next_dist_01d_w1-._.js:2431
[  551747ms] [LOG] [Fast Refresh] rebuilding @ http://localhost:3030/_next/static/chunks/04m2_next_dist_01d_w1-._.js:2431
[  552408ms] [INFO] %c%s%c [setup-health] background: #e6e6e6;background: light-dark(rgba(0,0,0,0.1), rgba(255,255,255,0.25));color: #000000;color: light-dark(#000000, #ffffff);border-radius: 2px  Server   panel-layout {tenantId: cmrvvipw70000oyyo6123270j, userId: cmrvvipy90009oyyocqnstw83, score: 40, completedCount: 2, totalCriticalCount: 5} @ http://localhost:3030/_next/static/chunks/04m2_next_dist_01d_w1-._.js:2431
[  552496ms] [LOG] [Fast Refresh] done in 771ms @ http://localhost:3030/_next/static/chunks/04m2_next_dist_01d_w1-._.js:2431
[  552893ms] [LOG] [Fast Refresh] rebuilding @ http://localhost:3030/_next/static/chunks/04m2_next_dist_01d_w1-._.js:2431
[  553113ms] [LOG] [Fast Refresh] done in 324ms @ http://localhost:3030/_next/static/chunks/04m2_next_dist_01d_w1-._.js:2431
[  553165ms] [INFO] %c%s%c [setup-health] background: #e6e6e6;background: light-dark(rgba(0,0,0,0.1), rgba(255,255,255,0.25));color: #000000;color: light-dark(#000000, #ffffff);border-radius: 2px  Server   panel-layout {tenantId: cmrvvipw70000oyyo6123270j, userId: cmrvvipy90009oyyocqnstw83, score: 40, completedCount: 2, totalCriticalCount: 5} @ http://localhost:3030/_next/static/chunks/04m2_next_dist_01d_w1-._.js:2431
[  553266ms] [LOG] [Fast Refresh] rebuilding @ http://localhost:3030/_next/static/chunks/04m2_next_dist_01d_w1-._.js:2431
[  553274ms] [LOG] [Fast Refresh] done in 111ms @ http://localhost:3030/_next/static/chunks/04m2_next_dist_01d_w1-._.js:2431
[  553509ms] [INFO] %c%s%c [setup-health] background: #e6e6e6;background: light-dark(rgba(0,0,0,0.1), rgba(255,255,255,0.25));color: #000000;color: light-dark(#000000, #ffffff);border-radius: 2px  Server   panel-layout {tenantId: cmrvvipw70000oyyo6123270j, userId: cmrvvipy90009oyyocqnstw83, score: 40, completedCount: 2, totalCriticalCount: 5} @ http://localhost:3030/_next/static/chunks/04m2_next_dist_01d_w1-._.js:2431
[  553916ms] [INFO] %c%s%c [setup-health] background: #e6e6e6;background: light-dark(rgba(0,0,0,0.1), rgba(255,255,255,0.25));color: #000000;color: light-dark(#000000, #ffffff);border-radius: 2px  Server   panel-layout {tenantId: cmrvvipw70000oyyo6123270j, userId: cmrvvipy90009oyyocqnstw83, score: 40, completedCount: 2, totalCriticalCount: 5} @ http://localhost:3030/_next/static/chunks/04m2_next_dist_01d_w1-._.js:2431
[  553974ms] [LOG] [Fast Refresh] rebuilding @ http://localhost:3030/_next/static/chunks/04m2_next_dist_01d_w1-._.js:2431
[  553997ms] [LOG] [Fast Refresh] done in 124ms @ http://localhost:3030/_next/static/chunks/04m2_next_dist_01d_w1-._.js:2431
[  554102ms] [LOG] [Fast Refresh] rebuilding @ http://localhost:3030/_next/static/chunks/04m2_next_dist_01d_w1-._.js:2431
[  554176ms] [INFO] %c%s%c [setup-health] background: #e6e6e6;background: light-dark(rgba(0,0,0,0.1), rgba(255,255,255,0.25));color: #000000;color: light-dark(#000000, #ffffff);border-radius: 2px  Server   panel-layout {tenantId: cmrvvipw70000oyyo6123270j, userId: cmrvvipy90009oyyocqnstw83, score: 40, completedCount: 2, totalCriticalCount: 5} @ http://localhost:3030/_next/static/chunks/04m2_next_dist_01d_w1-._.js:2431
[  554184ms] [LOG] [Fast Refresh] done in 186ms @ http://localhost:3030/_next/static/chunks/04m2_next_dist_01d_w1-._.js:2431
[  554341ms] [INFO] %c%s%c [setup-health] background: #e6e6e6;background: light-dark(rgba(0,0,0,0.1), rgba(255,255,255,0.25));color: #000000;color: light-dark(#000000, #ffffff);border-radius: 2px  Server   panel-layout {tenantId: cmrvvipw70000oyyo6123270j, userId: cmrvvipy90009oyyocqnstw83, score: 40, completedCount: 2, totalCriticalCount: 5} @ http://localhost:3030/_next/static/chunks/04m2_next_dist_01d_w1-._.js:2431
[  554571ms] [INFO] %c%s%c [setup-health] background: #e6e6e6;background: light-dark(rgba(0,0,0,0.1), rgba(255,255,255,0.25));color: #000000;color: light-dark(#000000, #ffffff);border-radius: 2px  Server   panel-layout {tenantId: cmrvvipw70000oyyo6123270j, userId: cmrvvipy90009oyyocqnstw83, score: 40, completedCount: 2, totalCriticalCount: 5} @ http://localhost:3030/_next/static/chunks/04m2_next_dist_01d_w1-._.js:2431
[  554766ms] [INFO] %c%s%c [setup-health] background: #e6e6e6;background: light-dark(rgba(0,0,0,0.1), rgba(255,255,255,0.25));color: #000000;color: light-dark(#000000, #ffffff);border-radius: 2px  Server   panel-layout {tenantId: cmrvvipw70000oyyo6123270j, userId: cmrvvipy90009oyyocqnstw83, score: 40, completedCount: 2, totalCriticalCount: 5} @ http://localhost:3030/_next/static/chunks/04m2_next_dist_01d_w1-._.js:2431
[  554888ms] [LOG] [Fast Refresh] rebuilding @ http://localhost:3030/_next/static/chunks/04m2_next_dist_01d_w1-._.js:2431
[  554935ms] [LOG] [Fast Refresh] done in 147ms @ http://localhost:3030/_next/static/chunks/04m2_next_dist_01d_w1-._.js:2431
[  555046ms] [INFO] %c%s%c [setup-health] background: #e6e6e6;background: light-dark(rgba(0,0,0,0.1), rgba(255,255,255,0.25));color: #000000;color: light-dark(#000000, #ffffff);border-radius: 2px  Server   panel-layout {tenantId: cmrvvipw70000oyyo6123270j, userId: cmrvvipy90009oyyocqnstw83, score: 40, completedCount: 2, totalCriticalCount: 5} @ http://localhost:3030/_next/static/chunks/04m2_next_dist_01d_w1-._.js:2431
[  555113ms] [LOG] [Fast Refresh] rebuilding @ http://localhost:3030/_next/static/chunks/04m2_next_dist_01d_w1-._.js:2431
[  555129ms] [LOG] [Fast Refresh] done in 118ms @ http://localhost:3030/_next/static/chunks/04m2_next_dist_01d_w1-._.js:2431
[  555285ms] [LOG] [Fast Refresh] rebuilding @ http://localhost:3030/_next/static/chunks/04m2_next_dist_01d_w1-._.js:2431
[  555292ms] [INFO] %c%s%c [setup-health] background: #e6e6e6;background: light-dark(rgba(0,0,0,0.1), rgba(255,255,255,0.25));color: #000000;color: light-dark(#000000, #ffffff);border-radius: 2px  Server   panel-layout {tenantId: cmrvvipw70000oyyo6123270j, userId: cmrvvipy90009oyyocqnstw83, score: 40, completedCount: 2, totalCriticalCount: 5} @ http://localhost:3030/_next/static/chunks/04m2_next_dist_01d_w1-._.js:2431
[  555300ms] [LOG] [Fast Refresh] done in 119ms @ http://localhost:3030/_next/static/chunks/04m2_next_dist_01d_w1-._.js:2431
[  555501ms] [INFO] %c%s%c [setup-health] background: #e6e6e6;background: light-dark(rgba(0,0,0,0.1), rgba(255,255,255,0.25));color: #000000;color: light-dark(#000000, #ffffff);border-radius: 2px  Server   panel-layout {tenantId: cmrvvipw70000oyyo6123270j, userId: cmrvvipy90009oyyocqnstw83, score: 40, completedCount: 2, totalCriticalCount: 5} @ http://localhost:3030/_next/static/chunks/04m2_next_dist_01d_w1-._.js:2431
[  555694ms] [LOG] [Fast Refresh] rebuilding @ http://localhost:3030/_next/static/chunks/04m2_next_dist_01d_w1-._.js:2431
[  555709ms] [LOG] [Fast Refresh] done in 119ms @ http://localhost:3030/_next/static/chunks/04m2_next_dist_01d_w1-._.js:2431
[  555754ms] [INFO] %c%s%c [setup-health] background: #e6e6e6;background: light-dark(rgba(0,0,0,0.1), rgba(255,255,255,0.25));color: #000000;color: light-dark(#000000, #ffffff);border-radius: 2px  Server   panel-layout {tenantId: cmrvvipw70000oyyo6123270j, userId: cmrvvipy90009oyyocqnstw83, score: 40, completedCount: 2, totalCriticalCount: 5} @ http://localhost:3030/_next/static/chunks/04m2_next_dist_01d_w1-._.js:2431
[  555845ms] [LOG] [Fast Refresh] rebuilding @ http://localhost:3030/_next/static/chunks/04m2_next_dist_01d_w1-._.js:2431
[  555872ms] [LOG] [Fast Refresh] done in 132ms @ http://localhost:3030/_next/static/chunks/04m2_next_dist_01d_w1-._.js:2431
[  555995ms] [INFO] %c%s%c [setup-health] background: #e6e6e6;background: light-dark(rgba(0,0,0,0.1), rgba(255,255,255,0.25));color: #000000;color: light-dark(#000000, #ffffff);border-radius: 2px  Server   panel-layout {tenantId: cmrvvipw70000oyyo6123270j, userId: cmrvvipy90009oyyocqnstw83, score: 40, completedCount: 2, totalCriticalCount: 5} @ http://localhost:3030/_next/static/chunks/04m2_next_dist_01d_w1-._.js:2431
[  556084ms] [LOG] [Fast Refresh] rebuilding @ http://localhost:3030/_next/static/chunks/04m2_next_dist_01d_w1-._.js:2431
[  556138ms] [LOG] [Fast Refresh] done in 157ms @ http://localhost:3030/_next/static/chunks/04m2_next_dist_01d_w1-._.js:2431
[  556255ms] [INFO] %c%s%c [setup-health] background: #e6e6e6;background: light-dark(rgba(0,0,0,0.1), rgba(255,255,255,0.25));color: #000000;color: light-dark(#000000, #ffffff);border-radius: 2px  Server   panel-layout {tenantId: cmrvvipw70000oyyo6123270j, userId: cmrvvipy90009oyyocqnstw83, score: 40, completedCount: 2, totalCriticalCount: 5} @ http://localhost:3030/_next/static/chunks/04m2_next_dist_01d_w1-._.js:2431
[  556492ms] [INFO] %c%s%c [setup-health] background: #e6e6e6;background: light-dark(rgba(0,0,0,0.1), rgba(255,255,255,0.25));color: #000000;color: light-dark(#000000, #ffffff);border-radius: 2px  Server   panel-layout {tenantId: cmrvvipw70000oyyo6123270j, userId: cmrvvipy90009oyyocqnstw83, score: 40, completedCount: 2, totalCriticalCount: 5} @ http://localhost:3030/_next/static/chunks/04m2_next_dist_01d_w1-._.js:2431
[  556510ms] [LOG] [Fast Refresh] rebuilding @ http://localhost:3030/_next/static/chunks/04m2_next_dist_01d_w1-._.js:2431
[  556513ms] [LOG] [Fast Refresh] done in 106ms @ http://localhost:3030/_next/static/chunks/04m2_next_dist_01d_w1-._.js:2431
[  556614ms] [LOG] [Fast Refresh] rebuilding @ http://localhost:3030/_next/static/chunks/04m2_next_dist_01d_w1-._.js:2431
[  556622ms] [LOG] [Fast Refresh] done in 108ms @ http://localhost:3030/_next/static/chunks/04m2_next_dist_01d_w1-._.js:2431
[  556712ms] [INFO] %c%s%c [setup-health] background: #e6e6e6;background: light-dark(rgba(0,0,0,0.1), rgba(255,255,255,0.25));color: #000000;color: light-dark(#000000, #ffffff);border-radius: 2px  Server   panel-layout {tenantId: cmrvvipw70000oyyo6123270j, userId: cmrvvipy90009oyyocqnstw83, score: 40, completedCount: 2, totalCriticalCount: 5} @ http://localhost:3030/_next/static/chunks/04m2_next_dist_01d_w1-._.js:2431
[  556915ms] [LOG] [Fast Refresh] rebuilding @ http://localhost:3030/_next/static/chunks/04m2_next_dist_01d_w1-._.js:2431
[  556924ms] [LOG] [Fast Refresh] done in 113ms @ http://localhost:3030/_next/static/chunks/04m2_next_dist_01d_w1-._.js:2431
[  556983ms] [INFO] %c%s%c [setup-health] background: #e6e6e6;background: light-dark(rgba(0,0,0,0.1), rgba(255,255,255,0.25));color: #000000;color: light-dark(#000000, #ffffff);border-radius: 2px  Server   panel-layout {tenantId: cmrvvipw70000oyyo6123270j, userId: cmrvvipy90009oyyocqnstw83, score: 40, completedCount: 2, totalCriticalCount: 5} @ http://localhost:3030/_next/static/chunks/04m2_next_dist_01d_w1-._.js:2431
[  557111ms] [LOG] [Fast Refresh] rebuilding @ http://localhost:3030/_next/static/chunks/04m2_next_dist_01d_w1-._.js:2431
[  557117ms] [LOG] [Fast Refresh] done in 107ms @ http://localhost:3030/_next/static/chunks/04m2_next_dist_01d_w1-._.js:2431
[  557245ms] [INFO] %c%s%c [setup-health] background: #e6e6e6;background: light-dark(rgba(0,0,0,0.1), rgba(255,255,255,0.25));color: #000000;color: light-dark(#000000, #ffffff);border-radius: 2px  Server   panel-layout {tenantId: cmrvvipw70000oyyo6123270j, userId: cmrvvipy90009oyyocqnstw83, score: 40, completedCount: 2, totalCriticalCount: 5} @ http://localhost:3030/_next/static/chunks/04m2_next_dist_01d_w1-._.js:2431
[  557346ms] [LOG] [Fast Refresh] rebuilding @ http://localhost:3030/_next/static/chunks/04m2_next_dist_01d_w1-._.js:2431
[  557381ms] [LOG] [Fast Refresh] done in 137ms @ http://localhost:3030/_next/static/chunks/04m2_next_dist_01d_w1-._.js:2431
[  557493ms] [INFO] %c%s%c [setup-health] background: #e6e6e6;background: light-dark(rgba(0,0,0,0.1), rgba(255,255,255,0.25));color: #000000;color: light-dark(#000000, #ffffff);border-radius: 2px  Server   panel-layout {tenantId: cmrvvipw70000oyyo6123270j, userId: cmrvvipy90009oyyocqnstw83, score: 40, completedCount: 2, totalCriticalCount: 5} @ http://localhost:3030/_next/static/chunks/04m2_next_dist_01d_w1-._.js:2431
[  557730ms] [INFO] %c%s%c [setup-health] background: #e6e6e6;background: light-dark(rgba(0,0,0,0.1), rgba(255,255,255,0.25));color: #000000;color: light-dark(#000000, #ffffff);border-radius: 2px  Server   panel-layout {tenantId: cmrvvipw70000oyyo6123270j, userId: cmrvvipy90009oyyocqnstw83, score: 40, completedCount: 2, totalCriticalCount: 5} @ http://localhost:3030/_next/static/chunks/04m2_next_dist_01d_w1-._.js:2431
[  557926ms] [INFO] %c%s%c [setup-health] background: #e6e6e6;background: light-dark(rgba(0,0,0,0.1), rgba(255,255,255,0.25));color: #000000;color: light-dark(#000000, #ffffff);border-radius: 2px  Server   panel-layout {tenantId: cmrvvipw70000oyyo6123270j, userId: cmrvvipy90009oyyocqnstw83, score: 40, completedCount: 2, totalCriticalCount: 5} @ http://localhost:3030/_next/static/chunks/04m2_next_dist_01d_w1-._.js:2431
[  558139ms] [LOG] [Fast Refresh] rebuilding @ http://localhost:3030/_next/static/chunks/04m2_next_dist_01d_w1-._.js:2431
[  558289ms] [LOG] [Fast Refresh] done in 255ms @ http://localhost:3030/_next/static/chunks/04m2_next_dist_01d_w1-._.js:2431
[  558541ms] [INFO] %c%s%c [setup-health] background: #e6e6e6;background: light-dark(rgba(0,0,0,0.1), rgba(255,255,255,0.25));color: #000000;color: light-dark(#000000, #ffffff);border-radius: 2px  Server   panel-layout {tenantId: cmrvvipw70000oyyo6123270j, userId: cmrvvipy90009oyyocqnstw83, score: 40, completedCount: 2, totalCriticalCount: 5} @ http://localhost:3030/_next/static/chunks/04m2_next_dist_01d_w1-._.js:2431
[  558780ms] [INFO] %c%s%c [setup-health] background: #e6e6e6;background: light-dark(rgba(0,0,0,0.1), rgba(255,255,255,0.25));color: #000000;color: light-dark(#000000, #ffffff);border-radius: 2px  Server   panel-layout {tenantId: cmrvvipw70000oyyo6123270j, userId: cmrvvipy90009oyyocqnstw83, score: 40, completedCount: 2, totalCriticalCount: 5} @ http://localhost:3030/_next/static/chunks/04m2_next_dist_01d_w1-._.js:2431
[  558909ms] [LOG] [Fast Refresh] rebuilding @ http://localhost:3030/_next/static/chunks/04m2_next_dist_01d_w1-._.js:2431
[  558935ms] [LOG] [Fast Refresh] done in 138ms @ http://localhost:3030/_next/static/chunks/04m2_next_dist_01d_w1-._.js:2431
[  559036ms] [INFO] %c%s%c [setup-health] background: #e6e6e6;background: light-dark(rgba(0,0,0,0.1), rgba(255,255,255,0.25));color: #000000;color: light-dark(#000000, #ffffff);border-radius: 2px  Server   panel-layout {tenantId: cmrvvipw70000oyyo6123270j, userId: cmrvvipy90009oyyocqnstw83, score: 40, completedCount: 2, totalCriticalCount: 5} @ http://localhost:3030/_next/static/chunks/04m2_next_dist_01d_w1-._.js:2431
[  559043ms] [LOG] [Fast Refresh] rebuilding @ http://localhost:3030/_next/static/chunks/04m2_next_dist_01d_w1-._.js:2431
[  559098ms] [LOG] [Fast Refresh] done in 162ms @ http://localhost:3030/_next/static/chunks/04m2_next_dist_01d_w1-._.js:2431
[  559241ms] [INFO] %c%s%c [setup-health] background: #e6e6e6;background: light-dark(rgba(0,0,0,0.1), rgba(255,255,255,0.25));color: #000000;color: light-dark(#000000, #ffffff);border-radius: 2px  Server   panel-layout {tenantId: cmrvvipw70000oyyo6123270j, userId: cmrvvipy90009oyyocqnstw83, score: 40, completedCount: 2, totalCriticalCount: 5} @ http://localhost:3030/_next/static/chunks/04m2_next_dist_01d_w1-._.js:2431
[  559460ms] [INFO] %c%s%c [setup-health] background: #e6e6e6;background: light-dark(rgba(0,0,0,0.1), rgba(255,255,255,0.25));color: #000000;color: light-dark(#000000, #ffffff);border-radius: 2px  Server   panel-layout {tenantId: cmrvvipw70000oyyo6123270j, userId: cmrvvipy90009oyyocqnstw83, score: 40, completedCount: 2, totalCriticalCount: 5} @ http://localhost:3030/_next/static/chunks/04m2_next_dist_01d_w1-._.js:2431
[  559641ms] [LOG] [Fast Refresh] rebuilding @ http://localhost:3030/_next/static/chunks/04m2_next_dist_01d_w1-._.js:2431
[  559656ms] [LOG] [Fast Refresh] done in 120ms @ http://localhost:3030/_next/static/chunks/04m2_next_dist_01d_w1-._.js:2431
[  559701ms] [INFO] %c%s%c [setup-health] background: #e6e6e6;background: light-dark(rgba(0,0,0,0.1), rgba(255,255,255,0.25));color: #000000;color: light-dark(#000000, #ffffff);border-radius: 2px  Server   panel-layout {tenantId: cmrvvipw70000oyyo6123270j, userId: cmrvvipy90009oyyocqnstw83, score: 40, completedCount: 2, totalCriticalCount: 5} @ http://localhost:3030/_next/static/chunks/04m2_next_dist_01d_w1-._.js:2431
[  559796ms] [LOG] [Fast Refresh] rebuilding @ http://localhost:3030/_next/static/chunks/04m2_next_dist_01d_w1-._.js:2431
[  559823ms] [LOG] [Fast Refresh] done in 134ms @ http://localhost:3030/_next/static/chunks/04m2_next_dist_01d_w1-._.js:2431
[  559953ms] [INFO] %c%s%c [setup-health] background: #e6e6e6;background: light-dark(rgba(0,0,0,0.1), rgba(255,255,255,0.25));color: #000000;color: light-dark(#000000, #ffffff);border-radius: 2px  Server   panel-layout {tenantId: cmrvvipw70000oyyo6123270j, userId: cmrvvipy90009oyyocqnstw83, score: 40, completedCount: 2, totalCriticalCount: 5} @ http://localhost:3030/_next/static/chunks/04m2_next_dist_01d_w1-._.js:2431
[  560040ms] [LOG] [Fast Refresh] rebuilding @ http://localhost:3030/_next/static/chunks/04m2_next_dist_01d_w1-._.js:2431
[  560089ms] [LOG] [Fast Refresh] done in 149ms @ http://localhost:3030/_next/static/chunks/04m2_next_dist_01d_w1-._.js:2431
[  560187ms] [INFO] %c%s%c [setup-health] background: #e6e6e6;background: light-dark(rgba(0,0,0,0.1), rgba(255,255,255,0.25));color: #000000;color: light-dark(#000000, #ffffff);border-radius: 2px  Server   panel-layout {tenantId: cmrvvipw70000oyyo6123270j, userId: cmrvvipy90009oyyocqnstw83, score: 40, completedCount: 2, totalCriticalCount: 5} @ http://localhost:3030/_next/static/chunks/04m2_next_dist_01d_w1-._.js:2431
[  560212ms] [LOG] [Fast Refresh] rebuilding @ http://localhost:3030/_next/static/chunks/04m2_next_dist_01d_w1-._.js:2431
[  560231ms] [LOG] [Fast Refresh] done in 119ms @ http://localhost:3030/_next/static/chunks/04m2_next_dist_01d_w1-._.js:2431
[  560409ms] [LOG] [Fast Refresh] rebuilding @ http://localhost:3030/_next/static/chunks/04m2_next_dist_01d_w1-._.js:2431
[  560436ms] [INFO] %c%s%c [setup-health] background: #e6e6e6;background: light-dark(rgba(0,0,0,0.1), rgba(255,255,255,0.25));color: #000000;color: light-dark(#000000, #ffffff);border-radius: 2px  Server   panel-layout {tenantId: cmrvvipw70000oyyo6123270j, userId: cmrvvipy90009oyyocqnstw83, score: 40, completedCount: 2, totalCriticalCount: 5} @ http://localhost:3030/_next/static/chunks/04m2_next_dist_01d_w1-._.js:2431
[  560450ms] [LOG] [Fast Refresh] done in 149ms @ http://localhost:3030/_next/static/chunks/04m2_next_dist_01d_w1-._.js:2431
[  560681ms] [INFO] %c%s%c [setup-health] background: #e6e6e6;background: light-dark(rgba(0,0,0,0.1), rgba(255,255,255,0.25));color: #000000;color: light-dark(#000000, #ffffff);border-radius: 2px  Server   panel-layout {tenantId: cmrvvipw70000oyyo6123270j, userId: cmrvvipy90009oyyocqnstw83, score: 40, completedCount: 2, totalCriticalCount: 5} @ http://localhost:3030/_next/static/chunks/04m2_next_dist_01d_w1-._.js:2431
[  560912ms] [LOG] [Fast Refresh] rebuilding @ http://localhost:3030/_next/static/chunks/04m2_next_dist_01d_w1-._.js:2431
[  560946ms] [LOG] [Fast Refresh] done in 136ms @ http://localhost:3030/_next/static/chunks/04m2_next_dist_01d_w1-._.js:2431
[  560985ms] [INFO] %c%s%c [setup-health] background: #e6e6e6;background: light-dark(rgba(0,0,0,0.1), rgba(255,255,255,0.25));color: #000000;color: light-dark(#000000, #ffffff);border-radius: 2px  Server   panel-layout {tenantId: cmrvvipw70000oyyo6123270j, userId: cmrvvipy90009oyyocqnstw83, score: 40, completedCount: 2, totalCriticalCount: 5} @ http://localhost:3030/_next/static/chunks/04m2_next_dist_01d_w1-._.js:2431
[  561053ms] [LOG] [Fast Refresh] rebuilding @ http://localhost:3030/_next/static/chunks/04m2_next_dist_01d_w1-._.js:2431
[  561085ms] [LOG] [Fast Refresh] done in 135ms @ http://localhost:3030/_next/static/chunks/04m2_next_dist_01d_w1-._.js:2431
[  561146ms] [INFO] %c%s%c [setup-health] background: #e6e6e6;background: light-dark(rgba(0,0,0,0.1), rgba(255,255,255,0.25));color: #000000;color: light-dark(#000000, #ffffff);border-radius: 2px  Server   panel-layout {tenantId: cmrvvipw70000oyyo6123270j, userId: cmrvvipy90009oyyocqnstw83, score: 40, completedCount: 2, totalCriticalCount: 5} @ http://localhost:3030/_next/static/chunks/04m2_next_dist_01d_w1-._.js:2431
[  561257ms] [LOG] [Fast Refresh] rebuilding @ http://localhost:3030/_next/static/chunks/04m2_next_dist_01d_w1-._.js:2431
[  561267ms] [LOG] [Fast Refresh] done in 112ms @ http://localhost:3030/_next/static/chunks/04m2_next_dist_01d_w1-._.js:2431
[  561384ms] [INFO] %c%s%c [setup-health] background: #e6e6e6;background: light-dark(rgba(0,0,0,0.1), rgba(255,255,255,0.25));color: #000000;color: light-dark(#000000, #ffffff);border-radius: 2px  Server   panel-layout {tenantId: cmrvvipw70000oyyo6123270j, userId: cmrvvipy90009oyyocqnstw83, score: 40, completedCount: 2, totalCriticalCount: 5} @ http://localhost:3030/_next/static/chunks/04m2_next_dist_01d_w1-._.js:2431
[  561416ms] [LOG] [Fast Refresh] rebuilding @ http://localhost:3030/_next/static/chunks/04m2_next_dist_01d_w1-._.js:2431
[  561425ms] [LOG] [Fast Refresh] done in 113ms @ http://localhost:3030/_next/static/chunks/04m2_next_dist_01d_w1-._.js:2431
[  561635ms] [LOG] [Fast Refresh] rebuilding @ http://localhost:3030/_next/static/chunks/04m2_next_dist_01d_w1-._.js:2431
[  561678ms] [LOG] [Fast Refresh] done in 143ms @ http://localhost:3030/_next/static/chunks/04m2_next_dist_01d_w1-._.js:2431
[  561690ms] [INFO] %c%s%c [setup-health] background: #e6e6e6;background: light-dark(rgba(0,0,0,0.1), rgba(255,255,255,0.25));color: #000000;color: light-dark(#000000, #ffffff);border-radius: 2px  Server   panel-layout {tenantId: cmrvvipw70000oyyo6123270j, userId: cmrvvipy90009oyyocqnstw83, score: 40, completedCount: 2, totalCriticalCount: 5} @ http://localhost:3030/_next/static/chunks/04m2_next_dist_01d_w1-._.js:2431
[  561917ms] [INFO] %c%s%c [setup-health] background: #e6e6e6;background: light-dark(rgba(0,0,0,0.1), rgba(255,255,255,0.25));color: #000000;color: light-dark(#000000, #ffffff);border-radius: 2px  Server   panel-layout {tenantId: cmrvvipw70000oyyo6123270j, userId: cmrvvipy90009oyyocqnstw83, score: 40, completedCount: 2, totalCriticalCount: 5} @ http://localhost:3030/_next/static/chunks/04m2_next_dist_01d_w1-._.js:2431
[  562133ms] [LOG] [Fast Refresh] rebuilding @ http://localhost:3030/_next/static/chunks/04m2_next_dist_01d_w1-._.js:2431
[  562168ms] [LOG] [Fast Refresh] done in 142ms @ http://localhost:3030/_next/static/chunks/04m2_next_dist_01d_w1-._.js:2431
[  562239ms] [INFO] %c%s%c [setup-health] background: #e6e6e6;background: light-dark(rgba(0,0,0,0.1), rgba(255,255,255,0.25));color: #000000;color: light-dark(#000000, #ffffff);border-radius: 2px  Server   panel-layout {tenantId: cmrvvipw70000oyyo6123270j, userId: cmrvvipy90009oyyocqnstw83, score: 40, completedCount: 2, totalCriticalCount: 5} @ http://localhost:3030/_next/static/chunks/04m2_next_dist_01d_w1-._.js:2431
[  562276ms] [LOG] [Fast Refresh] rebuilding @ http://localhost:3030/_next/static/chunks/04m2_next_dist_01d_w1-._.js:2431
[  562277ms] [LOG] [Fast Refresh] done in 109ms @ http://localhost:3030/_next/static/chunks/04m2_next_dist_01d_w1-._.js:2431
[  562383ms] [LOG] [Fast Refresh] rebuilding @ http://localhost:3030/_next/static/chunks/04m2_next_dist_01d_w1-._.js:2431
[  562393ms] [LOG] [Fast Refresh] done in 114ms @ http://localhost:3030/_next/static/chunks/04m2_next_dist_01d_w1-._.js:2431
[  562571ms] [INFO] %c%s%c [setup-health] background: #e6e6e6;background: light-dark(rgba(0,0,0,0.1), rgba(255,255,255,0.25));color: #000000;color: light-dark(#000000, #ffffff);border-radius: 2px  Server   panel-layout {tenantId: cmrvvipw70000oyyo6123270j, userId: cmrvvipy90009oyyocqnstw83, score: 40, completedCount: 2, totalCriticalCount: 5} @ http://localhost:3030/_next/static/chunks/04m2_next_dist_01d_w1-._.js:2431
[  562657ms] [LOG] [Fast Refresh] rebuilding @ http://localhost:3030/_next/static/chunks/04m2_next_dist_01d_w1-._.js:2431
[  562715ms] [LOG] [Fast Refresh] done in 159ms @ http://localhost:3030/_next/static/chunks/04m2_next_dist_01d_w1-._.js:2431
[  562894ms] [INFO] %c%s%c [setup-health] background: #e6e6e6;background: light-dark(rgba(0,0,0,0.1), rgba(255,255,255,0.25));color: #000000;color: light-dark(#000000, #ffffff);border-radius: 2px  Server   panel-layout {tenantId: cmrvvipw70000oyyo6123270j, userId: cmrvvipy90009oyyocqnstw83, score: 40, completedCount: 2, totalCriticalCount: 5} @ http://localhost:3030/_next/static/chunks/04m2_next_dist_01d_w1-._.js:2431
[  563124ms] [INFO] %c%s%c [setup-health] background: #e6e6e6;background: light-dark(rgba(0,0,0,0.1), rgba(255,255,255,0.25));color: #000000;color: light-dark(#000000, #ffffff);border-radius: 2px  Server   panel-layout {tenantId: cmrvvipw70000oyyo6123270j, userId: cmrvvipy90009oyyocqnstw83, score: 40, completedCount: 2, totalCriticalCount: 5} @ http://localhost:3030/_next/static/chunks/04m2_next_dist_01d_w1-._.js:2431
[  563328ms] [INFO] %c%s%c [setup-health] background: #e6e6e6;background: light-dark(rgba(0,0,0,0.1), rgba(255,255,255,0.25));color: #000000;color: light-dark(#000000, #ffffff);border-radius: 2px  Server   panel-layout {tenantId: cmrvvipw70000oyyo6123270j, userId: cmrvvipy90009oyyocqnstw83, score: 40, completedCount: 2, totalCriticalCount: 5} @ http://localhost:3030/_next/static/chunks/04m2_next_dist_01d_w1-._.js:2431
[  563839ms] [INFO] %c%s%c [setup-health] background: #e6e6e6;background: light-dark(rgba(0,0,0,0.1), rgba(255,255,255,0.25));color: #000000;color: light-dark(#000000, #ffffff);border-radius: 2px  Server   panel-layout {tenantId: cmrvvipw70000oyyo6123270j, userId: cmrvvipy90009oyyocqnstw83, score: 40, completedCount: 2, totalCriticalCount: 5} @ http://localhost:3030/_next/static/chunks/04m2_next_dist_01d_w1-._.js:2431
[  564012ms] [INFO] %c%s%c [setup-health] background: #e6e6e6;background: light-dark(rgba(0,0,0,0.1), rgba(255,255,255,0.25));color: #000000;color: light-dark(#000000, #ffffff);border-radius: 2px  Server   panel-layout {tenantId: cmrvvipw70000oyyo6123270j, userId: cmrvvipy90009oyyocqnstw83, score: 40, completedCount: 2, totalCriticalCount: 5} @ http://localhost:3030/_next/static/chunks/04m2_next_dist_01d_w1-._.js:2431
[  564240ms] [INFO] %c%s%c [setup-health] background: #e6e6e6;background: light-dark(rgba(0,0,0,0.1), rgba(255,255,255,0.25));color: #000000;color: light-dark(#000000, #ffffff);border-radius: 2px  Server   panel-layout {tenantId: cmrvvipw70000oyyo6123270j, userId: cmrvvipy90009oyyocqnstw83, score: 40, completedCount: 2, totalCriticalCount: 5} @ http://localhost:3030/_next/static/chunks/04m2_next_dist_01d_w1-._.js:2431
[  564462ms] [INFO] %c%s%c [setup-health] background: #e6e6e6;background: light-dark(rgba(0,0,0,0.1), rgba(255,255,255,0.25));color: #000000;color: light-dark(#000000, #ffffff);border-radius: 2px  Server   panel-layout {tenantId: cmrvvipw70000oyyo6123270j, userId: cmrvvipy90009oyyocqnstw83, score: 40, completedCount: 2, totalCriticalCount: 5} @ http://localhost:3030/_next/static/chunks/04m2_next_dist_01d_w1-._.js:2431
[  564621ms] [INFO] %c%s%c [setup-health] background: #e6e6e6;background: light-dark(rgba(0,0,0,0.1), rgba(255,255,255,0.25));color: #000000;color: light-dark(#000000, #ffffff);border-radius: 2px  Server   panel-layout {tenantId: cmrvvipw70000oyyo6123270j, userId: cmrvvipy90009oyyocqnstw83, score: 40, completedCount: 2, totalCriticalCount: 5} @ http://localhost:3030/_next/static/chunks/04m2_next_dist_01d_w1-._.js:2431
[  564862ms] [INFO] %c%s%c [setup-health] background: #e6e6e6;background: light-dark(rgba(0,0,0,0.1), rgba(255,255,255,0.25));color: #000000;color: light-dark(#000000, #ffffff);border-radius: 2px  Server   panel-layout {tenantId: cmrvvipw70000oyyo6123270j, userId: cmrvvipy90009oyyocqnstw83, score: 40, completedCount: 2, totalCriticalCount: 5} @ http://localhost:3030/_next/static/chunks/04m2_next_dist_01d_w1-._.js:2431
[  564926ms] [LOG] [Fast Refresh] rebuilding @ http://localhost:3030/_next/static/chunks/04m2_next_dist_01d_w1-._.js:2431
[  564944ms] [LOG] [Fast Refresh] done in 119ms @ http://localhost:3030/_next/static/chunks/04m2_next_dist_01d_w1-._.js:2431
[  565038ms] [INFO] %c%s%c [setup-health] background: #e6e6e6;background: light-dark(rgba(0,0,0,0.1), rgba(255,255,255,0.25));color: #000000;color: light-dark(#000000, #ffffff);border-radius: 2px  Server   panel-layout {tenantId: cmrvvipw70000oyyo6123270j, userId: cmrvvipy90009oyyocqnstw83, score: 40, completedCount: 2, totalCriticalCount: 5} @ http://localhost:3030/_next/static/chunks/04m2_next_dist_01d_w1-._.js:2431
[  565133ms] [LOG] [Fast Refresh] rebuilding @ http://localhost:3030/_next/static/chunks/04m2_next_dist_01d_w1-._.js:2431
[  565154ms] [LOG] [Fast Refresh] done in 126ms @ http://localhost:3030/_next/static/chunks/04m2_next_dist_01d_w1-._.js:2431
[  565264ms] [INFO] %c%s%c [setup-health] background: #e6e6e6;background: light-dark(rgba(0,0,0,0.1), rgba(255,255,255,0.25));color: #000000;color: light-dark(#000000, #ffffff);border-radius: 2px  Server   panel-layout {tenantId: cmrvvipw70000oyyo6123270j, userId: cmrvvipy90009oyyocqnstw83, score: 40, completedCount: 2, totalCriticalCount: 5} @ http://localhost:3030/_next/static/chunks/04m2_next_dist_01d_w1-._.js:2431
[  565492ms] [INFO] %c%s%c [setup-health] background: #e6e6e6;background: light-dark(rgba(0,0,0,0.1), rgba(255,255,255,0.25));color: #000000;color: light-dark(#000000, #ffffff);border-radius: 2px  Server   panel-layout {tenantId: cmrvvipw70000oyyo6123270j, userId: cmrvvipy90009oyyocqnstw83, score: 40, completedCount: 2, totalCriticalCount: 5} @ http://localhost:3030/_next/static/chunks/04m2_next_dist_01d_w1-._.js:2431
[  565676ms] [INFO] %c%s%c [setup-health] background: #e6e6e6;background: light-dark(rgba(0,0,0,0.1), rgba(255,255,255,0.25));color: #000000;color: light-dark(#000000, #ffffff);border-radius: 2px  Server   panel-layout {tenantId: cmrvvipw70000oyyo6123270j, userId: cmrvvipy90009oyyocqnstw83, score: 40, completedCount: 2, totalCriticalCount: 5} @ http://localhost:3030/_next/static/chunks/04m2_next_dist_01d_w1-._.js:2431
[  565868ms] [LOG] [Fast Refresh] rebuilding @ http://localhost:3030/_next/static/chunks/04m2_next_dist_01d_w1-._.js:2431
[  565876ms] [LOG] [Fast Refresh] done in 108ms @ http://localhost:3030/_next/static/chunks/04m2_next_dist_01d_w1-._.js:2431
[  565916ms] [INFO] %c%s%c [setup-health] background: #e6e6e6;background: light-dark(rgba(0,0,0,0.1), rgba(255,255,255,0.25));color: #000000;color: light-dark(#000000, #ffffff);border-radius: 2px  Server   panel-layout {tenantId: cmrvvipw70000oyyo6123270j, userId: cmrvvipy90009oyyocqnstw83, score: 40, completedCount: 2, totalCriticalCount: 5} @ http://localhost:3030/_next/static/chunks/04m2_next_dist_01d_w1-._.js:2431
[  566019ms] [LOG] [Fast Refresh] rebuilding @ http://localhost:3030/_next/static/chunks/04m2_next_dist_01d_w1-._.js:2431
[  566025ms] [LOG] [Fast Refresh] done in 117ms @ http://localhost:3030/_next/static/chunks/04m2_next_dist_01d_w1-._.js:2431
[  566142ms] [INFO] %c%s%c [setup-health] background: #e6e6e6;background: light-dark(rgba(0,0,0,0.1), rgba(255,255,255,0.25));color: #000000;color: light-dark(#000000, #ffffff);border-radius: 2px  Server   panel-layout {tenantId: cmrvvipw70000oyyo6123270j, userId: cmrvvipy90009oyyocqnstw83, score: 40, completedCount: 2, totalCriticalCount: 5} @ http://localhost:3030/_next/static/chunks/04m2_next_dist_01d_w1-._.js:2431
[  566233ms] [LOG] [Fast Refresh] rebuilding @ http://localhost:3030/_next/static/chunks/04m2_next_dist_01d_w1-._.js:2431
[  566265ms] [LOG] [Fast Refresh] done in 133ms @ http://localhost:3030/_next/static/chunks/04m2_next_dist_01d_w1-._.js:2431
[  566369ms] [INFO] %c%s%c [setup-health] background: #e6e6e6;background: light-dark(rgba(0,0,0,0.1), rgba(255,255,255,0.25));color: #000000;color: light-dark(#000000, #ffffff);border-radius: 2px  Server   panel-layout {tenantId: cmrvvipw70000oyyo6123270j, userId: cmrvvipy90009oyyocqnstw83, score: 40, completedCount: 2, totalCriticalCount: 5} @ http://localhost:3030/_next/static/chunks/04m2_next_dist_01d_w1-._.js:2431
[  566521ms] [LOG] [Fast Refresh] rebuilding @ http://localhost:3030/_next/static/chunks/04m2_next_dist_01d_w1-._.js:2431
[  566524ms] [LOG] [Fast Refresh] done in 105ms @ http://localhost:3030/_next/static/chunks/04m2_next_dist_01d_w1-._.js:2431
[  566708ms] [INFO] %c%s%c [setup-health] background: #e6e6e6;background: light-dark(rgba(0,0,0,0.1), rgba(255,255,255,0.25));color: #000000;color: light-dark(#000000, #ffffff);border-radius: 2px  Server   panel-layout {tenantId: cmrvvipw70000oyyo6123270j, userId: cmrvvipy90009oyyocqnstw83, score: 40, completedCount: 2, totalCriticalCount: 5} @ http://localhost:3030/_next/static/chunks/04m2_next_dist_01d_w1-._.js:2431
[  566934ms] [INFO] %c%s%c [setup-health] background: #e6e6e6;background: light-dark(rgba(0,0,0,0.1), rgba(255,255,255,0.25));color: #000000;color: light-dark(#000000, #ffffff);border-radius: 2px  Server   panel-layout {tenantId: cmrvvipw70000oyyo6123270j, userId: cmrvvipy90009oyyocqnstw83, score: 40, completedCount: 2, totalCriticalCount: 5} @ http://localhost:3030/_next/static/chunks/04m2_next_dist_01d_w1-._.js:2431
[  567063ms] [LOG] [Fast Refresh] rebuilding @ http://localhost:3030/_next/static/chunks/04m2_next_dist_01d_w1-._.js:2431
[  567107ms] [LOG] [Fast Refresh] done in 148ms @ http://localhost:3030/_next/static/chunks/04m2_next_dist_01d_w1-._.js:2431
[  567208ms] [INFO] %c%s%c [setup-health] background: #e6e6e6;background: light-dark(rgba(0,0,0,0.1), rgba(255,255,255,0.25));color: #000000;color: light-dark(#000000, #ffffff);border-radius: 2px  Server   panel-layout {tenantId: cmrvvipw70000oyyo6123270j, userId: cmrvvipy90009oyyocqnstw83, score: 40, completedCount: 2, totalCriticalCount: 5} @ http://localhost:3030/_next/static/chunks/04m2_next_dist_01d_w1-._.js:2431
[  567312ms] [LOG] [Fast Refresh] rebuilding @ http://localhost:3030/_next/static/chunks/04m2_next_dist_01d_w1-._.js:2431
[  567312ms] [LOG] [Fast Refresh] done in 105ms @ http://localhost:3030/_next/static/chunks/04m2_next_dist_01d_w1-._.js:2431
[  567521ms] [INFO] %c%s%c [setup-health] background: #e6e6e6;background: light-dark(rgba(0,0,0,0.1), rgba(255,255,255,0.25));color: #000000;color: light-dark(#000000, #ffffff);border-radius: 2px  Server   panel-layout {tenantId: cmrvvipw70000oyyo6123270j, userId: cmrvvipy90009oyyocqnstw83, score: 40, completedCount: 2, totalCriticalCount: 5} @ http://localhost:3030/_next/static/chunks/04m2_next_dist_01d_w1-._.js:2431
[  567534ms] [LOG] [Fast Refresh] rebuilding @ http://localhost:3030/_next/static/chunks/04m2_next_dist_01d_w1-._.js:2431
[  567542ms] [LOG] [Fast Refresh] done in 109ms @ http://localhost:3030/_next/static/chunks/04m2_next_dist_01d_w1-._.js:2431
[  567743ms] [INFO] %c%s%c [setup-health] background: #e6e6e6;background: light-dark(rgba(0,0,0,0.1), rgba(255,255,255,0.25));color: #000000;color: light-dark(#000000, #ffffff);border-radius: 2px  Server   panel-layout {tenantId: cmrvvipw70000oyyo6123270j, userId: cmrvvipy90009oyyocqnstw83, score: 40, completedCount: 2, totalCriticalCount: 5} @ http://localhost:3030/_next/static/chunks/04m2_next_dist_01d_w1-._.js:2431
[  567955ms] [LOG] [Fast Refresh] rebuilding @ http://localhost:3030/_next/static/chunks/04m2_next_dist_01d_w1-._.js:2431
[  567955ms] [LOG] [Fast Refresh] done in 105ms @ http://localhost:3030/_next/static/chunks/04m2_next_dist_01d_w1-._.js:2431
[  567970ms] [INFO] %c%s%c [setup-health] background: #e6e6e6;background: light-dark(rgba(0,0,0,0.1), rgba(255,255,255,0.25));color: #000000;color: light-dark(#000000, #ffffff);border-radius: 2px  Server   panel-layout {tenantId: cmrvvipw70000oyyo6123270j, userId: cmrvvipy90009oyyocqnstw83, score: 40, completedCount: 2, totalCriticalCount: 5} @ http://localhost:3030/_next/static/chunks/04m2_next_dist_01d_w1-._.js:2431
[  568309ms] [INFO] %c%s%c [setup-health] background: #e6e6e6;background: light-dark(rgba(0,0,0,0.1), rgba(255,255,255,0.25));color: #000000;color: light-dark(#000000, #ffffff);border-radius: 2px  Server   panel-layout {tenantId: cmrvvipw70000oyyo6123270j, userId: cmrvvipy90009oyyocqnstw83, score: 40, completedCount: 2, totalCriticalCount: 5} @ http://localhost:3030/_next/static/chunks/04m2_next_dist_01d_w1-._.js:2431
[  568443ms] [LOG] [Fast Refresh] rebuilding @ http://localhost:3030/_next/static/chunks/04m2_next_dist_01d_w1-._.js:2431
[  568661ms] [LOG] [Fast Refresh] done in 325ms @ http://localhost:3030/_next/static/chunks/04m2_next_dist_01d_w1-._.js:2431
[  568749ms] [INFO] %c%s%c [setup-health] background: #e6e6e6;background: light-dark(rgba(0,0,0,0.1), rgba(255,255,255,0.25));color: #000000;color: light-dark(#000000, #ffffff);border-radius: 2px  Server   panel-layout {tenantId: cmrvvipw70000oyyo6123270j, userId: cmrvvipy90009oyyocqnstw83, score: 40, completedCount: 2, totalCriticalCount: 5} @ http://localhost:3030/_next/static/chunks/04m2_next_dist_01d_w1-._.js:2431
[  568977ms] [INFO] %c%s%c [setup-health] background: #e6e6e6;background: light-dark(rgba(0,0,0,0.1), rgba(255,255,255,0.25));color: #000000;color: light-dark(#000000, #ffffff);border-radius: 2px  Server   panel-layout {tenantId: cmrvvipw70000oyyo6123270j, userId: cmrvvipy90009oyyocqnstw83, score: 40, completedCount: 2, totalCriticalCount: 5} @ http://localhost:3030/_next/static/chunks/04m2_next_dist_01d_w1-._.js:2431
[  569014ms] [LOG] [Fast Refresh] rebuilding @ http://localhost:3030/_next/static/chunks/04m2_next_dist_01d_w1-._.js:2431
[  569027ms] [LOG] [Fast Refresh] done in 117ms @ http://localhost:3030/_next/static/chunks/04m2_next_dist_01d_w1-._.js:2431
[  569155ms] [INFO] %c%s%c [setup-health] background: #e6e6e6;background: light-dark(rgba(0,0,0,0.1), rgba(255,255,255,0.25));color: #000000;color: light-dark(#000000, #ffffff);border-radius: 2px  Server   panel-layout {tenantId: cmrvvipw70000oyyo6123270j, userId: cmrvvipy90009oyyocqnstw83, score: 40, completedCount: 2, totalCriticalCount: 5} @ http://localhost:3030/_next/static/chunks/04m2_next_dist_01d_w1-._.js:2431
[  569401ms] [INFO] %c%s%c [setup-health] background: #e6e6e6;background: light-dark(rgba(0,0,0,0.1), rgba(255,255,255,0.25));color: #000000;color: light-dark(#000000, #ffffff);border-radius: 2px  Server   panel-layout {tenantId: cmrvvipw70000oyyo6123270j, userId: cmrvvipy90009oyyocqnstw83, score: 40, completedCount: 2, totalCriticalCount: 5} @ http://localhost:3030/_next/static/chunks/04m2_next_dist_01d_w1-._.js:2431
[  569598ms] [INFO] %c%s%c [setup-health] background: #e6e6e6;background: light-dark(rgba(0,0,0,0.1), rgba(255,255,255,0.25));color: #000000;color: light-dark(#000000, #ffffff);border-radius: 2px  Server   panel-layout {tenantId: cmrvvipw70000oyyo6123270j, userId: cmrvvipy90009oyyocqnstw83, score: 40, completedCount: 2, totalCriticalCount: 5} @ http://localhost:3030/_next/static/chunks/04m2_next_dist_01d_w1-._.js:2431
[  569727ms] [LOG] [Fast Refresh] rebuilding @ http://localhost:3030/_next/static/chunks/04m2_next_dist_01d_w1-._.js:2431
[  569789ms] [LOG] [Fast Refresh] done in 162ms @ http://localhost:3030/_next/static/chunks/04m2_next_dist_01d_w1-._.js:2431
[  569893ms] [INFO] %c%s%c [setup-health] background: #e6e6e6;background: light-dark(rgba(0,0,0,0.1), rgba(255,255,255,0.25));color: #000000;color: light-dark(#000000, #ffffff);border-radius: 2px  Server   panel-layout {tenantId: cmrvvipw70000oyyo6123270j, userId: cmrvvipy90009oyyocqnstw83, score: 40, completedCount: 2, totalCriticalCount: 5} @ http://localhost:3030/_next/static/chunks/04m2_next_dist_01d_w1-._.js:2431
[  570171ms] [INFO] %c%s%c [setup-health] background: #e6e6e6;background: light-dark(rgba(0,0,0,0.1), rgba(255,255,255,0.25));color: #000000;color: light-dark(#000000, #ffffff);border-radius: 2px  Server   panel-layout {tenantId: cmrvvipw70000oyyo6123270j, userId: cmrvvipy90009oyyocqnstw83, score: 40, completedCount: 2, totalCriticalCount: 5} @ http://localhost:3030/_next/static/chunks/04m2_next_dist_01d_w1-._.js:2431
[  570332ms] [INFO] %c%s%c [setup-health] background: #e6e6e6;background: light-dark(rgba(0,0,0,0.1), rgba(255,255,255,0.25));color: #000000;color: light-dark(#000000, #ffffff);border-radius: 2px  Server   panel-layout {tenantId: cmrvvipw70000oyyo6123270j, userId: cmrvvipy90009oyyocqnstw83, score: 40, completedCount: 2, totalCriticalCount: 5} @ http://localhost:3030/_next/static/chunks/04m2_next_dist_01d_w1-._.js:2431
[  570545ms] [INFO] %c%s%c [setup-health] background: #e6e6e6;background: light-dark(rgba(0,0,0,0.1), rgba(255,255,255,0.25));color: #000000;color: light-dark(#000000, #ffffff);border-radius: 2px  Server   panel-layout {tenantId: cmrvvipw70000oyyo6123270j, userId: cmrvvipy90009oyyocqnstw83, score: 40, completedCount: 2, totalCriticalCount: 5} @ http://localhost:3030/_next/static/chunks/04m2_next_dist_01d_w1-._.js:2431
[  570717ms] [INFO] %c%s%c [setup-health] background: #e6e6e6;background: light-dark(rgba(0,0,0,0.1), rgba(255,255,255,0.25));color: #000000;color: light-dark(#000000, #ffffff);border-radius: 2px  Server   panel-layout {tenantId: cmrvvipw70000oyyo6123270j, userId: cmrvvipy90009oyyocqnstw83, score: 40, completedCount: 2, totalCriticalCount: 5} @ http://localhost:3030/_next/static/chunks/04m2_next_dist_01d_w1-._.js:2431
[  570838ms] [LOG] [Fast Refresh] rebuilding @ http://localhost:3030/_next/static/chunks/04m2_next_dist_01d_w1-._.js:2431
[  570853ms] [LOG] [Fast Refresh] done in 117ms @ http://localhost:3030/_next/static/chunks/04m2_next_dist_01d_w1-._.js:2431
[  570930ms] [INFO] %c%s%c [setup-health] background: #e6e6e6;background: light-dark(rgba(0,0,0,0.1), rgba(255,255,255,0.25));color: #000000;color: light-dark(#000000, #ffffff);border-radius: 2px  Server   panel-layout {tenantId: cmrvvipw70000oyyo6123270j, userId: cmrvvipy90009oyyocqnstw83, score: 40, completedCount: 2, totalCriticalCount: 5} @ http://localhost:3030/_next/static/chunks/04m2_next_dist_01d_w1-._.js:2431
[  571156ms] [INFO] %c%s%c [setup-health] background: #e6e6e6;background: light-dark(rgba(0,0,0,0.1), rgba(255,255,255,0.25));color: #000000;color: light-dark(#000000, #ffffff);border-radius: 2px  Server   panel-layout {tenantId: cmrvvipw70000oyyo6123270j, userId: cmrvvipy90009oyyocqnstw83, score: 40, completedCount: 2, totalCriticalCount: 5} @ http://localhost:3030/_next/static/chunks/04m2_next_dist_01d_w1-._.js:2431
[  571196ms] [LOG] [Fast Refresh] rebuilding @ http://localhost:3030/_next/static/chunks/04m2_next_dist_01d_w1-._.js:2431
[  571202ms] [LOG] [Fast Refresh] done in 107ms @ http://localhost:3030/_next/static/chunks/04m2_next_dist_01d_w1-._.js:2431
[  571312ms] [INFO] %c%s%c [setup-health] background: #e6e6e6;background: light-dark(rgba(0,0,0,0.1), rgba(255,255,255,0.25));color: #000000;color: light-dark(#000000, #ffffff);border-radius: 2px  Server   panel-layout {tenantId: cmrvvipw70000oyyo6123270j, userId: cmrvvipy90009oyyocqnstw83, score: 40, completedCount: 2, totalCriticalCount: 5} @ http://localhost:3030/_next/static/chunks/04m2_next_dist_01d_w1-._.js:2431
[  571517ms] [INFO] %c%s%c [setup-health] background: #e6e6e6;background: light-dark(rgba(0,0,0,0.1), rgba(255,255,255,0.25));color: #000000;color: light-dark(#000000, #ffffff);border-radius: 2px  Server   panel-layout {tenantId: cmrvvipw70000oyyo6123270j, userId: cmrvvipy90009oyyocqnstw83, score: 40, completedCount: 2, totalCriticalCount: 5} @ http://localhost:3030/_next/static/chunks/04m2_next_dist_01d_w1-._.js:2431
[  571694ms] [INFO] %c%s%c [setup-health] background: #e6e6e6;background: light-dark(rgba(0,0,0,0.1), rgba(255,255,255,0.25));color: #000000;color: light-dark(#000000, #ffffff);border-radius: 2px  Server   panel-layout {tenantId: cmrvvipw70000oyyo6123270j, userId: cmrvvipy90009oyyocqnstw83, score: 40, completedCount: 2, totalCriticalCount: 5} @ http://localhost:3030/_next/static/chunks/04m2_next_dist_01d_w1-._.js:2431
[  571808ms] [LOG] [Fast Refresh] rebuilding @ http://localhost:3030/_next/static/chunks/04m2_next_dist_01d_w1-._.js:2431
[  571823ms] [LOG] [Fast Refresh] done in 115ms @ http://localhost:3030/_next/static/chunks/04m2_next_dist_01d_w1-._.js:2431
[  571918ms] [INFO] %c%s%c [setup-health] background: #e6e6e6;background: light-dark(rgba(0,0,0,0.1), rgba(255,255,255,0.25));color: #000000;color: light-dark(#000000, #ffffff);border-radius: 2px  Server   panel-layout {tenantId: cmrvvipw70000oyyo6123270j, userId: cmrvvipy90009oyyocqnstw83, score: 40, completedCount: 2, totalCriticalCount: 5} @ http://localhost:3030/_next/static/chunks/04m2_next_dist_01d_w1-._.js:2431
[  571975ms] [LOG] [Fast Refresh] rebuilding @ http://localhost:3030/_next/static/chunks/04m2_next_dist_01d_w1-._.js:2431
[  572017ms] [LOG] [Fast Refresh] done in 147ms @ http://localhost:3030/_next/static/chunks/04m2_next_dist_01d_w1-._.js:2431
[  572103ms] [INFO] %c%s%c [setup-health] background: #e6e6e6;background: light-dark(rgba(0,0,0,0.1), rgba(255,255,255,0.25));color: #000000;color: light-dark(#000000, #ffffff);border-radius: 2px  Server   panel-layout {tenantId: cmrvvipw70000oyyo6123270j, userId: cmrvvipy90009oyyocqnstw83, score: 40, completedCount: 2, totalCriticalCount: 5} @ http://localhost:3030/_next/static/chunks/04m2_next_dist_01d_w1-._.js:2431
[  572206ms] [LOG] [Fast Refresh] rebuilding @ http://localhost:3030/_next/static/chunks/04m2_next_dist_01d_w1-._.js:2431
[  572213ms] [LOG] [Fast Refresh] done in 111ms @ http://localhost:3030/_next/static/chunks/04m2_next_dist_01d_w1-._.js:2431
[  572320ms] [INFO] %c%s%c [setup-health] background: #e6e6e6;background: light-dark(rgba(0,0,0,0.1), rgba(255,255,255,0.25));color: #000000;color: light-dark(#000000, #ffffff);border-radius: 2px  Server   panel-layout {tenantId: cmrvvipw70000oyyo6123270j, userId: cmrvvipy90009oyyocqnstw83, score: 40, completedCount: 2, totalCriticalCount: 5} @ http://localhost:3030/_next/static/chunks/04m2_next_dist_01d_w1-._.js:2431
[  572494ms] [INFO] %c%s%c [setup-health] background: #e6e6e6;background: light-dark(rgba(0,0,0,0.1), rgba(255,255,255,0.25));color: #000000;color: light-dark(#000000, #ffffff);border-radius: 2px  Server   panel-layout {tenantId: cmrvvipw70000oyyo6123270j, userId: cmrvvipy90009oyyocqnstw83, score: 40, completedCount: 2, totalCriticalCount: 5} @ http://localhost:3030/_next/static/chunks/04m2_next_dist_01d_w1-._.js:2431
[  572655ms] [INFO] %c%s%c [setup-health] background: #e6e6e6;background: light-dark(rgba(0,0,0,0.1), rgba(255,255,255,0.25));color: #000000;color: light-dark(#000000, #ffffff);border-radius: 2px  Server   panel-layout {tenantId: cmrvvipw70000oyyo6123270j, userId: cmrvvipy90009oyyocqnstw83, score: 40, completedCount: 2, totalCriticalCount: 5} @ http://localhost:3030/_next/static/chunks/04m2_next_dist_01d_w1-._.js:2431
[  572825ms] [LOG] [Fast Refresh] rebuilding @ http://localhost:3030/_next/static/chunks/04m2_next_dist_01d_w1-._.js:2431
[  573054ms] [LOG] [Fast Refresh] done in 337ms @ http://localhost:3030/_next/static/chunks/04m2_next_dist_01d_w1-._.js:2431
[  573150ms] [INFO] %c%s%c [setup-health] background: #e6e6e6;background: light-dark(rgba(0,0,0,0.1), rgba(255,255,255,0.25));color: #000000;color: light-dark(#000000, #ffffff);border-radius: 2px  Server   panel-layout {tenantId: cmrvvipw70000oyyo6123270j, userId: cmrvvipy90009oyyocqnstw83, score: 40, completedCount: 2, totalCriticalCount: 5} @ http://localhost:3030/_next/static/chunks/04m2_next_dist_01d_w1-._.js:2431
[  573372ms] [INFO] %c%s%c [setup-health] background: #e6e6e6;background: light-dark(rgba(0,0,0,0.1), rgba(255,255,255,0.25));color: #000000;color: light-dark(#000000, #ffffff);border-radius: 2px  Server   panel-layout {tenantId: cmrvvipw70000oyyo6123270j, userId: cmrvvipy90009oyyocqnstw83, score: 40, completedCount: 2, totalCriticalCount: 5} @ http://localhost:3030/_next/static/chunks/04m2_next_dist_01d_w1-._.js:2431
[  573408ms] [LOG] [Fast Refresh] rebuilding @ http://localhost:3030/_next/static/chunks/04m2_next_dist_01d_w1-._.js:2431
[  573410ms] [LOG] [Fast Refresh] done in 105ms @ http://localhost:3030/_next/static/chunks/04m2_next_dist_01d_w1-._.js:2431
[  573518ms] [INFO] %c%s%c [setup-health] background: #e6e6e6;background: light-dark(rgba(0,0,0,0.1), rgba(255,255,255,0.25));color: #000000;color: light-dark(#000000, #ffffff);border-radius: 2px  Server   panel-layout {tenantId: cmrvvipw70000oyyo6123270j, userId: cmrvvipy90009oyyocqnstw83, score: 40, completedCount: 2, totalCriticalCount: 5} @ http://localhost:3030/_next/static/chunks/04m2_next_dist_01d_w1-._.js:2431
[  573697ms] [INFO] %c%s%c [setup-health] background: #e6e6e6;background: light-dark(rgba(0,0,0,0.1), rgba(255,255,255,0.25));color: #000000;color: light-dark(#000000, #ffffff);border-radius: 2px  Server   panel-layout {tenantId: cmrvvipw70000oyyo6123270j, userId: cmrvvipy90009oyyocqnstw83, score: 40, completedCount: 2, totalCriticalCount: 5} @ http://localhost:3030/_next/static/chunks/04m2_next_dist_01d_w1-._.js:2431
[  573851ms] [INFO] %c%s%c [setup-health] background: #e6e6e6;background: light-dark(rgba(0,0,0,0.1), rgba(255,255,255,0.25));color: #000000;color: light-dark(#000000, #ffffff);border-radius: 2px  Server   panel-layout {tenantId: cmrvvipw70000oyyo6123270j, userId: cmrvvipy90009oyyocqnstw83, score: 40, completedCount: 2, totalCriticalCount: 5} @ http://localhost:3030/_next/static/chunks/04m2_next_dist_01d_w1-._.js:2431
[  573985ms] [LOG] [Fast Refresh] rebuilding @ http://localhost:3030/_next/static/chunks/04m2_next_dist_01d_w1-._.js:2431
[  573988ms] [LOG] [Fast Refresh] done in 108ms @ http://localhost:3030/_next/static/chunks/04m2_next_dist_01d_w1-._.js:2431
[  574065ms] [INFO] %c%s%c [setup-health] background: #e6e6e6;background: light-dark(rgba(0,0,0,0.1), rgba(255,255,255,0.25));color: #000000;color: light-dark(#000000, #ffffff);border-radius: 2px  Server   panel-layout {tenantId: cmrvvipw70000oyyo6123270j, userId: cmrvvipy90009oyyocqnstw83, score: 40, completedCount: 2, totalCriticalCount: 5} @ http://localhost:3030/_next/static/chunks/04m2_next_dist_01d_w1-._.js:2431
[  574252ms] [INFO] %c%s%c [setup-health] background: #e6e6e6;background: light-dark(rgba(0,0,0,0.1), rgba(255,255,255,0.25));color: #000000;color: light-dark(#000000, #ffffff);border-radius: 2px  Server   panel-layout {tenantId: cmrvvipw70000oyyo6123270j, userId: cmrvvipy90009oyyocqnstw83, score: 40, completedCount: 2, totalCriticalCount: 5} @ http://localhost:3030/_next/static/chunks/04m2_next_dist_01d_w1-._.js:2431
[  574367ms] [LOG] [Fast Refresh] rebuilding @ http://localhost:3030/_next/static/chunks/04m2_next_dist_01d_w1-._.js:2431
[  574388ms] [LOG] [Fast Refresh] done in 126ms @ http://localhost:3030/_next/static/chunks/04m2_next_dist_01d_w1-._.js:2431
[  574488ms] [INFO] %c%s%c [setup-health] background: #e6e6e6;background: light-dark(rgba(0,0,0,0.1), rgba(255,255,255,0.25));color: #000000;color: light-dark(#000000, #ffffff);border-radius: 2px  Server   panel-layout {tenantId: cmrvvipw70000oyyo6123270j, userId: cmrvvipy90009oyyocqnstw83, score: 40, completedCount: 2, totalCriticalCount: 5} @ http://localhost:3030/_next/static/chunks/04m2_next_dist_01d_w1-._.js:2431
[  574657ms] [INFO] %c%s%c [setup-health] background: #e6e6e6;background: light-dark(rgba(0,0,0,0.1), rgba(255,255,255,0.25));color: #000000;color: light-dark(#000000, #ffffff);border-radius: 2px  Server   panel-layout {tenantId: cmrvvipw70000oyyo6123270j, userId: cmrvvipy90009oyyocqnstw83, score: 40, completedCount: 2, totalCriticalCount: 5} @ http://localhost:3030/_next/static/chunks/04m2_next_dist_01d_w1-._.js:2431
[  574789ms] [INFO] %c%s%c [setup-health] background: #e6e6e6;background: light-dark(rgba(0,0,0,0.1), rgba(255,255,255,0.25));color: #000000;color: light-dark(#000000, #ffffff);border-radius: 2px  Server   panel-layout {tenantId: cmrvvipw70000oyyo6123270j, userId: cmrvvipy90009oyyocqnstw83, score: 40, completedCount: 2, totalCriticalCount: 5} @ http://localhost:3030/_next/static/chunks/04m2_next_dist_01d_w1-._.js:2431
[  574943ms] [LOG] [Fast Refresh] rebuilding @ http://localhost:3030/_next/static/chunks/04m2_next_dist_01d_w1-._.js:2431
[  574983ms] [LOG] [Fast Refresh] done in 142ms @ http://localhost:3030/_next/static/chunks/04m2_next_dist_01d_w1-._.js:2431
[  575064ms] [INFO] %c%s%c [setup-health] background: #e6e6e6;background: light-dark(rgba(0,0,0,0.1), rgba(255,255,255,0.25));color: #000000;color: light-dark(#000000, #ffffff);border-radius: 2px  Server   panel-layout {tenantId: cmrvvipw70000oyyo6123270j, userId: cmrvvipy90009oyyocqnstw83, score: 40, completedCount: 2, totalCriticalCount: 5} @ http://localhost:3030/_next/static/chunks/04m2_next_dist_01d_w1-._.js:2431
[  575241ms] [INFO] %c%s%c [setup-health] background: #e6e6e6;background: light-dark(rgba(0,0,0,0.1), rgba(255,255,255,0.25));color: #000000;color: light-dark(#000000, #ffffff);border-radius: 2px  Server   panel-layout {tenantId: cmrvvipw70000oyyo6123270j, userId: cmrvvipy90009oyyocqnstw83, score: 40, completedCount: 2, totalCriticalCount: 5} @ http://localhost:3030/_next/static/chunks/04m2_next_dist_01d_w1-._.js:2431
[  575357ms] [LOG] [Fast Refresh] rebuilding @ http://localhost:3030/_next/static/chunks/04m2_next_dist_01d_w1-._.js:2431
[  575357ms] [LOG] [Fast Refresh] done in 107ms @ http://localhost:3030/_next/static/chunks/04m2_next_dist_01d_w1-._.js:2431
[  575477ms] [INFO] %c%s%c [setup-health] background: #e6e6e6;background: light-dark(rgba(0,0,0,0.1), rgba(255,255,255,0.25));color: #000000;color: light-dark(#000000, #ffffff);border-radius: 2px  Server   panel-layout {tenantId: cmrvvipw70000oyyo6123270j, userId: cmrvvipy90009oyyocqnstw83, score: 40, completedCount: 2, totalCriticalCount: 5} @ http://localhost:3030/_next/static/chunks/04m2_next_dist_01d_w1-._.js:2431
[  575694ms] [INFO] %c%s%c [setup-health] background: #e6e6e6;background: light-dark(rgba(0,0,0,0.1), rgba(255,255,255,0.25));color: #000000;color: light-dark(#000000, #ffffff);border-radius: 2px  Server   panel-layout {tenantId: cmrvvipw70000oyyo6123270j, userId: cmrvvipy90009oyyocqnstw83, score: 40, completedCount: 2, totalCriticalCount: 5} @ http://localhost:3030/_next/static/chunks/04m2_next_dist_01d_w1-._.js:2431
[  575868ms] [INFO] %c%s%c [setup-health] background: #e6e6e6;background: light-dark(rgba(0,0,0,0.1), rgba(255,255,255,0.25));color: #000000;color: light-dark(#000000, #ffffff);border-radius: 2px  Server   panel-layout {tenantId: cmrvvipw70000oyyo6123270j, userId: cmrvvipy90009oyyocqnstw83, score: 40, completedCount: 2, totalCriticalCount: 5} @ http://localhost:3030/_next/static/chunks/04m2_next_dist_01d_w1-._.js:2431
[  575984ms] [LOG] [Fast Refresh] rebuilding @ http://localhost:3030/_next/static/chunks/04m2_next_dist_01d_w1-._.js:2431
[  575990ms] [LOG] [Fast Refresh] done in 111ms @ http://localhost:3030/_next/static/chunks/04m2_next_dist_01d_w1-._.js:2431
[  576072ms] [INFO] %c%s%c [setup-health] background: #e6e6e6;background: light-dark(rgba(0,0,0,0.1), rgba(255,255,255,0.25));color: #000000;color: light-dark(#000000, #ffffff);border-radius: 2px  Server   panel-layout {tenantId: cmrvvipw70000oyyo6123270j, userId: cmrvvipy90009oyyocqnstw83, score: 40, completedCount: 2, totalCriticalCount: 5} @ http://localhost:3030/_next/static/chunks/04m2_next_dist_01d_w1-._.js:2431
[  576227ms] [INFO] %c%s%c [setup-health] background: #e6e6e6;background: light-dark(rgba(0,0,0,0.1), rgba(255,255,255,0.25));color: #000000;color: light-dark(#000000, #ffffff);border-radius: 2px  Server   panel-layout {tenantId: cmrvvipw70000oyyo6123270j, userId: cmrvvipy90009oyyocqnstw83, score: 40, completedCount: 2, totalCriticalCount: 5} @ http://localhost:3030/_next/static/chunks/04m2_next_dist_01d_w1-._.js:2431
[  576442ms] [INFO] %c%s%c [setup-health] background: #e6e6e6;background: light-dark(rgba(0,0,0,0.1), rgba(255,255,255,0.25));color: #000000;color: light-dark(#000000, #ffffff);border-radius: 2px  Server   panel-layout {tenantId: cmrvvipw70000oyyo6123270j, userId: cmrvvipy90009oyyocqnstw83, score: 40, completedCount: 2, totalCriticalCount: 5} @ http://localhost:3030/_next/static/chunks/04m2_next_dist_01d_w1-._.js:2431
[  576628ms] [INFO] %c%s%c [setup-health] background: #e6e6e6;background: light-dark(rgba(0,0,0,0.1), rgba(255,255,255,0.25));color: #000000;color: light-dark(#000000, #ffffff);border-radius: 2px  Server   panel-layout {tenantId: cmrvvipw70000oyyo6123270j, userId: cmrvvipy90009oyyocqnstw83, score: 40, completedCount: 2, totalCriticalCount: 5} @ http://localhost:3030/_next/static/chunks/04m2_next_dist_01d_w1-._.js:2431
[  576777ms] [INFO] %c%s%c [setup-health] background: #e6e6e6;background: light-dark(rgba(0,0,0,0.1), rgba(255,255,255,0.25));color: #000000;color: light-dark(#000000, #ffffff);border-radius: 2px  Server   panel-layout {tenantId: cmrvvipw70000oyyo6123270j, userId: cmrvvipy90009oyyocqnstw83, score: 40, completedCount: 2, totalCriticalCount: 5} @ http://localhost:3030/_next/static/chunks/04m2_next_dist_01d_w1-._.js:2431
[  576904ms] [LOG] [Fast Refresh] rebuilding @ http://localhost:3030/_next/static/chunks/04m2_next_dist_01d_w1-._.js:2431
[  576938ms] [LOG] [Fast Refresh] done in 134ms @ http://localhost:3030/_next/static/chunks/04m2_next_dist_01d_w1-._.js:2431
[  577042ms] [INFO] %c%s%c [setup-health] background: #e6e6e6;background: light-dark(rgba(0,0,0,0.1), rgba(255,255,255,0.25));color: #000000;color: light-dark(#000000, #ffffff);border-radius: 2px  Server   panel-layout {tenantId: cmrvvipw70000oyyo6123270j, userId: cmrvvipy90009oyyocqnstw83, score: 40, completedCount: 2, totalCriticalCount: 5} @ http://localhost:3030/_next/static/chunks/04m2_next_dist_01d_w1-._.js:2431
[  577369ms] [INFO] %c%s%c [setup-health] background: #e6e6e6;background: light-dark(rgba(0,0,0,0.1), rgba(255,255,255,0.25));color: #000000;color: light-dark(#000000, #ffffff);border-radius: 2px  Server   panel-layout {tenantId: cmrvvipw70000oyyo6123270j, userId: cmrvvipy90009oyyocqnstw83, score: 40, completedCount: 2, totalCriticalCount: 5} @ http://localhost:3030/_next/static/chunks/04m2_next_dist_01d_w1-._.js:2431
[  577561ms] [INFO] %c%s%c [setup-health] background: #e6e6e6;background: light-dark(rgba(0,0,0,0.1), rgba(255,255,255,0.25));color: #000000;color: light-dark(#000000, #ffffff);border-radius: 2px  Server   panel-layout {tenantId: cmrvvipw70000oyyo6123270j, userId: cmrvvipy90009oyyocqnstw83, score: 40, completedCount: 2, totalCriticalCount: 5} @ http://localhost:3030/_next/static/chunks/04m2_next_dist_01d_w1-._.js:2431
[  577734ms] [INFO] %c%s%c [setup-health] background: #e6e6e6;background: light-dark(rgba(0,0,0,0.1), rgba(255,255,255,0.25));color: #000000;color: light-dark(#000000, #ffffff);border-radius: 2px  Server   panel-layout {tenantId: cmrvvipw70000oyyo6123270j, userId: cmrvvipy90009oyyocqnstw83, score: 40, completedCount: 2, totalCriticalCount: 5} @ http://localhost:3030/_next/static/chunks/04m2_next_dist_01d_w1-._.js:2431
[  577878ms] [INFO] %c%s%c [setup-health] background: #e6e6e6;background: light-dark(rgba(0,0,0,0.1), rgba(255,255,255,0.25));color: #000000;color: light-dark(#000000, #ffffff);border-radius: 2px  Server   panel-layout {tenantId: cmrvvipw70000oyyo6123270j, userId: cmrvvipy90009oyyocqnstw83, score: 40, completedCount: 2, totalCriticalCount: 5} @ http://localhost:3030/_next/static/chunks/04m2_next_dist_01d_w1-._.js:2431
[  578009ms] [LOG] [Fast Refresh] rebuilding @ http://localhost:3030/_next/static/chunks/04m2_next_dist_01d_w1-._.js:2431
[  578011ms] [LOG] [Fast Refresh] done in 105ms @ http://localhost:3030/_next/static/chunks/04m2_next_dist_01d_w1-._.js:2431
[  578071ms] [INFO] %c%s%c [setup-health] background: #e6e6e6;background: light-dark(rgba(0,0,0,0.1), rgba(255,255,255,0.25));color: #000000;color: light-dark(#000000, #ffffff);border-radius: 2px  Server   panel-layout {tenantId: cmrvvipw70000oyyo6123270j, userId: cmrvvipy90009oyyocqnstw83, score: 40, completedCount: 2, totalCriticalCount: 5} @ http://localhost:3030/_next/static/chunks/04m2_next_dist_01d_w1-._.js:2431
[  578205ms] [INFO] %c%s%c [setup-health] background: #e6e6e6;background: light-dark(rgba(0,0,0,0.1), rgba(255,255,255,0.25));color: #000000;color: light-dark(#000000, #ffffff);border-radius: 2px  Server   panel-layout {tenantId: cmrvvipw70000oyyo6123270j, userId: cmrvvipy90009oyyocqnstw83, score: 40, completedCount: 2, totalCriticalCount: 5} @ http://localhost:3030/_next/static/chunks/04m2_next_dist_01d_w1-._.js:2431
[  578323ms] [LOG] [Fast Refresh] rebuilding @ http://localhost:3030/_next/static/chunks/04m2_next_dist_01d_w1-._.js:2431
[  578333ms] [LOG] [Fast Refresh] done in 113ms @ http://localhost:3030/_next/static/chunks/04m2_next_dist_01d_w1-._.js:2431
[  578479ms] [INFO] %c%s%c [setup-health] background: #e6e6e6;background: light-dark(rgba(0,0,0,0.1), rgba(255,255,255,0.25));color: #000000;color: light-dark(#000000, #ffffff);border-radius: 2px  Server   panel-layout {tenantId: cmrvvipw70000oyyo6123270j, userId: cmrvvipy90009oyyocqnstw83, score: 40, completedCount: 2, totalCriticalCount: 5} @ http://localhost:3030/_next/static/chunks/04m2_next_dist_01d_w1-._.js:2431
[  578708ms] [INFO] %c%s%c [setup-health] background: #e6e6e6;background: light-dark(rgba(0,0,0,0.1), rgba(255,255,255,0.25));color: #000000;color: light-dark(#000000, #ffffff);border-radius: 2px  Server   panel-layout {tenantId: cmrvvipw70000oyyo6123270j, userId: cmrvvipy90009oyyocqnstw83, score: 40, completedCount: 2, totalCriticalCount: 5} @ http://localhost:3030/_next/static/chunks/04m2_next_dist_01d_w1-._.js:2431
[  578871ms] [INFO] %c%s%c [setup-health] background: #e6e6e6;background: light-dark(rgba(0,0,0,0.1), rgba(255,255,255,0.25));color: #000000;color: light-dark(#000000, #ffffff);border-radius: 2px  Server   panel-layout {tenantId: cmrvvipw70000oyyo6123270j, userId: cmrvvipy90009oyyocqnstw83, score: 40, completedCount: 2, totalCriticalCount: 5} @ http://localhost:3030/_next/static/chunks/04m2_next_dist_01d_w1-._.js:2431
[  579010ms] [LOG] [Fast Refresh] rebuilding @ http://localhost:3030/_next/static/chunks/04m2_next_dist_01d_w1-._.js:2431
[  579016ms] [LOG] [Fast Refresh] done in 107ms @ http://localhost:3030/_next/static/chunks/04m2_next_dist_01d_w1-._.js:2431
[  579081ms] [INFO] %c%s%c [setup-health] background: #e6e6e6;background: light-dark(rgba(0,0,0,0.1), rgba(255,255,255,0.25));color: #000000;color: light-dark(#000000, #ffffff);border-radius: 2px  Server   panel-layout {tenantId: cmrvvipw70000oyyo6123270j, userId: cmrvvipy90009oyyocqnstw83, score: 40, completedCount: 2, totalCriticalCount: 5} @ http://localhost:3030/_next/static/chunks/04m2_next_dist_01d_w1-._.js:2431
[  579305ms] [INFO] %c%s%c [setup-health] background: #e6e6e6;background: light-dark(rgba(0,0,0,0.1), rgba(255,255,255,0.25));color: #000000;color: light-dark(#000000, #ffffff);border-radius: 2px  Server   panel-layout {tenantId: cmrvvipw70000oyyo6123270j, userId: cmrvvipy90009oyyocqnstw83, score: 40, completedCount: 2, totalCriticalCount: 5} @ http://localhost:3030/_next/static/chunks/04m2_next_dist_01d_w1-._.js:2431
[  579347ms] [LOG] [Fast Refresh] rebuilding @ http://localhost:3030/_next/static/chunks/04m2_next_dist_01d_w1-._.js:2431
[  579351ms] [LOG] [Fast Refresh] done in 110ms @ http://localhost:3030/_next/static/chunks/04m2_next_dist_01d_w1-._.js:2431
[  579483ms] [INFO] %c%s%c [setup-health] background: #e6e6e6;background: light-dark(rgba(0,0,0,0.1), rgba(255,255,255,0.25));color: #000000;color: light-dark(#000000, #ffffff);border-radius: 2px  Server   panel-layout {tenantId: cmrvvipw70000oyyo6123270j, userId: cmrvvipy90009oyyocqnstw83, score: 40, completedCount: 2, totalCriticalCount: 5} @ http://localhost:3030/_next/static/chunks/04m2_next_dist_01d_w1-._.js:2431
[  579646ms] [ERROR] Failed to load resource: net::ERR_CONNECTION_RESET @ http://localhost:3030/organization/reports?_rsc=5edc1:0
[  579652ms] [ERROR] Failed to fetch RSC payload for http://localhost:3030/organization/reports. Falling back to browser navigation. TypeError: network error @ http://localhost:3030/_next/static/chunks/04m2_next_dist_01d_w1-._.js:3272
[  579666ms] [ERROR] Failed to load resource: net::ERR_CONNECTION_RESET @ http://localhost:3030/organization/reports?_rsc=5edc1:0
[  579667ms] [ERROR] Failed to load resource: net::ERR_CONNECTION_RESET @ http://localhost:3030/organization/reports?_rsc=5edc1:0
[  579668ms] [ERROR] WebSocket is already in CLOSING or CLOSED state. @ http://localhost:3030/_next/static/chunks/04m2_next_dist_01d_w1-._.js:2790
[  579718ms] [LOG] [Fast Refresh] rebuilding @ http://localhost:3030/_next/static/chunks/04m2_next_dist_01d_w1-._.js:2431
[  692369ms] [INFO] %cDownload the React DevTools for a better development experience: https://react.dev/link/react-devtools font-weight:bold @ http://localhost:3030/_next/static/chunks/04m2_next_dist_01d_w1-._.js:2431
[  692511ms] [LOG] [HMR] connected @ http://localhost:3030/_next/static/chunks/04m2_next_dist_01d_w1-._.js:2431
[  692544ms] [INFO] %c%s%c [setup-health] background: #e6e6e6;background: light-dark(rgba(0,0,0,0.1), rgba(255,255,255,0.25));color: #000000;color: light-dark(#000000, #ffffff);border-radius: 2px  Server   panel-layout {tenantId: cmrvvipw70000oyyo6123270j, userId: cmrvvipy90009oyyocqnstw83, score: 40, completedCount: 2, totalCriticalCount: 5} @ http://localhost:3030/_next/static/chunks/04m2_next_dist_01d_w1-._.js:2431
[  693051ms] [LOG] [Fast Refresh] rebuilding @ http://localhost:3030/_next/static/chunks/04m2_next_dist_01d_w1-._.js:2431
[  693092ms] [LOG] [Fast Refresh] done in 153ms @ http://localhost:3030/_next/static/chunks/04m2_next_dist_01d_w1-._.js:2431
[  702493ms] [LOG] [Fast Refresh] rebuilding @ http://localhost:3030/_next/static/chunks/04m2_next_dist_01d_w1-._.js:2431
[  703007ms] [LOG] [Fast Refresh] done in 616ms @ http://localhost:3030/_next/static/chunks/04m2_next_dist_01d_w1-._.js:2431
[  712859ms] [LOG] [Fast Refresh] rebuilding @ http://localhost:3030/_next/static/chunks/04m2_next_dist_01d_w1-._.js:2431
[  712863ms] [LOG] [Fast Refresh] done in 112ms @ http://localhost:3030/_next/static/chunks/04m2_next_dist_01d_w1-._.js:2431
[  713895ms] [LOG] [Fast Refresh] rebuilding @ http://localhost:3030/_next/static/chunks/04m2_next_dist_01d_w1-._.js:2431
[  714128ms] [LOG] [Fast Refresh] done in 348ms @ http://localhost:3030/_next/static/chunks/04m2_next_dist_01d_w1-._.js:2431
[  768132ms] [LOG] [Fast Refresh] rebuilding @ http://localhost:3030/_next/static/chunks/04m2_next_dist_01d_w1-._.js:2431
[  768352ms] [LOG] [Fast Refresh] done in 322ms @ http://localhost:3030/_next/static/chunks/04m2_next_dist_01d_w1-._.js:2431
[  776690ms] [LOG] [Fast Refresh] rebuilding @ http://localhost:3030/_next/static/chunks/04m2_next_dist_01d_w1-._.js:2431
[  776754ms] [LOG] [Fast Refresh] done in 168ms @ http://localhost:3030/_next/static/chunks/04m2_next_dist_01d_w1-._.js:2431
[  777552ms] [LOG] [Fast Refresh] rebuilding @ http://localhost:3030/_next/static/chunks/04m2_next_dist_01d_w1-._.js:2431
[  777769ms] [LOG] [Fast Refresh] done in 332ms @ http://localhost:3030/_next/static/chunks/04m2_next_dist_01d_w1-._.js:2431
[  778925ms] [LOG] [Fast Refresh] rebuilding @ http://localhost:3030/_next/static/chunks/04m2_next_dist_01d_w1-._.js:2431
[  779929ms] [LOG] [Fast Refresh] done in 1106ms @ http://localhost:3030/_next/static/chunks/04m2_next_dist_01d_w1-._.js:2431
[  780738ms] [LOG] [Fast Refresh] rebuilding @ http://localhost:3030/_next/static/chunks/04m2_next_dist_01d_w1-._.js:2431
[  780911ms] [LOG] [Fast Refresh] done in 287ms @ http://localhost:3030/_next/static/chunks/04m2_next_dist_01d_w1-._.js:2431
[  790546ms] [LOG] [Fast Refresh] rebuilding @ http://localhost:3030/_next/static/chunks/04m2_next_dist_01d_w1-._.js:2431
[  790764ms] [LOG] [Fast Refresh] done in 321ms @ http://localhost:3030/_next/static/chunks/04m2_next_dist_01d_w1-._.js:2431
[  792773ms] [LOG] [Fast Refresh] rebuilding @ http://localhost:3030/_next/static/chunks/04m2_next_dist_01d_w1-._.js:2431
[  793134ms] [LOG] [Fast Refresh] done in 463ms @ http://localhost:3030/_next/static/chunks/04m2_next_dist_01d_w1-._.js:2431
[  801845ms] [LOG] [Fast Refresh] rebuilding @ http://localhost:3030/_next/static/chunks/04m2_next_dist_01d_w1-._.js:2431
[  802049ms] [LOG] [Fast Refresh] done in 307ms @ http://localhost:3030/_next/static/chunks/04m2_next_dist_01d_w1-._.js:2431
[  803872ms] [LOG] [Fast Refresh] rebuilding @ http://localhost:3030/_next/static/chunks/04m2_next_dist_01d_w1-._.js:2431
[  804013ms] [LOG] [Fast Refresh] done in 244ms @ http://localhost:3030/_next/static/chunks/04m2_next_dist_01d_w1-._.js:2431
[  814824ms] [LOG] [Fast Refresh] rebuilding @ http://localhost:3030/_next/static/chunks/04m2_next_dist_01d_w1-._.js:2431
[  815577ms] [LOG] [Fast Refresh] done in 858ms @ http://localhost:3030/_next/static/chunks/04m2_next_dist_01d_w1-._.js:2431
[  815766ms] [LOG] [Fast Refresh] rebuilding @ http://localhost:3030/_next/static/chunks/04m2_next_dist_01d_w1-._.js:2431
[  815918ms] [LOG] [Fast Refresh] done in 258ms @ http://localhost:3030/_next/static/chunks/04m2_next_dist_01d_w1-._.js:2431
[  816072ms] [LOG] [Fast Refresh] rebuilding @ http://localhost:3030/_next/static/chunks/04m2_next_dist_01d_w1-._.js:2431
[  816261ms] [LOG] [Fast Refresh] done in 300ms @ http://localhost:3030/_next/static/chunks/04m2_next_dist_01d_w1-._.js:2431
[  816356ms] [INFO] %c%s%c [setup-health] background: #e6e6e6;background: light-dark(rgba(0,0,0,0.1), rgba(255,255,255,0.25));color: #000000;color: light-dark(#000000, #ffffff);border-radius: 2px  Server   panel-layout {tenantId: cmrvvipw70000oyyo6123270j, userId: cmrvvipy90009oyyocqnstw83, score: 40, completedCount: 2, totalCriticalCount: 5} @ http://localhost:3030/_next/static/chunks/04m2_next_dist_01d_w1-._.js:2431
[  816660ms] [LOG] [Fast Refresh] rebuilding @ http://localhost:3030/_next/static/chunks/04m2_next_dist_01d_w1-._.js:2431
[  816664ms] [LOG] [Fast Refresh] done in 106ms @ http://localhost:3030/_next/static/chunks/04m2_next_dist_01d_w1-._.js:2431
[  836247ms] [LOG] [Fast Refresh] rebuilding @ http://localhost:3030/_next/static/chunks/04m2_next_dist_01d_w1-._.js:2431
[  836480ms] [LOG] [Fast Refresh] done in 349ms @ http://localhost:3030/_next/static/chunks/04m2_next_dist_01d_w1-._.js:2431
[  844724ms] [LOG] [Fast Refresh] rebuilding @ http://localhost:3030/_next/static/chunks/04m2_next_dist_01d_w1-._.js:2431
[  844929ms] [LOG] [Fast Refresh] done in 306ms @ http://localhost:3030/_next/static/chunks/04m2_next_dist_01d_w1-._.js:2431
[  848634ms] [LOG] [Fast Refresh] rebuilding @ http://localhost:3030/_next/static/chunks/04m2_next_dist_01d_w1-._.js:2431
[  848866ms] [LOG] [Fast Refresh] done in 336ms @ http://localhost:3030/_next/static/chunks/04m2_next_dist_01d_w1-._.js:2431
[  853014ms] [LOG] [Fast Refresh] rebuilding @ http://localhost:3030/_next/static/chunks/04m2_next_dist_01d_w1-._.js:2431
[  855637ms] [LOG] [Fast Refresh] done in 2723ms @ http://localhost:3030/_next/static/chunks/04m2_next_dist_01d_w1-._.js:2431
[  855767ms] [LOG] [Fast Refresh] rebuilding @ http://localhost:3030/_next/static/chunks/04m2_next_dist_01d_w1-._.js:2431
[  856265ms] [LOG] [Fast Refresh] done in 599ms @ http://localhost:3030/_next/static/chunks/04m2_next_dist_01d_w1-._.js:2431
[  856445ms] [LOG] [Fast Refresh] rebuilding @ http://localhost:3030/_next/static/chunks/04m2_next_dist_01d_w1-._.js:2431
[  856453ms] [LOG] [Fast Refresh] done in 108ms @ http://localhost:3030/_next/static/chunks/04m2_next_dist_01d_w1-._.js:2431
[  856605ms] [LOG] [Fast Refresh] rebuilding @ http://localhost:3030/_next/static/chunks/04m2_next_dist_01d_w1-._.js:2431
[  856610ms] [LOG] [Fast Refresh] done in 109ms @ http://localhost:3030/_next/static/chunks/04m2_next_dist_01d_w1-._.js:2431
[  856639ms] [INFO] %c%s%c [setup-health] background: #e6e6e6;background: light-dark(rgba(0,0,0,0.1), rgba(255,255,255,0.25));color: #000000;color: light-dark(#000000, #ffffff);border-radius: 2px  Server   panel-layout {tenantId: cmrvvipw70000oyyo6123270j, userId: cmrvvipy90009oyyocqnstw83, score: 40, completedCount: 2, totalCriticalCount: 5} @ http://localhost:3030/_next/static/chunks/04m2_next_dist_01d_w1-._.js:2431
[  856715ms] [LOG] [Fast Refresh] rebuilding @ http://localhost:3030/_next/static/chunks/04m2_next_dist_01d_w1-._.js:2431
[  856743ms] [LOG] [Fast Refresh] done in 132ms @ http://localhost:3030/_next/static/chunks/04m2_next_dist_01d_w1-._.js:2431
[  856946ms] [INFO] %c%s%c [setup-health] background: #e6e6e6;background: light-dark(rgba(0,0,0,0.1), rgba(255,255,255,0.25));color: #000000;color: light-dark(#000000, #ffffff);border-radius: 2px  Server   panel-layout {tenantId: cmrvvipw70000oyyo6123270j, userId: cmrvvipy90009oyyocqnstw83, score: 40, completedCount: 2, totalCriticalCount: 5} @ http://localhost:3030/_next/static/chunks/04m2_next_dist_01d_w1-._.js:2431
[  857167ms] [LOG] [Fast Refresh] rebuilding @ http://localhost:3030/_next/static/chunks/04m2_next_dist_01d_w1-._.js:2431
[  857172ms] [LOG] [Fast Refresh] done in 110ms @ http://localhost:3030/_next/static/chunks/04m2_next_dist_01d_w1-._.js:2431
[  857290ms] [INFO] %c%s%c [setup-health] background: #e6e6e6;background: light-dark(rgba(0,0,0,0.1), rgba(255,255,255,0.25));color: #000000;color: light-dark(#000000, #ffffff);border-radius: 2px  Server   panel-layout {tenantId: cmrvvipw70000oyyo6123270j, userId: cmrvvipy90009oyyocqnstw83, score: 40, completedCount: 2, totalCriticalCount: 5} @ http://localhost:3030/_next/static/chunks/04m2_next_dist_01d_w1-._.js:2431
[  857327ms] [LOG] [Fast Refresh] rebuilding @ http://localhost:3030/_next/static/chunks/04m2_next_dist_01d_w1-._.js:2431
[  857357ms] [LOG] [Fast Refresh] done in 130ms @ http://localhost:3030/_next/static/chunks/04m2_next_dist_01d_w1-._.js:2431
[  857622ms] [INFO] %c%s%c [setup-health] background: #e6e6e6;background: light-dark(rgba(0,0,0,0.1), rgba(255,255,255,0.25));color: #000000;color: light-dark(#000000, #ffffff);border-radius: 2px  Server   panel-layout {tenantId: cmrvvipw70000oyyo6123270j, userId: cmrvvipy90009oyyocqnstw83, score: 40, completedCount: 2, totalCriticalCount: 5} @ http://localhost:3030/_next/static/chunks/04m2_next_dist_01d_w1-._.js:2431
[  857985ms] [INFO] %c%s%c [setup-health] background: #e6e6e6;background: light-dark(rgba(0,0,0,0.1), rgba(255,255,255,0.25));color: #000000;color: light-dark(#000000, #ffffff);border-radius: 2px  Server   panel-layout {tenantId: cmrvvipw70000oyyo6123270j, userId: cmrvvipy90009oyyocqnstw83, score: 40, completedCount: 2, totalCriticalCount: 5} @ http://localhost:3030/_next/static/chunks/04m2_next_dist_01d_w1-._.js:2431
[  858035ms] [LOG] [Fast Refresh] rebuilding @ http://localhost:3030/_next/static/chunks/04m2_next_dist_01d_w1-._.js:2431
[  858079ms] [LOG] [Fast Refresh] done in 145ms @ http://localhost:3030/_next/static/chunks/04m2_next_dist_01d_w1-._.js:2431
[  858250ms] [INFO] %c%s%c [setup-health] background: #e6e6e6;background: light-dark(rgba(0,0,0,0.1), rgba(255,255,255,0.25));color: #000000;color: light-dark(#000000, #ffffff);border-radius: 2px  Server   panel-layout {tenantId: cmrvvipw70000oyyo6123270j, userId: cmrvvipy90009oyyocqnstw83, score: 40, completedCount: 2, totalCriticalCount: 5} @ http://localhost:3030/_next/static/chunks/04m2_next_dist_01d_w1-._.js:2431
[  858546ms] [INFO] %c%s%c [setup-health] background: #e6e6e6;background: light-dark(rgba(0,0,0,0.1), rgba(255,255,255,0.25));color: #000000;color: light-dark(#000000, #ffffff);border-radius: 2px  Server   panel-layout {tenantId: cmrvvipw70000oyyo6123270j, userId: cmrvvipy90009oyyocqnstw83, score: 40, completedCount: 2, totalCriticalCount: 5} @ http://localhost:3030/_next/static/chunks/04m2_next_dist_01d_w1-._.js:2431
[  858609ms] [LOG] [Fast Refresh] rebuilding @ http://localhost:3030/_next/static/chunks/04m2_next_dist_01d_w1-._.js:2431
[  858731ms] [INFO] %c%s%c [setup-health] background: #e6e6e6;background: light-dark(rgba(0,0,0,0.1), rgba(255,255,255,0.25));color: #000000;color: light-dark(#000000, #ffffff);border-radius: 2px  Server   panel-layout {tenantId: cmrvvipw70000oyyo6123270j, userId: cmrvvipy90009oyyocqnstw83, score: 40, completedCount: 2, totalCriticalCount: 5} @ http://localhost:3030/_next/static/chunks/04m2_next_dist_01d_w1-._.js:2431
[  859063ms] [LOG] [Fast Refresh] done in 555ms @ http://localhost:3030/_next/static/chunks/04m2_next_dist_01d_w1-._.js:2431
[  859569ms] [LOG] [Fast Refresh] rebuilding @ http://localhost:3030/_next/static/chunks/04m2_next_dist_01d_w1-._.js:2431
[  859625ms] [LOG] [Fast Refresh] done in 167ms @ http://localhost:3030/_next/static/chunks/04m2_next_dist_01d_w1-._.js:2431
[  859629ms] [INFO] %c%s%c [setup-health] background: #e6e6e6;background: light-dark(rgba(0,0,0,0.1), rgba(255,255,255,0.25));color: #000000;color: light-dark(#000000, #ffffff);border-radius: 2px  Server   panel-layout {tenantId: cmrvvipw70000oyyo6123270j, userId: cmrvvipy90009oyyocqnstw83, score: 40, completedCount: 2, totalCriticalCount: 5} @ http://localhost:3030/_next/static/chunks/04m2_next_dist_01d_w1-._.js:2431
[  859730ms] [LOG] [Fast Refresh] rebuilding @ http://localhost:3030/_next/static/chunks/04m2_next_dist_01d_w1-._.js:2431
[  859948ms] [LOG] [Fast Refresh] done in 323ms @ http://localhost:3030/_next/static/chunks/04m2_next_dist_01d_w1-._.js:2431
[  860345ms] [INFO] %c%s%c [setup-health] background: #e6e6e6;background: light-dark(rgba(0,0,0,0.1), rgba(255,255,255,0.25));color: #000000;color: light-dark(#000000, #ffffff);border-radius: 2px  Server   panel-layout {tenantId: cmrvvipw70000oyyo6123270j, userId: cmrvvipy90009oyyocqnstw83, score: 40, completedCount: 2, totalCriticalCount: 5} @ http://localhost:3030/_next/static/chunks/04m2_next_dist_01d_w1-._.js:2431
[  860541ms] [LOG] [Fast Refresh] rebuilding @ http://localhost:3030/_next/static/chunks/04m2_next_dist_01d_w1-._.js:2431
[  860570ms] [LOG] [Fast Refresh] done in 140ms @ http://localhost:3030/_next/static/chunks/04m2_next_dist_01d_w1-._.js:2431
[  860584ms] [INFO] %c%s%c [setup-health] background: #e6e6e6;background: light-dark(rgba(0,0,0,0.1), rgba(255,255,255,0.25));color: #000000;color: light-dark(#000000, #ffffff);border-radius: 2px  Server   panel-layout {tenantId: cmrvvipw70000oyyo6123270j, userId: cmrvvipy90009oyyocqnstw83, score: 40, completedCount: 2, totalCriticalCount: 5} @ http://localhost:3030/_next/static/chunks/04m2_next_dist_01d_w1-._.js:2431
[  860671ms] [LOG] [Fast Refresh] rebuilding @ http://localhost:3030/_next/static/chunks/04m2_next_dist_01d_w1-._.js:2431
[  860697ms] [LOG] [Fast Refresh] done in 126ms @ http://localhost:3030/_next/static/chunks/04m2_next_dist_01d_w1-._.js:2431
[  860775ms] [INFO] %c%s%c [setup-health] background: #e6e6e6;background: light-dark(rgba(0,0,0,0.1), rgba(255,255,255,0.25));color: #000000;color: light-dark(#000000, #ffffff);border-radius: 2px  Server   panel-layout {tenantId: cmrvvipw70000oyyo6123270j, userId: cmrvvipy90009oyyocqnstw83, score: 40, completedCount: 2, totalCriticalCount: 5} @ http://localhost:3030/_next/static/chunks/04m2_next_dist_01d_w1-._.js:2431
[  860874ms] [LOG] [Fast Refresh] rebuilding @ http://localhost:3030/_next/static/chunks/04m2_next_dist_01d_w1-._.js:2431
[  860918ms] [LOG] [Fast Refresh] done in 145ms @ http://localhost:3030/_next/static/chunks/04m2_next_dist_01d_w1-._.js:2431
[  861044ms] [INFO] %c%s%c [setup-health] background: #e6e6e6;background: light-dark(rgba(0,0,0,0.1), rgba(255,255,255,0.25));color: #000000;color: light-dark(#000000, #ffffff);border-radius: 2px  Server   panel-layout {tenantId: cmrvvipw70000oyyo6123270j, userId: cmrvvipy90009oyyocqnstw83, score: 40, completedCount: 2, totalCriticalCount: 5} @ http://localhost:3030/_next/static/chunks/04m2_next_dist_01d_w1-._.js:2431
[  861074ms] [LOG] [Fast Refresh] rebuilding @ http://localhost:3030/_next/static/chunks/04m2_next_dist_01d_w1-._.js:2431
[  861082ms] [LOG] [Fast Refresh] done in 112ms @ http://localhost:3030/_next/static/chunks/04m2_next_dist_01d_w1-._.js:2431
[  861222ms] [LOG] [Fast Refresh] rebuilding @ http://localhost:3030/_next/static/chunks/04m2_next_dist_01d_w1-._.js:2431
[  861224ms] [INFO] %c%s%c [setup-health] background: #e6e6e6;background: light-dark(rgba(0,0,0,0.1), rgba(255,255,255,0.25));color: #000000;color: light-dark(#000000, #ffffff);border-radius: 2px  Server   panel-layout {tenantId: cmrvvipw70000oyyo6123270j, userId: cmrvvipy90009oyyocqnstw83, score: 40, completedCount: 2, totalCriticalCount: 5} @ http://localhost:3030/_next/static/chunks/04m2_next_dist_01d_w1-._.js:2431
[  861279ms] [LOG] [Fast Refresh] done in 160ms @ http://localhost:3030/_next/static/chunks/04m2_next_dist_01d_w1-._.js:2431
[  861384ms] [INFO] %c%s%c [setup-health] background: #e6e6e6;background: light-dark(rgba(0,0,0,0.1), rgba(255,255,255,0.25));color: #000000;color: light-dark(#000000, #ffffff);border-radius: 2px  Server   panel-layout {tenantId: cmrvvipw70000oyyo6123270j, userId: cmrvvipy90009oyyocqnstw83, score: 40, completedCount: 2, totalCriticalCount: 5} @ http://localhost:3030/_next/static/chunks/04m2_next_dist_01d_w1-._.js:2431
[  861563ms] [INFO] %c%s%c [setup-health] background: #e6e6e6;background: light-dark(rgba(0,0,0,0.1), rgba(255,255,255,0.25));color: #000000;color: light-dark(#000000, #ffffff);border-radius: 2px  Server   panel-layout {tenantId: cmrvvipw70000oyyo6123270j, userId: cmrvvipy90009oyyocqnstw83, score: 40, completedCount: 2, totalCriticalCount: 5} @ http://localhost:3030/_next/static/chunks/04m2_next_dist_01d_w1-._.js:2431
[  861797ms] [LOG] [Fast Refresh] rebuilding @ http://localhost:3030/_next/static/chunks/04m2_next_dist_01d_w1-._.js:2431
[  861814ms] [LOG] [Fast Refresh] done in 124ms @ http://localhost:3030/_next/static/chunks/04m2_next_dist_01d_w1-._.js:2431
[  861878ms] [INFO] %c%s%c [setup-health] background: #e6e6e6;background: light-dark(rgba(0,0,0,0.1), rgba(255,255,255,0.25));color: #000000;color: light-dark(#000000, #ffffff);border-radius: 2px  Server   panel-layout {tenantId: cmrvvipw70000oyyo6123270j, userId: cmrvvipy90009oyyocqnstw83, score: 40, completedCount: 2, totalCriticalCount: 5} @ http://localhost:3030/_next/static/chunks/04m2_next_dist_01d_w1-._.js:2431
[  861996ms] [LOG] [Fast Refresh] rebuilding @ http://localhost:3030/_next/static/chunks/04m2_next_dist_01d_w1-._.js:2431
[  862084ms] [LOG] [Fast Refresh] done in 188ms @ http://localhost:3030/_next/static/chunks/04m2_next_dist_01d_w1-._.js:2431
[  862164ms] [INFO] %c%s%c [setup-health] background: #e6e6e6;background: light-dark(rgba(0,0,0,0.1), rgba(255,255,255,0.25));color: #000000;color: light-dark(#000000, #ffffff);border-radius: 2px  Server   panel-layout {tenantId: cmrvvipw70000oyyo6123270j, userId: cmrvvipy90009oyyocqnstw83, score: 40, completedCount: 2, totalCriticalCount: 5} @ http://localhost:3030/_next/static/chunks/04m2_next_dist_01d_w1-._.js:2431
[  862223ms] [LOG] [Fast Refresh] rebuilding @ http://localhost:3030/_next/static/chunks/04m2_next_dist_01d_w1-._.js:2431
[  863348ms] [LOG] [Fast Refresh] done in 1236ms @ http://localhost:3030/_next/static/chunks/04m2_next_dist_01d_w1-._.js:2431
[  863782ms] [LOG] [Fast Refresh] rebuilding @ http://localhost:3030/_next/static/chunks/04m2_next_dist_01d_w1-._.js:2431
[  863785ms] [LOG] [Fast Refresh] done in 106ms @ http://localhost:3030/_next/static/chunks/04m2_next_dist_01d_w1-._.js:2431
[  871045ms] [LOG] [Fast Refresh] rebuilding @ http://localhost:3030/_next/static/chunks/04m2_next_dist_01d_w1-._.js:2431
[  871279ms] [LOG] [Fast Refresh] done in 348ms @ http://localhost:3030/_next/static/chunks/04m2_next_dist_01d_w1-._.js:2431
[  872719ms] [LOG] [Fast Refresh] rebuilding @ http://localhost:3030/_next/static/chunks/04m2_next_dist_01d_w1-._.js:2431
[  873267ms] [LOG] [Fast Refresh] done in 662ms @ http://localhost:3030/_next/static/chunks/04m2_next_dist_01d_w1-._.js:2431
[  874375ms] [LOG] [Fast Refresh] rebuilding @ http://localhost:3030/_next/static/chunks/04m2_next_dist_01d_w1-._.js:2431
[  874545ms] [LOG] [Fast Refresh] done in 272ms @ http://localhost:3030/_next/static/chunks/04m2_next_dist_01d_w1-._.js:2431
[  874716ms] [LOG] [Fast Refresh] rebuilding @ http://localhost:3030/_next/static/chunks/04m2_next_dist_01d_w1-._.js:2431
[  882264ms] [LOG] [Fast Refresh] done in 7653ms @ http://localhost:3030/_next/static/chunks/04m2_next_dist_01d_w1-._.js:2431
[  882457ms] [LOG] [Fast Refresh] rebuilding @ http://localhost:3030/_next/static/chunks/04m2_next_dist_01d_w1-._.js:2431
[  883019ms] [LOG] [Fast Refresh] done in 664ms @ http://localhost:3030/_next/static/chunks/04m2_next_dist_01d_w1-._.js:2431
[  883423ms] [INFO] %c%s%c [setup-health] background: #e6e6e6;background: light-dark(rgba(0,0,0,0.1), rgba(255,255,255,0.25));color: #000000;color: light-dark(#000000, #ffffff);border-radius: 2px  Server   panel-layout {tenantId: cmrvvipw70000oyyo6123270j, userId: cmrvvipy90009oyyocqnstw83, score: 40, completedCount: 2, totalCriticalCount: 5} @ http://localhost:3030/_next/static/chunks/04m2_next_dist_01d_w1-._.js:2431
[  883750ms] [LOG] [Fast Refresh] rebuilding @ http://localhost:3030/_next/static/chunks/04m2_next_dist_01d_w1-._.js:2431
[  883781ms] [INFO] %c%s%c [setup-health] background: #e6e6e6;background: light-dark(rgba(0,0,0,0.1), rgba(255,255,255,0.25));color: #000000;color: light-dark(#000000, #ffffff);border-radius: 2px  Server   panel-layout {tenantId: cmrvvipw70000oyyo6123270j, userId: cmrvvipy90009oyyocqnstw83, score: 40, completedCount: 2, totalCriticalCount: 5} @ http://localhost:3030/_next/static/chunks/04m2_next_dist_01d_w1-._.js:2431
[  883854ms] [LOG] [Fast Refresh] done in 204ms @ http://localhost:3030/_next/static/chunks/04m2_next_dist_01d_w1-._.js:2431
[  884065ms] [INFO] %c%s%c [setup-health] background: #e6e6e6;background: light-dark(rgba(0,0,0,0.1), rgba(255,255,255,0.25));color: #000000;color: light-dark(#000000, #ffffff);border-radius: 2px  Server   panel-layout {tenantId: cmrvvipw70000oyyo6123270j, userId: cmrvvipy90009oyyocqnstw83, score: 40, completedCount: 2, totalCriticalCount: 5} @ http://localhost:3030/_next/static/chunks/04m2_next_dist_01d_w1-._.js:2431
[  884283ms] [LOG] [Fast Refresh] rebuilding @ http://localhost:3030/_next/static/chunks/04m2_next_dist_01d_w1-._.js:2431
[  884340ms] [LOG] [Fast Refresh] done in 157ms @ http://localhost:3030/_next/static/chunks/04m2_next_dist_01d_w1-._.js:2431
[  884393ms] [INFO] %c%s%c [setup-health] background: #e6e6e6;background: light-dark(rgba(0,0,0,0.1), rgba(255,255,255,0.25));color: #000000;color: light-dark(#000000, #ffffff);border-radius: 2px  Server   panel-layout {tenantId: cmrvvipw70000oyyo6123270j, userId: cmrvvipy90009oyyocqnstw83, score: 40, completedCount: 2, totalCriticalCount: 5} @ http://localhost:3030/_next/static/chunks/04m2_next_dist_01d_w1-._.js:2431
[  884510ms] [LOG] [Fast Refresh] rebuilding @ http://localhost:3030/_next/static/chunks/04m2_next_dist_01d_w1-._.js:2431
[  884527ms] [LOG] [Fast Refresh] done in 121ms @ http://localhost:3030/_next/static/chunks/04m2_next_dist_01d_w1-._.js:2431
[  884661ms] [INFO] %c%s%c [setup-health] background: #e6e6e6;background: light-dark(rgba(0,0,0,0.1), rgba(255,255,255,0.25));color: #000000;color: light-dark(#000000, #ffffff);border-radius: 2px  Server   panel-layout {tenantId: cmrvvipw70000oyyo6123270j, userId: cmrvvipy90009oyyocqnstw83, score: 40, completedCount: 2, totalCriticalCount: 5} @ http://localhost:3030/_next/static/chunks/04m2_next_dist_01d_w1-._.js:2431
[  884831ms] [LOG] [Fast Refresh] rebuilding @ http://localhost:3030/_next/static/chunks/04m2_next_dist_01d_w1-._.js:2431
[  884899ms] [LOG] [Fast Refresh] done in 180ms @ http://localhost:3030/_next/static/chunks/04m2_next_dist_01d_w1-._.js:2431
[  885039ms] [INFO] %c%s%c [setup-health] background: #e6e6e6;background: light-dark(rgba(0,0,0,0.1), rgba(255,255,255,0.25));color: #000000;color: light-dark(#000000, #ffffff);border-radius: 2px  Server   panel-layout {tenantId: cmrvvipw70000oyyo6123270j, userId: cmrvvipy90009oyyocqnstw83, score: 40, completedCount: 2, totalCriticalCount: 5} @ http://localhost:3030/_next/static/chunks/04m2_next_dist_01d_w1-._.js:2431
[  885420ms] [INFO] %c%s%c [setup-health] background: #e6e6e6;background: light-dark(rgba(0,0,0,0.1), rgba(255,255,255,0.25));color: #000000;color: light-dark(#000000, #ffffff);border-radius: 2px  Server   panel-layout {tenantId: cmrvvipw70000oyyo6123270j, userId: cmrvvipy90009oyyocqnstw83, score: 40, completedCount: 2, totalCriticalCount: 5} @ http://localhost:3030/_next/static/chunks/04m2_next_dist_01d_w1-._.js:2431
[  885447ms] [LOG] [Fast Refresh] rebuilding @ http://localhost:3030/_next/static/chunks/04m2_next_dist_01d_w1-._.js:2431
[  885488ms] [LOG] [Fast Refresh] done in 143ms @ http://localhost:3030/_next/static/chunks/04m2_next_dist_01d_w1-._.js:2431
[  885590ms] [LOG] [Fast Refresh] rebuilding @ http://localhost:3030/_next/static/chunks/04m2_next_dist_01d_w1-._.js:2431
[  885646ms] [LOG] [Fast Refresh] done in 157ms @ http://localhost:3030/_next/static/chunks/04m2_next_dist_01d_w1-._.js:2431
[  885750ms] [LOG] [Fast Refresh] rebuilding @ http://localhost:3030/_next/static/chunks/04m2_next_dist_01d_w1-._.js:2431
[  885784ms] [LOG] [Fast Refresh] done in 136ms @ http://localhost:3030/_next/static/chunks/04m2_next_dist_01d_w1-._.js:2431
[  885820ms] [INFO] %c%s%c [setup-health] background: #e6e6e6;background: light-dark(rgba(0,0,0,0.1), rgba(255,255,255,0.25));color: #000000;color: light-dark(#000000, #ffffff);border-radius: 2px  Server   panel-layout {tenantId: cmrvvipw70000oyyo6123270j, userId: cmrvvipy90009oyyocqnstw83, score: 40, completedCount: 2, totalCriticalCount: 5} @ http://localhost:3030/_next/static/chunks/04m2_next_dist_01d_w1-._.js:2431
[  885976ms] [LOG] [Fast Refresh] rebuilding @ http://localhost:3030/_next/static/chunks/04m2_next_dist_01d_w1-._.js:2431
[  885978ms] [LOG] [Fast Refresh] done in 101ms @ http://localhost:3030/_next/static/chunks/04m2_next_dist_01d_w1-._.js:2431
[  886084ms] [LOG] [Fast Refresh] rebuilding @ http://localhost:3030/_next/static/chunks/04m2_next_dist_01d_w1-._.js:2431
[  886100ms] [LOG] [Fast Refresh] done in 121ms @ http://localhost:3030/_next/static/chunks/04m2_next_dist_01d_w1-._.js:2431
[  886210ms] [INFO] %c%s%c [setup-health] background: #e6e6e6;background: light-dark(rgba(0,0,0,0.1), rgba(255,255,255,0.25));color: #000000;color: light-dark(#000000, #ffffff);border-radius: 2px  Server   panel-layout {tenantId: cmrvvipw70000oyyo6123270j, userId: cmrvvipy90009oyyocqnstw83, score: 40, completedCount: 2, totalCriticalCount: 5} @ http://localhost:3030/_next/static/chunks/04m2_next_dist_01d_w1-._.js:2431
[  886326ms] [LOG] [Fast Refresh] rebuilding @ http://localhost:3030/_next/static/chunks/04m2_next_dist_01d_w1-._.js:2431
[  886339ms] [LOG] [Fast Refresh] done in 116ms @ http://localhost:3030/_next/static/chunks/04m2_next_dist_01d_w1-._.js:2431
[  886540ms] [INFO] %c%s%c [setup-health] background: #e6e6e6;background: light-dark(rgba(0,0,0,0.1), rgba(255,255,255,0.25));color: #000000;color: light-dark(#000000, #ffffff);border-radius: 2px  Server   panel-layout {tenantId: cmrvvipw70000oyyo6123270j, userId: cmrvvipy90009oyyocqnstw83, score: 40, completedCount: 2, totalCriticalCount: 5} @ http://localhost:3030/_next/static/chunks/04m2_next_dist_01d_w1-._.js:2431
[  886565ms] [LOG] [Fast Refresh] rebuilding @ http://localhost:3030/_next/static/chunks/04m2_next_dist_01d_w1-._.js:2431
[  886682ms] [INFO] %c%s%c [setup-health] background: #e6e6e6;background: light-dark(rgba(0,0,0,0.1), rgba(255,255,255,0.25));color: #000000;color: light-dark(#000000, #ffffff);border-radius: 2px  Server   panel-layout {tenantId: cmrvvipw70000oyyo6123270j, userId: cmrvvipy90009oyyocqnstw83, score: 40, completedCount: 2, totalCriticalCount: 5} @ http://localhost:3030/_next/static/chunks/04m2_next_dist_01d_w1-._.js:2431
[  886947ms] [LOG] [Fast Refresh] done in 495ms @ http://localhost:3030/_next/static/chunks/04m2_next_dist_01d_w1-._.js:2431
[  887103ms] [LOG] [Fast Refresh] rebuilding @ http://localhost:3030/_next/static/chunks/04m2_next_dist_01d_w1-._.js:2431
[  887124ms] [LOG] [Fast Refresh] done in 123ms @ http://localhost:3030/_next/static/chunks/04m2_next_dist_01d_w1-._.js:2431
[  887328ms] [LOG] [Fast Refresh] rebuilding @ http://localhost:3030/_next/static/chunks/04m2_next_dist_01d_w1-._.js:2431
[  887373ms] [LOG] [Fast Refresh] done in 146ms @ http://localhost:3030/_next/static/chunks/04m2_next_dist_01d_w1-._.js:2431
[  887459ms] [INFO] %c%s%c [setup-health] background: #e6e6e6;background: light-dark(rgba(0,0,0,0.1), rgba(255,255,255,0.25));color: #000000;color: light-dark(#000000, #ffffff);border-radius: 2px  Server   panel-layout {tenantId: cmrvvipw70000oyyo6123270j, userId: cmrvvipy90009oyyocqnstw83, score: 40, completedCount: 2, totalCriticalCount: 5} @ http://localhost:3030/_next/static/chunks/04m2_next_dist_01d_w1-._.js:2431
[  887666ms] [INFO] %c%s%c [setup-health] background: #e6e6e6;background: light-dark(rgba(0,0,0,0.1), rgba(255,255,255,0.25));color: #000000;color: light-dark(#000000, #ffffff);border-radius: 2px  Server   panel-layout {tenantId: cmrvvipw70000oyyo6123270j, userId: cmrvvipy90009oyyocqnstw83, score: 40, completedCount: 2, totalCriticalCount: 5} @ http://localhost:3030/_next/static/chunks/04m2_next_dist_01d_w1-._.js:2431
[  887874ms] [LOG] [Fast Refresh] rebuilding @ http://localhost:3030/_next/static/chunks/04m2_next_dist_01d_w1-._.js:2431
[  887943ms] [LOG] [Fast Refresh] done in 173ms @ http://localhost:3030/_next/static/chunks/04m2_next_dist_01d_w1-._.js:2431
[  888045ms] [LOG] [Fast Refresh] rebuilding @ http://localhost:3030/_next/static/chunks/04m2_next_dist_01d_w1-._.js:2431
[  888050ms] [LOG] [Fast Refresh] done in 106ms @ http://localhost:3030/_next/static/chunks/04m2_next_dist_01d_w1-._.js:2431
[  888065ms] [INFO] %c%s%c [setup-health] background: #e6e6e6;background: light-dark(rgba(0,0,0,0.1), rgba(255,255,255,0.25));color: #000000;color: light-dark(#000000, #ffffff);border-radius: 2px  Server   panel-layout {tenantId: cmrvvipw70000oyyo6123270j, userId: cmrvvipy90009oyyocqnstw83, score: 40, completedCount: 2, totalCriticalCount: 5} @ http://localhost:3030/_next/static/chunks/04m2_next_dist_01d_w1-._.js:2431
[  888154ms] [LOG] [Fast Refresh] rebuilding @ http://localhost:3030/_next/static/chunks/04m2_next_dist_01d_w1-._.js:2431
[  888207ms] [LOG] [Fast Refresh] done in 154ms @ http://localhost:3030/_next/static/chunks/04m2_next_dist_01d_w1-._.js:2431
[  888384ms] [INFO] %c%s%c [setup-health] background: #e6e6e6;background: light-dark(rgba(0,0,0,0.1), rgba(255,255,255,0.25));color: #000000;color: light-dark(#000000, #ffffff);border-radius: 2px  Server   panel-layout {tenantId: cmrvvipw70000oyyo6123270j, userId: cmrvvipy90009oyyocqnstw83, score: 40, completedCount: 2, totalCriticalCount: 5} @ http://localhost:3030/_next/static/chunks/04m2_next_dist_01d_w1-._.js:2431
[  888512ms] [LOG] [Fast Refresh] rebuilding @ http://localhost:3030/_next/static/chunks/04m2_next_dist_01d_w1-._.js:2431
[  888614ms] [LOG] [Fast Refresh] done in 202ms @ http://localhost:3030/_next/static/chunks/04m2_next_dist_01d_w1-._.js:2431
[  888721ms] [INFO] %c%s%c [setup-health] background: #e6e6e6;background: light-dark(rgba(0,0,0,0.1), rgba(255,255,255,0.25));color: #000000;color: light-dark(#000000, #ffffff);border-radius: 2px  Server   panel-layout {tenantId: cmrvvipw70000oyyo6123270j, userId: cmrvvipy90009oyyocqnstw83, score: 40, completedCount: 2, totalCriticalCount: 5} @ http://localhost:3030/_next/static/chunks/04m2_next_dist_01d_w1-._.js:2431
[  889042ms] [INFO] %c%s%c [setup-health] background: #e6e6e6;background: light-dark(rgba(0,0,0,0.1), rgba(255,255,255,0.25));color: #000000;color: light-dark(#000000, #ffffff);border-radius: 2px  Server   panel-layout {tenantId: cmrvvipw70000oyyo6123270j, userId: cmrvvipy90009oyyocqnstw83, score: 40, completedCount: 2, totalCriticalCount: 5} @ http://localhost:3030/_next/static/chunks/04m2_next_dist_01d_w1-._.js:2431
[  889156ms] [LOG] [Fast Refresh] rebuilding @ http://localhost:3030/_next/static/chunks/04m2_next_dist_01d_w1-._.js:2431
[  889201ms] [LOG] [Fast Refresh] done in 146ms @ http://localhost:3030/_next/static/chunks/04m2_next_dist_01d_w1-._.js:2431
[  889368ms] [LOG] [Fast Refresh] rebuilding @ http://localhost:3030/_next/static/chunks/04m2_next_dist_01d_w1-._.js:2431
[  889373ms] [LOG] [Fast Refresh] done in 107ms @ http://localhost:3030/_next/static/chunks/04m2_next_dist_01d_w1-._.js:2431
[  889402ms] [INFO] %c%s%c [setup-health] background: #e6e6e6;background: light-dark(rgba(0,0,0,0.1), rgba(255,255,255,0.25));color: #000000;color: light-dark(#000000, #ffffff);border-radius: 2px  Server   panel-layout {tenantId: cmrvvipw70000oyyo6123270j, userId: cmrvvipy90009oyyocqnstw83, score: 40, completedCount: 2, totalCriticalCount: 5} @ http://localhost:3030/_next/static/chunks/04m2_next_dist_01d_w1-._.js:2431
[  889700ms] [LOG] [Fast Refresh] rebuilding @ http://localhost:3030/_next/static/chunks/04m2_next_dist_01d_w1-._.js:2431
[  889731ms] [LOG] [Fast Refresh] done in 137ms @ http://localhost:3030/_next/static/chunks/04m2_next_dist_01d_w1-._.js:2431
[  889794ms] [INFO] %c%s%c [setup-health] background: #e6e6e6;background: light-dark(rgba(0,0,0,0.1), rgba(255,255,255,0.25));color: #000000;color: light-dark(#000000, #ffffff);border-radius: 2px  Server   panel-layout {tenantId: cmrvvipw70000oyyo6123270j, userId: cmrvvipy90009oyyocqnstw83, score: 40, completedCount: 2, totalCriticalCount: 5} @ http://localhost:3030/_next/static/chunks/04m2_next_dist_01d_w1-._.js:2431
[  889898ms] [LOG] [Fast Refresh] rebuilding @ http://localhost:3030/_next/static/chunks/04m2_next_dist_01d_w1-._.js:2431
[  889904ms] [LOG] [Fast Refresh] done in 112ms @ http://localhost:3030/_next/static/chunks/04m2_next_dist_01d_w1-._.js:2431
[  890003ms] [INFO] %c%s%c [setup-health] background: #e6e6e6;background: light-dark(rgba(0,0,0,0.1), rgba(255,255,255,0.25));color: #000000;color: light-dark(#000000, #ffffff);border-radius: 2px  Server   panel-layout {tenantId: cmrvvipw70000oyyo6123270j, userId: cmrvvipy90009oyyocqnstw83, score: 40, completedCount: 2, totalCriticalCount: 5} @ http://localhost:3030/_next/static/chunks/04m2_next_dist_01d_w1-._.js:2431
[  890165ms] [LOG] [Fast Refresh] rebuilding @ http://localhost:3030/_next/static/chunks/04m2_next_dist_01d_w1-._.js:2431
[  890274ms] [LOG] [Fast Refresh] done in 212ms @ http://localhost:3030/_next/static/chunks/04m2_next_dist_01d_w1-._.js:2431
[  890401ms] [INFO] %c%s%c [setup-health] background: #e6e6e6;background: light-dark(rgba(0,0,0,0.1), rgba(255,255,255,0.25));color: #000000;color: light-dark(#000000, #ffffff);border-radius: 2px  Server   panel-layout {tenantId: cmrvvipw70000oyyo6123270j, userId: cmrvvipy90009oyyocqnstw83, score: 40, completedCount: 2, totalCriticalCount: 5} @ http://localhost:3030/_next/static/chunks/04m2_next_dist_01d_w1-._.js:2431
[  890756ms] [INFO] %c%s%c [setup-health] background: #e6e6e6;background: light-dark(rgba(0,0,0,0.1), rgba(255,255,255,0.25));color: #000000;color: light-dark(#000000, #ffffff);border-radius: 2px  Server   panel-layout {tenantId: cmrvvipw70000oyyo6123270j, userId: cmrvvipy90009oyyocqnstw83, score: 40, completedCount: 2, totalCriticalCount: 5} @ http://localhost:3030/_next/static/chunks/04m2_next_dist_01d_w1-._.js:2431
[  890793ms] [LOG] [Fast Refresh] rebuilding @ http://localhost:3030/_next/static/chunks/04m2_next_dist_01d_w1-._.js:2431
[  890802ms] [LOG] [Fast Refresh] done in 112ms @ http://localhost:3030/_next/static/chunks/04m2_next_dist_01d_w1-._.js:2431
[  890987ms] [INFO] %c%s%c [setup-health] background: #e6e6e6;background: light-dark(rgba(0,0,0,0.1), rgba(255,255,255,0.25));color: #000000;color: light-dark(#000000, #ffffff);border-radius: 2px  Server   panel-layout {tenantId: cmrvvipw70000oyyo6123270j, userId: cmrvvipy90009oyyocqnstw83, score: 40, completedCount: 2, totalCriticalCount: 5} @ http://localhost:3030/_next/static/chunks/04m2_next_dist_01d_w1-._.js:2431
[  891224ms] [LOG] [Fast Refresh] rebuilding @ http://localhost:3030/_next/static/chunks/04m2_next_dist_01d_w1-._.js:2431
[  891308ms] [LOG] [Fast Refresh] done in 192ms @ http://localhost:3030/_next/static/chunks/04m2_next_dist_01d_w1-._.js:2431
[  891366ms] [INFO] %c%s%c [setup-health] background: #e6e6e6;background: light-dark(rgba(0,0,0,0.1), rgba(255,255,255,0.25));color: #000000;color: light-dark(#000000, #ffffff);border-radius: 2px  Server   panel-layout {tenantId: cmrvvipw70000oyyo6123270j, userId: cmrvvipy90009oyyocqnstw83, score: 40, completedCount: 2, totalCriticalCount: 5} @ http://localhost:3030/_next/static/chunks/04m2_next_dist_01d_w1-._.js:2431
[  891463ms] [LOG] [Fast Refresh] rebuilding @ http://localhost:3030/_next/static/chunks/04m2_next_dist_01d_w1-._.js:2431
[  891464ms] [LOG] [Fast Refresh] done in 103ms @ http://localhost:3030/_next/static/chunks/04m2_next_dist_01d_w1-._.js:2431
[  891665ms] [INFO] %c%s%c [setup-health] background: #e6e6e6;background: light-dark(rgba(0,0,0,0.1), rgba(255,255,255,0.25));color: #000000;color: light-dark(#000000, #ffffff);border-radius: 2px  Server   panel-layout {tenantId: cmrvvipw70000oyyo6123270j, userId: cmrvvipy90009oyyocqnstw83, score: 40, completedCount: 2, totalCriticalCount: 5} @ http://localhost:3030/_next/static/chunks/04m2_next_dist_01d_w1-._.js:2431
[  891794ms] [LOG] [Fast Refresh] rebuilding @ http://localhost:3030/_next/static/chunks/04m2_next_dist_01d_w1-._.js:2431
[  891865ms] [LOG] [Fast Refresh] done in 179ms @ http://localhost:3030/_next/static/chunks/04m2_next_dist_01d_w1-._.js:2431
[  891955ms] [INFO] %c%s%c [setup-health] background: #e6e6e6;background: light-dark(rgba(0,0,0,0.1), rgba(255,255,255,0.25));color: #000000;color: light-dark(#000000, #ffffff);border-radius: 2px  Server   panel-layout {tenantId: cmrvvipw70000oyyo6123270j, userId: cmrvvipy90009oyyocqnstw83, score: 40, completedCount: 2, totalCriticalCount: 5} @ http://localhost:3030/_next/static/chunks/04m2_next_dist_01d_w1-._.js:2431
[  892252ms] [LOG] [Fast Refresh] rebuilding @ http://localhost:3030/_next/static/chunks/04m2_next_dist_01d_w1-._.js:2431
[  892254ms] [INFO] %c%s%c [setup-health] background: #e6e6e6;background: light-dark(rgba(0,0,0,0.1), rgba(255,255,255,0.25));color: #000000;color: light-dark(#000000, #ffffff);border-radius: 2px  Server   panel-layout {tenantId: cmrvvipw70000oyyo6123270j, userId: cmrvvipy90009oyyocqnstw83, score: 40, completedCount: 2, totalCriticalCount: 5} @ http://localhost:3030/_next/static/chunks/04m2_next_dist_01d_w1-._.js:2431
[  892321ms] [LOG] [Fast Refresh] done in 172ms @ http://localhost:3030/_next/static/chunks/04m2_next_dist_01d_w1-._.js:2431
[  892599ms] [INFO] %c%s%c [setup-health] background: #e6e6e6;background: light-dark(rgba(0,0,0,0.1), rgba(255,255,255,0.25));color: #000000;color: light-dark(#000000, #ffffff);border-radius: 2px  Server   panel-layout {tenantId: cmrvvipw70000oyyo6123270j, userId: cmrvvipy90009oyyocqnstw83, score: 40, completedCount: 2, totalCriticalCount: 5} @ http://localhost:3030/_next/static/chunks/04m2_next_dist_01d_w1-._.js:2431
[  892848ms] [LOG] [Fast Refresh] rebuilding @ http://localhost:3030/_next/static/chunks/04m2_next_dist_01d_w1-._.js:2431
[  892879ms] [LOG] [Fast Refresh] done in 131ms @ http://localhost:3030/_next/static/chunks/04m2_next_dist_01d_w1-._.js:2431
[  892935ms] [INFO] %c%s%c [setup-health] background: #e6e6e6;background: light-dark(rgba(0,0,0,0.1), rgba(255,255,255,0.25));color: #000000;color: light-dark(#000000, #ffffff);border-radius: 2px  Server   panel-layout {tenantId: cmrvvipw70000oyyo6123270j, userId: cmrvvipy90009oyyocqnstw83, score: 40, completedCount: 2, totalCriticalCount: 5} @ http://localhost:3030/_next/static/chunks/04m2_next_dist_01d_w1-._.js:2431
[  893125ms] [INFO] %c%s%c [setup-health] background: #e6e6e6;background: light-dark(rgba(0,0,0,0.1), rgba(255,255,255,0.25));color: #000000;color: light-dark(#000000, #ffffff);border-radius: 2px  Server   panel-layout {tenantId: cmrvvipw70000oyyo6123270j, userId: cmrvvipy90009oyyocqnstw83, score: 40, completedCount: 2, totalCriticalCount: 5} @ http://localhost:3030/_next/static/chunks/04m2_next_dist_01d_w1-._.js:2431
[  893274ms] [LOG] [Fast Refresh] rebuilding @ http://localhost:3030/_next/static/chunks/04m2_next_dist_01d_w1-._.js:2431
[  893349ms] [LOG] [Fast Refresh] done in 176ms @ http://localhost:3030/_next/static/chunks/04m2_next_dist_01d_w1-._.js:2431
[  893483ms] [INFO] %c%s%c [setup-health] background: #e6e6e6;background: light-dark(rgba(0,0,0,0.1), rgba(255,255,255,0.25));color: #000000;color: light-dark(#000000, #ffffff);border-radius: 2px  Server   panel-layout {tenantId: cmrvvipw70000oyyo6123270j, userId: cmrvvipy90009oyyocqnstw83, score: 40, completedCount: 2, totalCriticalCount: 5} @ http://localhost:3030/_next/static/chunks/04m2_next_dist_01d_w1-._.js:2431
[  893529ms] [LOG] [Fast Refresh] rebuilding @ http://localhost:3030/_next/static/chunks/04m2_next_dist_01d_w1-._.js:2431
[  893597ms] [LOG] [Fast Refresh] done in 169ms @ http://localhost:3030/_next/static/chunks/04m2_next_dist_01d_w1-._.js:2431
[  893806ms] [LOG] [Fast Refresh] rebuilding @ http://localhost:3030/_next/static/chunks/04m2_next_dist_01d_w1-._.js:2431
[  893814ms] [LOG] [Fast Refresh] done in 110ms @ http://localhost:3030/_next/static/chunks/04m2_next_dist_01d_w1-._.js:2431
[  893816ms] [INFO] %c%s%c [setup-health] background: #e6e6e6;background: light-dark(rgba(0,0,0,0.1), rgba(255,255,255,0.25));color: #000000;color: light-dark(#000000, #ffffff);border-radius: 2px  Server   panel-layout {tenantId: cmrvvipw70000oyyo6123270j, userId: cmrvvipy90009oyyocqnstw83, score: 40, completedCount: 2, totalCriticalCount: 5} @ http://localhost:3030/_next/static/chunks/04m2_next_dist_01d_w1-._.js:2431
[  894053ms] [INFO] %c%s%c [setup-health] background: #e6e6e6;background: light-dark(rgba(0,0,0,0.1), rgba(255,255,255,0.25));color: #000000;color: light-dark(#000000, #ffffff);border-radius: 2px  Server   panel-layout {tenantId: cmrvvipw70000oyyo6123270j, userId: cmrvvipy90009oyyocqnstw83, score: 40, completedCount: 2, totalCriticalCount: 5} @ http://localhost:3030/_next/static/chunks/04m2_next_dist_01d_w1-._.js:2431
[  894334ms] [INFO] %c%s%c [setup-health] background: #e6e6e6;background: light-dark(rgba(0,0,0,0.1), rgba(255,255,255,0.25));color: #000000;color: light-dark(#000000, #ffffff);border-radius: 2px  Server   panel-layout {tenantId: cmrvvipw70000oyyo6123270j, userId: cmrvvipy90009oyyocqnstw83, score: 40, completedCount: 2, totalCriticalCount: 5} @ http://localhost:3030/_next/static/chunks/04m2_next_dist_01d_w1-._.js:2431
[  894615ms] [INFO] %c%s%c [setup-health] background: #e6e6e6;background: light-dark(rgba(0,0,0,0.1), rgba(255,255,255,0.25));color: #000000;color: light-dark(#000000, #ffffff);border-radius: 2px  Server   panel-layout {tenantId: cmrvvipw70000oyyo6123270j, userId: cmrvvipy90009oyyocqnstw83, score: 40, completedCount: 2, totalCriticalCount: 5} @ http://localhost:3030/_next/static/chunks/04m2_next_dist_01d_w1-._.js:2431
[  894755ms] [LOG] [Fast Refresh] rebuilding @ http://localhost:3030/_next/static/chunks/04m2_next_dist_01d_w1-._.js:2431
[  894826ms] [LOG] [Fast Refresh] done in 174ms @ http://localhost:3030/_next/static/chunks/04m2_next_dist_01d_w1-._.js:2431
[  894931ms] [INFO] %c%s%c [setup-health] background: #e6e6e6;background: light-dark(rgba(0,0,0,0.1), rgba(255,255,255,0.25));color: #000000;color: light-dark(#000000, #ffffff);border-radius: 2px  Server   panel-layout {tenantId: cmrvvipw70000oyyo6123270j, userId: cmrvvipy90009oyyocqnstw83, score: 40, completedCount: 2, totalCriticalCount: 5} @ http://localhost:3030/_next/static/chunks/04m2_next_dist_01d_w1-._.js:2431
[  895198ms] [INFO] %c%s%c [setup-health] background: #e6e6e6;background: light-dark(rgba(0,0,0,0.1), rgba(255,255,255,0.25));color: #000000;color: light-dark(#000000, #ffffff);border-radius: 2px  Server   panel-layout {tenantId: cmrvvipw70000oyyo6123270j, userId: cmrvvipy90009oyyocqnstw83, score: 40, completedCount: 2, totalCriticalCount: 5} @ http://localhost:3030/_next/static/chunks/04m2_next_dist_01d_w1-._.js:2431
[  895236ms] [LOG] [Fast Refresh] rebuilding @ http://localhost:3030/_next/static/chunks/04m2_next_dist_01d_w1-._.js:2431
[  895276ms] [LOG] [Fast Refresh] done in 143ms @ http://localhost:3030/_next/static/chunks/04m2_next_dist_01d_w1-._.js:2431
[  895381ms] [LOG] [Fast Refresh] rebuilding @ http://localhost:3030/_next/static/chunks/04m2_next_dist_01d_w1-._.js:2431
[  895382ms] [LOG] [Fast Refresh] done in 105ms @ http://localhost:3030/_next/static/chunks/04m2_next_dist_01d_w1-._.js:2431
[  895550ms] [INFO] %c%s%c [setup-health] background: #e6e6e6;background: light-dark(rgba(0,0,0,0.1), rgba(255,255,255,0.25));color: #000000;color: light-dark(#000000, #ffffff);border-radius: 2px  Server   panel-layout {tenantId: cmrvvipw70000oyyo6123270j, userId: cmrvvipy90009oyyocqnstw83, score: 40, completedCount: 2, totalCriticalCount: 5} @ http://localhost:3030/_next/static/chunks/04m2_next_dist_01d_w1-._.js:2431
[  895889ms] [LOG] [Fast Refresh] rebuilding @ http://localhost:3030/_next/static/chunks/04m2_next_dist_01d_w1-._.js:2431
[  895906ms] [LOG] [Fast Refresh] done in 122ms @ http://localhost:3030/_next/static/chunks/04m2_next_dist_01d_w1-._.js:2431
[  895974ms] [INFO] %c%s%c [setup-health] background: #e6e6e6;background: light-dark(rgba(0,0,0,0.1), rgba(255,255,255,0.25));color: #000000;color: light-dark(#000000, #ffffff);border-radius: 2px  Server   panel-layout {tenantId: cmrvvipw70000oyyo6123270j, userId: cmrvvipy90009oyyocqnstw83, score: 40, completedCount: 2, totalCriticalCount: 5} @ http://localhost:3030/_next/static/chunks/04m2_next_dist_01d_w1-._.js:2431
[  896172ms] [INFO] %c%s%c [setup-health] background: #e6e6e6;background: light-dark(rgba(0,0,0,0.1), rgba(255,255,255,0.25));color: #000000;color: light-dark(#000000, #ffffff);border-radius: 2px  Server   panel-layout {tenantId: cmrvvipw70000oyyo6123270j, userId: cmrvvipy90009oyyocqnstw83, score: 40, completedCount: 2, totalCriticalCount: 5} @ http://localhost:3030/_next/static/chunks/04m2_next_dist_01d_w1-._.js:2431
[  896288ms] [LOG] [Fast Refresh] rebuilding @ http://localhost:3030/_next/static/chunks/04m2_next_dist_01d_w1-._.js:2431
[  896321ms] [LOG] [Fast Refresh] done in 137ms @ http://localhost:3030/_next/static/chunks/04m2_next_dist_01d_w1-._.js:2431
[  896503ms] [INFO] %c%s%c [setup-health] background: #e6e6e6;background: light-dark(rgba(0,0,0,0.1), rgba(255,255,255,0.25));color: #000000;color: light-dark(#000000, #ffffff);border-radius: 2px  Server   panel-layout {tenantId: cmrvvipw70000oyyo6123270j, userId: cmrvvipy90009oyyocqnstw83, score: 40, completedCount: 2, totalCriticalCount: 5} @ http://localhost:3030/_next/static/chunks/04m2_next_dist_01d_w1-._.js:2431
[  896705ms] [LOG] [Fast Refresh] rebuilding @ http://localhost:3030/_next/static/chunks/04m2_next_dist_01d_w1-._.js:2431
[  896843ms] [LOG] [Fast Refresh] done in 244ms @ http://localhost:3030/_next/static/chunks/04m2_next_dist_01d_w1-._.js:2431
[  896949ms] [LOG] [Fast Refresh] rebuilding @ http://localhost:3030/_next/static/chunks/04m2_next_dist_01d_w1-._.js:2431
[  898001ms] [LOG] [Fast Refresh] done in 1145ms @ http://localhost:3030/_next/static/chunks/04m2_next_dist_01d_w1-._.js:2431
[  898194ms] [LOG] [Fast Refresh] rebuilding @ http://localhost:3030/_next/static/chunks/04m2_next_dist_01d_w1-._.js:2431
[  898371ms] [LOG] [Fast Refresh] done in 278ms @ http://localhost:3030/_next/static/chunks/04m2_next_dist_01d_w1-._.js:2431
[  899358ms] [LOG] [Fast Refresh] rebuilding @ http://localhost:3030/_next/static/chunks/04m2_next_dist_01d_w1-._.js:2431
[  899478ms] [LOG] [Fast Refresh] done in 220ms @ http://localhost:3030/_next/static/chunks/04m2_next_dist_01d_w1-._.js:2431
[  899650ms] [LOG] [Fast Refresh] rebuilding @ http://localhost:3030/_next/static/chunks/04m2_next_dist_01d_w1-._.js:2431
[  899671ms] [LOG] [Fast Refresh] done in 124ms @ http://localhost:3030/_next/static/chunks/04m2_next_dist_01d_w1-._.js:2431
[  899839ms] [LOG] [Fast Refresh] rebuilding @ http://localhost:3030/_next/static/chunks/04m2_next_dist_01d_w1-._.js:2431
[  899853ms] [LOG] [Fast Refresh] done in 114ms @ http://localhost:3030/_next/static/chunks/04m2_next_dist_01d_w1-._.js:2431
[  899880ms] [INFO] %c%s%c [setup-health] background: #e6e6e6;background: light-dark(rgba(0,0,0,0.1), rgba(255,255,255,0.25));color: #000000;color: light-dark(#000000, #ffffff);border-radius: 2px  Server   panel-layout {tenantId: cmrvvipw70000oyyo6123270j, userId: cmrvvipy90009oyyocqnstw83, score: 40, completedCount: 2, totalCriticalCount: 5} @ http://localhost:3030/_next/static/chunks/04m2_next_dist_01d_w1-._.js:2431
[  899997ms] [LOG] [Fast Refresh] rebuilding @ http://localhost:3030/_next/static/chunks/04m2_next_dist_01d_w1-._.js:2431
[  900002ms] [LOG] [Fast Refresh] done in 105ms @ http://localhost:3030/_next/static/chunks/04m2_next_dist_01d_w1-._.js:2431
[  900094ms] [INFO] %c%s%c [setup-health] background: #e6e6e6;background: light-dark(rgba(0,0,0,0.1), rgba(255,255,255,0.25));color: #000000;color: light-dark(#000000, #ffffff);border-radius: 2px  Server   panel-layout {tenantId: cmrvvipw70000oyyo6123270j, userId: cmrvvipy90009oyyocqnstw83, score: 40, completedCount: 2, totalCriticalCount: 5} @ http://localhost:3030/_next/static/chunks/04m2_next_dist_01d_w1-._.js:2431
[  900298ms] [INFO] %c%s%c [setup-health] background: #e6e6e6;background: light-dark(rgba(0,0,0,0.1), rgba(255,255,255,0.25));color: #000000;color: light-dark(#000000, #ffffff);border-radius: 2px  Server   panel-layout {tenantId: cmrvvipw70000oyyo6123270j, userId: cmrvvipy90009oyyocqnstw83, score: 40, completedCount: 2, totalCriticalCount: 5} @ http://localhost:3030/_next/static/chunks/04m2_next_dist_01d_w1-._.js:2431
[  900913ms] [LOG] [Fast Refresh] rebuilding @ http://localhost:3030/_next/static/chunks/04m2_next_dist_01d_w1-._.js:2431
[  900935ms] [LOG] [Fast Refresh] done in 133ms @ http://localhost:3030/_next/static/chunks/04m2_next_dist_01d_w1-._.js:2431
[  901052ms] [LOG] [Fast Refresh] rebuilding @ http://localhost:3030/_next/static/chunks/04m2_next_dist_01d_w1-._.js:2431
[  901294ms] [LOG] [Fast Refresh] done in 356ms @ http://localhost:3030/_next/static/chunks/04m2_next_dist_01d_w1-._.js:2431
[  905282ms] [LOG] [Fast Refresh] rebuilding @ http://localhost:3030/_next/static/chunks/04m2_next_dist_01d_w1-._.js:2431
[  905952ms] [LOG] [Fast Refresh] done in 773ms @ http://localhost:3030/_next/static/chunks/04m2_next_dist_01d_w1-._.js:2431
[  909072ms] [LOG] [Fast Refresh] rebuilding @ http://localhost:3030/_next/static/chunks/04m2_next_dist_01d_w1-._.js:2431
[  909244ms] [LOG] [Fast Refresh] done in 276ms @ http://localhost:3030/_next/static/chunks/04m2_next_dist_01d_w1-._.js:2431
[  911510ms] [LOG] [Fast Refresh] rebuilding @ http://localhost:3030/_next/static/chunks/04m2_next_dist_01d_w1-._.js:2431
[  911698ms] [LOG] [Fast Refresh] done in 290ms @ http://localhost:3030/_next/static/chunks/04m2_next_dist_01d_w1-._.js:2431
[  913304ms] [LOG] [Fast Refresh] rebuilding @ http://localhost:3030/_next/static/chunks/04m2_next_dist_01d_w1-._.js:2431
[  913462ms] [LOG] [Fast Refresh] done in 269ms @ http://localhost:3030/_next/static/chunks/04m2_next_dist_01d_w1-._.js:2431
[  925435ms] [LOG] [Fast Refresh] rebuilding @ http://localhost:3030/_next/static/chunks/04m2_next_dist_01d_w1-._.js:2431
[  925814ms] [LOG] [Fast Refresh] done in 487ms @ http://localhost:3030/_next/static/chunks/04m2_next_dist_01d_w1-._.js:2431
[  925915ms] [LOG] [Fast Refresh] rebuilding @ http://localhost:3030/_next/static/chunks/04m2_next_dist_01d_w1-._.js:2431
[  927369ms] [LOG] [Fast Refresh] done in 1551ms @ http://localhost:3030/_next/static/chunks/04m2_next_dist_01d_w1-._.js:2431
[  927472ms] [LOG] [Fast Refresh] rebuilding @ http://localhost:3030/_next/static/chunks/04m2_next_dist_01d_w1-._.js:2431
[  927993ms] [LOG] [Fast Refresh] done in 622ms @ http://localhost:3030/_next/static/chunks/04m2_next_dist_01d_w1-._.js:2431
[  928179ms] [LOG] [Fast Refresh] rebuilding @ http://localhost:3030/_next/static/chunks/04m2_next_dist_01d_w1-._.js:2431
[  928330ms] [LOG] [Fast Refresh] done in 250ms @ http://localhost:3030/_next/static/chunks/04m2_next_dist_01d_w1-._.js:2431
[  928543ms] [INFO] %c%s%c [setup-health] background: #e6e6e6;background: light-dark(rgba(0,0,0,0.1), rgba(255,255,255,0.25));color: #000000;color: light-dark(#000000, #ffffff);border-radius: 2px  Server   panel-layout {tenantId: cmrvvipw70000oyyo6123270j, userId: cmrvvipy90009oyyocqnstw83, score: 40, completedCount: 2, totalCriticalCount: 5} @ http://localhost:3030/_next/static/chunks/04m2_next_dist_01d_w1-._.js:2431
[  928713ms] [LOG] [Fast Refresh] rebuilding @ http://localhost:3030/_next/static/chunks/04m2_next_dist_01d_w1-._.js:2431
[  928801ms] [LOG] [Fast Refresh] done in 188ms @ http://localhost:3030/_next/static/chunks/04m2_next_dist_01d_w1-._.js:2431
[  928852ms] [INFO] %c%s%c [setup-health] background: #e6e6e6;background: light-dark(rgba(0,0,0,0.1), rgba(255,255,255,0.25));color: #000000;color: light-dark(#000000, #ffffff);border-radius: 2px  Server   panel-layout {tenantId: cmrvvipw70000oyyo6123270j, userId: cmrvvipy90009oyyocqnstw83, score: 40, completedCount: 2, totalCriticalCount: 5} @ http://localhost:3030/_next/static/chunks/04m2_next_dist_01d_w1-._.js:2431
[  929127ms] [INFO] %c%s%c [setup-health] background: #e6e6e6;background: light-dark(rgba(0,0,0,0.1), rgba(255,255,255,0.25));color: #000000;color: light-dark(#000000, #ffffff);border-radius: 2px  Server   panel-layout {tenantId: cmrvvipw70000oyyo6123270j, userId: cmrvvipy90009oyyocqnstw83, score: 40, completedCount: 2, totalCriticalCount: 5} @ http://localhost:3030/_next/static/chunks/04m2_next_dist_01d_w1-._.js:2431
[  929260ms] [LOG] [Fast Refresh] rebuilding @ http://localhost:3030/_next/static/chunks/04m2_next_dist_01d_w1-._.js:2431
[  929330ms] [LOG] [Fast Refresh] done in 177ms @ http://localhost:3030/_next/static/chunks/04m2_next_dist_01d_w1-._.js:2431
[  929438ms] [INFO] %c%s%c [setup-health] background: #e6e6e6;background: light-dark(rgba(0,0,0,0.1), rgba(255,255,255,0.25));color: #000000;color: light-dark(#000000, #ffffff);border-radius: 2px  Server   panel-layout {tenantId: cmrvvipw70000oyyo6123270j, userId: cmrvvipy90009oyyocqnstw83, score: 40, completedCount: 2, totalCriticalCount: 5} @ http://localhost:3030/_next/static/chunks/04m2_next_dist_01d_w1-._.js:2431
[  929636ms] [INFO] %c%s%c [setup-health] background: #e6e6e6;background: light-dark(rgba(0,0,0,0.1), rgba(255,255,255,0.25));color: #000000;color: light-dark(#000000, #ffffff);border-radius: 2px  Server   panel-layout {tenantId: cmrvvipw70000oyyo6123270j, userId: cmrvvipy90009oyyocqnstw83, score: 40, completedCount: 2, totalCriticalCount: 5} @ http://localhost:3030/_next/static/chunks/04m2_next_dist_01d_w1-._.js:2431
[  929827ms] [INFO] %c%s%c [setup-health] background: #e6e6e6;background: light-dark(rgba(0,0,0,0.1), rgba(255,255,255,0.25));color: #000000;color: light-dark(#000000, #ffffff);border-radius: 2px  Server   panel-layout {tenantId: cmrvvipw70000oyyo6123270j, userId: cmrvvipy90009oyyocqnstw83, score: 40, completedCount: 2, totalCriticalCount: 5} @ http://localhost:3030/_next/static/chunks/04m2_next_dist_01d_w1-._.js:2431
[  934443ms] [LOG] [Fast Refresh] rebuilding @ http://localhost:3030/_next/static/chunks/04m2_next_dist_01d_w1-._.js:2431
[  935182ms] [LOG] [Fast Refresh] done in 669ms @ http://localhost:3030/_next/static/chunks/04m2_next_dist_01d_w1-._.js:2431
[  938638ms] [LOG] [Fast Refresh] rebuilding @ http://localhost:3030/_next/static/chunks/04m2_next_dist_01d_w1-._.js:2431
[  938824ms] [LOG] [Fast Refresh] done in 289ms @ http://localhost:3030/_next/static/chunks/04m2_next_dist_01d_w1-._.js:2431
[  947605ms] [LOG] [Fast Refresh] rebuilding @ http://localhost:3030/_next/static/chunks/04m2_next_dist_01d_w1-._.js:2431
[  947733ms] [LOG] [Fast Refresh] done in 244ms @ http://localhost:3030/_next/static/chunks/04m2_next_dist_01d_w1-._.js:2431
[  948905ms] [LOG] [Fast Refresh] rebuilding @ http://localhost:3030/_next/static/chunks/04m2_next_dist_01d_w1-._.js:2431
[  948955ms] [LOG] [Fast Refresh] done in 154ms @ http://localhost:3030/_next/static/chunks/04m2_next_dist_01d_w1-._.js:2431
[  949062ms] [LOG] [Fast Refresh] rebuilding @ http://localhost:3030/_next/static/chunks/04m2_next_dist_01d_w1-._.js:2431
[  949220ms] [LOG] [Fast Refresh] done in 265ms @ http://localhost:3030/_next/static/chunks/04m2_next_dist_01d_w1-._.js:2431
[  949391ms] [LOG] [Fast Refresh] rebuilding @ http://localhost:3030/_next/static/chunks/04m2_next_dist_01d_w1-._.js:2431
[  949409ms] [LOG] [Fast Refresh] done in 118ms @ http://localhost:3030/_next/static/chunks/04m2_next_dist_01d_w1-._.js:2431
[  949563ms] [LOG] [Fast Refresh] rebuilding @ http://localhost:3030/_next/static/chunks/04m2_next_dist_01d_w1-._.js:2431
[  949721ms] [LOG] [Fast Refresh] done in 268ms @ http://localhost:3030/_next/static/chunks/04m2_next_dist_01d_w1-._.js:2431
[  961204ms] [LOG] [Fast Refresh] rebuilding @ http://localhost:3030/_next/static/chunks/04m2_next_dist_01d_w1-._.js:2431
[  961864ms] [LOG] [Fast Refresh] done in 171ms @ http://localhost:3030/_next/static/chunks/04m2_next_dist_01d_w1-._.js:2431
[  962066ms] [INFO] %c%s%c [setup-health] background: #e6e6e6;background: light-dark(rgba(0,0,0,0.1), rgba(255,255,255,0.25));color: #000000;color: light-dark(#000000, #ffffff);border-radius: 2px  Server   panel-layout {tenantId: cmrvvipw70000oyyo6123270j, userId: cmrvvipy90009oyyocqnstw83, score: 40, completedCount: 2, totalCriticalCount: 5} @ http://localhost:3030/_next/static/chunks/04m2_next_dist_01d_w1-._.js:2431
[  972328ms] [LOG] [Fast Refresh] rebuilding @ http://localhost:3030/_next/static/chunks/04m2_next_dist_01d_w1-._.js:2431
[  974495ms] [LOG] [Fast Refresh] done in 2257ms @ http://localhost:3030/_next/static/chunks/04m2_next_dist_01d_w1-._.js:2431
[  974718ms] [LOG] [Fast Refresh] rebuilding @ http://localhost:3030/_next/static/chunks/04m2_next_dist_01d_w1-._.js:2431
[  974749ms] [LOG] [Fast Refresh] done in 132ms @ http://localhost:3030/_next/static/chunks/04m2_next_dist_01d_w1-._.js:2431
[  974850ms] [LOG] [Fast Refresh] rebuilding @ http://localhost:3030/_next/static/chunks/04m2_next_dist_01d_w1-._.js:2431
[  974906ms] [LOG] [Fast Refresh] done in 156ms @ http://localhost:3030/_next/static/chunks/04m2_next_dist_01d_w1-._.js:2431
[  975059ms] [LOG] [Fast Refresh] rebuilding @ http://localhost:3030/_next/static/chunks/04m2_next_dist_01d_w1-._.js:2431
[  975143ms] [LOG] [Fast Refresh] done in 186ms @ http://localhost:3030/_next/static/chunks/04m2_next_dist_01d_w1-._.js:2431
[  975164ms] [INFO] %c%s%c [setup-health] background: #e6e6e6;background: light-dark(rgba(0,0,0,0.1), rgba(255,255,255,0.25));color: #000000;color: light-dark(#000000, #ffffff);border-radius: 2px  Server   panel-layout {tenantId: cmrvvipw70000oyyo6123270j, userId: cmrvvipy90009oyyocqnstw83, score: 40, completedCount: 2, totalCriticalCount: 5} @ http://localhost:3030/_next/static/chunks/04m2_next_dist_01d_w1-._.js:2431
[  975386ms] [LOG] [Fast Refresh] rebuilding @ http://localhost:3030/_next/static/chunks/04m2_next_dist_01d_w1-._.js:2431
[  975401ms] [LOG] [Fast Refresh] done in 119ms @ http://localhost:3030/_next/static/chunks/04m2_next_dist_01d_w1-._.js:2431
[  975548ms] [INFO] %c%s%c [setup-health] background: #e6e6e6;background: light-dark(rgba(0,0,0,0.1), rgba(255,255,255,0.25));color: #000000;color: light-dark(#000000, #ffffff);border-radius: 2px  Server   panel-layout {tenantId: cmrvvipw70000oyyo6123270j, userId: cmrvvipy90009oyyocqnstw83, score: 40, completedCount: 2, totalCriticalCount: 5} @ http://localhost:3030/_next/static/chunks/04m2_next_dist_01d_w1-._.js:2431
[  975712ms] [LOG] [Fast Refresh] rebuilding @ http://localhost:3030/_next/static/chunks/04m2_next_dist_01d_w1-._.js:2431
[  975764ms] [LOG] [Fast Refresh] done in 151ms @ http://localhost:3030/_next/static/chunks/04m2_next_dist_01d_w1-._.js:2431
[  975871ms] [INFO] %c%s%c [setup-health] background: #e6e6e6;background: light-dark(rgba(0,0,0,0.1), rgba(255,255,255,0.25));color: #000000;color: light-dark(#000000, #ffffff);border-radius: 2px  Server   panel-layout {tenantId: cmrvvipw70000oyyo6123270j, userId: cmrvvipy90009oyyocqnstw83, score: 40, completedCount: 2, totalCriticalCount: 5} @ http://localhost:3030/_next/static/chunks/04m2_next_dist_01d_w1-._.js:2431
[  976083ms] [INFO] %c%s%c [setup-health] background: #e6e6e6;background: light-dark(rgba(0,0,0,0.1), rgba(255,255,255,0.25));color: #000000;color: light-dark(#000000, #ffffff);border-radius: 2px  Server   panel-layout {tenantId: cmrvvipw70000oyyo6123270j, userId: cmrvvipy90009oyyocqnstw83, score: 40, completedCount: 2, totalCriticalCount: 5} @ http://localhost:3030/_next/static/chunks/04m2_next_dist_01d_w1-._.js:2431
[  976219ms] [LOG] [Fast Refresh] rebuilding @ http://localhost:3030/_next/static/chunks/04m2_next_dist_01d_w1-._.js:2431
[  976254ms] [LOG] [Fast Refresh] done in 136ms @ http://localhost:3030/_next/static/chunks/04m2_next_dist_01d_w1-._.js:2431
[  976366ms] [INFO] %c%s%c [setup-health] background: #e6e6e6;background: light-dark(rgba(0,0,0,0.1), rgba(255,255,255,0.25));color: #000000;color: light-dark(#000000, #ffffff);border-radius: 2px  Server   panel-layout {tenantId: cmrvvipw70000oyyo6123270j, userId: cmrvvipy90009oyyocqnstw83, score: 40, completedCount: 2, totalCriticalCount: 5} @ http://localhost:3030/_next/static/chunks/04m2_next_dist_01d_w1-._.js:2431
[  976626ms] [LOG] [Fast Refresh] rebuilding @ http://localhost:3030/_next/static/chunks/04m2_next_dist_01d_w1-._.js:2431
[  976697ms] [LOG] [Fast Refresh] done in 174ms @ http://localhost:3030/_next/static/chunks/04m2_next_dist_01d_w1-._.js:2431
[  976721ms] [INFO] %c%s%c [setup-health] background: #e6e6e6;background: light-dark(rgba(0,0,0,0.1), rgba(255,255,255,0.25));color: #000000;color: light-dark(#000000, #ffffff);border-radius: 2px  Server   panel-layout {tenantId: cmrvvipw70000oyyo6123270j, userId: cmrvvipy90009oyyocqnstw83, score: 40, completedCount: 2, totalCriticalCount: 5} @ http://localhost:3030/_next/static/chunks/04m2_next_dist_01d_w1-._.js:2431
[  976859ms] [INFO] %c%s%c [setup-health] background: #e6e6e6;background: light-dark(rgba(0,0,0,0.1), rgba(255,255,255,0.25));color: #000000;color: light-dark(#000000, #ffffff);border-radius: 2px  Server   panel-layout {tenantId: cmrvvipw70000oyyo6123270j, userId: cmrvvipy90009oyyocqnstw83, score: 40, completedCount: 2, totalCriticalCount: 5} @ http://localhost:3030/_next/static/chunks/04m2_next_dist_01d_w1-._.js:2431
[  977279ms] [LOG] [Fast Refresh] rebuilding @ http://localhost:3030/_next/static/chunks/04m2_next_dist_01d_w1-._.js:2431
[  977308ms] [LOG] [Fast Refresh] done in 130ms @ http://localhost:3030/_next/static/chunks/04m2_next_dist_01d_w1-._.js:2431
[  990187ms] [LOG] [Fast Refresh] rebuilding @ http://localhost:3030/_next/static/chunks/04m2_next_dist_01d_w1-._.js:2431
[  990982ms] [LOG] [Fast Refresh] done in 895ms @ http://localhost:3030/_next/static/chunks/04m2_next_dist_01d_w1-._.js:2431
[  991125ms] [LOG] [Fast Refresh] rebuilding @ http://localhost:3030/_next/static/chunks/04m2_next_dist_01d_w1-._.js:2431
[  991397ms] [LOG] [Fast Refresh] done in 384ms @ http://localhost:3030/_next/static/chunks/04m2_next_dist_01d_w1-._.js:2431
[  991565ms] [LOG] [Fast Refresh] rebuilding @ http://localhost:3030/_next/static/chunks/04m2_next_dist_01d_w1-._.js:2431
[  991686ms] [LOG] [Fast Refresh] done in 221ms @ http://localhost:3030/_next/static/chunks/04m2_next_dist_01d_w1-._.js:2431
[  992087ms] [LOG] [Fast Refresh] rebuilding @ http://localhost:3030/_next/static/chunks/04m2_next_dist_01d_w1-._.js:2431
[  992102ms] [LOG] [Fast Refresh] done in 117ms @ http://localhost:3030/_next/static/chunks/04m2_next_dist_01d_w1-._.js:2431
[  992205ms] [LOG] [Fast Refresh] rebuilding @ http://localhost:3030/_next/static/chunks/04m2_next_dist_01d_w1-._.js:2431
[  992238ms] [LOG] [Fast Refresh] done in 136ms @ http://localhost:3030/_next/static/chunks/04m2_next_dist_01d_w1-._.js:2431
[  992340ms] [INFO] %c%s%c [setup-health] background: #e6e6e6;background: light-dark(rgba(0,0,0,0.1), rgba(255,255,255,0.25));color: #000000;color: light-dark(#000000, #ffffff);border-radius: 2px  Server   panel-layout {tenantId: cmrvvipw70000oyyo6123270j, userId: cmrvvipy90009oyyocqnstw83, score: 40, completedCount: 2, totalCriticalCount: 5} @ http://localhost:3030/_next/static/chunks/04m2_next_dist_01d_w1-._.js:2431
[  992380ms] [INFO] %c%s%c [setup-health] background: #e6e6e6;background: light-dark(rgba(0,0,0,0.1), rgba(255,255,255,0.25));color: #000000;color: light-dark(#000000, #ffffff);border-radius: 2px  Server   panel-layout {tenantId: cmrvvipw70000oyyo6123270j, userId: cmrvvipy90009oyyocqnstw83, score: 40, completedCount: 2, totalCriticalCount: 5} @ http://localhost:3030/_next/static/chunks/04m2_next_dist_01d_w1-._.js:2431
[  992586ms] [INFO] %c%s%c [setup-health] background: #e6e6e6;background: light-dark(rgba(0,0,0,0.1), rgba(255,255,255,0.25));color: #000000;color: light-dark(#000000, #ffffff);border-radius: 2px  Server   panel-layout {tenantId: cmrvvipw70000oyyo6123270j, userId: cmrvvipy90009oyyocqnstw83, score: 40, completedCount: 2, totalCriticalCount: 5} @ http://localhost:3030/_next/static/chunks/04m2_next_dist_01d_w1-._.js:2431
[  992699ms] [LOG] [Fast Refresh] rebuilding @ http://localhost:3030/_next/static/chunks/04m2_next_dist_01d_w1-._.js:2431
[  992740ms] [LOG] [Fast Refresh] done in 146ms @ http://localhost:3030/_next/static/chunks/04m2_next_dist_01d_w1-._.js:2431
[  992861ms] [INFO] %c%s%c [setup-health] background: #e6e6e6;background: light-dark(rgba(0,0,0,0.1), rgba(255,255,255,0.25));color: #000000;color: light-dark(#000000, #ffffff);border-radius: 2px  Server   panel-layout {tenantId: cmrvvipw70000oyyo6123270j, userId: cmrvvipy90009oyyocqnstw83, score: 40, completedCount: 2, totalCriticalCount: 5} @ http://localhost:3030/_next/static/chunks/04m2_next_dist_01d_w1-._.js:2431
[  993076ms] [INFO] %c%s%c [setup-health] background: #e6e6e6;background: light-dark(rgba(0,0,0,0.1), rgba(255,255,255,0.25));color: #000000;color: light-dark(#000000, #ffffff);border-radius: 2px  Server   panel-layout {tenantId: cmrvvipw70000oyyo6123270j, userId: cmrvvipy90009oyyocqnstw83, score: 40, completedCount: 2, totalCriticalCount: 5} @ http://localhost:3030/_next/static/chunks/04m2_next_dist_01d_w1-._.js:2431
[  993347ms] [LOG] [Fast Refresh] rebuilding @ http://localhost:3030/_next/static/chunks/04m2_next_dist_01d_w1-._.js:2431
[  993367ms] [LOG] [Fast Refresh] done in 128ms @ http://localhost:3030/_next/static/chunks/04m2_next_dist_01d_w1-._.js:2431
[ 1012142ms] [LOG] [Fast Refresh] rebuilding @ http://localhost:3030/_next/static/chunks/04m2_next_dist_01d_w1-._.js:2431
[ 1012744ms] [LOG] [Fast Refresh] done in 711ms @ http://localhost:3030/_next/static/chunks/04m2_next_dist_01d_w1-._.js:2431
[ 1012876ms] [LOG] [Fast Refresh] rebuilding @ http://localhost:3030/_next/static/chunks/04m2_next_dist_01d_w1-._.js:2431
[ 1012971ms] [LOG] [Fast Refresh] done in 197ms @ http://localhost:3030/_next/static/chunks/04m2_next_dist_01d_w1-._.js:2431
[ 1013104ms] [LOG] [Fast Refresh] rebuilding @ http://localhost:3030/_next/static/chunks/04m2_next_dist_01d_w1-._.js:2431
[ 1013160ms] [LOG] [Fast Refresh] done in 167ms @ http://localhost:3030/_next/static/chunks/04m2_next_dist_01d_w1-._.js:2431
[ 1013421ms] [INFO] %c%s%c [setup-health] background: #e6e6e6;background: light-dark(rgba(0,0,0,0.1), rgba(255,255,255,0.25));color: #000000;color: light-dark(#000000, #ffffff);border-radius: 2px  Server   panel-layout {tenantId: cmrvvipw70000oyyo6123270j, userId: cmrvvipy90009oyyocqnstw83, score: 40, completedCount: 2, totalCriticalCount: 5} @ http://localhost:3030/_next/static/chunks/04m2_next_dist_01d_w1-._.js:2431
[ 1013559ms] [LOG] [Fast Refresh] rebuilding @ http://localhost:3030/_next/static/chunks/04m2_next_dist_01d_w1-._.js:2431
[ 1013589ms] [LOG] [Fast Refresh] done in 130ms @ http://localhost:3030/_next/static/chunks/04m2_next_dist_01d_w1-._.js:2431
[ 1013749ms] [INFO] %c%s%c [setup-health] background: #e6e6e6;background: light-dark(rgba(0,0,0,0.1), rgba(255,255,255,0.25));color: #000000;color: light-dark(#000000, #ffffff);border-radius: 2px  Server   panel-layout {tenantId: cmrvvipw70000oyyo6123270j, userId: cmrvvipy90009oyyocqnstw83, score: 40, completedCount: 2, totalCriticalCount: 5} @ http://localhost:3030/_next/static/chunks/04m2_next_dist_01d_w1-._.js:2431
[ 1014024ms] [LOG] [Fast Refresh] rebuilding @ http://localhost:3030/_next/static/chunks/04m2_next_dist_01d_w1-._.js:2431
[ 1014042ms] [LOG] [Fast Refresh] done in 120ms @ http://localhost:3030/_next/static/chunks/04m2_next_dist_01d_w1-._.js:2431
[ 1014045ms] [INFO] %c%s%c [setup-health] background: #e6e6e6;background: light-dark(rgba(0,0,0,0.1), rgba(255,255,255,0.25));color: #000000;color: light-dark(#000000, #ffffff);border-radius: 2px  Server   panel-layout {tenantId: cmrvvipw70000oyyo6123270j, userId: cmrvvipy90009oyyocqnstw83, score: 40, completedCount: 2, totalCriticalCount: 5} @ http://localhost:3030/_next/static/chunks/04m2_next_dist_01d_w1-._.js:2431
[ 1023674ms] [LOG] [Fast Refresh] rebuilding @ http://localhost:3030/_next/static/chunks/04m2_next_dist_01d_w1-._.js:2431
[ 1024037ms] [LOG] [Fast Refresh] done in 462ms @ http://localhost:3030/_next/static/chunks/04m2_next_dist_01d_w1-._.js:2431
[ 1024255ms] [LOG] [Fast Refresh] rebuilding @ http://localhost:3030/_next/static/chunks/04m2_next_dist_01d_w1-._.js:2431
[ 1024354ms] [LOG] [Fast Refresh] done in 200ms @ http://localhost:3030/_next/static/chunks/04m2_next_dist_01d_w1-._.js:2431
[ 1024481ms] [LOG] [Fast Refresh] rebuilding @ http://localhost:3030/_next/static/chunks/04m2_next_dist_01d_w1-._.js:2431
[ 1024540ms] [LOG] [Fast Refresh] done in 171ms @ http://localhost:3030/_next/static/chunks/04m2_next_dist_01d_w1-._.js:2431
[ 1024712ms] [INFO] %c%s%c [setup-health] background: #e6e6e6;background: light-dark(rgba(0,0,0,0.1), rgba(255,255,255,0.25));color: #000000;color: light-dark(#000000, #ffffff);border-radius: 2px  Server   panel-layout {tenantId: cmrvvipw70000oyyo6123270j, userId: cmrvvipy90009oyyocqnstw83, score: 40, completedCount: 2, totalCriticalCount: 5} @ http://localhost:3030/_next/static/chunks/04m2_next_dist_01d_w1-._.js:2431
[ 1024941ms] [INFO] %c%s%c [setup-health] background: #e6e6e6;background: light-dark(rgba(0,0,0,0.1), rgba(255,255,255,0.25));color: #000000;color: light-dark(#000000, #ffffff);border-radius: 2px  Server   panel-layout {tenantId: cmrvvipw70000oyyo6123270j, userId: cmrvvipy90009oyyocqnstw83, score: 40, completedCount: 2, totalCriticalCount: 5} @ http://localhost:3030/_next/static/chunks/04m2_next_dist_01d_w1-._.js:2431
[ 1032393ms] [LOG] [Fast Refresh] rebuilding @ http://localhost:3030/_next/static/chunks/04m2_next_dist_01d_w1-._.js:2431
[ 1032659ms] [LOG] [Fast Refresh] done in 378ms @ http://localhost:3030/_next/static/chunks/04m2_next_dist_01d_w1-._.js:2431
[ 1032779ms] [LOG] [Fast Refresh] rebuilding @ http://localhost:3030/_next/static/chunks/04m2_next_dist_01d_w1-._.js:2431
[ 1032974ms] [LOG] [Fast Refresh] done in 298ms @ http://localhost:3030/_next/static/chunks/04m2_next_dist_01d_w1-._.js:2431
[ 1033084ms] [LOG] [Fast Refresh] rebuilding @ http://localhost:3030/_next/static/chunks/04m2_next_dist_01d_w1-._.js:2431
[ 1033144ms] [LOG] [Fast Refresh] done in 161ms @ http://localhost:3030/_next/static/chunks/04m2_next_dist_01d_w1-._.js:2431
[ 1033494ms] [INFO] %c%s%c [setup-health] background: #e6e6e6;background: light-dark(rgba(0,0,0,0.1), rgba(255,255,255,0.25));color: #000000;color: light-dark(#000000, #ffffff);border-radius: 2px  Server   panel-layout {tenantId: cmrvvipw70000oyyo6123270j, userId: cmrvvipy90009oyyocqnstw83, score: 40, completedCount: 2, totalCriticalCount: 5} @ http://localhost:3030/_next/static/chunks/04m2_next_dist_01d_w1-._.js:2431
[ 1033581ms] [INFO] %c%s%c [setup-health] background: #e6e6e6;background: light-dark(rgba(0,0,0,0.1), rgba(255,255,255,0.25));color: #000000;color: light-dark(#000000, #ffffff);border-radius: 2px  Server   panel-layout {tenantId: cmrvvipw70000oyyo6123270j, userId: cmrvvipy90009oyyocqnstw83, score: 40, completedCount: 2, totalCriticalCount: 5} @ http://localhost:3030/_next/static/chunks/04m2_next_dist_01d_w1-._.js:2431
[ 1040847ms] [LOG] [Fast Refresh] rebuilding @ http://localhost:3030/_next/static/chunks/04m2_next_dist_01d_w1-._.js:2431
[ 1041080ms] [LOG] [Fast Refresh] done in 343ms @ http://localhost:3030/_next/static/chunks/04m2_next_dist_01d_w1-._.js:2431
[ 1042847ms] [LOG] [Fast Refresh] rebuilding @ http://localhost:3030/_next/static/chunks/04m2_next_dist_01d_w1-._.js:2431
[ 1043430ms] [LOG] [Fast Refresh] done in 675ms @ http://localhost:3030/_next/static/chunks/04m2_next_dist_01d_w1-._.js:2431
[ 1043570ms] [LOG] [Fast Refresh] rebuilding @ http://localhost:3030/_next/static/chunks/04m2_next_dist_01d_w1-._.js:2431
[ 1043787ms] [LOG] [Fast Refresh] done in 321ms @ http://localhost:3030/_next/static/chunks/04m2_next_dist_01d_w1-._.js:2431
[ 1043933ms] [LOG] [Fast Refresh] rebuilding @ http://localhost:3030/_next/static/chunks/04m2_next_dist_01d_w1-._.js:2431
[ 1044453ms] [LOG] [Fast Refresh] done in 621ms @ http://localhost:3030/_next/static/chunks/04m2_next_dist_01d_w1-._.js:2431
[ 1044832ms] [INFO] %c%s%c [setup-health] background: #e6e6e6;background: light-dark(rgba(0,0,0,0.1), rgba(255,255,255,0.25));color: #000000;color: light-dark(#000000, #ffffff);border-radius: 2px  Server   panel-layout {tenantId: cmrvvipw70000oyyo6123270j, userId: cmrvvipy90009oyyocqnstw83, score: 40, completedCount: 2, totalCriticalCount: 5} @ http://localhost:3030/_next/static/chunks/04m2_next_dist_01d_w1-._.js:2431
[ 1045154ms] [LOG] [Fast Refresh] rebuilding @ http://localhost:3030/_next/static/chunks/04m2_next_dist_01d_w1-._.js:2431
[ 1045273ms] [LOG] [Fast Refresh] done in 221ms @ http://localhost:3030/_next/static/chunks/04m2_next_dist_01d_w1-._.js:2431
[ 1045357ms] [INFO] %c%s%c [setup-health] background: #e6e6e6;background: light-dark(rgba(0,0,0,0.1), rgba(255,255,255,0.25));color: #000000;color: light-dark(#000000, #ffffff);border-radius: 2px  Server   panel-layout {tenantId: cmrvvipw70000oyyo6123270j, userId: cmrvvipy90009oyyocqnstw83, score: 40, completedCount: 2, totalCriticalCount: 5} @ http://localhost:3030/_next/static/chunks/04m2_next_dist_01d_w1-._.js:2431
[ 1045775ms] [INFO] %c%s%c [setup-health] background: #e6e6e6;background: light-dark(rgba(0,0,0,0.1), rgba(255,255,255,0.25));color: #000000;color: light-dark(#000000, #ffffff);border-radius: 2px  Server   panel-layout {tenantId: cmrvvipw70000oyyo6123270j, userId: cmrvvipy90009oyyocqnstw83, score: 40, completedCount: 2, totalCriticalCount: 5} @ http://localhost:3030/_next/static/chunks/04m2_next_dist_01d_w1-._.js:2431
[ 1045987ms] [LOG] [Fast Refresh] rebuilding @ http://localhost:3030/_next/static/chunks/04m2_next_dist_01d_w1-._.js:2431
[ 1046378ms] [LOG] [Fast Refresh] done in 497ms @ http://localhost:3030/_next/static/chunks/04m2_next_dist_01d_w1-._.js:2431
[ 1046508ms] [INFO] %c%s%c [setup-health] background: #e6e6e6;background: light-dark(rgba(0,0,0,0.1), rgba(255,255,255,0.25));color: #000000;color: light-dark(#000000, #ffffff);border-radius: 2px  Server   panel-layout {tenantId: cmrvvipw70000oyyo6123270j, userId: cmrvvipy90009oyyocqnstw83, score: 40, completedCount: 2, totalCriticalCount: 5} @ http://localhost:3030/_next/static/chunks/04m2_next_dist_01d_w1-._.js:2431
[ 1046559ms] [LOG] [Fast Refresh] rebuilding @ http://localhost:3030/_next/static/chunks/04m2_next_dist_01d_w1-._.js:2431
[ 1046565ms] [LOG] [Fast Refresh] done in 108ms @ http://localhost:3030/_next/static/chunks/04m2_next_dist_01d_w1-._.js:2431
[ 1046803ms] [INFO] %c%s%c [setup-health] background: #e6e6e6;background: light-dark(rgba(0,0,0,0.1), rgba(255,255,255,0.25));color: #000000;color: light-dark(#000000, #ffffff);border-radius: 2px  Server   panel-layout {tenantId: cmrvvipw70000oyyo6123270j, userId: cmrvvipy90009oyyocqnstw83, score: 40, completedCount: 2, totalCriticalCount: 5} @ http://localhost:3030/_next/static/chunks/04m2_next_dist_01d_w1-._.js:2431
[ 1046872ms] [LOG] [Fast Refresh] rebuilding @ http://localhost:3030/_next/static/chunks/04m2_next_dist_01d_w1-._.js:2431
[ 1046925ms] [LOG] [Fast Refresh] done in 163ms @ http://localhost:3030/_next/static/chunks/04m2_next_dist_01d_w1-._.js:2431
[ 1047027ms] [LOG] [Fast Refresh] rebuilding @ http://localhost:3030/_next/static/chunks/04m2_next_dist_01d_w1-._.js:2431
[ 1047044ms] [LOG] [Fast Refresh] done in 119ms @ http://localhost:3030/_next/static/chunks/04m2_next_dist_01d_w1-._.js:2431
[ 1047244ms] [INFO] %c%s%c [setup-health] background: #e6e6e6;background: light-dark(rgba(0,0,0,0.1), rgba(255,255,255,0.25));color: #000000;color: light-dark(#000000, #ffffff);border-radius: 2px  Server   panel-layout {tenantId: cmrvvipw70000oyyo6123270j, userId: cmrvvipy90009oyyocqnstw83, score: 40, completedCount: 2, totalCriticalCount: 5} @ http://localhost:3030/_next/static/chunks/04m2_next_dist_01d_w1-._.js:2431
[ 1047452ms] [LOG] [Fast Refresh] rebuilding @ http://localhost:3030/_next/static/chunks/04m2_next_dist_01d_w1-._.js:2431
[ 1047457ms] [LOG] [Fast Refresh] done in 106ms @ http://localhost:3030/_next/static/chunks/04m2_next_dist_01d_w1-._.js:2431
[ 1047607ms] [INFO] %c%s%c [setup-health] background: #e6e6e6;background: light-dark(rgba(0,0,0,0.1), rgba(255,255,255,0.25));color: #000000;color: light-dark(#000000, #ffffff);border-radius: 2px  Server   panel-layout {tenantId: cmrvvipw70000oyyo6123270j, userId: cmrvvipy90009oyyocqnstw83, score: 40, completedCount: 2, totalCriticalCount: 5} @ http://localhost:3030/_next/static/chunks/04m2_next_dist_01d_w1-._.js:2431
[ 1047855ms] [INFO] %c%s%c [setup-health] background: #e6e6e6;background: light-dark(rgba(0,0,0,0.1), rgba(255,255,255,0.25));color: #000000;color: light-dark(#000000, #ffffff);border-radius: 2px  Server   panel-layout {tenantId: cmrvvipw70000oyyo6123270j, userId: cmrvvipy90009oyyocqnstw83, score: 40, completedCount: 2, totalCriticalCount: 5} @ http://localhost:3030/_next/static/chunks/04m2_next_dist_01d_w1-._.js:2431
[ 1047965ms] [LOG] [Fast Refresh] rebuilding @ http://localhost:3030/_next/static/chunks/04m2_next_dist_01d_w1-._.js:2431
[ 1048080ms] [LOG] [Fast Refresh] done in 215ms @ http://localhost:3030/_next/static/chunks/04m2_next_dist_01d_w1-._.js:2431
[ 1048268ms] [INFO] %c%s%c [setup-health] background: #e6e6e6;background: light-dark(rgba(0,0,0,0.1), rgba(255,255,255,0.25));color: #000000;color: light-dark(#000000, #ffffff);border-radius: 2px  Server   panel-layout {tenantId: cmrvvipw70000oyyo6123270j, userId: cmrvvipy90009oyyocqnstw83, score: 40, completedCount: 2, totalCriticalCount: 5} @ http://localhost:3030/_next/static/chunks/04m2_next_dist_01d_w1-._.js:2431
[ 1048624ms] [INFO] %c%s%c [setup-health] background: #e6e6e6;background: light-dark(rgba(0,0,0,0.1), rgba(255,255,255,0.25));color: #000000;color: light-dark(#000000, #ffffff);border-radius: 2px  Server   panel-layout {tenantId: cmrvvipw70000oyyo6123270j, userId: cmrvvipy90009oyyocqnstw83, score: 40, completedCount: 2, totalCriticalCount: 5} @ http://localhost:3030/_next/static/chunks/04m2_next_dist_01d_w1-._.js:2431
[ 1061935ms] [LOG] [Fast Refresh] rebuilding @ http://localhost:3030/_next/static/chunks/04m2_next_dist_01d_w1-._.js:2431
[ 1070385ms] [LOG] [Fast Refresh] done in 8460ms @ http://localhost:3030/_next/static/chunks/04m2_next_dist_01d_w1-._.js:2431
[ 1070542ms] [LOG] [Fast Refresh] rebuilding @ http://localhost:3030/_next/static/chunks/04m2_next_dist_01d_w1-._.js:2431
[ 1070762ms] [LOG] [Fast Refresh] done in 323ms @ http://localhost:3030/_next/static/chunks/04m2_next_dist_01d_w1-._.js:2431
[ 1071249ms] [LOG] [Fast Refresh] rebuilding @ http://localhost:3030/_next/static/chunks/04m2_next_dist_01d_w1-._.js:2431
[ 1071674ms] [LOG] [Fast Refresh] done in 527ms @ http://localhost:3030/_next/static/chunks/04m2_next_dist_01d_w1-._.js:2431
[ 1071840ms] [LOG] [Fast Refresh] rebuilding @ http://localhost:3030/_next/static/chunks/04m2_next_dist_01d_w1-._.js:2431
[ 1071841ms] [LOG] [Fast Refresh] done in 101ms @ http://localhost:3030/_next/static/chunks/04m2_next_dist_01d_w1-._.js:2431
[ 1071921ms] [INFO] %c%s%c [setup-health] background: #e6e6e6;background: light-dark(rgba(0,0,0,0.1), rgba(255,255,255,0.25));color: #000000;color: light-dark(#000000, #ffffff);border-radius: 2px  Server   panel-layout {tenantId: cmrvvipw70000oyyo6123270j, userId: cmrvvipy90009oyyocqnstw83, score: 40, completedCount: 2, totalCriticalCount: 5} @ http://localhost:3030/_next/static/chunks/04m2_next_dist_01d_w1-._.js:2431
[ 1072022ms] [LOG] [Fast Refresh] rebuilding @ http://localhost:3030/_next/static/chunks/04m2_next_dist_01d_w1-._.js:2431
[ 1072051ms] [LOG] [Fast Refresh] done in 134ms @ http://localhost:3030/_next/static/chunks/04m2_next_dist_01d_w1-._.js:2431
[ 1072154ms] [LOG] [Fast Refresh] rebuilding @ http://localhost:3030/_next/static/chunks/04m2_next_dist_01d_w1-._.js:2431
[ 1072201ms] [LOG] [Fast Refresh] done in 148ms @ http://localhost:3030/_next/static/chunks/04m2_next_dist_01d_w1-._.js:2431
[ 1072320ms] [INFO] %c%s%c [setup-health] background: #e6e6e6;background: light-dark(rgba(0,0,0,0.1), rgba(255,255,255,0.25));color: #000000;color: light-dark(#000000, #ffffff);border-radius: 2px  Server   panel-layout {tenantId: cmrvvipw70000oyyo6123270j, userId: cmrvvipy90009oyyocqnstw83, score: 40, completedCount: 2, totalCriticalCount: 5} @ http://localhost:3030/_next/static/chunks/04m2_next_dist_01d_w1-._.js:2431
[ 1072419ms] [LOG] [Fast Refresh] rebuilding @ http://localhost:3030/_next/static/chunks/04m2_next_dist_01d_w1-._.js:2431
[ 1072466ms] [LOG] [Fast Refresh] done in 149ms @ http://localhost:3030/_next/static/chunks/04m2_next_dist_01d_w1-._.js:2431
[ 1072855ms] [INFO] %c%s%c [setup-health] background: #e6e6e6;background: light-dark(rgba(0,0,0,0.1), rgba(255,255,255,0.25));color: #000000;color: light-dark(#000000, #ffffff);border-radius: 2px  Server   panel-layout {tenantId: cmrvvipw70000oyyo6123270j, userId: cmrvvipy90009oyyocqnstw83, score: 40, completedCount: 2, totalCriticalCount: 5} @ http://localhost:3030/_next/static/chunks/04m2_next_dist_01d_w1-._.js:2431
[ 1073009ms] [LOG] [Fast Refresh] rebuilding @ http://localhost:3030/_next/static/chunks/04m2_next_dist_01d_w1-._.js:2431
[ 1073061ms] [LOG] [Fast Refresh] done in 161ms @ http://localhost:3030/_next/static/chunks/04m2_next_dist_01d_w1-._.js:2431
[ 1073531ms] [INFO] %c%s%c [setup-health] background: #e6e6e6;background: light-dark(rgba(0,0,0,0.1), rgba(255,255,255,0.25));color: #000000;color: light-dark(#000000, #ffffff);border-radius: 2px  Server   panel-layout {tenantId: cmrvvipw70000oyyo6123270j, userId: cmrvvipy90009oyyocqnstw83, score: 40, completedCount: 2, totalCriticalCount: 5} @ http://localhost:3030/_next/static/chunks/04m2_next_dist_01d_w1-._.js:2431
[ 1074049ms] [INFO] %c%s%c [setup-health] background: #e6e6e6;background: light-dark(rgba(0,0,0,0.1), rgba(255,255,255,0.25));color: #000000;color: light-dark(#000000, #ffffff);border-radius: 2px  Server   panel-layout {tenantId: cmrvvipw70000oyyo6123270j, userId: cmrvvipy90009oyyocqnstw83, score: 40, completedCount: 2, totalCriticalCount: 5} @ http://localhost:3030/_next/static/chunks/04m2_next_dist_01d_w1-._.js:2431
[ 1074420ms] [INFO] %c%s%c [setup-health] background: #e6e6e6;background: light-dark(rgba(0,0,0,0.1), rgba(255,255,255,0.25));color: #000000;color: light-dark(#000000, #ffffff);border-radius: 2px  Server   panel-layout {tenantId: cmrvvipw70000oyyo6123270j, userId: cmrvvipy90009oyyocqnstw83, score: 40, completedCount: 2, totalCriticalCount: 5} @ http://localhost:3030/_next/static/chunks/04m2_next_dist_01d_w1-._.js:2431
[ 1074530ms] [LOG] [Fast Refresh] rebuilding @ http://localhost:3030/_next/static/chunks/04m2_next_dist_01d_w1-._.js:2431
[ 1074561ms] [LOG] [Fast Refresh] done in 131ms @ http://localhost:3030/_next/static/chunks/04m2_next_dist_01d_w1-._.js:2431
[ 1074703ms] [LOG] [Fast Refresh] rebuilding @ http://localhost:3030/_next/static/chunks/04m2_next_dist_01d_w1-._.js:2431
[ 1074719ms] [LOG] [Fast Refresh] done in 117ms @ http://localhost:3030/_next/static/chunks/04m2_next_dist_01d_w1-._.js:2431
[ 1074839ms] [INFO] %c%s%c [setup-health] background: #e6e6e6;background: light-dark(rgba(0,0,0,0.1), rgba(255,255,255,0.25));color: #000000;color: light-dark(#000000, #ffffff);border-radius: 2px  Server   panel-layout {tenantId: cmrvvipw70000oyyo6123270j, userId: cmrvvipy90009oyyocqnstw83, score: 40, completedCount: 2, totalCriticalCount: 5} @ http://localhost:3030/_next/static/chunks/04m2_next_dist_01d_w1-._.js:2431
[ 1074997ms] [LOG] [Fast Refresh] rebuilding @ http://localhost:3030/_next/static/chunks/04m2_next_dist_01d_w1-._.js:2431
[ 1075015ms] [LOG] [Fast Refresh] done in 123ms @ http://localhost:3030/_next/static/chunks/04m2_next_dist_01d_w1-._.js:2431
[ 1075172ms] [INFO] %c%s%c [setup-health] background: #e6e6e6;background: light-dark(rgba(0,0,0,0.1), rgba(255,255,255,0.25));color: #000000;color: light-dark(#000000, #ffffff);border-radius: 2px  Server   panel-layout {tenantId: cmrvvipw70000oyyo6123270j, userId: cmrvvipy90009oyyocqnstw83, score: 40, completedCount: 2, totalCriticalCount: 5} @ http://localhost:3030/_next/static/chunks/04m2_next_dist_01d_w1-._.js:2431
[ 1075263ms] [LOG] [Fast Refresh] rebuilding @ http://localhost:3030/_next/static/chunks/04m2_next_dist_01d_w1-._.js:2431
[ 1075294ms] [LOG] [Fast Refresh] done in 134ms @ http://localhost:3030/_next/static/chunks/04m2_next_dist_01d_w1-._.js:2431
[ 1075476ms] [LOG] [Fast Refresh] rebuilding @ http://localhost:3030/_next/static/chunks/04m2_next_dist_01d_w1-._.js:2431
[ 1075557ms] [LOG] [Fast Refresh] done in 189ms @ http://localhost:3030/_next/static/chunks/04m2_next_dist_01d_w1-._.js:2431
[ 1075652ms] [INFO] %c%s%c [setup-health] background: #e6e6e6;background: light-dark(rgba(0,0,0,0.1), rgba(255,255,255,0.25));color: #000000;color: light-dark(#000000, #ffffff);border-radius: 2px  Server   panel-layout {tenantId: cmrvvipw70000oyyo6123270j, userId: cmrvvipy90009oyyocqnstw83, score: 40, completedCount: 2, totalCriticalCount: 5} @ http://localhost:3030/_next/static/chunks/04m2_next_dist_01d_w1-._.js:2431
[ 1075797ms] [LOG] [Fast Refresh] rebuilding @ http://localhost:3030/_next/static/chunks/04m2_next_dist_01d_w1-._.js:2431
[ 1075803ms] [LOG] [Fast Refresh] done in 109ms @ http://localhost:3030/_next/static/chunks/04m2_next_dist_01d_w1-._.js:2431
[ 1076093ms] [INFO] %c%s%c [setup-health] background: #e6e6e6;background: light-dark(rgba(0,0,0,0.1), rgba(255,255,255,0.25));color: #000000;color: light-dark(#000000, #ffffff);border-radius: 2px  Server   panel-layout {tenantId: cmrvvipw70000oyyo6123270j, userId: cmrvvipy90009oyyocqnstw83, score: 40, completedCount: 2, totalCriticalCount: 5} @ http://localhost:3030/_next/static/chunks/04m2_next_dist_01d_w1-._.js:2431
[ 1076575ms] [INFO] %c%s%c [setup-health] background: #e6e6e6;background: light-dark(rgba(0,0,0,0.1), rgba(255,255,255,0.25));color: #000000;color: light-dark(#000000, #ffffff);border-radius: 2px  Server   panel-layout {tenantId: cmrvvipw70000oyyo6123270j, userId: cmrvvipy90009oyyocqnstw83, score: 40, completedCount: 2, totalCriticalCount: 5} @ http://localhost:3030/_next/static/chunks/04m2_next_dist_01d_w1-._.js:2431
[ 1076681ms] [LOG] [Fast Refresh] rebuilding @ http://localhost:3030/_next/static/chunks/04m2_next_dist_01d_w1-._.js:2431
[ 1076733ms] [LOG] [Fast Refresh] done in 155ms @ http://localhost:3030/_next/static/chunks/04m2_next_dist_01d_w1-._.js:2431
[ 1076835ms] [LOG] [Fast Refresh] rebuilding @ http://localhost:3030/_next/static/chunks/04m2_next_dist_01d_w1-._.js:2431
[ 1076863ms] [LOG] [Fast Refresh] done in 128ms @ http://localhost:3030/_next/static/chunks/04m2_next_dist_01d_w1-._.js:2431
[ 1076968ms] [LOG] [Fast Refresh] rebuilding @ http://localhost:3030/_next/static/chunks/04m2_next_dist_01d_w1-._.js:2431
[ 1077026ms] [LOG] [Fast Refresh] done in 162ms @ http://localhost:3030/_next/static/chunks/04m2_next_dist_01d_w1-._.js:2431
[ 1077030ms] [INFO] %c%s%c [setup-health] background: #e6e6e6;background: light-dark(rgba(0,0,0,0.1), rgba(255,255,255,0.25));color: #000000;color: light-dark(#000000, #ffffff);border-radius: 2px  Server   panel-layout {tenantId: cmrvvipw70000oyyo6123270j, userId: cmrvvipy90009oyyocqnstw83, score: 40, completedCount: 2, totalCriticalCount: 5} @ http://localhost:3030/_next/static/chunks/04m2_next_dist_01d_w1-._.js:2431
[ 1077205ms] [LOG] [Fast Refresh] rebuilding @ http://localhost:3030/_next/static/chunks/04m2_next_dist_01d_w1-._.js:2431
[ 1077240ms] [LOG] [Fast Refresh] done in 145ms @ http://localhost:3030/_next/static/chunks/04m2_next_dist_01d_w1-._.js:2431
[ 1077342ms] [LOG] [Fast Refresh] rebuilding @ http://localhost:3030/_next/static/chunks/04m2_next_dist_01d_w1-._.js:2431
[ 1077347ms] [LOG] [Fast Refresh] done in 105ms @ http://localhost:3030/_next/static/chunks/04m2_next_dist_01d_w1-._.js:2431
[ 1077349ms] [INFO] %c%s%c [setup-health] background: #e6e6e6;background: light-dark(rgba(0,0,0,0.1), rgba(255,255,255,0.25));color: #000000;color: light-dark(#000000, #ffffff);border-radius: 2px  Server   panel-layout {tenantId: cmrvvipw70000oyyo6123270j, userId: cmrvvipy90009oyyocqnstw83, score: 40, completedCount: 2, totalCriticalCount: 5} @ http://localhost:3030/_next/static/chunks/04m2_next_dist_01d_w1-._.js:2431
[ 1077449ms] [LOG] [Fast Refresh] rebuilding @ http://localhost:3030/_next/static/chunks/04m2_next_dist_01d_w1-._.js:2431
[ 1077495ms] [LOG] [Fast Refresh] done in 146ms @ http://localhost:3030/_next/static/chunks/04m2_next_dist_01d_w1-._.js:2431
[ 1077676ms] [LOG] [Fast Refresh] rebuilding @ http://localhost:3030/_next/static/chunks/04m2_next_dist_01d_w1-._.js:2431
[ 1077721ms] [LOG] [Fast Refresh] done in 150ms @ http://localhost:3030/_next/static/chunks/04m2_next_dist_01d_w1-._.js:2431
[ 1077822ms] [LOG] [Fast Refresh] rebuilding @ http://localhost:3030/_next/static/chunks/04m2_next_dist_01d_w1-._.js:2431
[ 1077850ms] [INFO] %c%s%c [setup-health] background: #e6e6e6;background: light-dark(rgba(0,0,0,0.1), rgba(255,255,255,0.25));color: #000000;color: light-dark(#000000, #ffffff);border-radius: 2px  Server   panel-layout {tenantId: cmrvvipw70000oyyo6123270j, userId: cmrvvipy90009oyyocqnstw83, score: 40, completedCount: 2, totalCriticalCount: 5} @ http://localhost:3030/_next/static/chunks/04m2_next_dist_01d_w1-._.js:2431
[ 1077864ms] [LOG] [Fast Refresh] done in 142ms @ http://localhost:3030/_next/static/chunks/04m2_next_dist_01d_w1-._.js:2431
[ 1077970ms] [LOG] [Fast Refresh] rebuilding @ http://localhost:3030/_next/static/chunks/04m2_next_dist_01d_w1-._.js:2431
[ 1077975ms] [LOG] [Fast Refresh] done in 108ms @ http://localhost:3030/_next/static/chunks/04m2_next_dist_01d_w1-._.js:2431
[ 1078137ms] [LOG] [Fast Refresh] rebuilding @ http://localhost:3030/_next/static/chunks/04m2_next_dist_01d_w1-._.js:2431
[ 1078142ms] [LOG] [Fast Refresh] done in 109ms @ http://localhost:3030/_next/static/chunks/04m2_next_dist_01d_w1-._.js:2431
[ 1078218ms] [INFO] %c%s%c [setup-health] background: #e6e6e6;background: light-dark(rgba(0,0,0,0.1), rgba(255,255,255,0.25));color: #000000;color: light-dark(#000000, #ffffff);border-radius: 2px  Server   panel-layout {tenantId: cmrvvipw70000oyyo6123270j, userId: cmrvvipy90009oyyocqnstw83, score: 40, completedCount: 2, totalCriticalCount: 5} @ http://localhost:3030/_next/static/chunks/04m2_next_dist_01d_w1-._.js:2431
[ 1078316ms] [LOG] [Fast Refresh] rebuilding @ http://localhost:3030/_next/static/chunks/04m2_next_dist_01d_w1-._.js:2431
[ 1078369ms] [LOG] [Fast Refresh] done in 155ms @ http://localhost:3030/_next/static/chunks/04m2_next_dist_01d_w1-._.js:2431
[ 1078617ms] [INFO] %c%s%c [setup-health] background: #e6e6e6;background: light-dark(rgba(0,0,0,0.1), rgba(255,255,255,0.25));color: #000000;color: light-dark(#000000, #ffffff);border-radius: 2px  Server   panel-layout {tenantId: cmrvvipw70000oyyo6123270j, userId: cmrvvipy90009oyyocqnstw83, score: 40, completedCount: 2, totalCriticalCount: 5} @ http://localhost:3030/_next/static/chunks/04m2_next_dist_01d_w1-._.js:2431
[ 1078720ms] [LOG] [Fast Refresh] rebuilding @ http://localhost:3030/_next/static/chunks/04m2_next_dist_01d_w1-._.js:2431
[ 1078738ms] [LOG] [Fast Refresh] done in 120ms @ http://localhost:3030/_next/static/chunks/04m2_next_dist_01d_w1-._.js:2431
[ 1078931ms] [LOG] [Fast Refresh] rebuilding @ http://localhost:3030/_next/static/chunks/04m2_next_dist_01d_w1-._.js:2431
[ 1078992ms] [LOG] [Fast Refresh] done in 168ms @ http://localhost:3030/_next/static/chunks/04m2_next_dist_01d_w1-._.js:2431
[ 1079004ms] [INFO] %c%s%c [setup-health] background: #e6e6e6;background: light-dark(rgba(0,0,0,0.1), rgba(255,255,255,0.25));color: #000000;color: light-dark(#000000, #ffffff);border-radius: 2px  Server   panel-layout {tenantId: cmrvvipw70000oyyo6123270j, userId: cmrvvipy90009oyyocqnstw83, score: 40, completedCount: 2, totalCriticalCount: 5} @ http://localhost:3030/_next/static/chunks/04m2_next_dist_01d_w1-._.js:2431
[ 1079099ms] [LOG] [Fast Refresh] rebuilding @ http://localhost:3030/_next/static/chunks/04m2_next_dist_01d_w1-._.js:2431
[ 1079159ms] [LOG] [Fast Refresh] done in 168ms @ http://localhost:3030/_next/static/chunks/04m2_next_dist_01d_w1-._.js:2431
[ 1079337ms] [INFO] %c%s%c [setup-health] background: #e6e6e6;background: light-dark(rgba(0,0,0,0.1), rgba(255,255,255,0.25));color: #000000;color: light-dark(#000000, #ffffff);border-radius: 2px  Server   panel-layout {tenantId: cmrvvipw70000oyyo6123270j, userId: cmrvvipy90009oyyocqnstw83, score: 40, completedCount: 2, totalCriticalCount: 5} @ http://localhost:3030/_next/static/chunks/04m2_next_dist_01d_w1-._.js:2431
[ 1079409ms] [LOG] [Fast Refresh] rebuilding @ http://localhost:3030/_next/static/chunks/04m2_next_dist_01d_w1-._.js:2431
[ 1079425ms] [LOG] [Fast Refresh] done in 120ms @ http://localhost:3030/_next/static/chunks/04m2_next_dist_01d_w1-._.js:2431
[ 1079636ms] [LOG] [Fast Refresh] rebuilding @ http://localhost:3030/_next/static/chunks/04m2_next_dist_01d_w1-._.js:2431
[ 1079672ms] [LOG] [Fast Refresh] done in 138ms @ http://localhost:3030/_next/static/chunks/04m2_next_dist_01d_w1-._.js:2431
[ 1079788ms] [LOG] [Fast Refresh] rebuilding @ http://localhost:3030/_next/static/chunks/04m2_next_dist_01d_w1-._.js:2431
[ 1079815ms] [LOG] [Fast Refresh] done in 129ms @ http://localhost:3030/_next/static/chunks/04m2_next_dist_01d_w1-._.js:2431
[ 1079833ms] [INFO] %c%s%c [setup-health] background: #e6e6e6;background: light-dark(rgba(0,0,0,0.1), rgba(255,255,255,0.25));color: #000000;color: light-dark(#000000, #ffffff);border-radius: 2px  Server   panel-layout {tenantId: cmrvvipw70000oyyo6123270j, userId: cmrvvipy90009oyyocqnstw83, score: 40, completedCount: 2, totalCriticalCount: 5} @ http://localhost:3030/_next/static/chunks/04m2_next_dist_01d_w1-._.js:2431
[ 1080239ms] [INFO] %c%s%c [setup-health] background: #e6e6e6;background: light-dark(rgba(0,0,0,0.1), rgba(255,255,255,0.25));color: #000000;color: light-dark(#000000, #ffffff);border-radius: 2px  Server   panel-layout {tenantId: cmrvvipw70000oyyo6123270j, userId: cmrvvipy90009oyyocqnstw83, score: 40, completedCount: 2, totalCriticalCount: 5} @ http://localhost:3030/_next/static/chunks/04m2_next_dist_01d_w1-._.js:2431
[ 1080561ms] [INFO] %c%s%c [setup-health] background: #e6e6e6;background: light-dark(rgba(0,0,0,0.1), rgba(255,255,255,0.25));color: #000000;color: light-dark(#000000, #ffffff);border-radius: 2px  Server   panel-layout {tenantId: cmrvvipw70000oyyo6123270j, userId: cmrvvipy90009oyyocqnstw83, score: 40, completedCount: 2, totalCriticalCount: 5} @ http://localhost:3030/_next/static/chunks/04m2_next_dist_01d_w1-._.js:2431
[ 1080693ms] [LOG] [Fast Refresh] rebuilding @ http://localhost:3030/_next/static/chunks/04m2_next_dist_01d_w1-._.js:2431
[ 1080709ms] [LOG] [Fast Refresh] done in 117ms @ http://localhost:3030/_next/static/chunks/04m2_next_dist_01d_w1-._.js:2431
[ 1080979ms] [INFO] %c%s%c [setup-health] background: #e6e6e6;background: light-dark(rgba(0,0,0,0.1), rgba(255,255,255,0.25));color: #000000;color: light-dark(#000000, #ffffff);border-radius: 2px  Server   panel-layout {tenantId: cmrvvipw70000oyyo6123270j, userId: cmrvvipy90009oyyocqnstw83, score: 40, completedCount: 2, totalCriticalCount: 5} @ http://localhost:3030/_next/static/chunks/04m2_next_dist_01d_w1-._.js:2431
[ 1081242ms] [INFO] %c%s%c [setup-health] background: #e6e6e6;background: light-dark(rgba(0,0,0,0.1), rgba(255,255,255,0.25));color: #000000;color: light-dark(#000000, #ffffff);border-radius: 2px  Server   panel-layout {tenantId: cmrvvipw70000oyyo6123270j, userId: cmrvvipy90009oyyocqnstw83, score: 40, completedCount: 2, totalCriticalCount: 5} @ http://localhost:3030/_next/static/chunks/04m2_next_dist_01d_w1-._.js:2431
[ 1081360ms] [LOG] [Fast Refresh] rebuilding @ http://localhost:3030/_next/static/chunks/04m2_next_dist_01d_w1-._.js:2431
[ 1081375ms] [LOG] [Fast Refresh] done in 117ms @ http://localhost:3030/_next/static/chunks/04m2_next_dist_01d_w1-._.js:2431
[ 1081545ms] [LOG] [Fast Refresh] rebuilding @ http://localhost:3030/_next/static/chunks/04m2_next_dist_01d_w1-._.js:2431
[ 1081619ms] [LOG] [Fast Refresh] done in 175ms @ http://localhost:3030/_next/static/chunks/04m2_next_dist_01d_w1-._.js:2431
[ 1081721ms] [INFO] %c%s%c [setup-health] background: #e6e6e6;background: light-dark(rgba(0,0,0,0.1), rgba(255,255,255,0.25));color: #000000;color: light-dark(#000000, #ffffff);border-radius: 2px  Server   panel-layout {tenantId: cmrvvipw70000oyyo6123270j, userId: cmrvvipy90009oyyocqnstw83, score: 40, completedCount: 2, totalCriticalCount: 5} @ http://localhost:3030/_next/static/chunks/04m2_next_dist_01d_w1-._.js:2431
[ 1081824ms] [LOG] [Fast Refresh] rebuilding @ http://localhost:3030/_next/static/chunks/04m2_next_dist_01d_w1-._.js:2431
[ 1081827ms] [LOG] [Fast Refresh] done in 106ms @ http://localhost:3030/_next/static/chunks/04m2_next_dist_01d_w1-._.js:2431
[ 1082041ms] [INFO] %c%s%c [setup-health] background: #e6e6e6;background: light-dark(rgba(0,0,0,0.1), rgba(255,255,255,0.25));color: #000000;color: light-dark(#000000, #ffffff);border-radius: 2px  Server   panel-layout {tenantId: cmrvvipw70000oyyo6123270j, userId: cmrvvipy90009oyyocqnstw83, score: 40, completedCount: 2, totalCriticalCount: 5} @ http://localhost:3030/_next/static/chunks/04m2_next_dist_01d_w1-._.js:2431
[ 1082407ms] [INFO] %c%s%c [setup-health] background: #e6e6e6;background: light-dark(rgba(0,0,0,0.1), rgba(255,255,255,0.25));color: #000000;color: light-dark(#000000, #ffffff);border-radius: 2px  Server   panel-layout {tenantId: cmrvvipw70000oyyo6123270j, userId: cmrvvipy90009oyyocqnstw83, score: 40, completedCount: 2, totalCriticalCount: 5} @ http://localhost:3030/_next/static/chunks/04m2_next_dist_01d_w1-._.js:2431
[ 1082520ms] [LOG] [Fast Refresh] rebuilding @ http://localhost:3030/_next/static/chunks/04m2_next_dist_01d_w1-._.js:2431
[ 1082539ms] [LOG] [Fast Refresh] done in 125ms @ http://localhost:3030/_next/static/chunks/04m2_next_dist_01d_w1-._.js:2431
[ 1082748ms] [LOG] [Fast Refresh] rebuilding @ http://localhost:3030/_next/static/chunks/04m2_next_dist_01d_w1-._.js:2431
[ 1082785ms] [LOG] [Fast Refresh] done in 143ms @ http://localhost:3030/_next/static/chunks/04m2_next_dist_01d_w1-._.js:2431
[ 1082789ms] [INFO] %c%s%c [setup-health] background: #e6e6e6;background: light-dark(rgba(0,0,0,0.1), rgba(255,255,255,0.25));color: #000000;color: light-dark(#000000, #ffffff);border-radius: 2px  Server   panel-layout {tenantId: cmrvvipw70000oyyo6123270j, userId: cmrvvipy90009oyyocqnstw83, score: 40, completedCount: 2, totalCriticalCount: 5} @ http://localhost:3030/_next/static/chunks/04m2_next_dist_01d_w1-._.js:2431
[ 1082892ms] [LOG] [Fast Refresh] rebuilding @ http://localhost:3030/_next/static/chunks/04m2_next_dist_01d_w1-._.js:2431
[ 1082933ms] [LOG] [Fast Refresh] done in 144ms @ http://localhost:3030/_next/static/chunks/04m2_next_dist_01d_w1-._.js:2431
[ 1083023ms] [INFO] %c%s%c [setup-health] background: #e6e6e6;background: light-dark(rgba(0,0,0,0.1), rgba(255,255,255,0.25));color: #000000;color: light-dark(#000000, #ffffff);border-radius: 2px  Server   panel-layout {tenantId: cmrvvipw70000oyyo6123270j, userId: cmrvvipy90009oyyocqnstw83, score: 40, completedCount: 2, totalCriticalCount: 5} @ http://localhost:3030/_next/static/chunks/04m2_next_dist_01d_w1-._.js:2431
[ 1083131ms] [LOG] [Fast Refresh] rebuilding @ http://localhost:3030/_next/static/chunks/04m2_next_dist_01d_w1-._.js:2431
[ 1083178ms] [LOG] [Fast Refresh] done in 158ms @ http://localhost:3030/_next/static/chunks/04m2_next_dist_01d_w1-._.js:2431
[ 1083282ms] [LOG] [Fast Refresh] rebuilding @ http://localhost:3030/_next/static/chunks/04m2_next_dist_01d_w1-._.js:2431
[ 1083373ms] [LOG] [Fast Refresh] done in 193ms @ http://localhost:3030/_next/static/chunks/04m2_next_dist_01d_w1-._.js:2431
[ 1083453ms] [INFO] %c%s%c [setup-health] background: #e6e6e6;background: light-dark(rgba(0,0,0,0.1), rgba(255,255,255,0.25));color: #000000;color: light-dark(#000000, #ffffff);border-radius: 2px  Server   panel-layout {tenantId: cmrvvipw70000oyyo6123270j, userId: cmrvvipy90009oyyocqnstw83, score: 40, completedCount: 2, totalCriticalCount: 5} @ http://localhost:3030/_next/static/chunks/04m2_next_dist_01d_w1-._.js:2431
[ 1083479ms] [LOG] [Fast Refresh] rebuilding @ http://localhost:3030/_next/static/chunks/04m2_next_dist_01d_w1-._.js:2431
[ 1083487ms] [LOG] [Fast Refresh] done in 113ms @ http://localhost:3030/_next/static/chunks/04m2_next_dist_01d_w1-._.js:2431
[ 1083802ms] [INFO] %c%s%c [setup-health] background: #e6e6e6;background: light-dark(rgba(0,0,0,0.1), rgba(255,255,255,0.25));color: #000000;color: light-dark(#000000, #ffffff);border-radius: 2px  Server   panel-layout {tenantId: cmrvvipw70000oyyo6123270j, userId: cmrvvipy90009oyyocqnstw83, score: 40, completedCount: 2, totalCriticalCount: 5} @ http://localhost:3030/_next/static/chunks/04m2_next_dist_01d_w1-._.js:2431
[ 1083882ms] [LOG] [Fast Refresh] rebuilding @ http://localhost:3030/_next/static/chunks/04m2_next_dist_01d_w1-._.js:2431
[ 1083993ms] [LOG] [Fast Refresh] done in 217ms @ http://localhost:3030/_next/static/chunks/04m2_next_dist_01d_w1-._.js:2431
[ 1084176ms] [INFO] %c%s%c [setup-health] background: #e6e6e6;background: light-dark(rgba(0,0,0,0.1), rgba(255,255,255,0.25));color: #000000;color: light-dark(#000000, #ffffff);border-radius: 2px  Server   panel-layout {tenantId: cmrvvipw70000oyyo6123270j, userId: cmrvvipy90009oyyocqnstw83, score: 40, completedCount: 2, totalCriticalCount: 5} @ http://localhost:3030/_next/static/chunks/04m2_next_dist_01d_w1-._.js:2431
[ 1084280ms] [LOG] [Fast Refresh] rebuilding @ http://localhost:3030/_next/static/chunks/04m2_next_dist_01d_w1-._.js:2431
[ 1084311ms] [LOG] [Fast Refresh] done in 133ms @ http://localhost:3030/_next/static/chunks/04m2_next_dist_01d_w1-._.js:2431
[ 1084531ms] [LOG] [Fast Refresh] rebuilding @ http://localhost:3030/_next/static/chunks/04m2_next_dist_01d_w1-._.js:2431
[ 1084546ms] [INFO] %c%s%c [setup-health] background: #e6e6e6;background: light-dark(rgba(0,0,0,0.1), rgba(255,255,255,0.25));color: #000000;color: light-dark(#000000, #ffffff);border-radius: 2px  Server   panel-layout {tenantId: cmrvvipw70000oyyo6123270j, userId: cmrvvipy90009oyyocqnstw83, score: 40, completedCount: 2, totalCriticalCount: 5} @ http://localhost:3030/_next/static/chunks/04m2_next_dist_01d_w1-._.js:2431
[ 1084562ms] [LOG] [Fast Refresh] done in 135ms @ http://localhost:3030/_next/static/chunks/04m2_next_dist_01d_w1-._.js:2431
[ 1084664ms] [LOG] [Fast Refresh] rebuilding @ http://localhost:3030/_next/static/chunks/04m2_next_dist_01d_w1-._.js:2431
[ 1084686ms] [LOG] [Fast Refresh] done in 123ms @ http://localhost:3030/_next/static/chunks/04m2_next_dist_01d_w1-._.js:2431
[ 1084789ms] [INFO] %c%s%c [setup-health] background: #e6e6e6;background: light-dark(rgba(0,0,0,0.1), rgba(255,255,255,0.25));color: #000000;color: light-dark(#000000, #ffffff);border-radius: 2px  Server   panel-layout {tenantId: cmrvvipw70000oyyo6123270j, userId: cmrvvipy90009oyyocqnstw83, score: 40, completedCount: 2, totalCriticalCount: 5} @ http://localhost:3030/_next/static/chunks/04m2_next_dist_01d_w1-._.js:2431
[ 1084905ms] [LOG] [Fast Refresh] rebuilding @ http://localhost:3030/_next/static/chunks/04m2_next_dist_01d_w1-._.js:2431
[ 1084910ms] [LOG] [Fast Refresh] done in 109ms @ http://localhost:3030/_next/static/chunks/04m2_next_dist_01d_w1-._.js:2431
[ 1085017ms] [LOG] [Fast Refresh] rebuilding @ http://localhost:3030/_next/static/chunks/04m2_next_dist_01d_w1-._.js:2431
[ 1085027ms] [LOG] [Fast Refresh] done in 115ms @ http://localhost:3030/_next/static/chunks/04m2_next_dist_01d_w1-._.js:2431
[ 1085082ms] [INFO] %c%s%c [setup-health] background: #e6e6e6;background: light-dark(rgba(0,0,0,0.1), rgba(255,255,255,0.25));color: #000000;color: light-dark(#000000, #ffffff);border-radius: 2px  Server   panel-layout {tenantId: cmrvvipw70000oyyo6123270j, userId: cmrvvipy90009oyyocqnstw83, score: 40, completedCount: 2, totalCriticalCount: 5} @ http://localhost:3030/_next/static/chunks/04m2_next_dist_01d_w1-._.js:2431
[ 1085273ms] [INFO] %c%s%c [setup-health] background: #e6e6e6;background: light-dark(rgba(0,0,0,0.1), rgba(255,255,255,0.25));color: #000000;color: light-dark(#000000, #ffffff);border-radius: 2px  Server   panel-layout {tenantId: cmrvvipw70000oyyo6123270j, userId: cmrvvipy90009oyyocqnstw83, score: 40, completedCount: 2, totalCriticalCount: 5} @ http://localhost:3030/_next/static/chunks/04m2_next_dist_01d_w1-._.js:2431
[ 1085386ms] [LOG] [Fast Refresh] rebuilding @ http://localhost:3030/_next/static/chunks/04m2_next_dist_01d_w1-._.js:2431
[ 1085465ms] [LOG] [Fast Refresh] done in 182ms @ http://localhost:3030/_next/static/chunks/04m2_next_dist_01d_w1-._.js:2431
[ 1085595ms] [INFO] %c%s%c [setup-health] background: #e6e6e6;background: light-dark(rgba(0,0,0,0.1), rgba(255,255,255,0.25));color: #000000;color: light-dark(#000000, #ffffff);border-radius: 2px  Server   panel-layout {tenantId: cmrvvipw70000oyyo6123270j, userId: cmrvvipy90009oyyocqnstw83, score: 40, completedCount: 2, totalCriticalCount: 5} @ http://localhost:3030/_next/static/chunks/04m2_next_dist_01d_w1-._.js:2431
[ 1085884ms] [INFO] %c%s%c [setup-health] background: #e6e6e6;background: light-dark(rgba(0,0,0,0.1), rgba(255,255,255,0.25));color: #000000;color: light-dark(#000000, #ffffff);border-radius: 2px  Server   panel-layout {tenantId: cmrvvipw70000oyyo6123270j, userId: cmrvvipy90009oyyocqnstw83, score: 40, completedCount: 2, totalCriticalCount: 5} @ http://localhost:3030/_next/static/chunks/04m2_next_dist_01d_w1-._.js:2431
[ 1086034ms] [INFO] %c%s%c [setup-health] background: #e6e6e6;background: light-dark(rgba(0,0,0,0.1), rgba(255,255,255,0.25));color: #000000;color: light-dark(#000000, #ffffff);border-radius: 2px  Server   panel-layout {tenantId: cmrvvipw70000oyyo6123270j, userId: cmrvvipy90009oyyocqnstw83, score: 40, completedCount: 2, totalCriticalCount: 5} @ http://localhost:3030/_next/static/chunks/04m2_next_dist_01d_w1-._.js:2431
[ 1086238ms] [LOG] [Fast Refresh] rebuilding @ http://localhost:3030/_next/static/chunks/04m2_next_dist_01d_w1-._.js:2431
[ 1086268ms] [LOG] [Fast Refresh] done in 133ms @ http://localhost:3030/_next/static/chunks/04m2_next_dist_01d_w1-._.js:2431
[ 1086320ms] [INFO] %c%s%c [setup-health] background: #e6e6e6;background: light-dark(rgba(0,0,0,0.1), rgba(255,255,255,0.25));color: #000000;color: light-dark(#000000, #ffffff);border-radius: 2px  Server   panel-layout {tenantId: cmrvvipw70000oyyo6123270j, userId: cmrvvipy90009oyyocqnstw83, score: 40, completedCount: 2, totalCriticalCount: 5} @ http://localhost:3030/_next/static/chunks/04m2_next_dist_01d_w1-._.js:2431
[ 1086371ms] [LOG] [Fast Refresh] rebuilding @ http://localhost:3030/_next/static/chunks/04m2_next_dist_01d_w1-._.js:2431
[ 1086400ms] [LOG] [Fast Refresh] done in 130ms @ http://localhost:3030/_next/static/chunks/04m2_next_dist_01d_w1-._.js:2431
[ 1086512ms] [INFO] %c%s%c [setup-health] background: #e6e6e6;background: light-dark(rgba(0,0,0,0.1), rgba(255,255,255,0.25));color: #000000;color: light-dark(#000000, #ffffff);border-radius: 2px  Server   panel-layout {tenantId: cmrvvipw70000oyyo6123270j, userId: cmrvvipy90009oyyocqnstw83, score: 40, completedCount: 2, totalCriticalCount: 5} @ http://localhost:3030/_next/static/chunks/04m2_next_dist_01d_w1-._.js:2431
[ 1086749ms] [INFO] %c%s%c [setup-health] background: #e6e6e6;background: light-dark(rgba(0,0,0,0.1), rgba(255,255,255,0.25));color: #000000;color: light-dark(#000000, #ffffff);border-radius: 2px  Server   panel-layout {tenantId: cmrvvipw70000oyyo6123270j, userId: cmrvvipy90009oyyocqnstw83, score: 40, completedCount: 2, totalCriticalCount: 5} @ http://localhost:3030/_next/static/chunks/04m2_next_dist_01d_w1-._.js:2431
[ 1087133ms] [LOG] [Fast Refresh] rebuilding @ http://localhost:3030/_next/static/chunks/04m2_next_dist_01d_w1-._.js:2431
[ 1087178ms] [LOG] [Fast Refresh] done in 146ms @ http://localhost:3030/_next/static/chunks/04m2_next_dist_01d_w1-._.js:2431
[ 1087401ms] [LOG] [Fast Refresh] rebuilding @ http://localhost:3030/_next/static/chunks/04m2_next_dist_01d_w1-._.js:2431
[ 1087405ms] [LOG] [Fast Refresh] done in 105ms @ http://localhost:3030/_next/static/chunks/04m2_next_dist_01d_w1-._.js:2431
[ 1087620ms] [LOG] [Fast Refresh] rebuilding @ http://localhost:3030/_next/static/chunks/04m2_next_dist_01d_w1-._.js:2431
[ 1087633ms] [LOG] [Fast Refresh] done in 126ms @ http://localhost:3030/_next/static/chunks/04m2_next_dist_01d_w1-._.js:2431
[ 1087857ms] [LOG] [Fast Refresh] rebuilding @ http://localhost:3030/_next/static/chunks/04m2_next_dist_01d_w1-._.js:2431
[ 1087882ms] [LOG] [Fast Refresh] done in 127ms @ http://localhost:3030/_next/static/chunks/04m2_next_dist_01d_w1-._.js:2431
[ 1088105ms] [LOG] [Fast Refresh] rebuilding @ http://localhost:3030/_next/static/chunks/04m2_next_dist_01d_w1-._.js:2431
[ 1088123ms] [LOG] [Fast Refresh] done in 122ms @ http://localhost:3030/_next/static/chunks/04m2_next_dist_01d_w1-._.js:2431
[ 1088341ms] [LOG] [Fast Refresh] rebuilding @ http://localhost:3030/_next/static/chunks/04m2_next_dist_01d_w1-._.js:2431
[ 1088351ms] [LOG] [Fast Refresh] done in 110ms @ http://localhost:3030/_next/static/chunks/04m2_next_dist_01d_w1-._.js:2431
[ 1088586ms] [LOG] [Fast Refresh] rebuilding @ http://localhost:3030/_next/static/chunks/04m2_next_dist_01d_w1-._.js:2431
[ 1088593ms] [LOG] [Fast Refresh] done in 119ms @ http://localhost:3030/_next/static/chunks/04m2_next_dist_01d_w1-._.js:2431
[ 1089375ms] [LOG] [Fast Refresh] rebuilding @ http://localhost:3030/_next/static/chunks/04m2_next_dist_01d_w1-._.js:2431
[ 1089421ms] [LOG] [Fast Refresh] done in 159ms @ http://localhost:3030/_next/static/chunks/04m2_next_dist_01d_w1-._.js:2431
[ 1089655ms] [LOG] [Fast Refresh] rebuilding @ http://localhost:3030/_next/static/chunks/04m2_next_dist_01d_w1-._.js:2431
[ 1089700ms] [LOG] [Fast Refresh] done in 152ms @ http://localhost:3030/_next/static/chunks/04m2_next_dist_01d_w1-._.js:2431
[ 1092668ms] [LOG] [Fast Refresh] rebuilding @ http://localhost:3030/_next/static/chunks/04m2_next_dist_01d_w1-._.js:2431
[ 1101299ms] [LOG] [Fast Refresh] done in 8684ms @ http://localhost:3030/_next/static/chunks/04m2_next_dist_01d_w1-._.js:2431
[ 1101471ms] [LOG] [Fast Refresh] rebuilding @ http://localhost:3030/_next/static/chunks/04m2_next_dist_01d_w1-._.js:2431
[ 1101939ms] [LOG] [Fast Refresh] done in 572ms @ http://localhost:3030/_next/static/chunks/04m2_next_dist_01d_w1-._.js:2431
[ 1102045ms] [LOG] [Fast Refresh] rebuilding @ http://localhost:3030/_next/static/chunks/04m2_next_dist_01d_w1-._.js:2431
[ 1102664ms] [LOG] [Fast Refresh] done in 723ms @ http://localhost:3030/_next/static/chunks/04m2_next_dist_01d_w1-._.js:2431
[ 1102771ms] [INFO] %c%s%c [setup-health] background: #e6e6e6;background: light-dark(rgba(0,0,0,0.1), rgba(255,255,255,0.25));color: #000000;color: light-dark(#000000, #ffffff);border-radius: 2px  Server   panel-layout {tenantId: cmrvvipw70000oyyo6123270j, userId: cmrvvipy90009oyyocqnstw83, score: 40, completedCount: 2, totalCriticalCount: 5} @ http://localhost:3030/_next/static/chunks/04m2_next_dist_01d_w1-._.js:2431
[ 1103249ms] [INFO] %c%s%c [setup-health] background: #e6e6e6;background: light-dark(rgba(0,0,0,0.1), rgba(255,255,255,0.25));color: #000000;color: light-dark(#000000, #ffffff);border-radius: 2px  Server   panel-layout {tenantId: cmrvvipw70000oyyo6123270j, userId: cmrvvipy90009oyyocqnstw83, score: 40, completedCount: 2, totalCriticalCount: 5} @ http://localhost:3030/_next/static/chunks/04m2_next_dist_01d_w1-._.js:2431
[ 1103313ms] [LOG] [Fast Refresh] rebuilding @ http://localhost:3030/_next/static/chunks/04m2_next_dist_01d_w1-._.js:2431
[ 1103408ms] [LOG] [Fast Refresh] done in 205ms @ http://localhost:3030/_next/static/chunks/04m2_next_dist_01d_w1-._.js:2431
[ 1103675ms] [LOG] [Fast Refresh] rebuilding @ http://localhost:3030/_next/static/chunks/04m2_next_dist_01d_w1-._.js:2431
[ 1103768ms] [LOG] [Fast Refresh] done in 196ms @ http://localhost:3030/_next/static/chunks/04m2_next_dist_01d_w1-._.js:2431
[ 1103826ms] [INFO] %c%s%c [setup-health] background: #e6e6e6;background: light-dark(rgba(0,0,0,0.1), rgba(255,255,255,0.25));color: #000000;color: light-dark(#000000, #ffffff);border-radius: 2px  Server   panel-layout {tenantId: cmrvvipw70000oyyo6123270j, userId: cmrvvipy90009oyyocqnstw83, score: 40, completedCount: 2, totalCriticalCount: 5} @ http://localhost:3030/_next/static/chunks/04m2_next_dist_01d_w1-._.js:2431
[ 1103873ms] [LOG] [Fast Refresh] rebuilding @ http://localhost:3030/_next/static/chunks/04m2_next_dist_01d_w1-._.js:2431
[ 1108278ms] [LOG] [Fast Refresh] done in 3425ms @ http://localhost:3030/_next/static/chunks/04m2_next_dist_01d_w1-._.js:2431
[ 1109313ms] [INFO] %c%s%c [setup-health] background: #e6e6e6;background: light-dark(rgba(0,0,0,0.1), rgba(255,255,255,0.25));color: #000000;color: light-dark(#000000, #ffffff);border-radius: 2px  Server   panel-layout {tenantId: cmrvvipw70000oyyo6123270j, userId: cmrvvipy90009oyyocqnstw83, score: 40, completedCount: 2, totalCriticalCount: 5} @ http://localhost:3030/_next/static/chunks/04m2_next_dist_01d_w1-._.js:2431
[ 1109487ms] [LOG] [Fast Refresh] rebuilding @ http://localhost:3030/_next/static/chunks/04m2_next_dist_01d_w1-._.js:2431
[ 1109614ms] [LOG] [Fast Refresh] done in 231ms @ http://localhost:3030/_next/static/chunks/04m2_next_dist_01d_w1-._.js:2431
[ 1109856ms] [INFO] %c%s%c [setup-health] background: #e6e6e6;background: light-dark(rgba(0,0,0,0.1), rgba(255,255,255,0.25));color: #000000;color: light-dark(#000000, #ffffff);border-radius: 2px  Server   panel-layout {tenantId: cmrvvipw70000oyyo6123270j, userId: cmrvvipy90009oyyocqnstw83, score: 40, completedCount: 2, totalCriticalCount: 5} @ http://localhost:3030/_next/static/chunks/04m2_next_dist_01d_w1-._.js:2431
[ 1109969ms] [LOG] [Fast Refresh] rebuilding @ http://localhost:3030/_next/static/chunks/04m2_next_dist_01d_w1-._.js:2431
[ 1110131ms] [LOG] [Fast Refresh] done in 265ms @ http://localhost:3030/_next/static/chunks/04m2_next_dist_01d_w1-._.js:2431
[ 1110464ms] [INFO] %c%s%c [setup-health] background: #e6e6e6;background: light-dark(rgba(0,0,0,0.1), rgba(255,255,255,0.25));color: #000000;color: light-dark(#000000, #ffffff);border-radius: 2px  Server   panel-layout {tenantId: cmrvvipw70000oyyo6123270j, userId: cmrvvipy90009oyyocqnstw83, score: 40, completedCount: 2, totalCriticalCount: 5} @ http://localhost:3030/_next/static/chunks/04m2_next_dist_01d_w1-._.js:2431
[ 1110776ms] [INFO] %c%s%c [setup-health] background: #e6e6e6;background: light-dark(rgba(0,0,0,0.1), rgba(255,255,255,0.25));color: #000000;color: light-dark(#000000, #ffffff);border-radius: 2px  Server   panel-layout {tenantId: cmrvvipw70000oyyo6123270j, userId: cmrvvipy90009oyyocqnstw83, score: 40, completedCount: 2, totalCriticalCount: 5} @ http://localhost:3030/_next/static/chunks/04m2_next_dist_01d_w1-._.js:2431
[ 1111042ms] [INFO] %c%s%c [setup-health] background: #e6e6e6;background: light-dark(rgba(0,0,0,0.1), rgba(255,255,255,0.25));color: #000000;color: light-dark(#000000, #ffffff);border-radius: 2px  Server   panel-layout {tenantId: cmrvvipw70000oyyo6123270j, userId: cmrvvipy90009oyyocqnstw83, score: 40, completedCount: 2, totalCriticalCount: 5} @ http://localhost:3030/_next/static/chunks/04m2_next_dist_01d_w1-._.js:2431
[ 1111327ms] [LOG] [Fast Refresh] rebuilding @ http://localhost:3030/_next/static/chunks/04m2_next_dist_01d_w1-._.js:2431
[ 1111360ms] [LOG] [Fast Refresh] done in 135ms @ http://localhost:3030/_next/static/chunks/04m2_next_dist_01d_w1-._.js:2431
[ 1111372ms] [INFO] %c%s%c [setup-health] background: #e6e6e6;background: light-dark(rgba(0,0,0,0.1), rgba(255,255,255,0.25));color: #000000;color: light-dark(#000000, #ffffff);border-radius: 2px  Server   panel-layout {tenantId: cmrvvipw70000oyyo6123270j, userId: cmrvvipy90009oyyocqnstw83, score: 40, completedCount: 2, totalCriticalCount: 5} @ http://localhost:3030/_next/static/chunks/04m2_next_dist_01d_w1-._.js:2431
[ 1111630ms] [INFO] %c%s%c [setup-health] background: #e6e6e6;background: light-dark(rgba(0,0,0,0.1), rgba(255,255,255,0.25));color: #000000;color: light-dark(#000000, #ffffff);border-radius: 2px  Server   panel-layout {tenantId: cmrvvipw70000oyyo6123270j, userId: cmrvvipy90009oyyocqnstw83, score: 40, completedCount: 2, totalCriticalCount: 5} @ http://localhost:3030/_next/static/chunks/04m2_next_dist_01d_w1-._.js:2431
[ 1111756ms] [LOG] [Fast Refresh] rebuilding @ http://localhost:3030/_next/static/chunks/04m2_next_dist_01d_w1-._.js:2431
[ 1111786ms] [LOG] [Fast Refresh] done in 131ms @ http://localhost:3030/_next/static/chunks/04m2_next_dist_01d_w1-._.js:2431
[ 1111891ms] [LOG] [Fast Refresh] rebuilding @ http://localhost:3030/_next/static/chunks/04m2_next_dist_01d_w1-._.js:2431
[ 1111975ms] [LOG] [Fast Refresh] done in 187ms @ http://localhost:3030/_next/static/chunks/04m2_next_dist_01d_w1-._.js:2431
[ 1112123ms] [INFO] %c%s%c [setup-health] background: #e6e6e6;background: light-dark(rgba(0,0,0,0.1), rgba(255,255,255,0.25));color: #000000;color: light-dark(#000000, #ffffff);border-radius: 2px  Server   panel-layout {tenantId: cmrvvipw70000oyyo6123270j, userId: cmrvvipy90009oyyocqnstw83, score: 40, completedCount: 2, totalCriticalCount: 5} @ http://localhost:3030/_next/static/chunks/04m2_next_dist_01d_w1-._.js:2431
[ 1112235ms] [LOG] [Fast Refresh] rebuilding @ http://localhost:3030/_next/static/chunks/04m2_next_dist_01d_w1-._.js:2431
[ 1112246ms] [LOG] [Fast Refresh] done in 114ms @ http://localhost:3030/_next/static/chunks/04m2_next_dist_01d_w1-._.js:2431
[ 1112394ms] [LOG] [Fast Refresh] rebuilding @ http://localhost:3030/_next/static/chunks/04m2_next_dist_01d_w1-._.js:2431
[ 1112440ms] [LOG] [Fast Refresh] done in 151ms @ http://localhost:3030/_next/static/chunks/04m2_next_dist_01d_w1-._.js:2431
[ 1112521ms] [INFO] %c%s%c [setup-health] background: #e6e6e6;background: light-dark(rgba(0,0,0,0.1), rgba(255,255,255,0.25));color: #000000;color: light-dark(#000000, #ffffff);border-radius: 2px  Server   panel-layout {tenantId: cmrvvipw70000oyyo6123270j, userId: cmrvvipy90009oyyocqnstw83, score: 40, completedCount: 2, totalCriticalCount: 5} @ http://localhost:3030/_next/static/chunks/04m2_next_dist_01d_w1-._.js:2431
[ 1112543ms] [LOG] [Fast Refresh] rebuilding @ http://localhost:3030/_next/static/chunks/04m2_next_dist_01d_w1-._.js:2431
[ 1112904ms] [INFO] %c%s%c [setup-health] background: #e6e6e6;background: light-dark(rgba(0,0,0,0.1), rgba(255,255,255,0.25));color: #000000;color: light-dark(#000000, #ffffff);border-radius: 2px  Server   panel-layout {tenantId: cmrvvipw70000oyyo6123270j, userId: cmrvvipy90009oyyocqnstw83, score: 40, completedCount: 2, totalCriticalCount: 5} @ http://localhost:3030/_next/static/chunks/04m2_next_dist_01d_w1-._.js:2431
[ 1120412ms] [LOG] [Fast Refresh] done in 7906ms @ http://localhost:3030/_next/static/chunks/04m2_next_dist_01d_w1-._.js:2431
[ 1120559ms] [LOG] [Fast Refresh] rebuilding @ http://localhost:3030/_next/static/chunks/04m2_next_dist_01d_w1-._.js:2431
[ 1120726ms] [LOG] [Fast Refresh] done in 271ms @ http://localhost:3030/_next/static/chunks/04m2_next_dist_01d_w1-._.js:2431
[ 1120951ms] [INFO] %c%s%c [setup-health] background: #e6e6e6;background: light-dark(rgba(0,0,0,0.1), rgba(255,255,255,0.25));color: #000000;color: light-dark(#000000, #ffffff);border-radius: 2px  Server   panel-layout {tenantId: cmrvvipw70000oyyo6123270j, userId: cmrvvipy90009oyyocqnstw83, score: 40, completedCount: 2, totalCriticalCount: 5} @ http://localhost:3030/_next/static/chunks/04m2_next_dist_01d_w1-._.js:2431
[ 1120998ms] [LOG] [Fast Refresh] rebuilding @ http://localhost:3030/_next/static/chunks/04m2_next_dist_01d_w1-._.js:2431
[ 1121099ms] [LOG] [Fast Refresh] done in 205ms @ http://localhost:3030/_next/static/chunks/04m2_next_dist_01d_w1-._.js:2431
[ 1121381ms] [INFO] %c%s%c [setup-health] background: #e6e6e6;background: light-dark(rgba(0,0,0,0.1), rgba(255,255,255,0.25));color: #000000;color: light-dark(#000000, #ffffff);border-radius: 2px  Server   panel-layout {tenantId: cmrvvipw70000oyyo6123270j, userId: cmrvvipy90009oyyocqnstw83, score: 40, completedCount: 2, totalCriticalCount: 5} @ http://localhost:3030/_next/static/chunks/04m2_next_dist_01d_w1-._.js:2431
[ 1121718ms] [LOG] [Fast Refresh] rebuilding @ http://localhost:3030/_next/static/chunks/04m2_next_dist_01d_w1-._.js:2431
[ 1121762ms] [LOG] [Fast Refresh] done in 146ms @ http://localhost:3030/_next/static/chunks/04m2_next_dist_01d_w1-._.js:2431
[ 1121781ms] [INFO] %c%s%c [setup-health] background: #e6e6e6;background: light-dark(rgba(0,0,0,0.1), rgba(255,255,255,0.25));color: #000000;color: light-dark(#000000, #ffffff);border-radius: 2px  Server   panel-layout {tenantId: cmrvvipw70000oyyo6123270j, userId: cmrvvipy90009oyyocqnstw83, score: 40, completedCount: 2, totalCriticalCount: 5} @ http://localhost:3030/_next/static/chunks/04m2_next_dist_01d_w1-._.js:2431
[ 1122145ms] [LOG] [Fast Refresh] rebuilding @ http://localhost:3030/_next/static/chunks/04m2_next_dist_01d_w1-._.js:2431
[ 1122540ms] [INFO] %c%s%c [setup-health] background: #e6e6e6;background: light-dark(rgba(0,0,0,0.1), rgba(255,255,255,0.25));color: #000000;color: light-dark(#000000, #ffffff);border-radius: 2px  Server   panel-layout {tenantId: cmrvvipw70000oyyo6123270j, userId: cmrvvipy90009oyyocqnstw83, score: 40, completedCount: 2, totalCriticalCount: 5} @ http://localhost:3030/_next/static/chunks/04m2_next_dist_01d_w1-._.js:2431
